999
"DXF R12 Output" (www.mydxf.blogspot.com)
 0 
SECTION
 2 
HEADER
 9 
$ACADVER
 1 
AC1009
 9 
$EXTMIN
 10 
 0 
 20 
 0 
 9 
$EXTMAX
 10 
 8.5 
 20 
 11 
 0 
ENDSEC
 0 
SECTION
 2 
ENTITIES
0
POLYLINE
8
Layer 1
62
7
70
0
10
0.000000
20
0.000000
66
1
0
VERTEX
8
Layer 1
10
547.405623
20
561.587298
70
0
0
VERTEX
8
Layer 1
10
544.426302
20
561.136404
70
0
0
VERTEX
8
Layer 1
10
541.033570
20
560.414311
70
0
0
VERTEX
8
Layer 1
10
537.845890
20
559.573156
70
0
0
VERTEX
8
Layer 1
10
535.481726
20
558.765074
70
0
0
VERTEX
8
Layer 1
10
534.371578
20
558.289926
70
0
0
VERTEX
8
Layer 1
10
534.074059
20
558.039537
70
0
0
VERTEX
8
Layer 1
10
533.929503
20
557.662643
70
0
0
VERTEX
8
Layer 1
10
534.043053
20
556.175463
70
0
0
VERTEX
8
Layer 1
10
534.599781
20
553.120626
70
0
0
VERTEX
8
Layer 1
10
535.023115
20
550.757014
70
0
0
VERTEX
8
Layer 1
10
533.259225
20
550.439513
70
0
0
VERTEX
8
Layer 1
10
532.251051
20
550.319900
70
0
0
VERTEX
8
Layer 1
10
531.464467
20
550.355729
70
0
0
VERTEX
8
Layer 1
10
530.684497
20
550.583381
70
0
0
VERTEX
8
Layer 1
10
529.696167
20
551.039236
70
0
0
VERTEX
8
Layer 1
10
528.632321
20
551.519345
70
0
0
VERTEX
8
Layer 1
10
527.535402
20
551.784480
70
0
0
VERTEX
8
Layer 1
10
523.522552
20
551.921181
70
0
0
VERTEX
8
Layer 1
10
519.505293
20
551.766841
70
0
0
VERTEX
8
Layer 1
10
518.139931
20
551.519345
70
0
0
VERTEX
8
Layer 1
10
516.784492
20
551.109792
70
0
0
VERTEX
8
Layer 1
10
514.860198
20
550.267534
70
0
0
VERTEX
8
Layer 1
10
513.164108
20
549.160693
70
0
0
VERTEX
8
Layer 1
10
511.778903
20
547.855415
70
0
0
VERTEX
8
Layer 1
10
510.787266
20
546.417844
70
0
0
VERTEX
8
Layer 1
10
510.401415
20
545.711737
70
0
0
VERTEX
8
Layer 1
10
510.028794
20
545.293364
70
0
0
VERTEX
8
Layer 1
10
509.576797
20
545.093273
70
0
0
VERTEX
8
Layer 1
10
508.952821
20
545.042010
70
0
0
VERTEX
8
Layer 1
10
506.090909
20
544.605447
70
0
0
VERTEX
8
Layer 1
10
500.768371
20
543.560342
70
0
0
VERTEX
8
Layer 1
10
494.797603
20
542.431453
70
0
0
VERTEX
8
Layer 1
10
492.811022
20
542.191123
70
0
0
VERTEX
8
Layer 1
10
491.313921
20
542.149230
70
0
0
VERTEX
8
Layer 1
10
489.637123
20
542.106787
70
0
0
VERTEX
8
Layer 1
10
488.324127
20
541.836140
70
0
0
VERTEX
8
Layer 1
10
487.236027
20
541.281066
70
0
0
VERTEX
8
Layer 1
10
486.233917
20
540.385340
70
0
0
VERTEX
8
Layer 1
10
485.618916
20
539.614793
70
0
0
VERTEX
8
Layer 1
10
485.133829
20
538.768487
70
0
0
VERTEX
8
Layer 1
10
484.537276
20
536.909375
70
0
0
VERTEX
8
Layer 1
10
484.412012
20
534.929546
70
0
0
VERTEX
8
Layer 1
10
484.725791
20
532.950544
70
0
0
VERTEX
8
Layer 1
10
485.446368
20
531.093912
70
0
0
VERTEX
8
Layer 1
10
486.541496
20
529.481193
70
0
0
VERTEX
8
Layer 1
10
487.978928
20
528.233930
70
0
0
VERTEX
8
Layer 1
10
488.815932
20
527.785326
70
0
0
VERTEX
8
Layer 1
10
489.726420
20
527.473666
70
0
0
VERTEX
8
Layer 1
10
490.938543
20
527.264755
70
0
0
VERTEX
8
Layer 1
10
492.067984
20
527.336964
70
0
0
VERTEX
8
Layer 1
10
493.243727
20
527.706830
70
0
0
VERTEX
8
Layer 1
10
494.594756
20
528.390888
70
0
0
VERTEX
8
Layer 1
10
496.085243
20
528.955333
70
0
0
VERTEX
8
Layer 1
10
497.946147
20
529.308111
70
0
0
VERTEX
8
Layer 1
10
506.518652
20
530.825057
70
0
0
VERTEX
8
Layer 1
10
512.939212
20
532.095057
70
0
0
VERTEX
8
Layer 1
10
513.926990
20
531.177835
70
0
0
VERTEX
8
Layer 1
10
514.936266
20
530.382982
70
0
0
VERTEX
8
Layer 1
10
516.048068
20
529.872556
70
0
0
VERTEX
8
Layer 1
10
517.404610
20
529.600255
70
0
0
VERTEX
8
Layer 1
10
519.148105
20
529.519778
70
0
0
VERTEX
8
Layer 1
10
521.441162
20
529.519778
70
0
0
VERTEX
8
Layer 1
10
520.735606
20
528.602555
70
0
0
VERTEX
8
Layer 1
10
520.249985
20
527.646196
70
0
0
VERTEX
8
Layer 1
10
520.025640
20
526.507936
70
0
0
VERTEX
8
Layer 1
10
520.085723
20
525.402748
70
0
0
VERTEX
8
Layer 1
10
520.453383
20
524.545608
70
0
0
VERTEX
8
Layer 1
10
521.490771
20
523.620668
70
0
0
VERTEX
8
Layer 1
10
522.719982
20
523.231510
70
0
0
VERTEX
8
Layer 1
10
524.015339
20
523.384748
70
0
0
VERTEX
8
Layer 1
10
525.251164
20
524.086997
70
0
0
VERTEX
8
Layer 1
10
526.103895
20
525.113912
70
0
0
VERTEX
8
Layer 1
10
526.384464
20
526.243352
70
0
0
VERTEX
8
Layer 1
10
526.089563
20
527.405866
70
0
0
VERTEX
8
Layer 1
10
525.215886
20
528.532000
70
0
0
VERTEX
8
Layer 1
10
524.413316
20
529.431583
70
0
0
VERTEX
8
Layer 1
10
524.402292
20
529.692860
70
0
0
VERTEX
8
Layer 1
10
524.616164
20
529.907834
70
0
0
VERTEX
8
Layer 1
10
525.533387
20
530.225334
70
0
0
VERTEX
8
Layer 1
10
526.750471
20
530.500942
70
0
0
VERTEX
8
Layer 1
10
528.470263
20
531.213112
70
0
0
VERTEX
8
Layer 1
10
530.335577
20
532.189866
70
0
0
VERTEX
8
Layer 1
10
531.989224
20
533.259225
70
0
0
VERTEX
8
Layer 1
10
533.220640
20
534.126838
70
0
0
VERTEX
8
Layer 1
10
534.141170
20
534.590962
70
0
0
VERTEX
8
Layer 1
10
535.114617
20
534.777273
70
0
0
VERTEX
8
Layer 1
10
536.504782
20
534.811448
70
0
0
VERTEX
8
Layer 1
10
539.102110
20
534.974608
70
0
0
VERTEX
8
Layer 1
10
542.043397
20
535.375893
70
0
0
VERTEX
8
Layer 1
10
545.183121
20
535.975615
70
0
0
VERTEX
8
Layer 1
10
546.488400
20
534.493948
70
0
0
VERTEX
8
Layer 1
10
547.645953
20
532.844159
70
0
0
VERTEX
8
Layer 1
10
548.710901
20
530.423772
70
0
0
VERTEX
8
Layer 1
10
549.802308
20
526.898748
70
0
0
VERTEX
8
Layer 1
10
551.039236
20
521.935051
70
0
0
VERTEX
8
Layer 1
10
552.626737
20
515.373380
70
0
0
VERTEX
8
Layer 1
10
552.594215
20
515.080685
70
0
0
VERTEX
8
Layer 1
10
552.207813
20
514.857442
70
0
0
VERTEX
8
Layer 1
10
549.910346
20
514.420880
70
0
0
VERTEX
8
Layer 1
10
546.982289
20
514.032824
70
0
0
VERTEX
8
Layer 1
10
546.312011
20
514.985324
70
0
0
VERTEX
8
Layer 1
10
545.236038
20
516.242096
70
0
0
VERTEX
8
Layer 1
10
543.816106
20
517.631159
70
0
0
VERTEX
8
Layer 1
10
542.303571
20
518.914389
70
0
0
VERTEX
8
Layer 1
10
540.949785
20
519.853661
70
0
0
VERTEX
8
Layer 1
10
538.845244
20
520.917507
70
0
0
VERTEX
8
Layer 1
10
536.734088
20
521.644009
70
0
0
VERTEX
8
Layer 1
10
534.490641
20
522.066240
70
0
0
VERTEX
8
Layer 1
10
531.989224
20
522.217273
70
0
0
VERTEX
8
Layer 1
10
529.072742
20
522.093801
70
0
0
VERTEX
8
Layer 1
10
526.410922
20
521.599912
70
0
0
VERTEX
8
Layer 1
10
523.610195
20
520.629772
70
0
0
VERTEX
8
Layer 1
10
520.276994
20
519.077549
70
0
0
VERTEX
8
Layer 1
10
516.466992
20
517.172548
70
0
0
VERTEX
8
Layer 1
10
515.443936
20
518.301438
70
0
0
VERTEX
8
Layer 1
10
514.869018
20
518.885175
70
0
0
VERTEX
8
Layer 1
10
514.337095
20
519.240709
70
0
0
VERTEX
8
Layer 1
10
513.732411
20
519.417649
70
0
0
VERTEX
8
Layer 1
10
512.939212
20
519.465605
70
0
0
VERTEX
8
Layer 1
10
512.146013
20
519.417649
70
0
0
VERTEX
8
Layer 1
10
511.541329
20
519.240709
70
0
0
VERTEX
8
Layer 1
10
511.009406
20
518.885175
70
0
0
VERTEX
8
Layer 1
10
510.434488
20
518.301438
70
0
0
VERTEX
8
Layer 1
10
509.788463
20
517.367127
70
0
0
VERTEX
8
Layer 1
10
509.446710
20
516.356749
70
0
0
VERTEX
8
Layer 1
10
509.422456
20
515.339756
70
0
0
VERTEX
8
Layer 1
10
509.728932
20
514.385602
70
0
0
VERTEX
8
Layer 1
10
509.820985
20
514.010775
70
0
0
VERTEX
8
Layer 1
10
509.539314
20
513.609490
70
0
0
VERTEX
8
Layer 1
10
507.365320
20
512.304212
70
0
0
VERTEX
8
Layer 1
10
504.648929
20
510.857822
70
0
0
VERTEX
8
Layer 1
10
503.484762
20
511.916156
70
0
0
VERTEX
8
Layer 1
10
502.250039
20
512.763374
70
0
0
VERTEX
8
Layer 1
10
501.721147
20
512.910204
70
0
0
VERTEX
8
Layer 1
10
501.253441
20
512.873066
70
0
0
VERTEX
8
Layer 1
10
500.848573
20
512.652373
70
0
0
VERTEX
8
Layer 1
10
500.508197
20
512.248539
70
0
0
VERTEX
8
Layer 1
10
500.027537
20
510.893100
70
0
0
VERTEX
8
Layer 1
10
499.664286
20
510.163290
70
0
0
VERTEX
8
Layer 1
10
498.417988
20
509.208585
70
0
0
VERTEX
8
Layer 1
10
490.431976
20
504.825318
70
0
0
VERTEX
8
Layer 1
10
478.543357
20
498.298925
70
0
0
VERTEX
8
Layer 1
10
476.245890
20
497.068612
70
0
0
VERTEX
8
Layer 1
10
475.492379
20
496.894979
70
0
0
VERTEX
8
Layer 1
10
474.768632
20
496.923091
70
0
0
VERTEX
8
Layer 1
10
473.730693
20
496.939076
70
0
0
VERTEX
8
Layer 1
10
473.079708
20
496.521806
70
0
0
VERTEX
8
Layer 1
10
472.779295
20
495.608442
70
0
0
VERTEX
8
Layer 1
10
472.793076
20
494.136145
70
0
0
VERTEX
8
Layer 1
10
473.142546
20
492.286265
70
0
0
VERTEX
8
Layer 1
10
473.869048
20
490.343781
70
0
0
VERTEX
8
Layer 1
10
474.886593
20
488.480672
70
0
0
VERTEX
8
Layer 1
10
476.109189
20
486.868918
70
0
0
VERTEX
8
Layer 1
10
477.721495
20
485.337090
70
0
0
VERTEX
8
Layer 1
10
479.085753
20
484.615548
70
0
0
VERTEX
8
Layer 1
10
479.659362
20
484.563803
70
0
0
VERTEX
8
Layer 1
10
480.152355
20
484.720831
70
0
0
VERTEX
8
Layer 1
10
480.558532
20
485.088698
70
0
0
VERTEX
8
Layer 1
10
480.871692
20
485.669473
70
0
0
VERTEX
8
Layer 1
10
481.159426
20
486.122572
70
0
0
VERTEX
8
Layer 1
10
481.718359
20
486.595515
70
0
0
VERTEX
8
Layer 1
10
483.729194
20
487.680307
70
0
0
VERTEX
8
Layer 1
10
493.020484
20
492.469269
70
0
0
VERTEX
8
Layer 1
10
503.026150
20
497.946147
70
0
0
VERTEX
8
Layer 1
10
504.313239
20
498.678713
70
0
0
VERTEX
8
Layer 1
10
505.147228
20
499.017710
70
0
0
VERTEX
8
Layer 1
10
505.829082
20
499.032593
70
0
0
VERTEX
8
Layer 1
10
506.659764
20
498.792814
70
0
0
VERTEX
8
Layer 1
10
507.481626
20
498.560752
70
0
0
VERTEX
8
Layer 1
10
507.995910
20
498.523821
70
0
0
VERTEX
8
Layer 1
10
508.371288
20
498.718400
70
0
0
VERTEX
8
Layer 1
10
508.776432
20
499.180870
70
0
0
VERTEX
8
Layer 1
10
509.160078
20
499.812012
70
0
0
VERTEX
8
Layer 1
10
509.305599
20
500.525836
70
0
0
VERTEX
8
Layer 1
10
509.212994
20
501.378567
70
0
0
VERTEX
8
Layer 1
10
508.882265
20
502.426428
70
0
0
VERTEX
8
Layer 1
10
508.878958
20
502.752747
70
0
0
VERTEX
8
Layer 1
10
509.173307
20
503.131984
70
0
0
VERTEX
8
Layer 1
10
510.893100
20
504.260873
70
0
0
VERTEX
8
Layer 1
10
512.761721
20
505.282276
70
0
0
VERTEX
8
Layer 1
10
513.777060
20
505.685214
70
0
0
VERTEX
8
Layer 1
10
514.070169
20
505.672330
70
0
0
VERTEX
8
Layer 1
10
514.276461
20
505.525913
70
0
0
VERTEX
8
Layer 1
10
514.597269
20
504.860596
70
0
0
VERTEX
8
Layer 1
10
515.219591
20
503.873920
70
0
0
VERTEX
8
Layer 1
10
516.215638
20
503.079067
70
0
0
VERTEX
8
Layer 1
10
517.469653
20
502.548797
70
0
0
VERTEX
8
Layer 1
10
518.865882
20
502.355872
70
0
0
VERTEX
8
Layer 1
10
520.109425
20
502.219171
70
0
0
VERTEX
8
Layer 1
10
520.304555
20
501.954036
70
0
0
VERTEX
8
Layer 1
10
520.347550
20
501.473927
70
0
0
VERTEX
8
Layer 1
10
520.093440
20
500.571587
70
0
0
VERTEX
8
Layer 1
10
519.320084
20
499.652711
70
0
0
VERTEX
8
Layer 1
10
518.010947
20
498.700761
70
0
0
VERTEX
8
Layer 1
10
516.149492
20
497.699202
70
0
0
VERTEX
8
Layer 1
10
512.480601
20
495.723646
70
0
0
VERTEX
8
Layer 1
10
511.252492
20
494.634444
70
0
0
VERTEX
8
Layer 1
10
509.746571
20
492.883783
70
0
0
VERTEX
8
Layer 1
10
508.134817
20
490.683330
70
0
0
VERTEX
8
Layer 1
10
506.589208
20
488.244752
70
0
0
VERTEX
8
Layer 1
10
505.168725
20
485.567498
70
0
0
VERTEX
8
Layer 1
10
503.797852
20
482.542978
70
0
0
VERTEX
8
Layer 1
10
502.764323
20
479.855801
70
0
0
VERTEX
8
Layer 1
10
502.355872
20
478.190579
70
0
0
VERTEX
8
Layer 1
10
502.462463
20
477.430177
70
0
0
VERTEX
8
Layer 1
10
502.758811
20
476.750804
70
0
0
VERTEX
8
Layer 1
10
503.209774
20
476.173957
70
0
0
VERTEX
8
Layer 1
10
503.780213
20
475.721133
70
0
0
VERTEX
8
Layer 1
10
504.434988
20
475.413830
70
0
0
VERTEX
8
Layer 1
10
505.138960
20
475.273546
70
0
0
VERTEX
8
Layer 1
10
505.856987
20
475.321777
70
0
0
VERTEX
8
Layer 1
10
506.553930
20
475.580022
70
0
0
VERTEX
8
Layer 1
10
507.206432
20
476.041114
70
0
0
VERTEX
8
Layer 1
10
507.705971
20
476.589849
70
0
0
VERTEX
8
Layer 1
10
508.048414
20
477.204730
70
0
0
VERTEX
8
Layer 1
10
508.229626
20
477.864259
70
0
0
VERTEX
8
Layer 1
10
508.245473
20
478.546940
70
0
0
VERTEX
8
Layer 1
10
508.091822
20
479.231274
70
0
0
VERTEX
8
Layer 1
10
507.764538
20
479.895765
70
0
0
VERTEX
8
Layer 1
10
507.259486
20
480.518914
70
0
0
VERTEX
8
Layer 1
10
506.805285
20
481.151709
70
0
0
VERTEX
8
Layer 1
10
506.827333
20
481.930026
70
0
0
VERTEX
8
Layer 1
10
507.418236
20
483.158134
70
0
0
VERTEX
8
Layer 1
10
508.670598
20
485.140306
70
0
0
VERTEX
8
Layer 1
10
511.009406
20
488.280581
70
0
0
VERTEX
8
Layer 1
10
512.225732
20
489.525157
70
0
0
VERTEX
8
Layer 1
10
513.543344
20
490.603955
70
0
0
VERTEX
8
Layer 1
10
515.014746
20
491.555422
70
0
0
VERTEX
8
Layer 1
10
516.692439
20
492.418005
70
0
0
VERTEX
8
Layer 1
10
520.876717
20
494.030311
70
0
0
VERTEX
8
Layer 1
10
523.451996
20
495.031319
70
0
0
VERTEX
8
Layer 1
10
525.709776
20
496.111701
70
0
0
VERTEX
8
Layer 1
10
527.653913
20
497.378395
70
0
0
VERTEX
8
Layer 1
10
529.832868
20
498.995662
70
0
0
VERTEX
8
Layer 1
10
531.608334
20
500.467407
70
0
0
VERTEX
8
Layer 1
10
532.342002
20
501.297538
70
0
0
VERTEX
8
Layer 1
10
533.753114
20
503.273095
70
0
0
VERTEX
8
Layer 1
10
534.789399
20
504.785630
70
0
0
VERTEX
8
Layer 1
10
535.164226
20
505.954208
70
0
0
VERTEX
8
Layer 1
10
535.244703
20
506.481721
70
0
0
VERTEX
8
Layer 1
10
535.569921
20
506.919937
70
0
0
VERTEX
8
Layer 1
10
537.457283
20
507.965042
70
0
0
VERTEX
8
Layer 1
10
540.067840
20
509.058654
70
0
0
VERTEX
8
Layer 1
10
540.286190
20
508.863593
70
0
0
VERTEX
8
Layer 1
10
540.610788
20
508.238996
70
0
0
VERTEX
8
Layer 1
10
541.659751
20
505.464728
70
0
0
VERTEX
8
Layer 1
10
545.923955
20
492.160588
70
0
0
VERTEX
8
Layer 1
10
551.885903
20
473.145854
70
0
0
VERTEX
8
Layer 1
10
554.178960
20
465.949182
70
0
0
VERTEX
8
Layer 1
10
552.944237
20
464.890848
70
0
0
VERTEX
8
Layer 1
10
552.093160
20
463.978035
70
0
0
VERTEX
8
Layer 1
10
551.744792
20
463.303347
70
0
0
VERTEX
8
Layer 1
10
552.296008
20
462.006888
70
0
0
VERTEX
8
Layer 1
10
553.614515
20
459.705012
70
0
0
VERTEX
8
Layer 1
10
556.401462
20
455.083620
70
0
0
VERTEX
8
Layer 1
10
557.252539
20
453.750229
70
0
0
VERTEX
8
Layer 1
10
558.077157
20
452.883167
70
0
0
VERTEX
8
Layer 1
10
559.060526
20
452.340220
70
0
0
VERTEX
8
Layer 1
10
560.387853
20
451.979174
70
0
0
VERTEX
8
Layer 1
10
562.305532
20
451.499616
70
0
0
VERTEX
8
Layer 1
10
563.743654
20
450.973756
70
0
0
VERTEX
8
Layer 1
10
564.817973
20
450.342063
70
0
0
VERTEX
8
Layer 1
10
565.644245
20
449.545005
70
0
0
VERTEX
8
Layer 1
10
566.596746
20
448.416116
70
0
0
VERTEX
8
Layer 1
10
565.185634
20
447.463615
70
0
0
VERTEX
8
Layer 1
10
563.924452
20
446.802156
70
0
0
VERTEX
8
Layer 1
10
563.548523
20
446.779005
70
0
0
VERTEX
8
Layer 1
10
563.245355
20
446.934448
70
0
0
VERTEX
8
Layer 1
10
562.775168
20
447.176983
70
0
0
VERTEX
8
Layer 1
10
561.970944
20
446.943268
70
0
0
VERTEX
8
Layer 1
10
557.283407
20
444.041669
70
0
0
VERTEX
8
Layer 1
10
555.093427
20
442.606303
70
0
0
VERTEX
8
Layer 1
10
553.971703
20
441.739792
70
0
0
VERTEX
8
Layer 1
10
553.597428
20
441.124636
70
0
0
VERTEX
8
Layer 1
10
553.649793
20
440.443333
70
0
0
VERTEX
8
Layer 1
10
553.658613
20
439.437916
70
0
0
VERTEX
8
Layer 1
10
553.421590
20
439.133645
70
0
0
VERTEX
8
Layer 1
10
552.979515
20
438.855832
70
0
0
VERTEX
8
Layer 1
10
552.098672
20
438.161300
70
0
0
VERTEX
8
Layer 1
10
551.916633
20
437.717296
70
0
0
VERTEX
8
Layer 1
10
551.912362
20
437.162498
70
0
0
VERTEX
8
Layer 1
10
552.453655
20
435.581611
70
0
0
VERTEX
8
Layer 1
10
553.755627
20
433.140828
70
0
0
VERTEX
8
Layer 1
10
554.921999
20
431.129443
70
0
0
VERTEX
8
Layer 1
10
555.678267
20
430.040792
70
0
0
VERTEX
8
Layer 1
10
556.275784
20
429.593756
70
0
0
VERTEX
8
Layer 1
10
556.965906
20
429.507215
70
0
0
VERTEX
8
Layer 1
10
558.015421
20
429.361694
70
0
0
VERTEX
8
Layer 1
10
558.037470
20
429.135144
70
0
0
VERTEX
8
Layer 1
10
557.742018
20
428.766381
70
0
0
VERTEX
8
Layer 1
10
557.740364
20
428.386594
70
0
0
VERTEX
8
Layer 1
10
558.046289
20
427.580165
70
0
0
VERTEX
8
Layer 1
10
559.541186
20
424.779990
70
0
0
VERTEX
8
Layer 1
10
560.974346
20
422.120926
70
0
0
VERTEX
8
Layer 1
10
561.332085
20
421.252761
70
0
0
VERTEX
8
Layer 1
10
561.375631
20
420.864154
70
0
0
VERTEX
8
Layer 1
10
556.952677
20
419.153181
70
0
0
VERTEX
8
Layer 1
10
547.158678
20
415.748873
70
0
0
VERTEX
8
Layer 1
10
542.149230
20
413.984983
70
0
0
VERTEX
8
Layer 1
10
541.961748
20
413.951083
70
0
0
VERTEX
8
Layer 1
10
541.820155
20
414.057743
70
0
0
VERTEX
8
Layer 1
10
541.659751
20
414.990400
70
0
0
VERTEX
8
Layer 1
10
541.725897
20
421.816655
70
0
0
VERTEX
8
Layer 1
10
541.787633
20
428.973638
70
0
0
VERTEX
8
Layer 1
10
541.646522
20
431.277168
70
0
0
VERTEX
8
Layer 1
10
541.373119
20
433.352495
70
0
0
VERTEX
8
Layer 1
10
540.835399
20
435.885779
70
0
0
VERTEX
8
Layer 1
10
540.089269
20
438.294419
70
0
0
VERTEX
8
Layer 1
10
539.145424
20
440.570354
70
0
0
VERTEX
8
Layer 1
10
538.014562
20
442.705522
70
0
0
VERTEX
8
Layer 1
10
536.707380
20
444.691862
70
0
0
VERTEX
8
Layer 1
10
535.234575
20
446.521312
70
0
0
VERTEX
8
Layer 1
10
533.606844
20
448.185811
70
0
0
VERTEX
8
Layer 1
10
531.834884
20
449.677297
70
0
0
VERTEX
8
Layer 1
10
529.929391
20
450.987709
70
0
0
VERTEX
8
Layer 1
10
527.901064
20
452.108985
70
0
0
VERTEX
8
Layer 1
10
525.760599
20
453.033063
70
0
0
VERTEX
8
Layer 1
10
523.518693
20
453.751883
70
0
0
VERTEX
8
Layer 1
10
521.186044
20
454.257382
70
0
0
VERTEX
8
Layer 1
10
518.773347
20
454.541499
70
0
0
VERTEX
8
Layer 1
10
516.291301
20
454.596173
70
0
0
VERTEX
8
Layer 1
10
513.750601
20
454.413342
70
0
0
VERTEX
8
Layer 1
10
509.164487
20
453.813619
70
0
0
VERTEX
8
Layer 1
10
507.929764
20
453.725425
70
0
0
VERTEX
8
Layer 1
10
507.705971
20
453.873150
70
0
0
VERTEX
8
Layer 1
10
507.647542
20
454.166397
70
0
0
VERTEX
8
Layer 1
10
508.035598
20
455.401120
70
0
0
VERTEX
8
Layer 1
10
508.280889
20
456.140852
70
0
0
VERTEX
8
Layer 1
10
508.198758
20
456.979802
70
0
0
VERTEX
8
Layer 1
10
507.832199
20
457.752606
70
0
0
VERTEX
8
Layer 1
10
507.224208
20
458.293900
70
0
0
VERTEX
8
Layer 1
10
506.525060
20
458.517556
70
0
0
VERTEX
8
Layer 1
10
505.487328
20
458.661009
70
0
0
VERTEX
8
Layer 1
10
502.721879
20
458.717233
70
0
0
VERTEX
8
Layer 1
10
499.579399
20
458.482416
70
0
0
VERTEX
8
Layer 1
10
496.711424
20
457.976400
70
0
0
VERTEX
8
Layer 1
10
493.517681
20
457.042089
70
0
0
VERTEX
8
Layer 1
10
490.634823
20
456.005253
70
0
0
VERTEX
8
Layer 1
10
488.347278
20
454.975031
70
0
0
VERTEX
8
Layer 1
10
486.939473
20
454.060564
70
0
0
VERTEX
8
Layer 1
10
484.999194
20
452.508341
70
0
0
VERTEX
8
Layer 1
10
484.507097
20
452.100097
70
0
0
VERTEX
8
Layer 1
10
484.191112
20
451.610410
70
0
0
VERTEX
8
Layer 1
10
484.045454
20
451.070288
70
0
0
VERTEX
8
Layer 1
10
484.064333
20
450.510735
70
0
0
VERTEX
8
Layer 1
10
484.241962
20
449.962758
70
0
0
VERTEX
8
Layer 1
10
484.572554
20
449.457362
70
0
0
VERTEX
8
Layer 1
10
485.050320
20
449.025554
70
0
0
VERTEX
8
Layer 1
10
485.669473
20
448.698338
70
0
0
VERTEX
8
Layer 1
10
486.233917
20
448.367609
70
0
0
VERTEX
8
Layer 1
10
486.269195
20
448.063338
70
0
0
VERTEX
8
Layer 1
10
480.307247
20
445.523336
70
0
0
VERTEX
8
Layer 1
10
475.495617
20
443.495276
70
0
0
VERTEX
8
Layer 1
10
470.468599
20
441.138967
70
0
0
VERTEX
8
Layer 1
10
465.288619
20
438.489963
70
0
0
VERTEX
8
Layer 1
10
460.018102
20
435.583816
70
0
0
VERTEX
8
Layer 1
10
454.719473
20
432.456081
70
0
0
VERTEX
8
Layer 1
10
449.455157
20
429.142310
70
0
0
VERTEX
8
Layer 1
10
444.287580
20
425.678058
70
0
0
VERTEX
8
Layer 1
10
439.279166
20
422.098877
70
0
0
VERTEX
8
Layer 1
10
435.384069
20
419.128100
70
0
0
VERTEX
8
Layer 1
10
431.269451
20
415.795175
70
0
0
VERTEX
8
Layer 1
10
422.879398
20
408.499285
70
0
0
VERTEX
8
Layer 1
10
415.104502
20
401.124020
70
0
0
VERTEX
8
Layer 1
10
411.758830
20
397.691876
70
0
0
VERTEX
8
Layer 1
10
408.940258
20
394.582193
70
0
0
VERTEX
8
Layer 1
10
405.101041
20
389.734803
70
0
0
VERTEX
8
Layer 1
10
402.118413
20
385.198298
70
0
0
VERTEX
8
Layer 1
10
400.980359
20
383.098304
70
0
0
VERTEX
8
Layer 1
10
400.094900
20
381.138044
70
0
0
VERTEX
8
Layer 1
10
399.474852
20
379.338187
70
0
0
VERTEX
8
Layer 1
10
399.133029
20
377.719405
70
0
0
VERTEX
8
Layer 1
10
398.841987
20
376.458223
70
0
0
VERTEX
8
Layer 1
10
398.498029
20
375.779126
70
0
0
VERTEX
8
Layer 1
10
394.829138
20
374.579680
70
0
0
VERTEX
8
Layer 1
10
392.245039
20
373.746242
70
0
0
VERTEX
8
Layer 1
10
390.666357
20
373.098013
70
0
0
VERTEX
8
Layer 1
10
390.175569
20
372.674197
70
0
0
VERTEX
8
Layer 1
10
389.815831
20
372.168112
70
0
0
VERTEX
8
Layer 1
10
389.497780
20
371.056310
70
0
0
VERTEX
8
Layer 1
10
389.543600
20
370.524180
70
0
0
VERTEX
8
Layer 1
10
389.728739
20
370.056956
70
0
0
VERTEX
8
Layer 1
10
390.055266
20
369.691431
70
0
0
VERTEX
8
Layer 1
10
390.525246
20
369.464399
70
0
0
VERTEX
8
Layer 1
10
391.023545
20
369.265962
70
0
0
VERTEX
8
Layer 1
10
391.230802
20
369.041066
70
0
0
VERTEX
8
Layer 1
10
384.426596
20
365.416272
70
0
0
VERTEX
8
Layer 1
10
377.331349
20
361.950228
70
0
0
VERTEX
8
Layer 1
10
376.590515
20
363.361340
70
0
0
VERTEX
8
Layer 1
10
376.057834
20
364.299854
70
0
0
VERTEX
8
Layer 1
10
375.398236
20
365.048611
70
0
0
VERTEX
8
Layer 1
10
374.630323
20
365.603065
70
0
0
VERTEX
8
Layer 1
10
373.772701
20
365.958668
70
0
0
VERTEX
8
Layer 1
10
372.843971
20
366.110872
70
0
0
VERTEX
8
Layer 1
10
371.862739
20
366.055131
70
0
0
VERTEX
8
Layer 1
10
370.847606
20
365.786895
70
0
0
VERTEX
8
Layer 1
10
369.817177
20
365.301619
70
0
0
VERTEX
8
Layer 1
10
368.741204
20
364.772452
70
0
0
VERTEX
8
Layer 1
10
368.300232
20
364.666619
70
0
0
VERTEX
8
Layer 1
10
369.711344
20
366.395231
70
0
0
VERTEX
8
Layer 1
10
370.610928
20
367.595227
70
0
0
VERTEX
8
Layer 1
10
371.087178
20
368.798531
70
0
0
VERTEX
8
Layer 1
10
371.140095
20
369.981991
70
0
0
VERTEX
8
Layer 1
10
370.769678
20
371.122456
70
0
0
VERTEX
8
Layer 1
10
370.423170
20
371.570388
70
0
0
VERTEX
8
Layer 1
10
369.889387
20
371.960855
70
0
0
VERTEX
8
Layer 1
10
368.278183
20
372.564436
70
0
0
VERTEX
8
Layer 1
10
365.972448
20
372.923277
70
0
0
VERTEX
8
Layer 1
10
363.008562
20
373.027457
70
0
0
VERTEX
8
Layer 1
10
360.689047
20
372.979501
70
0
0
VERTEX
8
Layer 1
10
358.687031
20
372.776103
70
0
0
VERTEX
8
Layer 1
10
356.420433
20
372.327965
70
0
0
VERTEX
8
Layer 1
10
353.307167
20
371.545790
70
0
0
VERTEX
8
Layer 1
10
343.319140
20
368.754434
70
0
0
VERTEX
8
Layer 1
10
328.436318
20
364.031618
70
0
0
VERTEX
8
Layer 1
10
319.195739
20
361.073244
70
0
0
VERTEX
8
Layer 1
10
313.169850
20
359.467553
70
0
0
VERTEX
8
Layer 1
10
310.717492
20
359.032437
70
0
0
VERTEX
8
Layer 1
10
308.294899
20
358.768060
70
0
0
VERTEX
8
Layer 1
10
302.507135
20
358.528281
70
0
0
VERTEX
8
Layer 1
10
295.372200
20
358.493004
70
0
0
VERTEX
8
Layer 1
10
293.140879
20
358.696953
70
0
0
VERTEX
8
Layer 1
10
290.830183
20
359.092726
70
0
0
VERTEX
8
Layer 1
10
286.258401
20
360.148304
70
0
0
VERTEX
8
Layer 1
10
281.587400
20
361.610679
70
0
0
VERTEX
8
Layer 1
10
276.651815
20
363.542690
70
0
0
VERTEX
8
Layer 1
10
271.286282
20
366.007175
70
0
0
VERTEX
8
Layer 1
10
266.425663
20
368.273222
70
0
0
VERTEX
8
Layer 1
10
263.040096
20
369.530545
70
0
0
VERTEX
8
Layer 1
10
261.691685
20
369.837779
70
0
0
VERTEX
8
Layer 1
10
260.461510
20
369.961045
70
0
0
VERTEX
8
Layer 1
10
258.021829
20
369.746622
70
0
0
VERTEX
8
Layer 1
10
256.169193
20
369.210840
70
0
0
VERTEX
8
Layer 1
10
254.604292
20
368.397246
70
0
0
VERTEX
8
Layer 1
10
253.442881
20
367.385214
70
0
0
VERTEX
8
Layer 1
10
252.800715
20
366.254120
70
0
0
VERTEX
8
Layer 1
10
252.688887
20
365.030076
70
0
0
VERTEX
8
Layer 1
10
253.010728
20
363.665060
70
0
0
VERTEX
8
Layer 1
10
253.760037
20
362.166925
70
0
0
VERTEX
8
Layer 1
10
254.930612
20
360.543526
70
0
0
VERTEX
8
Layer 1
10
256.516253
20
358.802718
70
0
0
VERTEX
8
Layer 1
10
258.510757
20
356.952356
70
0
0
VERTEX
8
Layer 1
10
260.907925
20
355.000295
70
0
0
VERTEX
8
Layer 1
10
263.701555
20
352.954389
70
0
0
VERTEX
8
Layer 1
10
266.745368
20
350.961193
70
0
0
VERTEX
8
Layer 1
10
269.795795
20
349.232581
70
0
0
VERTEX
8
Layer 1
10
273.256327
20
347.556886
70
0
0
VERTEX
8
Layer 1
10
277.530453
20
345.722440
70
0
0
VERTEX
8
Layer 1
10
281.278719
20
344.077613
70
0
0
VERTEX
8
Layer 1
10
282.751567
20
343.252994
70
0
0
VERTEX
8
Layer 1
10
282.090108
20
343.006049
70
0
0
VERTEX
8
Layer 1
10
280.740732
20
342.759105
70
0
0
VERTEX
8
Layer 1
10
279.234811
20
342.489009
70
0
0
VERTEX
8
Layer 1
10
278.271286
20
342.132924
70
0
0
VERTEX
8
Layer 1
10
277.784012
20
341.657776
70
0
0
VERTEX
8
Layer 1
10
277.706842
20
341.030493
70
0
0
VERTEX
8
Layer 1
10
277.950479
20
340.522272
70
0
0
VERTEX
8
Layer 1
10
278.888648
20
340.113270
70
0
0
VERTEX
8
Layer 1
10
285.044624
20
338.984380
70
0
0
VERTEX
8
Layer 1
10
286.812924
20
338.653651
70
0
0
VERTEX
8
Layer 1
10
287.272086
20
338.532935
70
0
0
VERTEX
8
Layer 1
10
287.337681
20
338.455213
70
0
0
VERTEX
8
Layer 1
10
283.069067
20
337.996602
70
0
0
VERTEX
8
Layer 1
10
280.419374
20
337.714931
70
0
0
VERTEX
8
Layer 1
10
278.751946
20
337.357192
70
0
0
VERTEX
8
Layer 1
10
277.884884
20
336.860546
70
0
0
VERTEX
8
Layer 1
10
277.694646
20
336.540497
70
0
0
VERTEX
8
Layer 1
10
277.636286
20
336.162156
70
0
0
VERTEX
8
Layer 1
10
277.833070
20
335.582277
70
0
0
VERTEX
8
Layer 1
10
278.628474
20
335.147919
70
0
0
VERTEX
8
Layer 1
10
280.330077
20
334.753249
70
0
0
VERTEX
8
Layer 1
10
283.245456
20
334.292433
70
0
0
VERTEX
8
Layer 1
10
287.408237
20
333.586877
70
0
0
VERTEX
8
Layer 1
10
283.562956
20
333.022432
70
0
0
VERTEX
8
Layer 1
10
280.780971
20
332.650913
70
0
0
VERTEX
8
Layer 1
10
278.822502
20
332.219862
70
0
0
VERTEX
8
Layer 1
10
277.664398
20
331.722666
70
0
0
VERTEX
8
Layer 1
10
277.378248
20
331.447196
70
0
0
VERTEX
8
Layer 1
10
277.283508
20
331.152709
70
0
0
VERTEX
8
Layer 1
10
277.487458
20
330.543615
70
0
0
VERTEX
8
Layer 1
10
278.227189
20
330.089965
70
0
0
VERTEX
8
Layer 1
10
279.694525
20
329.709075
70
0
0
VERTEX
8
Layer 1
10
282.081289
20
329.318263
70
0
0
VERTEX
8
Layer 1
10
285.450319
20
328.804530
70
0
0
VERTEX
8
Layer 1
10
286.729139
20
328.462776
70
0
0
VERTEX
8
Layer 1
10
286.613659
20
328.323319
70
0
0
VERTEX
8
Layer 1
10
286.010354
20
328.187169
70
0
0
VERTEX
8
Layer 1
10
283.386567
20
327.871873
70
0
0
VERTEX
8
Layer 1
10
280.538436
20
327.515237
70
0
0
VERTEX
8
Layer 1
10
278.778405
20
327.135449
70
0
0
VERTEX
8
Layer 1
10
277.884884
20
326.656443
70
0
0
VERTEX
8
Layer 1
10
277.693819
20
326.355961
70
0
0
VERTEX
8
Layer 1
10
277.636286
20
326.002150
70
0
0
VERTEX
8
Layer 1
10
277.825353
20
325.300452
70
0
0
VERTEX
8
Layer 1
10
278.434446
20
324.807114
70
0
0
VERTEX
8
Layer 1
10
279.526404
20
324.479141
70
0
0
VERTEX
8
Layer 1
10
281.164066
20
324.273538
70
0
0
VERTEX
8
Layer 1
10
282.852991
20
324.088329
70
0
0
VERTEX
8
Layer 1
10
283.457123
20
323.850204
70
0
0
VERTEX
8
Layer 1
10
282.209171
20
323.440100
70
0
0
VERTEX
8
Layer 1
10
279.400176
20
322.791870
70
0
0
VERTEX
8
Layer 1
10
276.383924
20
322.020168
70
0
0
VERTEX
8
Layer 1
10
275.550486
20
321.685580
70
0
0
VERTEX
8
Layer 1
10
275.166840
20
321.380758
70
0
0
VERTEX
8
Layer 1
10
275.056597
20
320.734182
70
0
0
VERTEX
8
Layer 1
10
275.158021
20
319.436069
70
0
0
VERTEX
8
Layer 1
10
276.048785
20
314.289920
70
0
0
VERTEX
8
Layer 1
10
276.156823
20
313.533652
70
0
0
VERTEX
8
Layer 1
10
276.013507
20
313.028739
70
0
0
VERTEX
8
Layer 1
10
275.473316
20
312.563513
70
0
0
VERTEX
8
Layer 1
10
274.390728
20
311.926308
70
0
0
VERTEX
8
Layer 1
10
270.510170
20
309.986029
70
0
0
VERTEX
8
Layer 1
10
268.534614
20
309.104084
70
0
0
VERTEX
8
Layer 1
10
264.971556
20
314.254642
70
0
0
VERTEX
8
Layer 1
10
261.254158
20
319.520956
70
0
0
VERTEX
8
Layer 1
10
257.695510
20
324.079510
70
0
0
VERTEX
8
Layer 1
10
253.938424
20
328.373479
70
0
0
VERTEX
8
Layer 1
10
249.625713
20
332.846043
70
0
0
VERTEX
8
Layer 1
10
244.986949
20
337.261539
70
0
0
VERTEX
8
Layer 1
10
240.177808
20
341.417308
70
0
0
VERTEX
8
Layer 1
10
235.206506
20
345.309941
70
0
0
VERTEX
8
Layer 1
10
230.081260
20
348.936027
70
0
0
VERTEX
8
Layer 1
10
224.810287
20
352.292155
70
0
0
VERTEX
8
Layer 1
10
219.401802
20
355.374915
70
0
0
VERTEX
8
Layer 1
10
213.864023
20
358.180895
70
0
0
VERTEX
8
Layer 1
10
208.205166
20
360.706686
70
0
0
VERTEX
8
Layer 1
10
202.433447
20
362.948876
70
0
0
VERTEX
8
Layer 1
10
196.557084
20
364.904055
70
0
0
VERTEX
8
Layer 1
10
190.584292
20
366.568812
70
0
0
VERTEX
8
Layer 1
10
184.523289
20
367.939737
70
0
0
VERTEX
8
Layer 1
10
178.382290
20
369.013419
70
0
0
VERTEX
8
Layer 1
10
172.169513
20
369.786447
70
0
0
VERTEX
8
Layer 1
10
165.893174
20
370.255411
70
0
0
VERTEX
8
Layer 1
10
159.561489
20
370.416900
70
0
0
VERTEX
8
Layer 1
10
154.261000
20
370.527143
70
0
0
VERTEX
8
Layer 1
10
153.142032
20
370.699674
70
0
0
VERTEX
8
Layer 1
10
152.611763
20
370.981345
70
0
0
VERTEX
8
Layer 1
10
149.965928
20
374.579680
70
0
0
VERTEX
8
Layer 1
10
147.574754
20
377.670346
70
0
0
VERTEX
8
Layer 1
10
144.436133
20
381.233955
70
0
0
VERTEX
8
Layer 1
10
141.204907
20
384.566054
70
0
0
VERTEX
8
Layer 1
10
138.535921
20
386.962188
70
0
0
VERTEX
8
Layer 1
10
136.626510
20
388.214550
70
0
0
VERTEX
8
Layer 1
10
134.796474
20
389.149412
70
0
0
VERTEX
8
Layer 1
10
132.760283
20
389.690154
70
0
0
VERTEX
8
Layer 1
10
129.672373
20
390.220975
70
0
0
VERTEX
8
Layer 1
10
125.856859
20
390.692264
70
0
0
VERTEX
8
Layer 1
10
121.637854
20
391.054413
70
0
0
VERTEX
8
Layer 1
10
118.180630
20
391.301358
70
0
0
VERTEX
8
Layer 1
10
117.827852
20
390.313579
70
0
0
VERTEX
8
Layer 1
10
116.910629
20
388.302745
70
0
0
VERTEX
8
Layer 1
10
116.413984
20
386.646893
70
0
0
VERTEX
8
Layer 1
10
116.033094
20
384.025311
70
0
0
VERTEX
8
Layer 1
10
115.844027
20
381.099459
70
0
0
VERTEX
8
Layer 1
10
115.922851
20
378.530794
70
0
0
VERTEX
8
Layer 1
10
116.249170
20
376.603744
70
0
0
VERTEX
8
Layer 1
10
116.734240
20
375.179403
70
0
0
VERTEX
8
Layer 1
10
117.184032
20
374.072562
70
0
0
VERTEX
8
Layer 1
10
117.475074
20
372.886346
70
0
0
VERTEX
8
Layer 1
10
117.651463
20
371.651623
70
0
0
VERTEX
8
Layer 1
10
123.190078
20
371.475234
70
0
0
VERTEX
8
Layer 1
10
127.167650
20
371.259157
70
0
0
VERTEX
8
Layer 1
10
128.975637
20
371.016623
70
0
0
VERTEX
8
Layer 1
10
129.210455
20
370.390993
70
0
0
VERTEX
8
Layer 1
10
129.240220
20
369.424712
70
0
0
VERTEX
8
Layer 1
10
129.084777
20
368.451816
70
0
0
VERTEX
8
Layer 1
10
128.763970
20
367.806343
70
0
0
VERTEX
8
Layer 1
10
126.854559
20
367.096377
70
0
0
VERTEX
8
Layer 1
10
123.013689
20
366.042453
70
0
0
VERTEX
8
Layer 1
10
116.787157
20
364.333133
70
0
0
VERTEX
8
Layer 1
10
111.275001
20
362.580819
70
0
0
VERTEX
8
Layer 1
10
107.337116
20
361.086473
70
0
0
VERTEX
8
Layer 1
10
106.227244
20
360.530090
70
0
0
VERTEX
8
Layer 1
10
105.833400
20
360.151060
70
0
0
VERTEX
8
Layer 1
10
106.068493
20
359.637810
70
0
0
VERTEX
8
Layer 1
10
106.715345
20
358.909171
70
0
0
VERTEX
8
Layer 1
10
108.893749
20
357.068662
70
0
0
VERTEX
8
Layer 1
10
111.667466
20
355.155393
70
0
0
VERTEX
8
Layer 1
10
114.335350
20
353.695223
70
0
0
VERTEX
8
Layer 1
10
116.063962
20
352.954389
70
0
0
VERTEX
8
Layer 1
10
112.818404
20
351.578555
70
0
0
VERTEX
8
Layer 1
10
108.464292
20
349.673416
70
0
0
VERTEX
8
Layer 1
10
104.213997
20
347.636812
70
0
0
VERTEX
8
Layer 1
10
100.069640
20
345.470397
70
0
0
VERTEX
8
Layer 1
10
96.033337
20
343.175824
70
0
0
VERTEX
8
Layer 1
10
92.107209
20
340.754747
70
0
0
VERTEX
8
Layer 1
10
88.293374
20
338.208820
70
0
0
VERTEX
8
Layer 1
10
84.593951
20
335.539696
70
0
0
VERTEX
8
Layer 1
10
81.011058
20
332.749029
70
0
0
VERTEX
8
Layer 1
10
77.546814
20
329.838473
70
0
0
VERTEX
8
Layer 1
10
74.203338
20
326.809681
70
0
0
VERTEX
8
Layer 1
10
70.982749
20
323.664307
70
0
0
VERTEX
8
Layer 1
10
67.887165
20
320.404004
70
0
0
VERTEX
8
Layer 1
10
64.918705
20
317.030426
70
0
0
VERTEX
8
Layer 1
10
62.079488
20
313.545228
70
0
0
VERTEX
8
Layer 1
10
59.371633
20
309.950062
70
0
0
VERTEX
8
Layer 1
10
56.797258
20
306.246582
70
0
0
VERTEX
8
Layer 1
10
53.899242
20
301.689062
70
0
0
VERTEX
8
Layer 1
10
51.234390
20
297.031910
70
0
0
VERTEX
8
Layer 1
10
48.797741
20
292.264791
70
0
0
VERTEX
8
Layer 1
10
46.584335
20
287.377369
70
0
0
VERTEX
8
Layer 1
10
44.589210
20
282.359308
70
0
0
VERTEX
8
Layer 1
10
42.807405
20
277.200274
70
0
0
VERTEX
8
Layer 1
10
41.233960
20
271.889932
70
0
0
VERTEX
8
Layer 1
10
39.863914
20
266.417946
70
0
0
VERTEX
8
Layer 1
10
38.805296
20
261.154508
70
0
0
VERTEX
8
Layer 1
10
38.009556
20
255.848799
70
0
0
VERTEX
8
Layer 1
10
37.474989
20
250.511465
70
0
0
VERTEX
8
Layer 1
10
37.199889
20
245.153149
70
0
0
VERTEX
8
Layer 1
10
37.182551
20
239.784499
70
0
0
VERTEX
8
Layer 1
10
37.421271
20
234.416158
70
0
0
VERTEX
8
Layer 1
10
37.914342
20
229.058773
70
0
0
VERTEX
8
Layer 1
10
38.660059
20
223.722988
70
0
0
VERTEX
8
Layer 1
10
39.656717
20
218.419450
70
0
0
VERTEX
8
Layer 1
10
40.902611
20
213.158803
70
0
0
VERTEX
8
Layer 1
10
42.396035
20
207.951693
70
0
0
VERTEX
8
Layer 1
10
44.135284
20
202.808765
70
0
0
VERTEX
8
Layer 1
10
46.118652
20
197.740665
70
0
0
VERTEX
8
Layer 1
10
48.344435
20
192.758037
70
0
0
VERTEX
8
Layer 1
10
50.810927
20
187.871528
70
0
0
VERTEX
8
Layer 1
10
53.516423
20
183.091782
70
0
0
VERTEX
8
Layer 1
10
57.646681
20
176.587989
70
0
0
VERTEX
8
Layer 1
10
61.872851
20
170.748962
70
0
0
VERTEX
8
Layer 1
10
66.489282
20
165.207591
70
0
0
VERTEX
8
Layer 1
10
71.790323
20
159.596767
70
0
0
VERTEX
8
Layer 1
10
76.291860
20
155.299645
70
0
0
VERTEX
8
Layer 1
10
80.978812
20
151.261422
70
0
0
VERTEX
8
Layer 1
10
85.840637
20
147.486336
70
0
0
VERTEX
8
Layer 1
10
90.866793
20
143.978624
70
0
0
VERTEX
8
Layer 1
10
96.046739
20
140.742523
70
0
0
VERTEX
8
Layer 1
10
101.369931
20
137.782271
70
0
0
VERTEX
8
Layer 1
10
106.825829
20
135.102106
70
0
0
VERTEX
8
Layer 1
10
112.403890
20
132.706264
70
0
0
VERTEX
8
Layer 1
10
118.093572
20
130.598984
70
0
0
VERTEX
8
Layer 1
10
123.884334
20
128.784503
70
0
0
VERTEX
8
Layer 1
10
129.765632
20
127.267058
70
0
0
VERTEX
8
Layer 1
10
135.726926
20
126.050887
70
0
0
VERTEX
8
Layer 1
10
141.757673
20
125.140227
70
0
0
VERTEX
8
Layer 1
10
147.847331
20
124.539316
70
0
0
VERTEX
8
Layer 1
10
153.985358
20
124.252391
70
0
0
VERTEX
8
Layer 1
10
160.161212
20
124.283689
70
0
0
VERTEX
8
Layer 1
10
168.507099
20
124.820022
70
0
0
VERTEX
8
Layer 1
10
176.670671
20
125.902058
70
0
0
VERTEX
8
Layer 1
10
184.661437
20
127.533106
70
0
0
VERTEX
8
Layer 1
10
192.488906
20
129.716471
70
0
0
VERTEX
8
Layer 1
10
200.162585
20
132.455461
70
0
0
VERTEX
8
Layer 1
10
207.691984
20
135.753384
70
0
0
VERTEX
8
Layer 1
10
215.086611
20
139.613547
70
0
0
VERTEX
8
Layer 1
10
222.355973
20
144.039257
70
0
0
VERTEX
8
Layer 1
10
227.058463
20
147.311411
70
0
0
VERTEX
8
Layer 1
10
231.758058
20
150.974652
70
0
0
VERTEX
8
Layer 1
10
236.392335
20
154.966969
70
0
0
VERTEX
8
Layer 1
10
240.898867
20
159.226350
70
0
0
VERTEX
8
Layer 1
10
245.215230
20
163.690783
70
0
0
VERTEX
8
Layer 1
10
249.278998
20
168.298257
70
0
0
VERTEX
8
Layer 1
10
253.027747
20
172.986759
70
0
0
VERTEX
8
Layer 1
10
256.399050
20
177.694279
70
0
0
VERTEX
8
Layer 1
10
257.880718
20
179.881502
70
0
0
VERTEX
8
Layer 1
10
259.397663
20
179.246502
70
0
0
VERTEX
8
Layer 1
10
271.859546
20
173.871047
70
0
0
VERTEX
8
Layer 1
10
279.611843
20
170.744552
70
0
0
VERTEX
8
Layer 1
10
282.751567
20
169.615662
70
0
0
VERTEX
8
Layer 1
10
321.380758
20
169.827329
70
0
0
VERTEX
8
Layer 1
10
383.928297
20
170.285941
70
0
0
VERTEX
8
Layer 1
10
407.811368
20
170.497607
70
0
0
VERTEX
8
Layer 1
10
407.811368
20
169.580385
70
0
0
VERTEX
8
Layer 1
10
408.018625
20
168.698440
70
0
0
VERTEX
8
Layer 1
10
408.516924
20
167.922328
70
0
0
VERTEX
8
Layer 1
10
409.131529
20
167.510570
70
0
0
VERTEX
8
Layer 1
10
410.523349
20
167.300557
70
0
0
VERTEX
8
Layer 1
10
419.276653
20
167.287328
70
0
0
VERTEX
8
Layer 1
10
427.011311
20
167.459307
70
0
0
VERTEX
8
Layer 1
10
428.950487
20
167.609789
70
0
0
VERTEX
8
Layer 1
10
429.718882
20
167.816495
70
0
0
VERTEX
8
Layer 1
10
430.062840
20
168.438266
70
0
0
VERTEX
8
Layer 1
10
430.353882
20
169.403996
70
0
0
VERTEX
8
Layer 1
10
430.600827
20
170.568163
70
0
0
VERTEX
8
Layer 1
10
456.847510
20
170.779830
70
0
0
VERTEX
8
Layer 1
10
477.114606
20
171.057642
70
0
0
VERTEX
8
Layer 1
10
486.057528
20
171.414830
70
0
0
VERTEX
8
Layer 1
10
489.125043
20
172.004631
70
0
0
VERTEX
8
Layer 1
10
492.526595
20
172.905317
70
0
0
VERTEX
8
Layer 1
10
495.895074
20
174.004441
70
0
0
VERTEX
8
Layer 1
10
498.863370
20
175.189555
70
0
0
VERTEX
8
Layer 1
10
501.579760
20
176.459556
70
0
0
VERTEX
8
Layer 1
10
502.920317
20
175.542333
70
0
0
VERTEX
8
Layer 1
10
504.399091
20
174.766221
70
0
0
VERTEX
8
Layer 1
10
505.979564
20
174.261308
70
0
0
VERTEX
8
Layer 1
10
507.624529
20
174.024285
70
0
0
VERTEX
8
Layer 1
10
509.296779
20
174.051846
70
0
0
VERTEX
8
Layer 1
10
510.959108
20
174.340683
70
0
0
VERTEX
8
Layer 1
10
512.574307
20
174.887489
70
0
0
VERTEX
8
Layer 1
10
514.105171
20
175.688956
70
0
0
VERTEX
8
Layer 1
10
515.514491
20
176.741778
70
0
0
VERTEX
8
Layer 1
10
516.859458
20
178.254314
70
0
0
VERTEX
8
Layer 1
10
518.230882
20
180.269558
70
0
0
VERTEX
8
Layer 1
10
519.451825
20
182.115579
70
0
0
VERTEX
8
Layer 1
10
521.278002
20
183.898762
70
0
0
VERTEX
8
Layer 1
10
524.685066
20
186.416163
70
0
0
VERTEX
8
Layer 1
10
530.648668
20
190.464842
70
0
0
VERTEX
8
Layer 1
10
538.656728
20
195.862346
70
0
0
VERTEX
8
Layer 1
10
540.455896
20
195.262623
70
0
0
VERTEX
8
Layer 1
10
542.513997
20
194.797121
70
0
0
VERTEX
8
Layer 1
10
544.472053
20
194.779758
70
0
0
VERTEX
8
Layer 1
10
546.276320
20
195.175807
70
0
0
VERTEX
8
Layer 1
10
547.873053
20
195.950540
70
0
0
VERTEX
8
Layer 1
10
549.208511
20
197.069232
70
0
0
VERTEX
8
Layer 1
10
550.228949
20
198.497156
70
0
0
VERTEX
8
Layer 1
10
550.880624
20
200.199586
70
0
0
VERTEX
8
Layer 1
10
551.109792
20
202.141794
70
0
0
VERTEX
8
Layer 1
10
550.911354
20
204.139399
70
0
0
VERTEX
8
Layer 1
10
550.157291
20
205.951796
70
0
0
VERTEX
8
Layer 1
10
549.204790
20
207.715686
70
0
0
VERTEX
8
Layer 1
10
552.520904
20
212.407634
70
0
0
VERTEX
8
Layer 1
10
560.921430
20
224.918024
70
0
0
VERTEX
8
Layer 1
10
564.471810
20
230.500184
70
0
0
VERTEX
8
Layer 1
10
566.490912
20
233.962370
70
0
0
VERTEX
8
Layer 1
10
567.592241
20
236.618126
70
0
0
VERTEX
8
Layer 1
10
568.290080
20
239.359873
70
0
0
VERTEX
8
Layer 1
10
568.564586
20
242.048703
70
0
0
VERTEX
8
Layer 1
10
568.395914
20
244.545710
70
0
0
VERTEX
8
Layer 1
10
567.972580
20
247.015156
70
0
0
VERTEX
8
Layer 1
10
569.207303
20
248.390990
70
0
0
VERTEX
8
Layer 1
10
570.112399
20
249.604767
70
0
0
VERTEX
8
Layer 1
10
570.389109
20
250.639950
70
0
0
VERTEX
8
Layer 1
10
570.030819
20
251.635445
70
0
0
VERTEX
8
Layer 1
10
569.030914
20
252.730159
70
0
0
VERTEX
8
Layer 1
10
567.606022
20
253.776918
70
0
0
VERTEX
8
Layer 1
10
566.965302
20
253.980936
70
0
0
VERTEX
8
Layer 1
10
566.310114
20
253.960472
70
0
0
VERTEX
8
Layer 1
10
565.593740
20
253.706844
70
0
0
VERTEX
8
Layer 1
10
564.769466
20
253.211370
70
0
0
VERTEX
8
Layer 1
10
562.610354
20
251.460158
70
0
0
VERTEX
8
Layer 1
10
556.718962
20
246.027377
70
0
0
VERTEX
8
Layer 1
10
554.262745
20
243.438869
70
0
0
VERTEX
8
Layer 1
10
553.955718
20
242.768039
70
0
0
VERTEX
8
Layer 1
10
554.002571
20
242.146819
70
0
0
VERTEX
8
Layer 1
10
554.505280
20
241.084075
70
0
0
VERTEX
8
Layer 1
10
555.378405
20
239.994873
70
0
0
VERTEX
8
Layer 1
10
556.221214
20
239.272781
70
0
0
VERTEX
8
Layer 1
10
557.067330
20
238.901262
70
0
0
VERTEX
8
Layer 1
10
557.933290
20
238.873701
70
0
0
VERTEX
8
Layer 1
10
558.835630
20
239.183484
70
0
0
VERTEX
8
Layer 1
10
559.360387
20
239.384678
70
0
0
VERTEX
8
Layer 1
10
559.435352
20
239.099699
70
0
0
VERTEX
8
Layer 1
10
558.130074
20
236.819871
70
0
0
VERTEX
8
Layer 1
10
554.590167
20
232.068944
70
0
0
VERTEX
8
Layer 1
10
549.125415
20
225.297260
70
0
0
VERTEX
8
Layer 1
10
543.991393
20
219.233337
70
0
0
VERTEX
8
Layer 1
10
542.253272
20
217.319447
70
0
0
VERTEX
8
Layer 1
10
541.443674
20
216.605692
70
0
0
VERTEX
8
Layer 1
10
539.644507
20
217.734582
70
0
0
VERTEX
8
Layer 1
10
538.057006
20
218.934027
70
0
0
VERTEX
8
Layer 1
10
540.067840
20
222.990974
70
0
0
VERTEX
8
Layer 1
10
541.821257
20
226.504973
70
0
0
VERTEX
8
Layer 1
10
543.167877
20
229.618790
70
0
0
VERTEX
8
Layer 1
10
544.190382
20
232.540785
70
0
0
VERTEX
8
Layer 1
10
544.971454
20
235.479315
70
0
0
VERTEX
8
Layer 1
10
546.312562
20
242.258165
70
0
0
VERTEX
8
Layer 1
10
549.403228
20
259.388844
70
0
0
VERTEX
8
Layer 1
10
564.444800
20
344.840495
70
0
0
VERTEX
8
Layer 1
10
567.443413
20
362.303006
70
0
0
VERTEX
8
Layer 1
10
568.523796
20
368.022419
70
0
0
VERTEX
8
Layer 1
10
569.313136
20
371.122456
70
0
0
VERTEX
8
Layer 1
10
569.890259
20
371.913450
70
0
0
VERTEX
8
Layer 1
10
571.178450
20
372.873117
70
0
0
VERTEX
8
Layer 1
10
577.991475
20
376.661071
70
0
0
VERTEX
8
Layer 1
10
586.140647
20
380.894407
70
0
0
VERTEX
8
Layer 1
10
586.775647
20
379.306906
70
0
0
VERTEX
8
Layer 1
10
587.732558
20
377.215042
70
0
0
VERTEX
8
Layer 1
10
589.086343
20
374.822215
70
0
0
VERTEX
8
Layer 1
10
590.466587
20
372.713816
70
0
0
VERTEX
8
Layer 1
10
591.502873
20
371.475234
70
0
0
VERTEX
8
Layer 1
10
592.179076
20
371.012144
70
0
0
VERTEX
8
Layer 1
10
592.877604
20
370.760307
70
0
0
VERTEX
8
Layer 1
10
593.706770
20
370.758998
70
0
0
VERTEX
8
Layer 1
10
594.774889
20
371.047491
70
0
0
VERTEX
8
Layer 1
10
598.061236
20
372.650977
70
0
0
VERTEX
8
Layer 1
10
603.603158
20
375.884959
70
0
0
VERTEX
8
Layer 1
10
612.387330
20
381.000240
70
0
0
VERTEX
8
Layer 1
10
613.494171
20
379.368642
70
0
0
VERTEX
8
Layer 1
10
615.844555
20
375.461625
70
0
0
VERTEX
8
Layer 1
10
626.110394
20
357.822725
70
0
0
VERTEX
8
Layer 1
10
633.201232
20
345.757718
70
0
0
VERTEX
8
Layer 1
10
632.601510
20
344.276050
70
0
0
VERTEX
8
Layer 1
10
632.335824
20
343.444266
70
0
0
VERTEX
8
Layer 1
10
632.222273
20
342.622403
70
0
0
VERTEX
8
Layer 1
10
632.425121
20
340.254381
70
0
0
VERTEX
8
Layer 1
10
632.704036
20
338.787596
70
0
0
VERTEX
8
Layer 1
10
633.148315
20
337.410108
70
0
0
VERTEX
8
Layer 1
10
635.035678
20
333.692710
70
0
0
VERTEX
8
Layer 1
10
637.112658
20
330.345729
70
0
0
VERTEX
8
Layer 1
10
637.848531
20
329.599934
70
0
0
VERTEX
8
Layer 1
10
638.634013
20
329.141874
70
0
0
VERTEX
8
Layer 1
10
640.014257
20
328.167325
70
0
0
VERTEX
8
Layer 1
10
641.420960
20
326.531317
70
0
0
VERTEX
8
Layer 1
10
642.726238
20
324.414649
70
0
0
VERTEX
8
Layer 1
10
638.006454
20
320.779520
70
0
0
VERTEX
8
Layer 1
10
633.662048
20
317.148524
70
0
0
VERTEX
8
Layer 1
10
629.651679
20
313.479495
70
0
0
VERTEX
8
Layer 1
10
625.934005
20
309.730265
70
0
0
VERTEX
8
Layer 1
10
622.467686
20
305.858664
70
0
0
VERTEX
8
Layer 1
10
619.211380
20
301.822525
70
0
0
VERTEX
8
Layer 1
10
616.123745
20
297.579681
70
0
0
VERTEX
8
Layer 1
10
613.163442
20
293.087962
70
0
0
VERTEX
8
Layer 1
10
610.637419
20
288.848442
70
0
0
VERTEX
8
Layer 1
10
608.312675
20
284.497405
70
0
0
VERTEX
8
Layer 1
10
606.191227
20
280.044874
70
0
0
VERTEX
8
Layer 1
10
604.275090
20
275.500877
70
0
0
VERTEX
8
Layer 1
10
602.566278
20
270.875437
70
0
0
VERTEX
8
Layer 1
10
601.066808
20
266.178580
70
0
0
VERTEX
8
Layer 1
10
599.778695
20
261.420332
70
0
0
VERTEX
8
Layer 1
10
598.703954
20
256.610717
70
0
0
VERTEX
8
Layer 1
10
597.844600
20
251.759761
70
0
0
VERTEX
8
Layer 1
10
597.202649
20
246.877489
70
0
0
VERTEX
8
Layer 1
10
596.780116
20
241.973927
70
0
0
VERTEX
8
Layer 1
10
596.579017
20
237.059099
70
0
0
VERTEX
8
Layer 1
10
596.601367
20
232.143031
70
0
0
VERTEX
8
Layer 1
10
596.849182
20
227.235748
70
0
0
VERTEX
8
Layer 1
10
597.324476
20
222.347275
70
0
0
VERTEX
8
Layer 1
10
598.029266
20
217.487637
70
0
0
VERTEX
8
Layer 1
10
599.597819
20
209.728175
70
0
0
VERTEX
8
Layer 1
10
601.641382
20
202.276291
70
0
0
VERTEX
8
Layer 1
10
604.175251
20
195.098912
70
0
0
VERTEX
8
Layer 1
10
607.214723
20
188.162966
70
0
0
VERTEX
8
Layer 1
10
610.775093
20
181.435379
70
0
0
VERTEX
8
Layer 1
10
614.871659
20
174.883079
70
0
0
VERTEX
8
Layer 1
10
619.519716
20
168.472992
70
0
0
VERTEX
8
Layer 1
10
624.734560
20
162.172047
70
0
0
VERTEX
8
Layer 1
10
627.627047
20
159.030927
70
0
0
VERTEX
8
Layer 1
10
630.663298
20
156.000499
70
0
0
VERTEX
8
Layer 1
10
633.834941
20
153.085619
70
0
0
VERTEX
8
Layer 1
10
637.133604
20
150.291145
70
0
0
VERTEX
8
Layer 1
10
640.550917
20
147.621935
70
0
0
VERTEX
8
Layer 1
10
644.078508
20
145.082846
70
0
0
VERTEX
8
Layer 1
10
647.708004
20
142.678737
70
0
0
VERTEX
8
Layer 1
10
651.431035
20
140.414463
70
0
0
VERTEX
8
Layer 1
10
655.239229
20
138.294884
70
0
0
VERTEX
8
Layer 1
10
659.124214
20
136.324857
70
0
0
VERTEX
8
Layer 1
10
663.077619
20
134.509239
70
0
0
VERTEX
8
Layer 1
10
667.091071
20
132.852888
70
0
0
VERTEX
8
Layer 1
10
671.156200
20
131.360661
70
0
0
VERTEX
8
Layer 1
10
675.264634
20
130.037416
70
0
0
VERTEX
8
Layer 1
10
679.408002
20
128.888011
70
0
0
VERTEX
8
Layer 1
10
683.577931
20
127.917303
70
0
0
VERTEX
8
Layer 1
10
689.211354
20
126.857315
70
0
0
VERTEX
8
Layer 1
10
694.302382
20
126.210739
70
0
0
VERTEX
8
Layer 1
10
699.790285
20
125.888278
70
0
0
VERTEX
8
Layer 1
10
706.614334
20
125.800635
70
0
0
VERTEX
8
Layer 1
10
715.438194
20
125.950565
70
0
0
VERTEX
8
Layer 1
10
718.396568
20
126.187588
70
0
0
VERTEX
8
Layer 1
10
721.325177
20
126.576746
70
0
0
VERTEX
8
Layer 1
10
728.375224
20
127.844956
70
0
0
VERTEX
8
Layer 1
10
735.173918
20
129.486062
70
0
0
VERTEX
8
Layer 1
10
741.744408
20
131.509162
70
0
0
VERTEX
8
Layer 1
10
748.109846
20
133.923348
70
0
0
VERTEX
8
Layer 1
10
754.293383
20
136.737717
70
0
0
VERTEX
8
Layer 1
10
760.318170
20
139.961364
70
0
0
VERTEX
8
Layer 1
10
766.207358
20
143.603384
70
0
0
VERTEX
8
Layer 1
10
771.984097
20
147.672871
70
0
0
VERTEX
8
Layer 1
10
775.833090
20
150.692576
70
0
0
VERTEX
8
Layer 1
10
779.532375
20
153.873564
70
0
0
VERTEX
8
Layer 1
10
783.077768
20
157.209271
70
0
0
VERTEX
8
Layer 1
10
786.465083
20
160.693135
70
0
0
VERTEX
8
Layer 1
10
789.690134
20
164.318592
70
0
0
VERTEX
8
Layer 1
10
792.748735
20
168.079080
70
0
0
VERTEX
8
Layer 1
10
795.636700
20
171.968035
70
0
0
VERTEX
8
Layer 1
10
798.349843
20
175.978896
70
0
0
VERTEX
8
Layer 1
10
800.883979
20
180.105098
70
0
0
VERTEX
8
Layer 1
10
803.234923
20
184.340079
70
0
0
VERTEX
8
Layer 1
10
805.398487
20
188.677276
70
0
0
VERTEX
8
Layer 1
10
807.370487
20
193.110126
70
0
0
VERTEX
8
Layer 1
10
809.146736
20
197.632066
70
0
0
VERTEX
8
Layer 1
10
810.723049
20
202.236534
70
0
0
VERTEX
8
Layer 1
10
812.095240
20
206.916966
70
0
0
VERTEX
8
Layer 1
10
813.259123
20
211.666800
70
0
0
VERTEX
8
Layer 1
10
814.301472
20
216.745701
70
0
0
VERTEX
8
Layer 1
10
814.956868
20
221.235903
70
0
0
VERTEX
8
Layer 1
10
815.327836
20
226.083293
70
0
0
VERTEX
8
Layer 1
10
815.516903
20
232.233757
70
0
0
VERTEX
8
Layer 1
10
815.489893
20
241.208099
70
0
0
VERTEX
8
Layer 1
10
815.281878
20
245.210958
70
0
0
VERTEX
8
Layer 1
10
814.930409
20
249.021580
70
0
0
VERTEX
8
Layer 1
10
814.425151
20
252.737945
70
0
0
VERTEX
8
Layer 1
10
813.755769
20
256.458030
70
0
0
VERTEX
8
Layer 1
10
811.883289
20
264.301278
70
0
0
VERTEX
8
Layer 1
10
809.646870
20
271.487958
70
0
0
VERTEX
8
Layer 1
10
806.877149
20
278.561777
70
0
0
VERTEX
8
Layer 1
10
803.609680
20
285.462790
70
0
0
VERTEX
8
Layer 1
10
799.880018
20
292.131052
70
0
0
VERTEX
8
Layer 1
10
795.723714
20
298.506619
70
0
0
VERTEX
8
Layer 1
10
791.176323
20
304.529545
70
0
0
VERTEX
8
Layer 1
10
786.273398
20
310.139887
70
0
0
VERTEX
8
Layer 1
10
781.050492
20
315.277699
70
0
0
VERTEX
8
Layer 1
10
776.308039
20
319.380396
70
0
0
VERTEX
8
Layer 1
10
771.394848
20
323.195360
70
0
0
VERTEX
8
Layer 1
10
766.312158
20
326.722589
70
0
0
VERTEX
8
Layer 1
10
761.061209
20
329.962083
70
0
0
VERTEX
8
Layer 1
10
755.643241
20
332.913843
70
0
0
VERTEX
8
Layer 1
10
750.059496
20
335.577868
70
0
0
VERTEX
8
Layer 1
10
744.311213
20
337.954158
70
0
0
VERTEX
8
Layer 1
10
738.399632
20
340.042714
70
0
0
VERTEX
8
Layer 1
10
734.832715
20
341.064668
70
0
0
VERTEX
8
Layer 1
10
730.475356
20
342.106466
70
0
0
VERTEX
8
Layer 1
10
725.793882
20
343.068888
70
0
0
VERTEX
8
Layer 1
10
721.254621
20
343.852717
70
0
0
VERTEX
8
Layer 1
10
718.335176
20
344.172215
70
0
0
VERTEX
8
Layer 1
10
714.620741
20
344.391254
70
0
0
VERTEX
8
Layer 1
10
705.860271
20
344.536224
70
0
0
VERTEX
8
Layer 1
10
697.079957
20
344.304162
70
0
0
VERTEX
8
Layer 1
10
693.340717
20
344.051912
70
0
0
VERTEX
8
Layer 1
10
690.386546
20
343.711605
70
0
0
VERTEX
8
Layer 1
10
683.176646
20
342.364434
70
0
0
VERTEX
8
Layer 1
10
676.284245
20
340.660076
70
0
0
VERTEX
8
Layer 1
10
669.749033
20
338.611758
70
0
0
VERTEX
8
Layer 1
10
663.610696
20
336.232712
70
0
0
VERTEX
8
Layer 1
10
660.920764
20
335.192017
70
0
0
VERTEX
8
Layer 1
10
660.276944
20
335.081774
70
0
0
VERTEX
8
Layer 1
10
659.977082
20
335.209656
70
0
0
VERTEX
8
Layer 1
10
659.430828
20
336.461466
70
0
0
VERTEX
8
Layer 1
10
658.887880
20
338.212678
70
0
0
VERTEX
8
Layer 1
10
658.483839
20
339.996963
70
0
0
VERTEX
8
Layer 1
10
658.354304
20
341.347993
70
0
0
VERTEX
8
Layer 1
10
658.298080
20
342.197967
70
0
0
VERTEX
8
Layer 1
10
658.010345
20
343.094244
70
0
0
VERTEX
8
Layer 1
10
656.343469
20
345.898829
70
0
0
VERTEX
8
Layer 1
10
653.203745
20
350.237998
70
0
0
VERTEX
8
Layer 1
10
652.106274
20
351.254991
70
0
0
VERTEX
8
Layer 1
10
650.800445
20
352.050395
70
0
0
VERTEX
8
Layer 1
10
649.408625
20
352.574601
70
0
0
VERTEX
8
Layer 1
10
648.053186
20
352.778000
70
0
0
VERTEX
8
Layer 1
10
647.182265
20
352.835878
70
0
0
VERTEX
8
Layer 1
10
646.750939
20
353.159372
70
0
0
VERTEX
8
Layer 1
10
646.165824
20
353.902480
70
0
0
VERTEX
8
Layer 1
10
644.064590
20
357.317261
70
0
0
VERTEX
8
Layer 1
10
639.939292
20
364.419674
70
0
0
VERTEX
8
Layer 1
10
630.167341
20
381.106073
70
0
0
VERTEX
8
Layer 1
10
627.697344
20
385.272161
70
0
0
VERTEX
8
Layer 1
10
626.467582
20
387.553091
70
0
0
VERTEX
8
Layer 1
10
626.144019
20
388.656625
70
0
0
VERTEX
8
Layer 1
10
626.392617
20
389.290523
70
0
0
VERTEX
8
Layer 1
10
626.734922
20
390.068839
70
0
0
VERTEX
8
Layer 1
10
626.617513
20
391.045594
70
0
0
VERTEX
8
Layer 1
10
625.911406
20
392.644119
70
0
0
VERTEX
8
Layer 1
10
624.487616
20
395.287749
70
0
0
VERTEX
8
Layer 1
10
622.924368
20
398.034456
70
0
0
VERTEX
8
Layer 1
10
621.824142
20
399.587231
70
0
0
VERTEX
8
Layer 1
10
620.935582
20
400.233807
70
0
0
VERTEX
8
Layer 1
10
620.007335
20
400.261919
70
0
0
VERTEX
8
Layer 1
10
619.400998
20
400.177032
70
0
0
VERTEX
8
Layer 1
10
618.993098
20
400.270738
70
0
0
VERTEX
8
Layer 1
10
618.677803
20
400.589341
70
0
0
VERTEX
8
Layer 1
10
618.349278
20
401.179142
70
0
0
VERTEX
8
Layer 1
10
616.867611
20
403.789699
70
0
0
VERTEX
8
Layer 1
10
615.950388
20
405.271366
70
0
0
VERTEX
8
Layer 1
10
618.067056
20
404.601088
70
0
0
VERTEX
8
Layer 1
10
622.018170
20
403.719143
70
0
0
VERTEX
8
Layer 1
10
623.658587
20
403.322268
70
0
0
VERTEX
8
Layer 1
10
624.875671
20
402.660809
70
0
0
VERTEX
8
Layer 1
10
625.729229
20
402.083066
70
0
0
VERTEX
8
Layer 1
10
626.551367
20
401.809181
70
0
0
VERTEX
8
Layer 1
10
627.353661
20
401.845355
70
0
0
VERTEX
8
Layer 1
10
628.147687
20
402.197788
70
0
0
VERTEX
8
Layer 1
10
628.945021
20
402.872683
70
0
0
VERTEX
8
Layer 1
10
629.757237
20
403.876240
70
0
0
VERTEX
8
Layer 1
10
631.472620
20
406.894145
70
0
0
VERTEX
8
Layer 1
10
632.574569
20
409.432975
70
0
0
VERTEX
8
Layer 1
10
633.501645
20
412.063997
70
0
0
VERTEX
8
Layer 1
10
634.257568
20
414.809946
70
0
0
VERTEX
8
Layer 1
10
634.846060
20
417.693562
70
0
0
VERTEX
8
Layer 1
10
635.270840
20
420.737581
70
0
0
VERTEX
8
Layer 1
10
635.535630
20
423.964742
70
0
0
VERTEX
8
Layer 1
10
635.644151
20
427.397782
70
0
0
VERTEX
8
Layer 1
10
635.600123
20
431.059438
70
0
0
VERTEX
8
Layer 1
10
635.250652
20
436.596950
70
0
0
VERTEX
8
Layer 1
10
634.550608
20
441.281181
70
0
0
VERTEX
8
Layer 1
10
633.387543
20
445.634682
70
0
0
VERTEX
8
Layer 1
10
631.649009
20
450.180006
70
0
0
VERTEX
8
Layer 1
10
630.030640
20
453.729834
70
0
0
VERTEX
8
Layer 1
10
628.967896
20
455.612787
70
0
0
VERTEX
8
Layer 1
10
628.002718
20
456.162900
70
0
0
VERTEX
8
Layer 1
10
626.723346
20
456.335982
70
0
0
VERTEX
8
Layer 1
10
625.410902
20
456.138647
70
0
0
VERTEX
8
Layer 1
10
624.346504
20
455.577509
70
0
0
VERTEX
8
Layer 1
10
622.970670
20
454.849905
70
0
0
VERTEX
8
Layer 1
10
620.536502
20
454.201675
70
0
0
VERTEX
8
Layer 1
10
617.117518
20
453.362174
70
0
0
VERTEX
8
Layer 1
10
613.722926
20
452.188636
70
0
0
VERTEX
8
Layer 1
10
610.406881
20
450.714134
70
0
0
VERTEX
8
Layer 1
10
607.223542
20
448.971741
70
0
0
VERTEX
8
Layer 1
10
604.227065
20
446.994531
70
0
0
VERTEX
8
Layer 1
10
601.471607
20
444.815575
70
0
0
VERTEX
8
Layer 1
10
599.011325
20
442.467948
70
0
0
VERTEX
8
Layer 1
10
596.900376
20
439.984722
70
0
0
VERTEX
8
Layer 1
10
596.018431
20
438.820554
70
0
0
VERTEX
8
Layer 1
10
594.289819
20
441.854445
70
0
0
VERTEX
8
Layer 1
10
592.596484
20
444.853058
70
0
0
VERTEX
8
Layer 1
10
593.654818
20
449.015838
70
0
0
VERTEX
8
Layer 1
10
595.577458
20
457.610392
70
0
0
VERTEX
8
Layer 1
10
597.076765
20
466.866405
70
0
0
VERTEX
8
Layer 1
10
597.483562
20
472.211543
70
0
0
VERTEX
8
Layer 1
10
597.553015
20
478.803531
70
0
0
VERTEX
8
Layer 1
10
597.304968
20
485.256612
70
0
0
VERTEX
8
Layer 1
10
596.759265
20
490.185031
70
0
0
VERTEX
8
Layer 1
10
595.342021
20
496.680143
70
0
0
VERTEX
8
Layer 1
10
593.550639
20
502.610534
70
0
0
VERTEX
8
Layer 1
10
591.345018
20
508.043177
70
0
0
VERTEX
8
Layer 1
10
590.074337
20
510.593772
70
0
0
VERTEX
8
Layer 1
10
588.685058
20
513.045045
70
0
0
VERTEX
8
Layer 1
10
587.172170
20
515.405368
70
0
0
VERTEX
8
Layer 1
10
585.530658
20
517.683111
70
0
0
VERTEX
8
Layer 1
10
581.841716
20
522.024348
70
0
0
VERTEX
8
Layer 1
10
577.578132
20
526.135727
70
0
0
VERTEX
8
Layer 1
10
572.699805
20
530.084223
70
0
0
VERTEX
8
Layer 1
10
569.213918
20
532.746594
70
0
0
VERTEX
8
Layer 1
10
566.931885
20
534.714434
70
0
0
VERTEX
8
Layer 1
10
565.417144
20
536.404461
70
0
0
VERTEX
8
Layer 1
10
564.233133
20
538.233395
70
0
0
VERTEX
8
Layer 1
10
562.504521
20
540.843952
70
0
0
VERTEX
8
Layer 1
10
561.305076
20
542.854786
70
0
0
VERTEX
8
Layer 1
10
561.076321
20
543.472148
70
0
0
VERTEX
8
Layer 1
10
561.036083
20
543.930759
70
0
0
VERTEX
8
Layer 1
10
561.200896
20
544.362912
70
0
0
VERTEX
8
Layer 1
10
561.587298
20
544.900899
70
0
0
VERTEX
8
Layer 1
10
562.116465
20
545.826941
70
0
0
VERTEX
8
Layer 1
10
562.328132
20
546.700067
70
0
0
VERTEX
8
Layer 1
10
562.028822
20
547.633826
70
0
0
VERTEX
8
Layer 1
10
561.283027
20
548.587429
70
0
0
VERTEX
8
Layer 1
10
560.318951
20
549.329365
70
0
0
VERTEX
8
Layer 1
10
559.364797
20
549.628124
70
0
0
VERTEX
8
Layer 1
10
558.632782
20
549.808923
70
0
0
VERTEX
8
Layer 1
10
558.271185
20
550.439513
70
0
0
VERTEX
8
Layer 1
10
556.965906
20
556.507295
70
0
0
VERTEX
8
Layer 1
10
555.801739
20
561.798965
70
0
0
VERTEX
8
Layer 1
10
552.979515
20
561.834243
70
0
0
VERTEX
8
Layer 1
10
550.179340
20
561.790146
70
0
0
VERTEX
8
Layer 1
10
547.405623
20
561.587298
70
0
0
VERTEX
8
Layer 1
10
547.405623
20
561.587298
70
0
0
SEQEND
8
Layer 1
0
POLYLINE
8
Layer 1
62
7
70
0
10
0.000000
20
0.000000
66
1
0
VERTEX
8
Layer 1
10
559.611741
20
539.397562
70
0
0
VERTEX
8
Layer 1
10
561.125380
20
536.731883
70
0
0
VERTEX
8
Layer 1
10
563.174799
20
534.238184
70
0
0
VERTEX
8
Layer 1
10
565.991511
20
531.678338
70
0
0
VERTEX
8
Layer 1
10
569.807026
20
528.814222
70
0
0
VERTEX
8
Layer 1
10
574.534182
20
525.189428
70
0
0
VERTEX
8
Layer 1
10
578.705299
20
521.379426
70
0
0
VERTEX
8
Layer 1
10
582.346423
20
517.344527
70
0
0
VERTEX
8
Layer 1
10
585.483598
20
513.045045
70
0
0
VERTEX
8
Layer 1
10
588.142869
20
508.441292
70
0
0
VERTEX
8
Layer 1
10
590.350281
20
503.493581
70
0
0
VERTEX
8
Layer 1
10
592.131879
20
498.162224
70
0
0
VERTEX
8
Layer 1
10
593.513707
20
492.407532
70
0
0
VERTEX
8
Layer 1
10
594.481091
20
486.736075
70
0
0
VERTEX
8
Layer 1
10
595.008604
20
481.325893
70
0
0
VERTEX
8
Layer 1
10
595.106169
20
475.962014
70
0
0
VERTEX
8
Layer 1
10
594.783708
20
470.429463
70
0
0
VERTEX
8
Layer 1
10
593.553395
20
461.367478
70
0
0
VERTEX
8
Layer 1
10
592.784449
20
457.059728
70
0
0
VERTEX
8
Layer 1
10
592.137873
20
454.342786
70
0
0
VERTEX
8
Layer 1
10
591.802734
20
453.474070
70
0
0
VERTEX
8
Layer 1
10
591.750920
20
453.504387
70
0
0
VERTEX
8
Layer 1
10
591.785095
20
453.848897
70
0
0
VERTEX
8
Layer 1
10
592.328042
20
458.244773
70
0
0
VERTEX
8
Layer 1
10
592.609714
20
462.703074
70
0
0
VERTEX
8
Layer 1
10
592.633416
20
467.187006
70
0
0
VERTEX
8
Layer 1
10
592.402456
20
471.659776
70
0
0
VERTEX
8
Layer 1
10
591.920143
20
476.084591
70
0
0
VERTEX
8
Layer 1
10
591.189782
20
480.424656
70
0
0
VERTEX
8
Layer 1
10
590.214682
20
484.643178
70
0
0
VERTEX
8
Layer 1
10
588.998149
20
488.703363
70
0
0
VERTEX
8
Layer 1
10
587.146891
20
493.498044
70
0
0
VERTEX
8
Layer 1
10
584.936792
20
497.844172
70
0
0
VERTEX
8
Layer 1
10
582.382734
20
501.726453
70
0
0
VERTEX
8
Layer 1
10
579.499601
20
505.129589
70
0
0
VERTEX
8
Layer 1
10
576.302275
20
508.038285
70
0
0
VERTEX
8
Layer 1
10
572.805639
20
510.437244
70
0
0
VERTEX
8
Layer 1
10
570.949730
20
511.440793
70
0
0
VERTEX
8
Layer 1
10
569.024575
20
512.311171
70
0
0
VERTEX
8
Layer 1
10
567.032034
20
513.046467
70
0
0
VERTEX
8
Layer 1
10
564.973967
20
513.644768
70
0
0
VERTEX
8
Layer 1
10
562.941084
20
514.231261
70
0
0
VERTEX
8
Layer 1
10
561.940076
20
514.632546
70
0
0
VERTEX
8
Layer 1
10
561.137506
20
517.503277
70
0
0
VERTEX
8
Layer 1
10
559.541186
20
524.051719
70
0
0
VERTEX
8
Layer 1
10
557.446566
20
532.262627
70
0
0
VERTEX
8
Layer 1
10
556.609270
20
534.618523
70
0
0
VERTEX
8
Layer 1
10
555.590072
20
536.822283
70
0
0
VERTEX
8
Layer 1
10
553.826182
20
540.702841
70
0
0
VERTEX
8
Layer 1
10
554.304086
20
541.043492
70
0
0
VERTEX
8
Layer 1
10
555.426912
20
541.523049
70
0
0
VERTEX
8
Layer 1
10
557.742018
20
542.184508
70
0
0
VERTEX
8
Layer 1
10
558.063928
20
542.021900
70
0
0
VERTEX
8
Layer 1
10
558.491671
20
541.492181
70
0
0
VERTEX
8
Layer 1
10
559.611741
20
539.397562
70
0
0
VERTEX
8
Layer 1
10
559.611741
20
539.397562
70
0
0
SEQEND
8
Layer 1
0
POLYLINE
8
Layer 1
62
7
70
0
10
0.000000
20
0.000000
66
1
0
VERTEX
8
Layer 1
10
534.776170
20
513.468379
70
0
0
VERTEX
8
Layer 1
10
536.143185
20
512.886295
70
0
0
VERTEX
8
Layer 1
10
537.351450
20
512.198378
70
0
0
VERTEX
8
Layer 1
10
538.409784
20
511.422267
70
0
0
VERTEX
8
Layer 1
10
535.658115
20
510.081710
70
0
0
VERTEX
8
Layer 1
10
533.254815
20
509.023376
70
0
0
VERTEX
8
Layer 1
10
532.676590
20
509.000225
70
0
0
VERTEX
8
Layer 1
10
532.200891
20
509.235043
70
0
0
VERTEX
8
Layer 1
10
531.058772
20
509.631918
70
0
0
VERTEX
8
Layer 1
10
529.202278
20
509.764210
70
0
0
VERTEX
8
Layer 1
10
527.138527
20
509.922960
70
0
0
VERTEX
8
Layer 1
10
526.523370
20
510.210695
70
0
0
VERTEX
8
Layer 1
10
525.921442
20
510.716711
70
0
0
VERTEX
8
Layer 1
10
524.933664
20
511.916156
70
0
0
VERTEX
8
Layer 1
10
525.398890
20
512.262319
70
0
0
VERTEX
8
Layer 1
10
526.512346
20
512.806920
70
0
0
VERTEX
8
Layer 1
10
528.990611
20
513.750601
70
0
0
VERTEX
8
Layer 1
10
530.321246
20
513.924786
70
0
0
VERTEX
8
Layer 1
10
531.909849
20
513.926990
70
0
0
VERTEX
8
Layer 1
10
533.485223
20
513.770445
70
0
0
VERTEX
8
Layer 1
10
534.776170
20
513.468379
70
0
0
VERTEX
8
Layer 1
10
534.776170
20
513.468379
70
0
0
SEQEND
8
Layer 1
0
POLYLINE
8
Layer 1
62
7
70
0
10
0.000000
20
0.000000
66
1
0
VERTEX
8
Layer 1
10
553.826182
20
510.575599
70
0
0
VERTEX
8
Layer 1
10
561.058131
20
479.601691
70
0
0
VERTEX
8
Layer 1
10
562.680910
20
472.651964
70
0
0
VERTEX
8
Layer 1
10
562.522160
20
472.444707
70
0
0
VERTEX
8
Layer 1
10
562.151743
20
472.369742
70
0
0
VERTEX
8
Layer 1
10
561.781326
20
472.250679
70
0
0
VERTEX
8
Layer 1
10
561.622576
20
471.946408
70
0
0
VERTEX
8
Layer 1
10
561.586265
20
471.645031
70
0
0
VERTEX
8
Layer 1
10
561.477606
20
471.638830
70
0
0
VERTEX
8
Layer 1
10
561.044902
20
472.502034
70
0
0
VERTEX
8
Layer 1
10
559.329519
20
477.661412
70
0
0
VERTEX
8
Layer 1
10
553.111807
20
497.518404
70
0
0
VERTEX
8
Layer 1
10
548.852012
20
510.575599
70
0
0
VERTEX
8
Layer 1
10
548.653575
20
511.097601
70
0
0
VERTEX
8
Layer 1
10
548.799096
20
511.444315
70
0
0
VERTEX
8
Layer 1
10
549.367950
20
511.691811
70
0
0
VERTEX
8
Layer 1
10
550.439513
20
511.916156
70
0
0
VERTEX
8
Layer 1
10
552.159306
20
512.153179
70
0
0
VERTEX
8
Layer 1
10
553.085348
20
512.092545
70
0
0
VERTEX
8
Layer 1
10
553.535140
20
511.608577
70
0
0
VERTEX
8
Layer 1
10
553.826182
20
510.575599
70
0
0
VERTEX
8
Layer 1
10
553.826182
20
510.575599
70
0
0
SEQEND
8
Layer 1
0
POLYLINE
8
Layer 1
62
7
70
0
10
0.000000
20
0.000000
66
1
0
VERTEX
8
Layer 1
10
565.538412
20
510.963655
70
0
0
VERTEX
8
Layer 1
10
568.408316
20
509.901325
70
0
0
VERTEX
8
Layer 1
10
571.180655
20
508.451214
70
0
0
VERTEX
8
Layer 1
10
573.830624
20
506.638955
70
0
0
VERTEX
8
Layer 1
10
576.333419
20
504.490179
70
0
0
VERTEX
8
Layer 1
10
578.664234
20
502.030517
70
0
0
VERTEX
8
Layer 1
10
580.798265
20
499.285601
70
0
0
VERTEX
8
Layer 1
10
582.710708
20
496.281062
70
0
0
VERTEX
8
Layer 1
10
584.376757
20
493.042533
70
0
0
VERTEX
8
Layer 1
10
585.615339
20
490.041715
70
0
0
VERTEX
8
Layer 1
10
586.771238
20
486.710168
70
0
0
VERTEX
8
Layer 1
10
587.814689
20
483.140495
70
0
0
VERTEX
8
Layer 1
10
588.715926
20
479.425302
70
0
0
VERTEX
8
Layer 1
10
589.236825
20
476.759623
70
0
0
VERTEX
8
Layer 1
10
589.522906
20
474.292382
70
0
0
VERTEX
8
Layer 1
10
589.668427
20
465.666960
70
0
0
VERTEX
8
Layer 1
10
589.580232
20
458.761331
70
0
0
VERTEX
8
Layer 1
10
589.386205
20
455.295287
70
0
0
VERTEX
8
Layer 1
10
589.196035
20
454.742969
70
0
0
VERTEX
8
Layer 1
10
589.089168
20
454.654085
70
0
0
VERTEX
8
Layer 1
10
588.949642
20
454.713203
70
0
0
VERTEX
8
Layer 1
10
587.692870
20
456.776954
70
0
0
VERTEX
8
Layer 1
10
586.612488
20
458.615810
70
0
0
VERTEX
8
Layer 1
10
585.928980
20
459.528623
70
0
0
VERTEX
8
Layer 1
10
585.245473
20
459.555081
70
0
0
VERTEX
8
Layer 1
10
584.165090
20
459.316956
70
0
0
VERTEX
8
Layer 1
10
582.987694
20
459.030324
70
0
0
VERTEX
8
Layer 1
10
582.632160
20
459.073870
70
0
0
VERTEX
8
Layer 1
10
582.365922
20
459.246400
70
0
0
VERTEX
8
Layer 1
10
581.853843
20
459.585398
70
0
0
VERTEX
8
Layer 1
10
581.179706
20
459.550671
70
0
0
VERTEX
8
Layer 1
10
580.128538
20
459.072767
70
0
0
VERTEX
8
Layer 1
10
578.485364
20
458.082233
70
0
0
VERTEX
8
Layer 1
10
576.646509
20
457.032718
70
0
0
VERTEX
8
Layer 1
10
575.733696
20
456.671121
70
0
0
VERTEX
8
Layer 1
10
574.851751
20
458.752511
70
0
0
VERTEX
8
Layer 1
10
574.494563
20
459.890771
70
0
0
VERTEX
8
Layer 1
10
574.375501
20
460.767756
70
0
0
VERTEX
8
Layer 1
10
574.494563
20
461.783646
70
0
0
VERTEX
8
Layer 1
10
574.851751
20
463.338625
70
0
0
VERTEX
8
Layer 1
10
575.246421
20
465.409542
70
0
0
VERTEX
8
Layer 1
10
575.151612
20
467.100121
70
0
0
VERTEX
8
Layer 1
10
574.474720
20
468.850230
70
0
0
VERTEX
8
Layer 1
10
573.123139
20
471.099741
70
0
0
VERTEX
8
Layer 1
10
572.165677
20
472.675667
70
0
0
VERTEX
8
Layer 1
10
571.390117
20
474.658389
70
0
0
VERTEX
8
Layer 1
10
570.449192
20
478.169082
70
0
0
VERTEX
8
Layer 1
10
568.995636
20
484.328916
70
0
0
VERTEX
8
Layer 1
10
564.585911
20
503.026150
70
0
0
VERTEX
8
Layer 1
10
562.680910
20
511.210600
70
0
0
VERTEX
8
Layer 1
10
562.819816
20
511.454788
70
0
0
VERTEX
8
Layer 1
10
563.289452
20
511.497232
70
0
0
VERTEX
8
Layer 1
10
565.538412
20
510.963655
70
0
0
VERTEX
8
Layer 1
10
565.538412
20
510.963655
70
0
0
SEQEND
8
Layer 1
0
POLYLINE
8
Layer 1
62
7
70
0
10
0.000000
20
0.000000
66
1
0
VERTEX
8
Layer 1
10
579.755365
20
436.386386
70
0
0
VERTEX
8
Layer 1
10
581.651547
20
433.012946
70
0
0
VERTEX
8
Layer 1
10
582.436478
20
431.306383
70
0
0
VERTEX
8
Layer 1
10
581.342866
20
427.919714
70
0
0
VERTEX
8
Layer 1
10
580.355088
20
425.657525
70
0
0
VERTEX
8
Layer 1
10
580.062944
20
425.454127
70
0
0
VERTEX
8
Layer 1
10
579.790643
20
425.697213
70
0
0
VERTEX
8
Layer 1
10
576.439252
20
431.447494
70
0
0
VERTEX
8
Layer 1
10
574.159424
20
435.292774
70
0
0
VERTEX
8
Layer 1
10
572.805639
20
437.338887
70
0
0
VERTEX
8
Layer 1
10
572.135360
20
438.114998
70
0
0
VERTEX
8
Layer 1
10
574.357862
20
439.526110
70
0
0
VERTEX
8
Layer 1
10
576.827308
20
440.972500
70
0
0
VERTEX
8
Layer 1
10
577.788628
20
439.631944
70
0
0
VERTEX
8
Layer 1
10
579.755365
20
436.386386
70
0
0
VERTEX
8
Layer 1
10
579.755365
20
436.386386
70
0
0
SEQEND
8
Layer 1
0
POLYLINE
8
Layer 1
62
7
70
0
10
0.000000
20
0.000000
66
1
0
VERTEX
8
Layer 1
10
587.692870
20
422.874989
70
0
0
VERTEX
8
Layer 1
10
594.042874
20
412.044704
70
0
0
VERTEX
8
Layer 1
10
603.916248
20
395.115770
70
0
0
VERTEX
8
Layer 1
10
605.249639
20
392.463871
70
0
0
VERTEX
8
Layer 1
10
605.381586
20
391.924025
70
0
0
VERTEX
8
Layer 1
10
605.296492
20
391.654136
70
0
0
VERTEX
8
Layer 1
10
604.396908
20
391.019135
70
0
0
VERTEX
8
Layer 1
10
602.862324
20
390.172468
70
0
0
VERTEX
8
Layer 1
10
600.851490
20
389.149412
70
0
0
VERTEX
8
Layer 1
10
599.334544
20
391.689413
70
0
0
VERTEX
8
Layer 1
10
589.099572
20
409.420918
70
0
0
VERTEX
8
Layer 1
10
582.436478
20
421.463877
70
0
0
VERTEX
8
Layer 1
10
582.821778
20
422.575127
70
0
0
VERTEX
8
Layer 1
10
583.693250
20
424.400753
70
0
0
VERTEX
8
Layer 1
10
584.624253
20
426.107317
70
0
0
VERTEX
8
Layer 1
10
585.188146
20
426.861380
70
0
0
VERTEX
8
Layer 1
10
586.030404
20
425.688393
70
0
0
VERTEX
8
Layer 1
10
587.692870
20
422.874989
70
0
0
VERTEX
8
Layer 1
10
587.692870
20
422.874989
70
0
0
SEQEND
8
Layer 1
0
POLYLINE
8
Layer 1
62
7
70
0
10
0.000000
20
0.000000
66
1
0
VERTEX
8
Layer 1
10
551.709514
20
394.370526
70
0
0
VERTEX
8
Layer 1
10
552.838404
20
392.606636
70
0
0
VERTEX
8
Layer 1
10
546.911733
20
392.853581
70
0
0
VERTEX
8
Layer 1
10
540.879230
20
393.171081
70
0
0
VERTEX
8
Layer 1
10
545.147843
20
394.692436
70
0
0
VERTEX
8
Layer 1
10
550.051458
20
396.134416
70
0
0
VERTEX
8
Layer 1
10
550.355177
20
396.022519
70
0
0
VERTEX
8
Layer 1
10
550.761423
20
395.662576
70
0
0
VERTEX
8
Layer 1
10
551.709514
20
394.370526
70
0
0
VERTEX
8
Layer 1
10
551.709514
20
394.370526
70
0
0
SEQEND
8
Layer 1
0
POLYLINE
8
Layer 1
62
7
70
0
10
0.000000
20
0.000000
66
1
0
VERTEX
8
Layer 1
10
546.453122
20
390.525246
70
0
0
VERTEX
8
Layer 1
10
550.981910
20
390.150971
70
0
0
VERTEX
8
Layer 1
10
553.288196
20
389.832919
70
0
0
VERTEX
8
Layer 1
10
553.876618
20
389.625731
70
0
0
VERTEX
8
Layer 1
10
554.231877
20
389.349503
70
0
0
VERTEX
8
Layer 1
10
554.672849
20
388.479134
70
0
0
VERTEX
8
Layer 1
10
555.263753
20
386.928013
70
0
0
VERTEX
8
Layer 1
10
555.669447
20
385.409965
70
0
0
VERTEX
8
Layer 1
10
555.903163
20
383.865459
70
0
0
VERTEX
8
Layer 1
10
555.978128
20
382.234963
70
0
0
VERTEX
8
Layer 1
10
555.838119
20
380.178378
70
0
0
VERTEX
8
Layer 1
10
555.466600
20
378.032495
70
0
0
VERTEX
8
Layer 1
10
554.936330
20
376.118123
70
0
0
VERTEX
8
Layer 1
10
554.320071
20
374.756069
70
0
0
VERTEX
8
Layer 1
10
553.720349
20
373.838847
70
0
0
VERTEX
8
Layer 1
10
548.393401
20
374.085791
70
0
0
VERTEX
8
Layer 1
10
496.288090
20
376.872737
70
0
0
VERTEX
8
Layer 1
10
496.205511
20
376.939839
70
0
0
VERTEX
8
Layer 1
10
496.313722
20
377.093706
70
0
0
VERTEX
8
Layer 1
10
497.015695
20
377.615225
70
0
0
VERTEX
8
Layer 1
10
499.754134
20
379.187843
70
0
0
VERTEX
8
Layer 1
10
503.114345
20
380.846451
70
0
0
VERTEX
8
Layer 1
10
505.707263
20
381.846907
70
0
0
VERTEX
8
Layer 1
10
519.818383
20
384.880798
70
0
0
VERTEX
8
Layer 1
10
528.571136
20
386.709180
70
0
0
VERTEX
8
Layer 1
10
533.272454
20
387.839723
70
0
0
VERTEX
8
Layer 1
10
534.590617
20
388.284899
70
0
0
VERTEX
8
Layer 1
10
535.480073
20
388.725527
70
0
0
VERTEX
8
Layer 1
10
536.751727
20
389.819690
70
0
0
VERTEX
8
Layer 1
10
537.590126
20
390.638245
70
0
0
VERTEX
8
Layer 1
10
538.220165
20
391.050003
70
0
0
VERTEX
8
Layer 1
10
538.909736
20
391.164105
70
0
0
VERTEX
8
Layer 1
10
539.926729
20
391.089691
70
0
0
VERTEX
8
Layer 1
10
546.453122
20
390.525246
70
0
0
VERTEX
8
Layer 1
10
546.453122
20
390.525246
70
0
0
SEQEND
8
Layer 1
0
POLYLINE
8
Layer 1
62
7
70
0
10
0.000000
20
0.000000
66
1
0
VERTEX
8
Layer 1
10
495.300312
20
379.800795
70
0
0
VERTEX
8
Layer 1
10
493.324755
20
378.354405
70
0
0
VERTEX
8
Layer 1
10
491.313921
20
377.049126
70
0
0
VERTEX
8
Layer 1
10
487.927252
20
377.296071
70
0
0
VERTEX
8
Layer 1
10
484.540583
20
377.578293
70
0
0
VERTEX
8
Layer 1
10
489.832253
20
378.707183
70
0
0
VERTEX
8
Layer 1
10
495.229756
20
379.906628
70
0
0
VERTEX
8
Layer 1
10
495.300312
20
379.800795
70
0
0
VERTEX
8
Layer 1
10
495.300312
20
379.800795
70
0
0
SEQEND
8
Layer 1
0
POLYLINE
8
Layer 1
62
7
70
0
10
0.000000
20
0.000000
66
1
0
VERTEX
8
Layer 1
10
482.917804
20
369.534955
70
0
0
VERTEX
8
Layer 1
10
481.224470
20
367.347731
70
0
0
VERTEX
8
Layer 1
10
479.795719
20
365.477457
70
0
0
VERTEX
8
Layer 1
10
478.102384
20
362.995333
70
0
0
VERTEX
8
Layer 1
10
476.620717
20
360.625657
70
0
0
VERTEX
8
Layer 1
10
475.826966
20
359.092726
70
0
0
VERTEX
8
Layer 1
10
475.629080
20
358.941693
70
0
0
VERTEX
8
Layer 1
10
475.143459
20
358.863420
70
0
0
VERTEX
8
Layer 1
10
473.322243
20
358.951615
70
0
0
VERTEX
8
Layer 1
10
470.958630
20
359.198560
70
0
0
VERTEX
8
Layer 1
10
470.958630
20
364.737174
70
0
0
VERTEX
8
Layer 1
10
470.958630
20
370.240511
70
0
0
VERTEX
8
Layer 1
10
476.850023
20
369.958289
70
0
0
VERTEX
8
Layer 1
10
482.917804
20
369.534955
70
0
0
VERTEX
8
Layer 1
10
482.917804
20
369.534955
70
0
0
SEQEND
8
Layer 1
0
POLYLINE
8
Layer 1
62
7
70
0
10
0.000000
20
0.000000
66
1
0
VERTEX
8
Layer 1
10
522.287829
20
367.559398
70
0
0
VERTEX
8
Layer 1
10
556.225073
20
365.689675
70
0
0
VERTEX
8
Layer 1
10
552.838404
20
346.604385
70
0
0
VERTEX
8
Layer 1
10
549.839791
20
329.671041
70
0
0
VERTEX
8
Layer 1
10
541.514230
20
282.222400
70
0
0
VERTEX
8
Layer 1
10
538.374506
20
264.407111
70
0
0
VERTEX
8
Layer 1
10
535.643784
20
248.923464
70
0
0
VERTEX
8
Layer 1
10
533.726656
20
239.518623
70
0
0
VERTEX
8
Layer 1
10
532.889221
20
236.328876
70
0
0
VERTEX
8
Layer 1
10
532.034424
20
233.738576
70
0
0
VERTEX
8
Layer 1
10
531.088675
20
231.440972
70
0
0
VERTEX
8
Layer 1
10
529.978389
20
229.129311
70
0
0
VERTEX
8
Layer 1
10
528.946514
20
227.325733
70
0
0
VERTEX
8
Layer 1
10
528.668701
20
227.110208
70
0
0
VERTEX
8
Layer 1
10
528.496722
20
227.294865
70
0
0
VERTEX
8
Layer 1
10
528.316474
20
227.477869
70
0
0
VERTEX
8
Layer 1
10
528.007242
20
227.250768
70
0
0
VERTEX
8
Layer 1
10
526.803387
20
225.354586
70
0
0
VERTEX
8
Layer 1
10
525.321720
20
222.744029
70
0
0
VERTEX
8
Layer 1
10
523.945886
20
222.885140
70
0
0
VERTEX
8
Layer 1
10
522.815342
20
222.854272
70
0
0
VERTEX
8
Layer 1
10
521.727794
20
222.558821
70
0
0
VERTEX
8
Layer 1
10
520.726235
20
222.012015
70
0
0
VERTEX
8
Layer 1
10
519.853661
20
221.227084
70
0
0
VERTEX
8
Layer 1
10
519.238504
20
220.649410
70
0
0
VERTEX
8
Layer 1
10
518.848243
20
220.574444
70
0
0
VERTEX
8
Layer 1
10
518.643191
20
221.028646
70
0
0
VERTEX
8
Layer 1
10
518.583660
20
222.038473
70
0
0
VERTEX
8
Layer 1
10
518.541768
20
222.880179
70
0
0
VERTEX
8
Layer 1
10
518.380813
20
223.480453
70
0
0
VERTEX
8
Layer 1
10
518.047878
20
223.968279
70
0
0
VERTEX
8
Layer 1
10
517.490048
20
224.472641
70
0
0
VERTEX
8
Layer 1
10
516.431714
20
225.319309
70
0
0
VERTEX
8
Layer 1
10
517.384215
20
227.294865
70
0
0
VERTEX
8
Layer 1
10
518.336715
20
229.270422
70
0
0
VERTEX
8
Layer 1
10
521.582273
20
229.199867
70
0
0
VERTEX
8
Layer 1
10
523.960217
20
229.264359
70
0
0
VERTEX
8
Layer 1
10
525.524567
20
229.636429
70
0
0
VERTEX
8
Layer 1
10
526.069857
20
229.971913
70
0
0
VERTEX
8
Layer 1
10
526.493604
20
230.425219
70
0
0
VERTEX
8
Layer 1
10
527.085610
20
231.739868
70
0
0
VERTEX
8
Layer 1
10
527.319325
20
233.203897
70
0
0
VERTEX
8
Layer 1
10
526.944499
20
234.879592
70
0
0
VERTEX
8
Layer 1
10
526.344776
20
236.643482
70
0
0
VERTEX
8
Layer 1
10
527.473666
20
239.042373
70
0
0
VERTEX
8
Layer 1
10
528.081656
20
240.444665
70
0
0
VERTEX
8
Layer 1
10
528.421756
20
241.608833
70
0
0
VERTEX
8
Layer 1
10
528.570033
20
242.892063
70
0
0
VERTEX
8
Layer 1
10
528.602555
20
244.651543
70
0
0
VERTEX
8
Layer 1
10
528.480185
20
246.996414
70
0
0
VERTEX
8
Layer 1
10
528.073388
20
248.911337
70
0
0
VERTEX
8
Layer 1
10
527.322633
20
250.574906
70
0
0
VERTEX
8
Layer 1
10
526.168387
20
252.165714
70
0
0
VERTEX
8
Layer 1
10
525.180609
20
253.329882
70
0
0
VERTEX
8
Layer 1
10
524.580886
20
252.342103
70
0
0
VERTEX
8
Layer 1
10
515.699700
20
235.699801
70
0
0
VERTEX
8
Layer 1
10
505.707263
20
216.676248
70
0
0
VERTEX
8
Layer 1
10
503.837540
20
212.584023
70
0
0
VERTEX
8
Layer 1
10
509.235043
20
212.760412
70
0
0
VERTEX
8
Layer 1
10
514.597269
20
212.936801
70
0
0
VERTEX
8
Layer 1
10
509.270321
20
209.267910
70
0
0
VERTEX
8
Layer 1
10
504.958161
20
206.311189
70
0
0
VERTEX
8
Layer 1
10
502.051601
20
204.002698
70
0
0
VERTEX
8
Layer 1
10
500.196760
20
202.024936
70
0
0
VERTEX
8
Layer 1
10
499.039759
20
200.060404
70
0
0
VERTEX
8
Layer 1
10
498.091668
20
197.585446
70
0
0
VERTEX
8
Layer 1
10
497.328785
20
194.839289
70
0
0
VERTEX
8
Layer 1
10
496.777570
20
191.934383
70
0
0
VERTEX
8
Layer 1
10
496.464479
20
188.983175
70
0
0
VERTEX
8
Layer 1
10
496.199896
20
186.460812
70
0
0
VERTEX
8
Layer 1
10
495.829479
20
185.208450
70
0
0
VERTEX
8
Layer 1
10
494.433250
20
184.515572
70
0
0
VERTEX
8
Layer 1
10
491.882775
20
183.528345
70
0
0
VERTEX
8
Layer 1
10
488.968498
20
182.534503
70
0
0
VERTEX
8
Layer 1
10
486.480862
20
181.821781
70
0
0
VERTEX
8
Layer 1
10
484.245683
20
181.502627
70
0
0
VERTEX
8
Layer 1
10
479.870684
20
181.305843
70
0
0
VERTEX
8
Layer 1
10
457.411955
20
181.080947
70
0
0
VERTEX
8
Layer 1
10
436.478990
20
181.032440
70
0
0
VERTEX
8
Layer 1
10
431.858150
20
181.135518
70
0
0
VERTEX
8
Layer 1
10
430.177493
20
181.327892
70
0
0
VERTEX
8
Layer 1
10
428.955173
20
181.514065
70
0
0
VERTEX
8
Layer 1
10
426.385130
20
181.626651
70
0
0
VERTEX
8
Layer 1
10
419.020889
20
181.654212
70
0
0
VERTEX
8
Layer 1
10
411.722794
20
181.456876
70
0
0
VERTEX
8
Layer 1
10
409.235434
20
181.288342
70
0
0
VERTEX
8
Layer 1
10
408.128868
20
181.080947
70
0
0
VERTEX
8
Layer 1
10
404.790706
20
180.874793
70
0
0
VERTEX
8
Layer 1
10
394.599832
20
180.675253
70
0
0
VERTEX
8
Layer 1
10
349.426609
20
180.269558
70
0
0
VERTEX
8
Layer 1
10
307.115298
20
179.996155
70
0
0
VERTEX
8
Layer 1
10
287.161292
20
179.987336
70
0
0
VERTEX
8
Layer 1
10
284.768465
20
180.103091
70
0
0
VERTEX
8
Layer 1
10
283.073477
20
180.357752
70
0
0
VERTEX
8
Layer 1
10
281.332187
20
180.929914
70
0
0
VERTEX
8
Layer 1
10
278.800453
20
181.998170
70
0
0
VERTEX
8
Layer 1
10
273.932117
20
184.255949
70
0
0
VERTEX
8
Layer 1
10
273.704465
20
184.626918
70
0
0
VERTEX
8
Layer 1
10
273.830693
20
185.371610
70
0
0
VERTEX
8
Layer 1
10
275.554896
20
189.265397
70
0
0
VERTEX
8
Layer 1
10
277.539272
20
193.705990
70
0
0
VERTEX
8
Layer 1
10
279.259065
20
197.908458
70
0
0
VERTEX
8
Layer 1
10
280.351574
20
200.619888
70
0
0
VERTEX
8
Layer 1
10
281.252260
20
202.163843
70
0
0
VERTEX
8
Layer 1
10
281.682346
20
202.558995
70
0
0
VERTEX
8
Layer 1
10
282.126488
20
202.735453
70
0
0
VERTEX
8
Layer 1
10
282.605357
20
202.717608
70
0
0
VERTEX
8
Layer 1
10
283.139623
20
202.529850
70
0
0
VERTEX
8
Layer 1
10
284.062909
20
202.225028
70
0
0
VERTEX
8
Layer 1
10
284.969659
20
202.155023
70
0
0
VERTEX
8
Layer 1
10
285.843335
20
202.316529
70
0
0
VERTEX
8
Layer 1
10
286.667403
20
202.706239
70
0
0
VERTEX
8
Layer 1
10
287.549348
20
203.111933
70
0
0
VERTEX
8
Layer 1
10
288.431293
20
202.882628
70
0
0
VERTEX
8
Layer 1
10
289.300560
20
202.604264
70
0
0
VERTEX
8
Layer 1
10
290.146676
20
202.507801
70
0
0
VERTEX
8
Layer 1
10
290.787740
20
202.589932
70
0
0
VERTEX
8
Layer 1
10
291.041850
20
202.847350
70
0
0
VERTEX
8
Layer 1
10
290.883100
20
203.103114
70
0
0
VERTEX
8
Layer 1
10
290.512683
20
203.200128
70
0
0
VERTEX
8
Layer 1
10
289.207956
20
203.588184
70
0
0
VERTEX
8
Layer 1
10
287.324452
20
204.584782
70
0
0
VERTEX
8
Layer 1
10
285.288813
20
205.938567
70
0
0
VERTEX
8
Layer 1
10
283.527679
20
207.398186
70
0
0
VERTEX
8
Layer 1
10
281.681933
20
209.304565
70
0
0
VERTEX
8
Layer 1
10
280.079274
20
211.278744
70
0
0
VERTEX
8
Layer 1
10
278.747812
20
213.259538
70
0
0
VERTEX
8
Layer 1
10
277.715661
20
215.185761
70
0
0
VERTEX
8
Layer 1
10
277.010932
20
216.996228
70
0
0
VERTEX
8
Layer 1
10
276.661737
20
218.629756
70
0
0
VERTEX
8
Layer 1
10
276.696188
20
220.025158
70
0
0
VERTEX
8
Layer 1
10
277.142397
20
221.121250
70
0
0
VERTEX
8
Layer 1
10
277.835275
20
221.838382
70
0
0
VERTEX
8
Layer 1
10
278.875419
20
222.333925
70
0
0
VERTEX
8
Layer 1
10
280.451344
20
222.664103
70
0
0
VERTEX
8
Layer 1
10
282.751567
20
222.885140
70
0
0
VERTEX
8
Layer 1
10
285.926569
20
223.132085
70
0
0
VERTEX
8
Layer 1
10
286.385180
20
226.307087
70
0
0
VERTEX
8
Layer 1
10
286.774890
20
231.544187
70
0
0
VERTEX
8
Layer 1
10
287.015771
20
239.179074
70
0
0
VERTEX
8
Layer 1
10
287.064829
20
246.860264
70
0
0
VERTEX
8
Layer 1
10
286.879070
20
252.236270
70
0
0
VERTEX
8
Layer 1
10
286.715910
20
255.001168
70
0
0
VERTEX
8
Layer 1
10
286.843792
20
256.257939
70
0
0
VERTEX
8
Layer 1
10
287.364139
20
256.293217
70
0
0
VERTEX
8
Layer 1
10
288.254904
20
255.799328
70
0
0
VERTEX
8
Layer 1
10
289.410252
20
255.190786
70
0
0
VERTEX
8
Layer 1
10
290.724350
20
255.164327
70
0
0
VERTEX
8
Layer 1
10
292.078135
20
255.129050
70
0
0
VERTEX
8
Layer 1
10
293.405463
20
254.670438
70
0
0
VERTEX
8
Layer 1
10
294.600498
20
254.203007
70
0
0
VERTEX
8
Layer 1
10
295.663242
20
254.000160
70
0
0
VERTEX
8
Layer 1
10
296.205087
20
253.942834
70
0
0
VERTEX
8
Layer 1
10
296.531958
20
253.620924
70
0
0
VERTEX
8
Layer 1
10
297.003798
20
251.283769
70
0
0
VERTEX
8
Layer 1
10
297.582023
20
248.622500
70
0
0
VERTEX
8
Layer 1
10
298.533973
20
246.265502
70
0
0
VERTEX
8
Layer 1
10
299.876183
20
244.159859
70
0
0
VERTEX
8
Layer 1
10
301.625190
20
242.252653
70
0
0
VERTEX
8
Layer 1
10
303.469006
20
240.777048
70
0
0
VERTEX
8
Layer 1
10
305.421963
20
239.708241
70
0
0
VERTEX
8
Layer 1
10
307.593202
20
239.003236
70
0
0
VERTEX
8
Layer 1
10
310.091862
20
238.619039
70
0
0
VERTEX
8
Layer 1
10
312.204120
20
238.257442
70
0
0
VERTEX
8
Layer 1
10
312.736043
20
237.964195
70
0
0
VERTEX
8
Layer 1
10
313.125753
20
237.525427
70
0
0
VERTEX
8
Layer 1
10
313.509399
20
236.598834
70
0
0
VERTEX
8
Layer 1
10
313.363878
20
235.721850
70
0
0
VERTEX
8
Layer 1
10
312.649503
20
234.811793
70
0
0
VERTEX
8
Layer 1
10
311.326585
20
233.785981
70
0
0
VERTEX
8
Layer 1
10
309.911063
20
232.608584
70
0
0
VERTEX
8
Layer 1
10
309.209917
20
231.669313
70
0
0
VERTEX
8
Layer 1
10
309.090854
20
229.989207
70
0
0
VERTEX
8
Layer 1
10
309.104084
20
227.012643
70
0
0
VERTEX
8
Layer 1
10
309.209917
20
223.132085
70
0
0
VERTEX
8
Layer 1
10
347.239385
20
223.202641
70
0
0
VERTEX
8
Layer 1
10
379.364232
20
223.361391
70
0
0
VERTEX
8
Layer 1
10
385.066558
20
223.539985
70
0
0
VERTEX
8
Layer 1
10
387.279688
20
223.837641
70
0
0
VERTEX
8
Layer 1
10
389.281704
20
224.525007
70
0
0
VERTEX
8
Layer 1
10
390.966218
20
225.341357
70
0
0
VERTEX
8
Layer 1
10
392.518442
20
226.402447
70
0
0
VERTEX
8
Layer 1
10
394.123582
20
227.824032
70
0
0
VERTEX
8
Layer 1
10
395.913930
20
229.780297
70
0
0
VERTEX
8
Layer 1
10
397.148653
20
231.779556
70
0
0
VERTEX
8
Layer 1
10
397.893896
20
233.970638
70
0
0
VERTEX
8
Layer 1
10
398.215806
20
236.502371
70
0
0
VERTEX
8
Layer 1
10
398.270928
20
238.165940
70
0
0
VERTEX
8
Layer 1
10
398.154070
20
239.333415
70
0
0
VERTEX
8
Layer 1
10
397.759400
20
240.461202
70
0
0
VERTEX
8
Layer 1
10
396.981083
20
242.005708
70
0
0
VERTEX
8
Layer 1
10
394.679207
20
245.965641
70
0
0
VERTEX
8
Layer 1
10
391.054413
20
251.777659
70
0
0
VERTEX
8
Layer 1
10
382.807676
20
264.723509
70
0
0
VERTEX
8
Layer 1
10
378.182426
20
272.423991
70
0
0
VERTEX
8
Layer 1
10
376.834083
20
275.016220
70
0
0
VERTEX
8
Layer 1
10
375.918583
20
277.147909
70
0
0
VERTEX
8
Layer 1
10
375.278415
20
279.102657
70
0
0
VERTEX
8
Layer 1
10
374.756069
20
281.164066
70
0
0
VERTEX
8
Layer 1
10
374.279819
20
284.242054
70
0
0
VERTEX
8
Layer 1
10
374.121069
20
288.219626
70
0
0
VERTEX
8
Layer 1
10
374.296907
20
291.795362
70
0
0
VERTEX
8
Layer 1
10
374.813396
20
294.917998
70
0
0
VERTEX
8
Layer 1
10
375.733375
20
297.848812
70
0
0
VERTEX
8
Layer 1
10
377.119682
20
300.849078
70
0
0
VERTEX
8
Layer 1
10
378.460238
20
303.459636
70
0
0
VERTEX
8
Layer 1
10
375.673292
20
311.432418
70
0
0
VERTEX
8
Layer 1
10
368.758843
20
330.729375
70
0
0
VERTEX
8
Layer 1
10
365.861654
20
338.905005
70
0
0
VERTEX
8
Layer 1
10
364.631341
20
342.688549
70
0
0
VERTEX
8
Layer 1
10
364.940573
20
343.187951
70
0
0
VERTEX
8
Layer 1
10
366.126238
20
343.958550
70
0
0
VERTEX
8
Layer 1
10
372.357179
20
347.027719
70
0
0
VERTEX
8
Layer 1
10
388.346291
20
354.481256
70
0
0
VERTEX
8
Layer 1
10
399.410842
20
359.427865
70
0
0
VERTEX
8
Layer 1
10
406.473568
20
362.257806
70
0
0
VERTEX
8
Layer 1
10
408.792601
20
363.000983
70
0
0
VERTEX
8
Layer 1
10
410.457203
20
363.361340
70
0
0
VERTEX
8
Layer 1
10
417.847902
20
364.653389
70
0
0
VERTEX
8
Layer 1
10
436.245275
20
368.194399
70
0
0
VERTEX
8
Layer 1
10
438.494235
20
368.529538
70
0
0
VERTEX
8
Layer 1
10
439.949444
20
368.547177
70
0
0
VERTEX
8
Layer 1
10
441.464184
20
367.631056
70
0
0
VERTEX
8
Layer 1
10
443.838821
20
365.821967
70
0
0
VERTEX
8
Layer 1
10
446.200229
20
363.814439
70
0
0
VERTEX
8
Layer 1
10
447.675282
20
362.303006
70
0
0
VERTEX
8
Layer 1
10
448.239727
20
361.288769
70
0
0
VERTEX
8
Layer 1
10
448.592505
20
360.221616
70
0
0
VERTEX
8
Layer 1
10
448.839449
20
359.128004
70
0
0
VERTEX
8
Layer 1
10
446.511115
20
359.128004
70
0
0
VERTEX
8
Layer 1
10
444.535558
20
358.978073
70
0
0
VERTEX
8
Layer 1
10
443.901660
20
358.770816
70
0
0
VERTEX
8
Layer 1
10
443.406668
20
358.457726
70
0
0
VERTEX
8
Layer 1
10
442.930418
20
357.975412
70
0
0
VERTEX
8
Layer 1
10
442.665834
20
357.218593
70
0
0
VERTEX
8
Layer 1
10
442.454168
20
353.307167
70
0
0
VERTEX
8
Layer 1
10
442.255730
20
349.924908
70
0
0
VERTEX
8
Layer 1
10
442.111863
20
349.184625
70
0
0
VERTEX
8
Layer 1
10
441.925001
20
349.003275
70
0
0
VERTEX
8
Layer 1
10
441.554584
20
349.655915
70
0
0
VERTEX
8
Layer 1
10
441.290000
20
351.049388
70
0
0
VERTEX
8
Layer 1
10
440.994686
20
352.458777
70
0
0
VERTEX
8
Layer 1
10
440.422387
20
354.228248
70
0
0
VERTEX
8
Layer 1
10
438.741179
20
358.224010
70
0
0
VERTEX
8
Layer 1
10
436.835076
20
361.789824
70
0
0
VERTEX
8
Layer 1
10
435.981656
20
363.021860
70
0
0
VERTEX
8
Layer 1
10
435.292774
20
363.678840
70
0
0
VERTEX
8
Layer 1
10
434.660530
20
363.898775
70
0
0
VERTEX
8
Layer 1
10
433.727322
20
363.797903
70
0
0
VERTEX
8
Layer 1
10
429.119159
20
362.197173
70
0
0
VERTEX
8
Layer 1
10
423.862767
20
360.256894
70
0
0
VERTEX
8
Layer 1
10
422.980822
20
361.068283
70
0
0
VERTEX
8
Layer 1
10
422.098877
20
361.914950
70
0
0
VERTEX
8
Layer 1
10
415.748873
20
359.692449
70
0
0
VERTEX
8
Layer 1
10
410.735567
20
357.907613
70
0
0
VERTEX
8
Layer 1
10
407.789319
20
356.737933
70
0
0
VERTEX
8
Layer 1
10
406.397500
20
355.951900
70
0
0
VERTEX
8
Layer 1
10
406.124304
20
355.630403
70
0
0
VERTEX
8
Layer 1
10
406.047478
20
355.318002
70
0
0
VERTEX
8
Layer 1
10
405.947157
20
354.750801
70
0
0
VERTEX
8
Layer 1
10
405.509492
20
354.272897
70
0
0
VERTEX
8
Layer 1
10
402.801920
20
352.989667
70
0
0
VERTEX
8
Layer 1
10
401.378130
20
352.446168
70
0
0
VERTEX
8
Layer 1
10
400.433898
20
352.240014
70
0
0
VERTEX
8
Layer 1
10
399.721176
20
352.364588
70
0
0
VERTEX
8
Layer 1
10
398.991918
20
352.813278
70
0
0
VERTEX
8
Layer 1
10
398.393298
20
352.828712
70
0
0
VERTEX
8
Layer 1
10
397.060458
20
352.381125
70
0
0
VERTEX
8
Layer 1
10
391.160246
20
349.673554
70
0
0
VERTEX
8
Layer 1
10
386.981481
20
347.630197
70
0
0
VERTEX
8
Layer 1
10
384.797013
20
346.450045
70
0
0
VERTEX
8
Layer 1
10
383.942078
20
345.699840
70
0
0
VERTEX
8
Layer 1
10
383.751908
20
344.946328
70
0
0
VERTEX
8
Layer 1
10
383.611348
20
344.263372
70
0
0
VERTEX
8
Layer 1
10
383.183054
20
343.716015
70
0
0
VERTEX
8
Layer 1
10
382.218978
20
343.095898
70
0
0
VERTEX
8
Layer 1
10
380.471073
20
342.194660
70
0
0
VERTEX
8
Layer 1
10
375.073570
20
339.619381
70
0
0
VERTEX
8
Layer 1
10
373.335036
20
338.700504
70
0
0
VERTEX
8
Layer 1
10
372.800219
20
338.239619
70
0
0
VERTEX
8
Layer 1
10
372.463012
20
337.718789
70
0
0
VERTEX
8
Layer 1
10
372.304400
20
337.093780
70
0
0
VERTEX
8
Layer 1
10
372.305365
20
336.320355
70
0
0
VERTEX
8
Layer 1
10
372.709957
20
334.151322
70
0
0
VERTEX
8
Layer 1
10
373.537332
20
331.068924
70
0
0
VERTEX
8
Layer 1
10
374.539993
20
328.145276
70
0
0
VERTEX
8
Layer 1
10
375.641873
20
325.578816
70
0
0
VERTEX
8
Layer 1
10
376.766904
20
323.567982
70
0
0
VERTEX
8
Layer 1
10
377.501674
20
322.264357
70
0
0
VERTEX
8
Layer 1
10
378.305898
20
320.441487
70
0
0
VERTEX
8
Layer 1
10
380.294684
20
314.748532
70
0
0
VERTEX
8
Layer 1
10
382.049755
20
309.690577
70
0
0
VERTEX
8
Layer 1
10
382.646170
20
308.274504
70
0
0
VERTEX
8
Layer 1
10
383.011075
20
307.728249
70
0
0
VERTEX
8
Layer 1
10
383.597568
20
307.688562
70
0
0
VERTEX
8
Layer 1
10
384.210520
20
307.939916
70
0
0
VERTEX
8
Layer 1
10
384.767248
20
308.209461
70
0
0
VERTEX
8
Layer 1
10
384.722048
20
307.926687
70
0
0
VERTEX
8
Layer 1
10
382.693574
20
305.505748
70
0
0
VERTEX
8
Layer 1
10
380.757154
20
303.181272
70
0
0
VERTEX
8
Layer 1
10
379.161385
20
300.827030
70
0
0
VERTEX
8
Layer 1
10
377.876501
20
298.386798
70
0
0
VERTEX
8
Layer 1
10
376.872737
20
295.804353
70
0
0
VERTEX
8
Layer 1
10
376.351839
20
294.124799
70
0
0
VERTEX
8
Layer 1
10
376.065758
20
292.580844
70
0
0
VERTEX
8
Layer 1
10
375.920237
20
287.690459
70
0
0
VERTEX
8
Layer 1
10
375.971982
20
284.560450
70
0
0
VERTEX
8
Layer 1
10
376.261439
20
281.799618
70
0
0
VERTEX
8
Layer 1
10
376.989940
20
278.993310
70
0
0
VERTEX
8
Layer 1
10
378.358815
20
275.726875
70
0
0
VERTEX
8
Layer 1
10
380.569396
20
271.585661
70
0
0
VERTEX
8
Layer 1
10
383.823015
20
266.155016
70
0
0
VERTEX
8
Layer 1
10
394.264693
20
249.766824
70
0
0
VERTEX
8
Layer 1
10
397.017464
20
245.362611
70
0
0
VERTEX
8
Layer 1
10
398.692057
20
242.340847
70
0
0
VERTEX
8
Layer 1
10
399.572899
20
240.112834
70
0
0
VERTEX
8
Layer 1
10
399.944419
20
238.089872
70
0
0
VERTEX
8
Layer 1
10
399.992142
20
236.681740
70
0
0
VERTEX
8
Layer 1
10
399.887988
20
235.293142
70
0
0
VERTEX
8
Layer 1
10
399.248233
20
232.603072
70
0
0
VERTEX
8
Layer 1
10
398.073524
20
230.076713
70
0
0
VERTEX
8
Layer 1
10
396.412229
20
227.771116
70
0
0
VERTEX
8
Layer 1
10
394.312717
20
225.743331
70
0
0
VERTEX
8
Layer 1
10
391.823359
20
224.050410
70
0
0
VERTEX
8
Layer 1
10
388.992522
20
222.749404
70
0
0
VERTEX
8
Layer 1
10
385.868576
20
221.897362
70
0
0
VERTEX
8
Layer 1
10
372.013220
20
221.619549
70
0
0
VERTEX
8
Layer 1
10
339.795770
20
221.474028
70
0
0
VERTEX
8
Layer 1
10
288.642960
20
221.262362
70
0
0
VERTEX
8
Layer 1
10
281.799066
20
221.156528
70
0
0
VERTEX
8
Layer 1
10
283.174901
20
220.168750
70
0
0
VERTEX
8
Layer 1
10
284.451516
20
219.123645
70
0
0
VERTEX
8
Layer 1
10
285.807506
20
217.787498
70
0
0
VERTEX
8
Layer 1
10
288.519487
20
214.559580
70
0
0
VERTEX
8
Layer 1
10
290.834593
20
211.119994
70
0
0
VERTEX
8
Layer 1
10
291.694489
20
209.519264
70
0
0
VERTEX
8
Layer 1
10
292.276573
20
208.103742
70
0
0
VERTEX
8
Layer 1
10
292.673448
20
206.410408
70
0
0
VERTEX
8
Layer 1
10
292.699907
20
204.928740
70
0
0
VERTEX
8
Layer 1
10
292.523518
20
203.517628
70
0
0
VERTEX
8
Layer 1
10
340.183825
20
203.623462
70
0
0
VERTEX
8
Layer 1
10
387.879411
20
203.729295
70
0
0
VERTEX
8
Layer 1
10
391.301358
20
204.681796
70
0
0
VERTEX
8
Layer 1
10
395.041700
20
205.913142
70
0
0
VERTEX
8
Layer 1
10
398.595594
20
207.474805
70
0
0
VERTEX
8
Layer 1
10
401.932033
20
209.343219
70
0
0
VERTEX
8
Layer 1
10
405.020012
20
211.494821
70
0
0
VERTEX
8
Layer 1
10
407.828525
20
213.906045
70
0
0
VERTEX
8
Layer 1
10
410.326565
20
216.553327
70
0
0
VERTEX
8
Layer 1
10
412.483127
20
219.413102
70
0
0
VERTEX
8
Layer 1
10
414.267205
20
222.461807
70
0
0
VERTEX
8
Layer 1
10
415.291571
20
224.745562
70
0
0
VERTEX
8
Layer 1
10
416.138582
20
227.178559
70
0
0
VERTEX
8
Layer 1
10
416.802866
20
229.721523
70
0
0
VERTEX
8
Layer 1
10
417.279048
20
232.335181
70
0
0
VERTEX
8
Layer 1
10
417.561752
20
234.980258
70
0
0
VERTEX
8
Layer 1
10
417.645606
20
237.617480
70
0
0
VERTEX
8
Layer 1
10
417.525234
20
240.207574
70
0
0
VERTEX
8
Layer 1
10
417.195263
20
242.711264
70
0
0
VERTEX
8
Layer 1
10
416.301742
20
246.420945
70
0
0
VERTEX
8
Layer 1
10
415.605901
20
248.261316
70
0
0
VERTEX
8
Layer 1
10
414.624393
20
250.322449
70
0
0
VERTEX
8
Layer 1
10
411.445533
20
255.798225
70
0
0
VERTEX
8
Layer 1
10
406.047478
20
264.230722
70
0
0
VERTEX
8
Layer 1
10
397.907126
20
276.983647
70
0
0
VERTEX
8
Layer 1
10
395.480674
20
281.028467
70
0
0
VERTEX
8
Layer 1
10
394.158859
20
283.492401
70
0
0
VERTEX
8
Layer 1
10
393.654428
20
284.804776
70
0
0
VERTEX
8
Layer 1
10
393.305026
20
286.159733
70
0
0
VERTEX
8
Layer 1
10
393.110241
20
287.533707
70
0
0
VERTEX
8
Layer 1
10
393.069657
20
288.903133
70
0
0
VERTEX
8
Layer 1
10
393.182863
20
290.244448
70
0
0
VERTEX
8
Layer 1
10
393.449445
20
291.534086
70
0
0
VERTEX
8
Layer 1
10
393.868989
20
292.748482
70
0
0
VERTEX
8
Layer 1
10
394.441082
20
293.864074
70
0
0
VERTEX
8
Layer 1
10
395.217193
20
295.098797
70
0
0
VERTEX
8
Layer 1
10
395.605249
20
293.864074
70
0
0
VERTEX
8
Layer 1
10
396.083704
20
292.935276
70
0
0
VERTEX
8
Layer 1
10
396.416363
20
292.683990
70
0
0
VERTEX
8
Layer 1
10
396.839972
20
292.572025
70
0
0
VERTEX
8
Layer 1
10
398.046032
20
292.757784
70
0
0
VERTEX
8
Layer 1
10
399.873863
20
293.476018
70
0
0
VERTEX
8
Layer 1
10
401.770045
20
294.208033
70
0
0
VERTEX
8
Layer 1
10
402.384099
20
294.319378
70
0
0
VERTEX
8
Layer 1
10
402.766643
20
294.252130
70
0
0
VERTEX
8
Layer 1
10
402.871374
20
294.033297
70
0
0
VERTEX
8
Layer 1
10
402.519698
20
293.665636
70
0
0
VERTEX
8
Layer 1
10
400.261919
20
292.311851
70
0
0
VERTEX
8
Layer 1
10
397.911535
20
290.865461
70
0
0
VERTEX
8
Layer 1
10
397.389534
20
290.367162
70
0
0
VERTEX
8
Layer 1
10
397.228028
20
289.948238
70
0
0
VERTEX
8
Layer 1
10
397.369690
20
289.381037
70
0
0
VERTEX
8
Layer 1
10
397.779244
20
289.061883
70
0
0
VERTEX
8
Layer 1
10
398.433537
20
289.000699
70
0
0
VERTEX
8
Layer 1
10
399.309418
20
289.207404
70
0
0
VERTEX
8
Layer 1
10
400.173724
20
289.388203
70
0
0
VERTEX
8
Layer 1
10
400.720530
20
289.172127
70
0
0
VERTEX
8
Layer 1
10
401.042440
20
288.749344
70
0
0
VERTEX
8
Layer 1
10
401.046850
20
288.409244
70
0
0
VERTEX
8
Layer 1
10
400.720530
20
288.115446
70
0
0
VERTEX
8
Layer 1
10
400.050252
20
287.831570
70
0
0
VERTEX
8
Layer 1
10
399.269731
20
287.368549
70
0
0
VERTEX
8
Layer 1
10
398.991918
20
286.773236
70
0
0
VERTEX
8
Layer 1
10
399.137439
20
286.197216
70
0
0
VERTEX
8
Layer 1
10
399.574002
20
285.895701
70
0
0
VERTEX
8
Layer 1
10
400.301606
20
285.865384
70
0
0
VERTEX
8
Layer 1
10
401.320253
20
286.102958
70
0
0
VERTEX
8
Layer 1
10
402.497649
20
286.367542
70
0
0
VERTEX
8
Layer 1
10
402.823418
20
286.231942
70
0
0
VERTEX
8
Layer 1
10
403.119421
20
285.891291
70
0
0
VERTEX
8
Layer 1
10
403.358097
20
285.521426
70
0
0
VERTEX
8
Layer 1
10
403.361955
20
285.260701
70
0
0
VERTEX
8
Layer 1
10
402.519698
20
284.762402
70
0
0
VERTEX
8
Layer 1
10
401.739177
20
284.281742
70
0
0
VERTEX
8
Layer 1
10
401.461364
20
283.668790
70
0
0
VERTEX
8
Layer 1
10
401.564993
20
283.061901
70
0
0
VERTEX
8
Layer 1
10
401.919975
20
282.755977
70
0
0
VERTEX
8
Layer 1
10
402.592458
20
282.721250
70
0
0
VERTEX
8
Layer 1
10
403.648588
20
282.927956
70
0
0
VERTEX
8
Layer 1
10
404.962686
20
283.166081
70
0
0
VERTEX
8
Layer 1
10
405.305542
20
283.037097
70
0
0
VERTEX
8
Layer 1
10
405.588867
20
282.716289
70
0
0
VERTEX
8
Layer 1
10
405.787855
20
282.367370
70
0
0
VERTEX
8
Layer 1
10
405.778485
20
282.120976
70
0
0
VERTEX
8
Layer 1
10
404.989144
20
281.657955
70
0
0
VERTEX
8
Layer 1
10
404.208623
20
281.146427
70
0
0
VERTEX
8
Layer 1
10
403.930810
20
280.529066
70
0
0
VERTEX
8
Layer 1
10
404.069165
20
279.966274
70
0
0
VERTEX
8
Layer 1
10
404.482026
20
279.651530
70
0
0
VERTEX
8
Layer 1
10
405.166084
20
279.581526
70
0
0
VERTEX
8
Layer 1
10
406.118034
20
279.752954
70
0
0
VERTEX
8
Layer 1
10
407.149909
20
279.911704
70
0
0
VERTEX
8
Layer 1
10
407.811368
20
279.541287
70
0
0
VERTEX
8
Layer 1
10
408.106820
20
279.065037
70
0
0
VERTEX
8
Layer 1
10
407.952479
20
278.800453
70
0
0
VERTEX
8
Layer 1
10
407.250782
20
278.456495
70
0
0
VERTEX
8
Layer 1
10
406.757444
20
278.033161
70
0
0
VERTEX
8
Layer 1
10
406.508845
20
277.570140
70
0
0
VERTEX
8
Layer 1
10
406.541367
20
277.107119
70
0
0
VERTEX
8
Layer 1
10
406.712795
20
276.792926
70
0
0
VERTEX
8
Layer 1
10
407.013208
20
276.630869
70
0
0
VERTEX
8
Layer 1
10
408.305257
20
276.683785
70
0
0
VERTEX
8
Layer 1
10
409.566990
20
276.737253
70
0
0
VERTEX
8
Layer 1
10
410.249946
20
276.502987
70
0
0
VERTEX
8
Layer 1
10
410.358880
20
276.291389
70
0
0
VERTEX
8
Layer 1
10
410.304516
20
276.023980
70
0
0
VERTEX
8
Layer 1
10
409.681091
20
275.343229
70
0
0
VERTEX
8
Layer 1
10
409.037272
20
274.611215
70
0
0
VERTEX
8
Layer 1
10
408.975535
20
273.932117
70
0
0
VERTEX
8
Layer 1
10
409.167358
20
273.638319
70
0
0
VERTEX
8
Layer 1
10
409.478244
20
273.486735
70
0
0
VERTEX
8
Layer 1
10
410.774703
20
273.544061
70
0
0
VERTEX
8
Layer 1
10
412.049114
20
273.614617
70
0
0
VERTEX
8
Layer 1
10
412.436618
20
273.494452
70
0
0
VERTEX
8
Layer 1
10
412.714982
20
273.261839
70
0
0
VERTEX
8
Layer 1
10
412.916176
20
272.968592
70
0
0
VERTEX
8
Layer 1
10
412.922239
20
272.741491
70
0
0
VERTEX
8
Layer 1
10
412.256371
20
272.274060
70
0
0
VERTEX
8
Layer 1
10
411.555225
20
271.788991
70
0
0
VERTEX
8
Layer 1
10
411.409704
20
271.145171
70
0
0
VERTEX
8
Layer 1
10
411.524356
20
270.763178
70
0
0
VERTEX
8
Layer 1
10
411.771301
20
270.549858
70
0
0
VERTEX
8
Layer 1
10
413.032482
20
270.510170
70
0
0
VERTEX
8
Layer 1
10
414.414931
20
270.418117
70
0
0
VERTEX
8
Layer 1
10
415.334359
20
270.011871
70
0
0
VERTEX
8
Layer 1
10
415.546026
20
269.753971
70
0
0
VERTEX
8
Layer 1
10
415.552640
20
269.493178
70
0
0
VERTEX
8
Layer 1
10
415.324437
20
269.254708
70
0
0
VERTEX
8
Layer 1
10
414.831650
20
269.063781
70
0
0
VERTEX
8
Layer 1
10
414.293664
20
268.724232
70
0
0
VERTEX
8
Layer 1
10
414.231928
20
268.040724
70
0
0
VERTEX
8
Layer 1
10
414.340517
20
267.617942
70
0
0
VERTEX
8
Layer 1
10
414.571476
20
267.383675
70
0
0
VERTEX
8
Layer 1
10
415.784151
20
267.335168
70
0
0
VERTEX
8
Layer 1
10
417.008952
20
267.255242
70
0
0
VERTEX
8
Layer 1
10
417.724430
20
266.907425
70
0
0
VERTEX
8
Layer 1
10
417.868435
20
266.656829
70
0
0
VERTEX
8
Layer 1
10
417.857824
20
266.367785
70
0
0
VERTEX
8
Layer 1
10
417.336374
20
265.712390
70
0
0
VERTEX
8
Layer 1
10
416.743266
20
265.001321
70
0
0
VERTEX
8
Layer 1
10
416.719012
20
264.389472
70
0
0
VERTEX
8
Layer 1
10
417.197468
20
264.015748
70
0
0
VERTEX
8
Layer 1
10
418.112486
20
264.019055
70
0
0
VERTEX
8
Layer 1
10
419.060576
20
264.049923
70
0
0
VERTEX
8
Layer 1
10
419.664709
20
263.630999
70
0
0
VERTEX
8
Layer 1
10
420.014731
20
263.099076
70
0
0
VERTEX
8
Layer 1
10
420.110091
20
262.735825
70
0
0
VERTEX
8
Layer 1
10
419.947482
20
262.485022
70
0
0
VERTEX
8
Layer 1
10
419.523598
20
262.290443
70
0
0
VERTEX
8
Layer 1
10
418.928285
20
261.911207
70
0
0
VERTEX
8
Layer 1
10
418.465264
20
261.267387
70
0
0
VERTEX
8
Layer 1
10
418.188002
20
260.815941
70
0
0
VERTEX
8
Layer 1
10
417.649464
20
260.592699
70
0
0
VERTEX
8
Layer 1
10
414.373039
20
260.632386
70
0
0
VERTEX
8
Layer 1
10
411.736023
20
260.672074
70
0
0
VERTEX
8
Layer 1
10
410.633592
20
260.526553
70
0
0
VERTEX
8
Layer 1
10
413.279427
20
255.940439
70
0
0
VERTEX
8
Layer 1
10
415.418144
20
252.271548
70
0
0
VERTEX
8
Layer 1
10
416.842485
20
249.555157
70
0
0
VERTEX
8
Layer 1
10
417.745109
20
247.245478
70
0
0
VERTEX
8
Layer 1
10
418.444386
20
244.864174
70
0
0
VERTEX
8
Layer 1
10
418.943676
20
242.426441
70
0
0
VERTEX
8
Layer 1
10
419.246336
20
239.947469
70
0
0
VERTEX
8
Layer 1
10
419.355727
20
237.442452
70
0
0
VERTEX
8
Layer 1
10
419.275206
20
234.926584
70
0
0
VERTEX
8
Layer 1
10
419.008133
20
232.415056
70
0
0
VERTEX
8
Layer 1
10
418.557868
20
229.923061
70
0
0
VERTEX
8
Layer 1
10
417.927768
20
227.465794
70
0
0
VERTEX
8
Layer 1
10
417.121193
20
225.058446
70
0
0
VERTEX
8
Layer 1
10
416.141502
20
222.716210
70
0
0
VERTEX
8
Layer 1
10
414.992054
20
220.454279
70
0
0
VERTEX
8
Layer 1
10
413.676208
20
218.287847
70
0
0
VERTEX
8
Layer 1
10
412.197322
20
216.232106
70
0
0
VERTEX
8
Layer 1
10
410.558756
20
214.302248
70
0
0
VERTEX
8
Layer 1
10
408.763869
20
212.513467
70
0
0
VERTEX
8
Layer 1
10
406.926874
20
210.952838
70
0
0
VERTEX
8
Layer 1
10
404.909218
20
209.460835
70
0
0
VERTEX
8
Layer 1
10
400.495634
20
206.772005
70
0
0
VERTEX
8
Layer 1
10
398.181562
20
205.619827
70
0
0
VERTEX
8
Layer 1
10
395.850540
20
204.625572
70
0
0
VERTEX
8
Layer 1
10
393.543496
20
203.811564
70
0
0
VERTEX
8
Layer 1
10
391.301358
20
203.200128
70
0
0
VERTEX
8
Layer 1
10
389.537468
20
202.706239
70
0
0
VERTEX
8
Layer 1
10
428.801659
20
202.882628
70
0
0
VERTEX
8
Layer 1
10
452.984591
20
203.001139
70
0
0
VERTEX
8
Layer 1
10
465.208349
20
203.248635
70
0
0
VERTEX
8
Layer 1
10
468.323819
20
203.494133
70
0
0
VERTEX
8
Layer 1
10
470.235435
20
203.859933
70
0
0
VERTEX
8
Layer 1
10
471.538509
20
204.375389
70
0
0
VERTEX
8
Layer 1
10
472.828353
20
205.069851
70
0
0
VERTEX
8
Layer 1
10
474.169117
20
205.791530
70
0
0
VERTEX
8
Layer 1
10
475.332526
20
206.643021
70
0
0
VERTEX
8
Layer 1
10
476.594327
20
208.074941
70
0
0
VERTEX
8
Layer 1
10
478.230267
20
210.537910
70
0
0
VERTEX
8
Layer 1
10
483.727540
20
220.359470
70
0
0
VERTEX
8
Layer 1
10
494.030311
20
239.712651
70
0
0
VERTEX
8
Layer 1
10
500.591982
20
252.059881
70
0
0
VERTEX
8
Layer 1
10
499.745315
20
252.765437
70
0
0
VERTEX
8
Layer 1
10
498.798878
20
253.719040
70
0
0
VERTEX
8
Layer 1
10
498.365071
20
254.679258
70
0
0
VERTEX
8
Layer 1
10
498.400900
20
255.890830
70
0
0
VERTEX
8
Layer 1
10
498.863370
20
257.598496
70
0
0
VERTEX
8
Layer 1
10
499.674759
20
260.067942
70
0
0
VERTEX
8
Layer 1
10
498.545870
20
261.090998
70
0
0
VERTEX
8
Layer 1
10
497.902601
20
261.701193
70
0
0
VERTEX
8
Layer 1
10
497.633057
20
262.109644
70
0
0
VERTEX
8
Layer 1
10
497.687627
20
262.485022
70
0
0
VERTEX
8
Layer 1
10
498.016703
20
262.995999
70
0
0
VERTEX
8
Layer 1
10
498.744307
20
263.622180
70
0
0
VERTEX
8
Layer 1
10
499.710037
20
263.772111
70
0
0
VERTEX
8
Layer 1
10
500.474573
20
263.902749
70
0
0
VERTEX
8
Layer 1
10
500.878614
20
264.314507
70
0
0
VERTEX
8
Layer 1
10
500.865936
20
264.878400
70
0
0
VERTEX
8
Layer 1
10
500.380315
20
265.465445
70
0
0
VERTEX
8
Layer 1
10
499.948162
20
265.937286
70
0
0
VERTEX
8
Layer 1
10
500.203926
20
266.488501
70
0
0
VERTEX
8
Layer 1
10
500.869795
20
266.876557
70
0
0
VERTEX
8
Layer 1
10
502.038372
20
266.841279
70
0
0
VERTEX
8
Layer 1
10
503.180491
20
266.783953
70
0
0
VERTEX
8
Layer 1
10
503.472084
20
266.935537
70
0
0
VERTEX
8
Layer 1
10
503.661151
20
267.229335
70
0
0
VERTEX
8
Layer 1
10
503.634692
20
267.859926
70
0
0
VERTEX
8
Layer 1
10
503.131984
20
268.464058
70
0
0
VERTEX
8
Layer 1
10
502.714162
20
268.825655
70
0
0
VERTEX
8
Layer 1
10
502.567539
20
269.081419
70
0
0
VERTEX
8
Layer 1
10
502.685499
20
269.337184
70
0
0
VERTEX
8
Layer 1
10
503.061428
20
269.698781
70
0
0
VERTEX
8
Layer 1
10
503.714067
20
270.073608
70
0
0
VERTEX
8
Layer 1
10
504.366707
20
269.945726
70
0
0
VERTEX
8
Layer 1
10
504.971390
20
269.789732
70
0
0
VERTEX
8
Layer 1
10
505.579381
20
269.914858
70
0
0
VERTEX
8
Layer 1
10
506.048465
20
270.258265
70
0
0
VERTEX
8
Layer 1
10
506.236430
20
270.757115
70
0
0
VERTEX
8
Layer 1
10
506.007124
20
271.268643
70
0
0
VERTEX
8
Layer 1
10
505.460318
20
271.780171
70
0
0
VERTEX
8
Layer 1
10
504.878235
20
272.344616
70
0
0
VERTEX
8
Layer 1
10
504.954302
20
272.583844
70
0
0
VERTEX
8
Layer 1
10
505.248652
20
272.909061
70
0
0
VERTEX
8
Layer 1
10
505.910110
20
273.292707
70
0
0
VERTEX
8
Layer 1
10
506.836153
20
273.120728
70
0
0
VERTEX
8
Layer 1
10
507.521727
20
272.967972
70
0
0
VERTEX
8
Layer 1
10
508.107256
20
272.990089
70
0
0
VERTEX
8
Layer 1
10
508.568761
20
273.153594
70
0
0
VERTEX
8
Layer 1
10
508.882265
20
273.424999
70
0
0
VERTEX
8
Layer 1
10
509.023790
20
273.770818
70
0
0
VERTEX
8
Layer 1
10
508.969357
20
274.157564
70
0
0
VERTEX
8
Layer 1
10
508.694989
20
274.551752
70
0
0
VERTEX
8
Layer 1
10
508.176709
20
274.919895
70
0
0
VERTEX
8
Layer 1
10
507.510841
20
275.396146
70
0
0
VERTEX
8
Layer 1
10
507.516904
20
275.644193
70
0
0
VERTEX
8
Layer 1
10
507.718098
20
275.978229
70
0
0
VERTEX
8
Layer 1
10
507.996461
20
276.284154
70
0
0
VERTEX
8
Layer 1
10
508.304591
20
276.414792
70
0
0
VERTEX
8
Layer 1
10
509.340876
20
276.189896
70
0
0
VERTEX
8
Layer 1
10
510.355113
20
275.982639
70
0
0
VERTEX
8
Layer 1
10
510.998933
20
276.225174
70
0
0
VERTEX
8
Layer 1
10
511.410140
20
276.715205
70
0
0
VERTEX
8
Layer 1
10
511.484003
20
277.208543
70
0
0
VERTEX
8
Layer 1
10
511.227136
20
277.668808
70
0
0
VERTEX
8
Layer 1
10
510.646155
20
278.059620
70
0
0
VERTEX
8
Layer 1
10
510.069583
20
278.377671
70
0
0
VERTEX
8
Layer 1
10
509.817127
20
278.672571
70
0
0
VERTEX
8
Layer 1
10
509.882170
20
278.987315
70
0
0
VERTEX
8
Layer 1
10
510.258099
20
279.364898
70
0
0
VERTEX
8
Layer 1
10
510.853412
20
279.576565
70
0
0
VERTEX
8
Layer 1
10
511.845600
20
279.364898
70
0
0
VERTEX
8
Layer 1
10
512.828969
20
279.157641
70
0
0
VERTEX
8
Layer 1
10
513.468379
20
279.400176
70
0
0
VERTEX
8
Layer 1
10
513.881791
20
279.833431
70
0
0
VERTEX
8
Layer 1
10
513.944629
20
280.220385
70
0
0
VERTEX
8
Layer 1
10
513.637051
20
280.620567
70
0
0
VERTEX
8
Layer 1
10
512.939212
20
281.093510
70
0
0
VERTEX
8
Layer 1
10
512.163100
20
281.732921
70
0
0
VERTEX
8
Layer 1
10
512.185149
20
281.981519
70
0
0
VERTEX
8
Layer 1
10
512.445323
20
282.292956
70
0
0
VERTEX
8
Layer 1
10
512.763374
20
282.538247
70
0
0
VERTEX
8
Layer 1
10
513.137650
20
282.641324
70
0
0
VERTEX
8
Layer 1
10
514.385602
20
282.434067
70
0
0
VERTEX
8
Layer 1
10
515.593866
20
282.240039
70
0
0
VERTEX
8
Layer 1
10
515.903650
20
282.334848
70
0
0
VERTEX
8
Layer 1
10
516.114214
20
282.575178
70
0
0
VERTEX
8
Layer 1
10
516.349032
20
283.078438
70
0
0
VERTEX
8
Layer 1
10
516.299422
20
283.505630
70
0
0
VERTEX
8
Layer 1
10
515.945542
20
283.899749
70
0
0
VERTEX
8
Layer 1
10
515.267547
20
284.303790
70
0
0
VERTEX
8
Layer 1
10
514.513484
20
284.788860
70
0
0
VERTEX
8
Layer 1
10
514.558132
20
285.018166
70
0
0
VERTEX
8
Layer 1
10
514.844213
20
285.326846
70
0
0
VERTEX
8
Layer 1
10
515.171084
20
285.591981
70
0
0
VERTEX
8
Layer 1
10
515.527721
20
285.701673
70
0
0
VERTEX
8
Layer 1
10
516.713937
20
285.467958
70
0
0
VERTEX
8
Layer 1
10
517.904562
20
285.225423
70
0
0
VERTEX
8
Layer 1
10
518.231984
20
285.343934
70
0
0
VERTEX
8
Layer 1
10
518.513104
20
285.644347
70
0
0
VERTEX
8
Layer 1
10
518.794224
20
286.188396
70
0
0
VERTEX
8
Layer 1
10
518.777688
20
286.636535
70
0
0
VERTEX
8
Layer 1
10
518.443651
20
287.038371
70
0
0
VERTEX
8
Layer 1
10
517.772271
20
287.443514
70
0
0
VERTEX
8
Layer 1
10
517.154909
20
287.906536
70
0
0
VERTEX
8
Layer 1
10
517.066715
20
288.396015
70
0
0
VERTEX
8
Layer 1
10
517.251923
20
288.759817
70
0
0
VERTEX
8
Layer 1
10
517.542965
20
288.898724
70
0
0
VERTEX
8
Layer 1
10
518.760049
20
288.501848
70
0
0
VERTEX
8
Layer 1
10
519.580258
20
288.263723
70
0
0
VERTEX
8
Layer 1
10
520.030050
20
288.607682
70
0
0
VERTEX
8
Layer 1
10
520.282507
20
289.239926
70
0
0
VERTEX
8
Layer 1
10
520.038869
20
289.829176
70
0
0
VERTEX
8
Layer 1
10
519.147002
20
290.557331
70
0
0
VERTEX
8
Layer 1
10
517.454770
20
291.606295
70
0
0
VERTEX
8
Layer 1
10
515.666076
20
292.761092
70
0
0
VERTEX
8
Layer 1
10
515.252733
20
293.129924
70
0
0
VERTEX
8
Layer 1
10
515.157304
20
293.356956
70
0
0
VERTEX
8
Layer 1
10
515.377721
20
293.440120
70
0
0
VERTEX
8
Layer 1
10
515.911918
20
293.377351
70
0
0
VERTEX
8
Layer 1
10
517.913382
20
292.805740
70
0
0
VERTEX
8
Layer 1
10
520.171161
20
292.029628
70
0
0
VERTEX
8
Layer 1
10
520.876717
20
292.946851
70
0
0
VERTEX
8
Layer 1
10
521.441713
20
293.534447
70
0
0
VERTEX
8
Layer 1
10
521.824808
20
293.599491
70
0
0
VERTEX
8
Layer 1
10
522.042538
20
293.135367
70
0
0
VERTEX
8
Layer 1
10
522.111440
20
292.135462
70
0
0
VERTEX
8
Layer 1
10
522.037784
20
290.961993
70
0
0
VERTEX
8
Layer 1
10
521.747086
20
289.620265
70
0
0
VERTEX
8
Layer 1
10
521.134755
20
287.885796
70
0
0
VERTEX
8
Layer 1
10
520.096196
20
285.534103
70
0
0
VERTEX
8
Layer 1
10
516.322022
20
278.081117
70
0
0
VERTEX
8
Layer 1
10
509.587821
20
265.465445
70
0
0
VERTEX
8
Layer 1
10
496.358646
20
240.594596
70
0
0
VERTEX
8
Layer 1
10
481.969713
20
213.589440
70
0
0
VERTEX
8
Layer 1
10
479.357502
20
208.953717
70
0
0
VERTEX
8
Layer 1
10
478.084746
20
207.115964
70
0
0
VERTEX
8
Layer 1
10
476.609693
20
205.704301
70
0
0
VERTEX
8
Layer 1
10
474.671618
20
204.342247
70
0
0
VERTEX
8
Layer 1
10
472.429273
20
203.132328
70
0
0
VERTEX
8
Layer 1
10
470.041407
20
202.177072
70
0
0
VERTEX
8
Layer 1
10
467.607239
20
201.365682
70
0
0
VERTEX
8
Layer 1
10
382.764130
20
201.048182
70
0
0
VERTEX
8
Layer 1
10
296.721576
20
200.765960
70
0
0
VERTEX
8
Layer 1
10
295.486853
20
200.730682
70
0
0
VERTEX
8
Layer 1
10
297.215465
20
199.637070
70
0
0
VERTEX
8
Layer 1
10
299.044812
20
198.290175
70
0
0
VERTEX
8
Layer 1
10
300.817108
20
196.634047
70
0
0
VERTEX
8
Layer 1
10
302.475302
20
194.753024
70
0
0
VERTEX
8
Layer 1
10
303.962344
20
192.731441
70
0
0
VERTEX
8
Layer 1
10
305.221183
20
190.653634
70
0
0
VERTEX
8
Layer 1
10
306.194768
20
188.603938
70
0
0
VERTEX
8
Layer 1
10
306.826047
20
186.666691
70
0
0
VERTEX
8
Layer 1
10
307.057971
20
184.926228
70
0
0
VERTEX
8
Layer 1
10
307.093249
20
182.985949
70
0
0
VERTEX
8
Layer 1
10
387.350244
20
183.197615
70
0
0
VERTEX
8
Layer 1
10
437.790883
20
183.355814
70
0
0
VERTEX
8
Layer 1
10
462.924111
20
183.642998
70
0
0
VERTEX
8
Layer 1
10
469.134106
20
183.920741
70
0
0
VERTEX
8
Layer 1
10
472.777642
20
184.333671
70
0
0
VERTEX
8
Layer 1
10
475.108181
20
184.916099
70
0
0
VERTEX
8
Layer 1
10
477.379190
20
185.702339
70
0
0
VERTEX
8
Layer 1
10
480.613172
20
186.971789
70
0
0
VERTEX
8
Layer 1
10
483.592492
20
188.502515
70
0
0
VERTEX
8
Layer 1
10
486.313844
20
190.291209
70
0
0
VERTEX
8
Layer 1
10
488.773919
20
192.334566
70
0
0
VERTEX
8
Layer 1
10
490.232849
20
193.753395
70
0
0
VERTEX
8
Layer 1
10
491.561968
20
195.238370
70
0
0
VERTEX
8
Layer 1
10
492.912584
20
197.037537
70
0
0
VERTEX
8
Layer 1
10
494.436006
20
199.398945
70
0
0
VERTEX
8
Layer 1
10
498.606503
20
206.800668
70
0
0
VERTEX
8
Layer 1
10
505.283929
20
219.427916
70
0
0
VERTEX
8
Layer 1
10
520.665050
20
248.532101
70
0
0
VERTEX
8
Layer 1
10
528.157173
20
262.715430
70
0
0
VERTEX
8
Layer 1
10
533.479711
20
273.072221
70
0
0
VERTEX
8
Layer 1
10
536.778185
20
279.890207
70
0
0
VERTEX
8
Layer 1
10
538.198117
20
283.457123
70
0
0
VERTEX
8
Layer 1
10
538.709507
20
285.944690
70
0
0
VERTEX
8
Layer 1
10
538.975331
20
288.441766
70
0
0
VERTEX
8
Layer 1
10
538.998068
20
290.921478
70
0
0
VERTEX
8
Layer 1
10
538.780200
20
293.356956
70
0
0
VERTEX
8
Layer 1
10
538.324207
20
295.721326
70
0
0
VERTEX
8
Layer 1
10
537.632570
20
297.987718
70
0
0
VERTEX
8
Layer 1
10
536.707768
20
300.129260
70
0
0
VERTEX
8
Layer 1
10
535.552282
20
302.119079
70
0
0
VERTEX
8
Layer 1
10
534.573323
20
303.865330
70
0
0
VERTEX
8
Layer 1
10
534.431109
20
304.401112
70
0
0
VERTEX
8
Layer 1
10
534.493948
20
304.764914
70
0
0
VERTEX
8
Layer 1
10
536.147595
20
308.389708
70
0
0
VERTEX
8
Layer 1
10
538.938951
20
315.030754
70
0
0
VERTEX
8
Layer 1
10
540.733709
20
319.052423
70
0
0
VERTEX
8
Layer 1
10
541.454147
20
320.219898
70
0
0
VERTEX
8
Layer 1
10
542.184508
20
321.063258
70
0
0
VERTEX
8
Layer 1
10
543.071552
20
322.163829
70
0
0
VERTEX
8
Layer 1
10
544.068563
20
323.789019
70
0
0
VERTEX
8
Layer 1
10
546.091525
20
327.920380
70
0
0
VERTEX
8
Layer 1
10
547.651465
20
332.071585
70
0
0
VERTEX
8
Layer 1
10
548.069700
20
333.721580
70
0
0
VERTEX
8
Layer 1
10
548.146456
20
334.856878
70
0
0
VERTEX
8
Layer 1
10
547.910536
20
335.354074
70
0
0
VERTEX
8
Layer 1
10
547.238053
20
335.950489
70
0
0
VERTEX
8
Layer 1
10
544.160065
20
337.784935
70
0
0
VERTEX
8
Layer 1
10
540.425579
20
339.844828
70
0
0
VERTEX
8
Layer 1
10
538.493568
20
341.034902
70
0
0
VERTEX
8
Layer 1
10
537.745569
20
341.808258
70
0
0
VERTEX
8
Layer 1
10
537.563116
20
342.617994
70
0
0
VERTEX
8
Layer 1
10
537.383420
20
343.338984
70
0
0
VERTEX
8
Layer 1
10
536.654713
20
344.046744
70
0
0
VERTEX
8
Layer 1
10
534.854443
20
345.098464
70
0
0
VERTEX
8
Layer 1
10
531.460057
20
346.851330
70
0
0
VERTEX
8
Layer 1
10
526.752124
20
349.228171
70
0
0
VERTEX
8
Layer 1
10
523.985573
20
350.493762
70
0
0
VERTEX
8
Layer 1
10
522.495637
20
350.899457
70
0
0
VERTEX
8
Layer 1
10
521.617551
20
350.696610
70
0
0
VERTEX
8
Layer 1
10
521.110984
20
350.504236
70
0
0
VERTEX
8
Layer 1
10
520.475432
20
350.533450
70
0
0
VERTEX
8
Layer 1
10
518.089771
20
351.402166
70
0
0
VERTEX
8
Layer 1
10
516.096575
20
352.381125
70
0
0
VERTEX
8
Layer 1
10
515.161713
20
353.095500
70
0
0
VERTEX
8
Layer 1
10
514.723497
20
354.113595
70
0
0
VERTEX
8
Layer 1
10
514.273085
20
354.542235
70
0
0
VERTEX
8
Layer 1
10
513.508067
20
354.996092
70
0
0
VERTEX
8
Layer 1
10
510.553000
20
356.215932
70
0
0
VERTEX
8
Layer 1
10
504.895874
20
358.246059
70
0
0
VERTEX
8
Layer 1
10
500.913892
20
359.613074
70
0
0
VERTEX
8
Layer 1
10
498.863370
20
360.186338
70
0
0
VERTEX
8
Layer 1
10
498.223960
20
359.974671
70
0
0
VERTEX
8
Layer 1
10
497.663925
20
359.445504
70
0
0
VERTEX
8
Layer 1
10
497.291854
20
359.072882
70
0
0
VERTEX
8
Layer 1
10
496.592361
20
359.083907
70
0
0
VERTEX
8
Layer 1
10
492.266421
20
360.680227
70
0
0
VERTEX
8
Layer 1
10
488.549023
20
362.078110
70
0
0
VERTEX
8
Layer 1
10
486.445584
20
362.655784
70
0
0
VERTEX
8
Layer 1
10
485.497493
20
362.391200
70
0
0
VERTEX
8
Layer 1
10
484.575861
20
361.597450
70
0
0
VERTEX
8
Layer 1
10
483.132227
20
359.490704
70
0
0
VERTEX
8
Layer 1
10
481.493463
20
356.570363
70
0
0
VERTEX
8
Layer 1
10
480.046522
20
353.570648
70
0
0
VERTEX
8
Layer 1
10
479.178357
20
351.225777
70
0
0
VERTEX
8
Layer 1
10
478.662420
20
349.585359
70
0
0
VERTEX
8
Layer 1
10
478.331690
20
348.897442
70
0
0
VERTEX
8
Layer 1
10
478.078131
20
349.324083
70
0
0
VERTEX
8
Layer 1
10
477.864259
20
350.484943
70
0
0
VERTEX
8
Layer 1
10
477.661412
20
354.294945
70
0
0
VERTEX
8
Layer 1
10
477.697241
20
355.907251
70
0
0
VERTEX
8
Layer 1
10
477.921586
20
357.086301
70
0
0
VERTEX
8
Layer 1
10
478.509733
20
358.377800
70
0
0
VERTEX
8
Layer 1
10
479.636969
20
360.327449
70
0
0
VERTEX
8
Layer 1
10
481.857817
20
363.703094
70
0
0
VERTEX
8
Layer 1
10
484.121659
20
366.589259
70
0
0
VERTEX
8
Layer 1
10
486.101074
20
368.602298
70
0
0
VERTEX
8
Layer 1
10
486.881802
20
369.161506
70
0
0
VERTEX
8
Layer 1
10
487.468640
20
369.358566
70
0
0
VERTEX
8
Layer 1
10
522.287829
20
367.559398
70
0
0
VERTEX
8
Layer 1
10
522.287829
20
367.559398
70
0
0
SEQEND
8
Layer 1
0
POLYLINE
8
Layer 1
62
7
70
0
10
0.000000
20
0.000000
66
1
0
VERTEX
8
Layer 1
10
366.183564
20
360.398005
70
0
0
VERTEX
8
Layer 1
10
366.395231
20
358.316615
70
0
0
VERTEX
8
Layer 1
10
366.642175
20
356.693836
70
0
0
VERTEX
8
Layer 1
10
361.209394
20
353.977445
70
0
0
VERTEX
8
Layer 1
10
345.016884
20
346.075218
70
0
0
VERTEX
8
Layer 1
10
319.334646
20
333.622155
70
0
0
VERTEX
8
Layer 1
10
303.777136
20
326.143261
70
0
0
VERTEX
8
Layer 1
10
303.199462
20
326.156490
70
0
0
VERTEX
8
Layer 1
10
302.859913
20
326.672428
70
0
0
VERTEX
8
Layer 1
10
302.479023
20
327.188366
70
0
0
VERTEX
8
Layer 1
10
301.585502
20
327.360345
70
0
0
VERTEX
8
Layer 1
10
299.918075
20
327.188366
70
0
0
VERTEX
8
Layer 1
10
297.215465
20
326.672428
70
0
0
VERTEX
8
Layer 1
10
294.527738
20
326.243031
70
0
0
VERTEX
8
Layer 1
10
291.747406
20
325.988921
70
0
0
VERTEX
8
Layer 1
10
289.654991
20
325.953092
70
0
0
VERTEX
8
Layer 1
10
289.110666
20
326.030469
70
0
0
VERTEX
8
Layer 1
10
289.031015
20
326.178539
70
0
0
VERTEX
8
Layer 1
10
289.868863
20
326.478400
70
0
0
VERTEX
8
Layer 1
10
291.606295
20
326.884095
70
0
0
VERTEX
8
Layer 1
10
293.240649
20
327.286482
70
0
0
VERTEX
8
Layer 1
10
294.256540
20
327.695484
70
0
0
VERTEX
8
Layer 1
10
294.776336
20
328.183861
70
0
0
VERTEX
8
Layer 1
10
294.922408
20
328.824374
70
0
0
VERTEX
8
Layer 1
10
294.709088
20
329.416931
70
0
0
VERTEX
8
Layer 1
10
293.956678
20
329.860659
70
0
0
VERTEX
8
Layer 1
10
292.496508
20
330.218398
70
0
0
VERTEX
8
Layer 1
10
290.159905
20
330.552986
70
0
0
VERTEX
8
Layer 1
10
286.879070
20
331.046875
70
0
0
VERTEX
8
Layer 1
10
290.054072
20
331.611320
70
0
0
VERTEX
8
Layer 1
10
292.600688
20
331.993312
70
0
0
VERTEX
8
Layer 1
10
294.075741
20
332.365383
70
0
0
VERTEX
8
Layer 1
10
294.757043
20
332.836672
70
0
0
VERTEX
8
Layer 1
10
294.922408
20
333.516321
70
0
0
VERTEX
8
Layer 1
10
294.788463
20
334.167307
70
0
0
VERTEX
8
Layer 1
10
294.168345
20
334.623162
70
0
0
VERTEX
8
Layer 1
10
292.734633
20
335.019486
70
0
0
VERTEX
8
Layer 1
10
290.159905
20
335.491878
70
0
0
VERTEX
8
Layer 1
10
286.632125
20
336.091601
70
0
0
VERTEX
8
Layer 1
10
288.748793
20
336.338545
70
0
0
VERTEX
8
Layer 1
10
292.425952
20
336.784479
70
0
0
VERTEX
8
Layer 1
10
294.194803
20
337.101428
70
0
0
VERTEX
8
Layer 1
10
294.585822
20
337.278712
70
0
0
VERTEX
8
Layer 1
10
294.766414
20
337.504366
70
0
0
VERTEX
8
Layer 1
10
294.851852
20
338.208269
70
0
0
VERTEX
8
Layer 1
10
294.878311
20
338.932566
70
0
0
VERTEX
8
Layer 1
10
294.534352
20
339.372436
70
0
0
VERTEX
8
Layer 1
10
293.502477
20
339.706473
70
0
0
VERTEX
8
Layer 1
10
291.465184
20
340.113270
70
0
0
VERTEX
8
Layer 1
10
289.974697
20
340.457228
70
0
0
VERTEX
8
Layer 1
10
289.489627
20
340.748270
70
0
0
VERTEX
8
Layer 1
10
290.375982
20
340.893791
70
0
0
VERTEX
8
Layer 1
10
292.241295
20
340.959937
70
0
0
VERTEX
8
Layer 1
10
294.393241
20
341.079000
70
0
0
VERTEX
8
Layer 1
10
294.731687
20
341.332008
70
0
0
VERTEX
8
Layer 1
10
294.851852
20
341.806604
70
0
0
VERTEX
8
Layer 1
10
294.989105
20
342.292225
70
0
0
VERTEX
8
Layer 1
10
295.420707
20
342.516570
70
0
0
VERTEX
8
Layer 1
10
298.556021
20
342.406327
70
0
0
VERTEX
8
Layer 1
10
301.930167
20
342.304292
70
0
0
VERTEX
8
Layer 1
10
305.606207
20
342.413562
70
0
0
VERTEX
8
Layer 1
10
309.538769
20
342.722199
70
0
0
VERTEX
8
Layer 1
10
313.682481
20
343.218267
70
0
0
VERTEX
8
Layer 1
10
322.421867
20
344.724946
70
0
0
VERTEX
8
Layer 1
10
331.461389
20
346.838100
70
0
0
VERTEX
8
Layer 1
10
340.438074
20
349.462231
70
0
0
VERTEX
8
Layer 1
10
348.988944
20
352.501841
70
0
0
VERTEX
8
Layer 1
10
352.991269
20
354.147607
70
0
0
VERTEX
8
Layer 1
10
356.751024
20
355.861431
70
0
0
VERTEX
8
Layer 1
10
360.222839
20
357.631376
70
0
0
VERTEX
8
Layer 1
10
363.361340
20
359.445504
70
0
0
VERTEX
8
Layer 1
10
365.724953
20
360.768422
70
0
0
VERTEX
8
Layer 1
10
366.099779
20
360.765114
70
0
0
VERTEX
8
Layer 1
10
366.183564
20
360.398005
70
0
0
VERTEX
8
Layer 1
10
366.183564
20
360.398005
70
0
0
SEQEND
8
Layer 1
0
POLYLINE
8
Layer 1
62
7
70
0
10
0.000000
20
0.000000
66
1
0
VERTEX
8
Layer 1
10
448.804172
20
354.471334
70
0
0
VERTEX
8
Layer 1
10
449.146821
20
354.050412
70
0
0
VERTEX
8
Layer 1
10
449.269949
20
353.538126
70
0
0
VERTEX
8
Layer 1
10
449.205388
20
352.988633
70
0
0
VERTEX
8
Layer 1
10
448.984970
20
352.456090
70
0
0
VERTEX
8
Layer 1
10
448.640529
20
351.994654
70
0
0
VERTEX
8
Layer 1
10
448.203898
20
351.658481
70
0
0
VERTEX
8
Layer 1
10
447.706908
20
351.501729
70
0
0
VERTEX
8
Layer 1
10
447.181393
20
351.578555
70
0
0
VERTEX
8
Layer 1
10
446.824205
20
352.077956
70
0
0
VERTEX
8
Layer 1
10
446.625767
20
353.007306
70
0
0
VERTEX
8
Layer 1
10
446.625767
20
353.989572
70
0
0
VERTEX
8
Layer 1
10
446.863893
20
354.647723
70
0
0
VERTEX
8
Layer 1
10
447.231553
20
354.848366
70
0
0
VERTEX
8
Layer 1
10
447.741428
20
354.877029
70
0
0
VERTEX
8
Layer 1
10
448.297604
20
354.746942
70
0
0
VERTEX
8
Layer 1
10
448.804172
20
354.471334
70
0
0
VERTEX
8
Layer 1
10
448.804172
20
354.471334
70
0
0
SEQEND
8
Layer 1
0
POLYLINE
8
Layer 1
62
7
70
0
10
0.000000
20
0.000000
66
1
0
VERTEX
8
Layer 1
10
473.428076
20
353.518834
70
0
0
VERTEX
8
Layer 1
10
473.336023
20
352.507353
70
0
0
VERTEX
8
Layer 1
10
473.062069
20
351.962201
70
0
0
VERTEX
8
Layer 1
10
472.609521
20
351.886684
70
0
0
VERTEX
8
Layer 1
10
471.981686
20
352.284111
70
0
0
VERTEX
8
Layer 1
10
471.536855
20
352.901472
70
0
0
VERTEX
8
Layer 1
10
471.333457
20
353.624667
70
0
0
VERTEX
8
Layer 1
10
471.401256
20
354.268487
70
0
0
VERTEX
8
Layer 1
10
471.770019
20
354.647723
70
0
0
VERTEX
8
Layer 1
10
472.564872
20
354.888053
70
0
0
VERTEX
8
Layer 1
10
473.075298
20
354.797654
70
0
0
VERTEX
8
Layer 1
10
473.347599
20
354.350067
70
0
0
VERTEX
8
Layer 1
10
473.428076
20
353.518834
70
0
0
VERTEX
8
Layer 1
10
473.428076
20
353.518834
70
0
0
SEQEND
8
Layer 1
0
POLYLINE
8
Layer 1
62
7
70
0
10
0.000000
20
0.000000
66
1
0
VERTEX
8
Layer 1
10
353.942167
20
335.844656
70
0
0
VERTEX
8
Layer 1
10
370.240511
20
290.159905
70
0
0
VERTEX
8
Layer 1
10
375.990792
20
273.791006
70
0
0
VERTEX
8
Layer 1
10
375.894812
20
273.475504
70
0
0
VERTEX
8
Layer 1
10
375.342012
20
273.403501
70
0
0
VERTEX
8
Layer 1
10
373.340548
20
273.839513
70
0
0
VERTEX
8
Layer 1
10
370.935594
20
274.798077
70
0
0
VERTEX
8
Layer 1
10
369.878431
20
275.379265
70
0
0
VERTEX
8
Layer 1
10
369.076344
20
275.978229
70
0
0
VERTEX
8
Layer 1
10
368.174555
20
277.002939
70
0
0
VERTEX
8
Layer 1
10
367.312454
20
278.355071
70
0
0
VERTEX
8
Layer 1
10
366.556186
20
279.912255
70
0
0
VERTEX
8
Layer 1
10
365.971897
20
281.552122
70
0
0
VERTEX
8
Layer 1
10
365.279570
20
283.518308
70
0
0
VERTEX
8
Layer 1
10
364.428493
20
285.322437
70
0
0
VERTEX
8
Layer 1
10
363.431896
20
286.934742
70
0
0
VERTEX
8
Layer 1
10
362.303006
20
288.325459
70
0
0
VERTEX
8
Layer 1
10
360.962450
20
289.807127
70
0
0
VERTEX
8
Layer 1
10
361.809117
20
292.347129
70
0
0
VERTEX
8
Layer 1
10
362.616648
20
295.232191
70
0
0
VERTEX
8
Layer 1
10
363.083527
20
298.070952
70
0
0
VERTEX
8
Layer 1
10
363.213063
20
300.870025
70
0
0
VERTEX
8
Layer 1
10
363.008562
20
303.636025
70
0
0
VERTEX
8
Layer 1
10
362.625329
20
305.907446
70
0
0
VERTEX
8
Layer 1
10
362.085827
20
308.088744
70
0
0
VERTEX
8
Layer 1
10
361.392536
20
310.175785
70
0
0
VERTEX
8
Layer 1
10
360.547935
20
312.164433
70
0
0
VERTEX
8
Layer 1
10
359.554507
20
314.050555
70
0
0
VERTEX
8
Layer 1
10
358.414731
20
315.830017
70
0
0
VERTEX
8
Layer 1
10
357.131088
20
317.498684
70
0
0
VERTEX
8
Layer 1
10
355.706057
20
319.052423
70
0
0
VERTEX
8
Layer 1
10
353.152827
20
321.288154
70
0
0
VERTEX
8
Layer 1
10
349.144387
20
324.026593
70
0
0
VERTEX
8
Layer 1
10
348.888071
20
324.296689
70
0
0
VERTEX
8
Layer 1
10
348.813657
20
324.758607
70
0
0
VERTEX
8
Layer 1
10
349.250220
20
327.025206
70
0
0
VERTEX
8
Layer 1
10
349.638276
20
329.009582
70
0
0
VERTEX
8
Layer 1
10
349.602998
20
329.988541
70
0
0
VERTEX
8
Layer 1
10
348.506630
20
330.400850
70
0
0
VERTEX
8
Layer 1
10
346.361850
20
330.932222
70
0
0
VERTEX
8
Layer 1
10
344.012018
20
331.397448
70
0
0
VERTEX
8
Layer 1
10
342.300493
20
331.611320
70
0
0
VERTEX
8
Layer 1
10
341.467055
20
331.686285
70
0
0
VERTEX
8
Layer 1
10
341.030493
20
331.893542
70
0
0
VERTEX
8
Layer 1
10
341.469467
20
332.246320
70
0
0
VERTEX
8
Layer 1
10
342.782807
20
332.976130
70
0
0
VERTEX
8
Layer 1
10
346.899837
20
335.024447
70
0
0
VERTEX
8
Layer 1
10
351.116085
20
336.953702
70
0
0
VERTEX
8
Layer 1
10
353.166056
20
337.679102
70
0
0
VERTEX
8
Layer 1
10
353.942167
20
335.844656
70
0
0
VERTEX
8
Layer 1
10
353.942167
20
335.844656
70
0
0
SEQEND
8
Layer 1
0
POLYLINE
8
Layer 1
62
7
70
0
10
0.000000
20
0.000000
66
1
0
VERTEX
8
Layer 1
10
336.409101
20
328.295207
70
0
0
VERTEX
8
Layer 1
10
336.444379
20
326.742984
70
0
0
VERTEX
8
Layer 1
10
334.362988
20
326.531317
70
0
0
VERTEX
8
Layer 1
10
331.050734
20
325.884190
70
0
0
VERTEX
8
Layer 1
10
327.655797
20
324.740968
70
0
0
VERTEX
8
Layer 1
10
324.386537
20
323.187643
70
0
0
VERTEX
8
Layer 1
10
321.451314
20
321.310202
70
0
0
VERTEX
8
Layer 1
10
319.957657
20
320.055429
70
0
0
VERTEX
8
Layer 1
10
318.511129
20
318.567905
70
0
0
VERTEX
8
Layer 1
10
317.139016
20
316.889384
70
0
0
VERTEX
8
Layer 1
10
315.868602
20
315.061622
70
0
0
VERTEX
8
Layer 1
10
314.727172
20
313.126373
70
0
0
VERTEX
8
Layer 1
10
313.742012
20
311.125391
70
0
0
VERTEX
8
Layer 1
10
312.940407
20
309.100432
70
0
0
VERTEX
8
Layer 1
10
312.349641
20
307.093249
70
0
0
VERTEX
8
Layer 1
10
311.865674
20
304.008095
70
0
0
VERTEX
8
Layer 1
10
311.732280
20
300.535988
70
0
0
VERTEX
8
Layer 1
10
311.942844
20
297.096954
70
0
0
VERTEX
8
Layer 1
10
312.490752
20
294.111019
70
0
0
VERTEX
8
Layer 1
10
313.439257
20
291.334201
70
0
0
VERTEX
8
Layer 1
10
314.661440
20
288.704145
70
0
0
VERTEX
8
Layer 1
10
316.143245
20
286.238626
70
0
0
VERTEX
8
Layer 1
10
317.870617
20
283.955422
70
0
0
VERTEX
8
Layer 1
10
319.829499
20
281.872309
70
0
0
VERTEX
8
Layer 1
10
322.005837
20
280.007064
70
0
0
VERTEX
8
Layer 1
10
324.385572
20
278.377464
70
0
0
VERTEX
8
Layer 1
10
326.954650
20
277.001286
70
0
0
VERTEX
8
Layer 1
10
328.965485
20
276.048785
70
0
0
VERTEX
8
Layer 1
10
319.087701
20
275.872396
70
0
0
VERTEX
8
Layer 1
10
312.597688
20
275.699314
70
0
0
VERTEX
8
Layer 1
10
308.945333
20
275.334410
70
0
0
VERTEX
8
Layer 1
10
307.809140
20
275.003542
70
0
0
VERTEX
8
Layer 1
10
306.933396
20
274.532942
70
0
0
VERTEX
8
Layer 1
10
305.364637
20
273.050172
70
0
0
VERTEX
8
Layer 1
10
304.446312
20
271.797259
70
0
0
VERTEX
8
Layer 1
10
303.812414
20
270.382288
70
0
0
VERTEX
8
Layer 1
10
303.469557
20
268.828412
70
0
0
VERTEX
8
Layer 1
10
303.424358
20
267.158779
70
0
0
VERTEX
8
Layer 1
10
303.446406
20
266.255888
70
0
0
VERTEX
8
Layer 1
10
303.283247
20
265.624195
70
0
0
VERTEX
8
Layer 1
10
302.829045
20
265.045419
70
0
0
VERTEX
8
Layer 1
10
301.977968
20
264.301278
70
0
0
VERTEX
8
Layer 1
10
300.809391
20
263.105140
70
0
0
VERTEX
8
Layer 1
10
299.482064
20
261.452595
70
0
0
VERTEX
8
Layer 1
10
298.326716
20
259.786822
70
0
0
VERTEX
8
Layer 1
10
297.674076
20
258.550996
70
0
0
VERTEX
8
Layer 1
10
297.338937
20
258.387836
70
0
0
VERTEX
8
Layer 1
10
296.580465
20
258.621552
70
0
0
VERTEX
8
Layer 1
10
295.557408
20
258.894955
70
0
0
VERTEX
8
Layer 1
10
294.534352
20
258.692107
70
0
0
VERTEX
8
Layer 1
10
293.957781
20
258.511309
70
0
0
VERTEX
8
Layer 1
10
293.467199
20
258.515718
70
0
0
VERTEX
8
Layer 1
10
292.241295
20
259.185997
70
0
0
VERTEX
8
Layer 1
10
290.940426
20
259.816587
70
0
0
VERTEX
8
Layer 1
10
289.666016
20
259.997386
70
0
0
VERTEX
8
Layer 1
10
287.566987
20
259.984157
70
0
0
VERTEX
8
Layer 1
10
286.957342
20
260.101566
70
0
0
VERTEX
8
Layer 1
10
286.526292
20
260.314886
70
0
0
VERTEX
8
Layer 1
10
286.267220
20
260.794995
70
0
0
VERTEX
8
Layer 1
10
285.935388
20
261.880339
70
0
0
VERTEX
8
Layer 1
10
285.185735
20
265.324334
70
0
0
VERTEX
8
Layer 1
10
284.321429
20
269.530454
70
0
0
VERTEX
8
Layer 1
10
283.278529
20
273.844474
70
0
0
VERTEX
8
Layer 1
10
280.749552
20
282.500213
70
0
0
VERTEX
8
Layer 1
10
277.784012
20
290.699545
70
0
0
VERTEX
8
Layer 1
10
276.195408
20
294.443057
70
0
0
VERTEX
8
Layer 1
10
274.567117
20
297.850465
70
0
0
VERTEX
8
Layer 1
10
273.998263
20
299.164563
70
0
0
VERTEX
8
Layer 1
10
273.826284
20
299.896578
70
0
0
VERTEX
8
Layer 1
10
275.673958
20
300.932863
70
0
0
VERTEX
8
Layer 1
10
279.929343
20
303.001024
70
0
0
VERTEX
8
Layer 1
10
297.391854
20
311.326585
70
0
0
VERTEX
8
Layer 1
10
313.972420
20
319.264090
70
0
0
VERTEX
8
Layer 1
10
327.554373
20
325.755205
70
0
0
VERTEX
8
Layer 1
10
336.197434
20
329.847430
70
0
0
VERTEX
8
Layer 1
10
336.342955
20
329.388819
70
0
0
VERTEX
8
Layer 1
10
336.409101
20
328.295207
70
0
0
VERTEX
8
Layer 1
10
336.409101
20
328.295207
70
0
0
SEQEND
8
Layer 1
0
POLYLINE
8
Layer 1
62
7
70
0
10
0.000000
20
0.000000
66
1
0
VERTEX
8
Layer 1
10
708.237113
20
313.866587
70
0
0
VERTEX
8
Layer 1
10
706.446764
20
305.902623
70
0
0
VERTEX
8
Layer 1
10
704.391833
20
297.885743
70
0
0
VERTEX
8
Layer 1
10
701.887109
20
305.576304
70
0
0
VERTEX
8
Layer 1
10
700.290788
20
311.150196
70
0
0
VERTEX
8
Layer 1
10
699.872967
20
312.918496
70
0
0
VERTEX
8
Layer 1
10
699.805719
20
313.654920
70
0
0
VERTEX
8
Layer 1
10
701.266991
20
313.960844
70
0
0
VERTEX
8
Layer 1
10
704.034645
20
314.117941
70
0
0
VERTEX
8
Layer 1
10
706.795684
20
314.096444
70
0
0
VERTEX
8
Layer 1
10
708.237113
20
313.866587
70
0
0
VERTEX
8
Layer 1
10
708.237113
20
313.866587
70
0
0
SEQEND
8
Layer 1
0
POLYLINE
8
Layer 1
62
7
70
0
10
0.000000
20
0.000000
66
1
0
VERTEX
8
Layer 1
10
717.762119
20
313.372697
70
0
0
VERTEX
8
Layer 1
10
718.778009
20
313.168196
70
0
0
VERTEX
8
Layer 1
10
719.221738
20
312.795023
70
0
0
VERTEX
8
Layer 1
10
719.156143
20
312.058048
70
0
0
VERTEX
8
Layer 1
10
718.644064
20
310.762140
70
0
0
VERTEX
8
Layer 1
10
713.317116
20
297.744632
70
0
0
VERTEX
8
Layer 1
10
708.378224
20
285.997125
70
0
0
VERTEX
8
Layer 1
10
707.840238
20
287.042229
70
0
0
VERTEX
8
Layer 1
10
706.826001
20
289.912960
70
0
0
VERTEX
8
Layer 1
10
705.520722
20
294.111019
70
0
0
VERTEX
8
Layer 1
10
708.025446
20
303.953525
70
0
0
VERTEX
8
Layer 1
10
710.494892
20
313.937142
70
0
0
VERTEX
8
Layer 1
10
713.189234
20
313.840128
70
0
0
VERTEX
8
Layer 1
10
717.762119
20
313.372697
70
0
0
VERTEX
8
Layer 1
10
717.762119
20
313.372697
70
0
0
SEQEND
8
Layer 1
0
POLYLINE
8
Layer 1
62
7
70
0
10
0.000000
20
0.000000
66
1
0
VERTEX
8
Layer 1
10
700.405441
20
303.671302
70
0
0
VERTEX
8
Layer 1
10
703.509888
20
293.687685
70
0
0
VERTEX
8
Layer 1
10
702.733776
20
290.689072
70
0
0
VERTEX
8
Layer 1
10
701.604886
20
286.491014
70
0
0
VERTEX
8
Layer 1
10
701.216831
20
285.256291
70
0
0
VERTEX
8
Layer 1
10
698.923774
20
290.018794
70
0
0
VERTEX
8
Layer 1
10
689.641302
20
309.434813
70
0
0
VERTEX
8
Layer 1
10
688.768728
20
311.841972
70
0
0
VERTEX
8
Layer 1
10
688.850653
20
312.182554
70
0
0
VERTEX
8
Layer 1
10
689.116545
20
312.314363
70
0
0
VERTEX
8
Layer 1
10
692.745749
20
313.015510
70
0
0
VERTEX
8
Layer 1
10
696.771828
20
313.584364
70
0
0
VERTEX
8
Layer 1
10
697.170908
20
313.111972
70
0
0
VERTEX
8
Layer 1
10
697.847801
20
311.472106
70
0
0
VERTEX
8
Layer 1
10
700.405441
20
303.671302
70
0
0
VERTEX
8
Layer 1
10
700.405441
20
303.671302
70
0
0
SEQEND
8
Layer 1
0
POLYLINE
8
Layer 1
62
7
70
0
10
0.000000
20
0.000000
66
1
0
VERTEX
8
Layer 1
10
726.369902
20
311.679363
70
0
0
VERTEX
8
Layer 1
10
729.791849
20
310.656307
70
0
0
VERTEX
8
Layer 1
10
729.281423
20
305.670010
70
0
0
VERTEX
8
Layer 1
10
727.851570
20
294.922408
70
0
0
VERTEX
8
Layer 1
10
726.289425
20
284.095431
70
0
0
VERTEX
8
Layer 1
10
725.382124
20
278.871009
70
0
0
VERTEX
8
Layer 1
10
722.983233
20
276.542674
70
0
0
VERTEX
8
Layer 1
10
717.409341
20
271.497949
70
0
0
VERTEX
8
Layer 1
10
714.970763
20
269.323954
70
0
0
VERTEX
8
Layer 1
10
713.881561
20
268.499336
70
0
0
VERTEX
8
Layer 1
10
711.482670
20
275.554896
70
0
0
VERTEX
8
Layer 1
10
709.154336
20
282.504622
70
0
0
VERTEX
8
Layer 1
10
711.623782
20
288.431293
70
0
0
VERTEX
8
Layer 1
10
716.703785
20
300.919634
70
0
0
VERTEX
8
Layer 1
10
721.060593
20
311.357453
70
0
0
VERTEX
8
Layer 1
10
721.744100
20
312.473665
70
0
0
VERTEX
8
Layer 1
10
722.242399
20
312.561308
70
0
0
VERTEX
8
Layer 1
10
726.369902
20
311.679363
70
0
0
VERTEX
8
Layer 1
10
726.369902
20
311.679363
70
0
0
SEQEND
8
Layer 1
0
POLYLINE
8
Layer 1
62
7
70
0
10
0.000000
20
0.000000
66
1
0
VERTEX
8
Layer 1
10
689.257656
20
305.611581
70
0
0
VERTEX
8
Layer 1
10
697.883079
20
287.637542
70
0
0
VERTEX
8
Layer 1
10
699.715319
20
283.585005
70
0
0
VERTEX
8
Layer 1
10
700.264330
20
282.046011
70
0
0
VERTEX
8
Layer 1
10
699.069295
20
276.701424
70
0
0
VERTEX
8
Layer 1
10
697.689051
20
271.780171
70
0
0
VERTEX
8
Layer 1
10
696.626307
20
273.288297
70
0
0
VERTEX
8
Layer 1
10
694.267104
20
277.177675
70
0
0
VERTEX
8
Layer 1
10
688.340434
20
287.161292
70
0
0
VERTEX
8
Layer 1
10
681.298103
20
298.992584
70
0
0
VERTEX
8
Layer 1
10
677.298482
20
305.929082
70
0
0
VERTEX
8
Layer 1
10
676.788057
20
307.091595
70
0
0
VERTEX
8
Layer 1
10
676.707579
20
307.873770
70
0
0
VERTEX
8
Layer 1
10
677.090123
20
308.424435
70
0
0
VERTEX
8
Layer 1
10
677.968760
20
308.892417
70
0
0
VERTEX
8
Layer 1
10
682.391715
20
310.484328
70
0
0
VERTEX
8
Layer 1
10
685.835710
20
311.467696
70
0
0
VERTEX
8
Layer 1
10
686.246365
20
311.128147
70
0
0
VERTEX
8
Layer 1
10
686.951370
20
310.047765
70
0
0
VERTEX
8
Layer 1
10
689.257656
20
305.611581
70
0
0
VERTEX
8
Layer 1
10
689.257656
20
305.611581
70
0
0
SEQEND
8
Layer 1
0
POLYLINE
8
Layer 1
62
7
70
0
10
0.000000
20
0.000000
66
1
0
VERTEX
8
Layer 1
10
737.835187
20
307.692972
70
0
0
VERTEX
8
Layer 1
10
740.092966
20
306.705193
70
0
0
VERTEX
8
Layer 1
10
737.658798
20
297.144909
70
0
0
VERTEX
8
Layer 1
10
735.118796
20
287.690459
70
0
0
VERTEX
8
Layer 1
10
732.966851
20
285.644347
70
0
0
VERTEX
8
Layer 1
10
729.403793
20
282.504622
70
0
0
VERTEX
8
Layer 1
10
728.027959
20
281.375733
70
0
0
VERTEX
8
Layer 1
10
728.239625
20
282.927956
70
0
0
VERTEX
8
Layer 1
10
730.074071
20
296.862687
70
0
0
VERTEX
8
Layer 1
10
731.837961
20
309.633251
70
0
0
VERTEX
8
Layer 1
10
732.249168
20
309.766645
70
0
0
VERTEX
8
Layer 1
10
733.328448
20
309.509778
70
0
0
VERTEX
8
Layer 1
10
737.835187
20
307.692972
70
0
0
VERTEX
8
Layer 1
10
737.835187
20
307.692972
70
0
0
SEQEND
8
Layer 1
0
POLYLINE
8
Layer 1
62
7
70
0
10
0.000000
20
0.000000
66
1
0
VERTEX
8
Layer 1
10
746.090192
20
303.318524
70
0
0
VERTEX
8
Layer 1
10
749.723806
20
301.096023
70
0
0
VERTEX
8
Layer 1
10
746.972137
20
298.520744
70
0
0
VERTEX
8
Layer 1
10
739.356542
20
291.566607
70
0
0
VERTEX
8
Layer 1
10
738.235921
20
290.756872
70
0
0
VERTEX
8
Layer 1
10
738.088402
20
290.794561
70
0
0
VERTEX
8
Layer 1
10
738.117409
20
291.041850
70
0
0
VERTEX
8
Layer 1
10
740.653001
20
300.403696
70
0
0
VERTEX
8
Layer 1
10
742.209634
20
305.505748
70
0
0
VERTEX
8
Layer 1
10
746.090192
20
303.318524
70
0
0
VERTEX
8
Layer 1
10
746.090192
20
303.318524
70
0
0
SEQEND
8
Layer 1
0
POLYLINE
8
Layer 1
62
7
70
0
10
0.000000
20
0.000000
66
1
0
VERTEX
8
Layer 1
10
160.831490
20
303.142135
70
0
0
VERTEX
8
Layer 1
10
163.490554
20
292.616122
70
0
0
VERTEX
8
Layer 1
10
164.641493
20
287.619903
70
0
0
VERTEX
8
Layer 1
10
162.886422
20
287.730147
70
0
0
VERTEX
8
Layer 1
10
160.972601
20
288.184348
70
0
0
VERTEX
8
Layer 1
10
158.710412
20
295.971923
70
0
0
VERTEX
8
Layer 1
10
156.633432
20
304.235747
70
0
0
VERTEX
8
Layer 1
10
157.206696
20
304.381268
70
0
0
VERTEX
8
Layer 1
10
158.573711
20
304.447414
70
0
0
VERTEX
8
Layer 1
10
160.478712
20
304.447414
70
0
0
VERTEX
8
Layer 1
10
160.831490
20
303.142135
70
0
0
VERTEX
8
Layer 1
10
160.831490
20
303.142135
70
0
0
SEQEND
8
Layer 1
0
POLYLINE
8
Layer 1
62
7
70
0
10
0.000000
20
0.000000
66
1
0
VERTEX
8
Layer 1
10
149.789539
20
303.177413
70
0
0
VERTEX
8
Layer 1
10
149.617560
20
300.972551
70
0
0
VERTEX
8
Layer 1
10
148.731205
20
296.545187
70
0
0
VERTEX
8
Layer 1
10
147.702085
20
292.112862
70
0
0
VERTEX
8
Layer 1
10
147.059919
20
290.190773
70
0
0
VERTEX
8
Layer 1
10
146.765088
20
289.996401
70
0
0
VERTEX
8
Layer 1
10
146.424367
20
290.219988
70
0
0
VERTEX
8
Layer 1
10
145.415092
20
291.641573
70
0
0
VERTEX
8
Layer 1
10
144.456528
20
293.226318
70
0
0
VERTEX
8
Layer 1
10
144.017209
20
294.715151
70
0
0
VERTEX
8
Layer 1
10
144.021067
20
296.766224
70
0
0
VERTEX
8
Layer 1
10
144.392035
20
300.037689
70
0
0
VERTEX
8
Layer 1
10
144.815369
20
303.212691
70
0
0
VERTEX
8
Layer 1
10
146.402870
20
303.636025
70
0
0
VERTEX
8
Layer 1
10
147.983756
20
303.991007
70
0
0
VERTEX
8
Layer 1
10
148.969330
20
304.041719
70
0
0
VERTEX
8
Layer 1
10
149.518341
20
303.774931
70
0
0
VERTEX
8
Layer 1
10
149.789539
20
303.177413
70
0
0
VERTEX
8
Layer 1
10
149.789539
20
303.177413
70
0
0
SEQEND
8
Layer 1
0
POLYLINE
8
Layer 1
62
7
70
0
10
0.000000
20
0.000000
66
1
0
VERTEX
8
Layer 1
10
167.040383
20
303.600747
70
0
0
VERTEX
8
Layer 1
10
168.804273
20
303.212691
70
0
0
VERTEX
8
Layer 1
10
169.227607
20
298.802966
70
0
0
VERTEX
8
Layer 1
10
169.686218
20
294.393241
70
0
0
VERTEX
8
Layer 1
10
168.028161
20
291.994351
70
0
0
VERTEX
8
Layer 1
10
166.299549
20
289.736571
70
0
0
VERTEX
8
Layer 1
10
162.842325
20
303.494913
70
0
0
VERTEX
8
Layer 1
10
162.830198
20
303.796428
70
0
0
VERTEX
8
Layer 1
10
162.983436
20
303.975573
70
0
0
VERTEX
8
Layer 1
10
163.971214
20
304.059358
70
0
0
VERTEX
8
Layer 1
10
165.413194
20
303.922657
70
0
0
VERTEX
8
Layer 1
10
167.040383
20
303.600747
70
0
0
VERTEX
8
Layer 1
10
167.040383
20
303.600747
70
0
0
SEQEND
8
Layer 1
0
POLYLINE
8
Layer 1
62
7
70
0
10
0.000000
20
0.000000
66
1
0
VERTEX
8
Layer 1
10
142.381201
20
300.531578
70
0
0
VERTEX
8
Layer 1
10
142.169534
20
297.532965
70
0
0
VERTEX
8
Layer 1
10
142.064803
20
296.838985
70
0
0
VERTEX
8
Layer 1
10
141.920247
20
296.753477
70
0
0
VERTEX
8
Layer 1
10
141.702103
20
296.849458
70
0
0
VERTEX
8
Layer 1
10
141.008674
20
297.607379
70
0
0
VERTEX
8
Layer 1
10
139.911755
20
299.155744
70
0
0
VERTEX
8
Layer 1
10
138.910196
20
300.725055
70
0
0
VERTEX
8
Layer 1
10
138.646164
20
301.576683
70
0
0
VERTEX
8
Layer 1
10
138.810357
20
301.835685
70
0
0
VERTEX
8
Layer 1
10
139.182497
20
302.038051
70
0
0
VERTEX
8
Layer 1
10
140.582033
20
302.436579
70
0
0
VERTEX
8
Layer 1
10
141.731318
20
302.674705
70
0
0
VERTEX
8
Layer 1
10
142.315055
20
302.542413
70
0
0
VERTEX
8
Layer 1
10
142.482073
20
301.880954
70
0
0
VERTEX
8
Layer 1
10
142.381201
20
300.531578
70
0
0
VERTEX
8
Layer 1
10
142.381201
20
300.531578
70
0
0
SEQEND
8
Layer 1
0
POLYLINE
8
Layer 1
62
7
70
0
10
0.000000
20
0.000000
66
1
0
VERTEX
8
Layer 1
10
173.355109
20
302.119079
70
0
0
VERTEX
8
Layer 1
10
174.501638
20
301.647239
70
0
0
VERTEX
8
Layer 1
10
174.907332
20
301.307690
70
0
0
VERTEX
8
Layer 1
10
173.213998
20
298.873522
70
0
0
VERTEX
8
Layer 1
10
172.152908
20
297.497136
70
0
0
VERTEX
8
Layer 1
10
171.805711
20
297.207266
70
0
0
VERTEX
8
Layer 1
10
171.551532
20
297.202236
70
0
0
VERTEX
8
Layer 1
10
171.368459
20
297.496516
70
0
0
VERTEX
8
Layer 1
10
171.234583
20
298.104576
70
0
0
VERTEX
8
Layer 1
10
171.026774
20
300.319911
70
0
0
VERTEX
8
Layer 1
10
170.939131
20
301.856149
70
0
0
VERTEX
8
Layer 1
10
170.991428
20
302.299947
70
0
0
VERTEX
8
Layer 1
10
171.145837
20
302.555642
70
0
0
VERTEX
8
Layer 1
10
171.430884
20
302.644319
70
0
0
VERTEX
8
Layer 1
10
171.875095
20
302.587061
70
0
0
VERTEX
8
Layer 1
10
173.355109
20
302.119079
70
0
0
VERTEX
8
Layer 1
10
173.355109
20
302.119079
70
0
0
SEQEND
8
Layer 1
0
POLYLINE
8
Layer 1
62
7
70
0
10
0.000000
20
0.000000
66
1
0
VERTEX
8
Layer 1
10
138.923976
20
297.215465
70
0
0
VERTEX
8
Layer 1
10
141.053874
20
293.842025
70
0
0
VERTEX
8
Layer 1
10
141.389564
20
292.844876
70
0
0
VERTEX
8
Layer 1
10
141.463978
20
291.817962
70
0
0
VERTEX
8
Layer 1
10
141.252311
20
288.995738
70
0
0
VERTEX
8
Layer 1
10
141.043400
20
288.467122
70
0
0
VERTEX
8
Layer 1
10
140.807687
20
288.476699
70
0
0
VERTEX
8
Layer 1
10
140.401234
20
288.735564
70
0
0
VERTEX
8
Layer 1
10
138.826411
20
290.201246
70
0
0
VERTEX
8
Layer 1
10
135.819530
20
293.264351
70
0
0
VERTEX
8
Layer 1
10
132.199146
20
297.144909
70
0
0
VERTEX
8
Layer 1
10
131.171129
20
298.384042
70
0
0
VERTEX
8
Layer 1
10
130.880638
20
298.908799
70
0
0
VERTEX
8
Layer 1
10
133.358903
20
300.028870
70
0
0
VERTEX
8
Layer 1
10
135.995919
20
300.884356
70
0
0
VERTEX
8
Layer 1
10
137.010156
20
299.803974
70
0
0
VERTEX
8
Layer 1
10
138.923976
20
297.215465
70
0
0
VERTEX
8
Layer 1
10
138.923976
20
297.215465
70
0
0
SEQEND
8
Layer 1
0
POLYLINE
8
Layer 1
62
7
70
0
10
0.000000
20
0.000000
66
1
0
VERTEX
8
Layer 1
10
179.740391
20
300.037689
70
0
0
VERTEX
8
Layer 1
10
182.456782
20
298.944077
70
0
0
VERTEX
8
Layer 1
10
182.197159
20
298.441920
70
0
0
VERTEX
8
Layer 1
10
181.200010
20
297.255153
70
0
0
VERTEX
8
Layer 1
10
177.588445
20
293.476018
70
0
0
VERTEX
8
Layer 1
10
174.254142
20
290.192427
70
0
0
VERTEX
8
Layer 1
10
173.235840
20
289.309448
70
0
0
VERTEX
8
Layer 1
10
172.556949
20
288.903133
70
0
0
VERTEX
8
Layer 1
10
172.147602
20
288.951571
70
0
0
VERTEX
8
Layer 1
10
171.937934
20
289.432852
70
0
0
VERTEX
8
Layer 1
10
171.838164
20
291.606295
70
0
0
VERTEX
8
Layer 1
10
171.859661
20
292.891178
70
0
0
VERTEX
8
Layer 1
10
172.142435
20
293.921400
70
0
0
VERTEX
8
Layer 1
10
172.934532
20
295.222821
70
0
0
VERTEX
8
Layer 1
10
174.483999
20
297.321298
70
0
0
VERTEX
8
Layer 1
10
177.306223
20
300.919634
70
0
0
VERTEX
8
Layer 1
10
179.740391
20
300.037689
70
0
0
VERTEX
8
Layer 1
10
179.740391
20
300.037689
70
0
0
SEQEND
8
Layer 1
0
POLYLINE
8
Layer 1
62
7
70
0
10
0.000000
20
0.000000
66
1
0
VERTEX
8
Layer 1
10
754.309920
20
297.674076
70
0
0
VERTEX
8
Layer 1
10
757.872977
20
294.887130
70
0
0
VERTEX
8
Layer 1
10
758.095875
20
294.654793
70
0
0
VERTEX
8
Layer 1
10
758.075274
20
294.351349
70
0
0
VERTEX
8
Layer 1
10
757.650355
20
293.852774
70
0
0
VERTEX
8
Layer 1
10
756.660303
20
293.035046
70
0
0
VERTEX
8
Layer 1
10
752.341529
20
289.946033
70
0
0
VERTEX
8
Layer 1
10
743.832413
20
284.092123
70
0
0
VERTEX
8
Layer 1
10
736.353519
20
278.906287
70
0
0
VERTEX
8
Layer 1
10
734.995324
20
278.072849
70
0
0
VERTEX
8
Layer 1
10
734.617190
20
277.958747
70
0
0
VERTEX
8
Layer 1
10
734.483796
20
278.059620
70
0
0
VERTEX
8
Layer 1
10
735.647963
20
282.504622
70
0
0
VERTEX
8
Layer 1
10
736.776853
20
286.491014
70
0
0
VERTEX
8
Layer 1
10
744.008802
20
293.158518
70
0
0
VERTEX
8
Layer 1
10
751.346584
20
299.861300
70
0
0
VERTEX
8
Layer 1
10
754.309920
20
297.674076
70
0
0
VERTEX
8
Layer 1
10
754.309920
20
297.674076
70
0
0
SEQEND
8
Layer 1
0
POLYLINE
8
Layer 1
62
7
70
0
10
0.000000
20
0.000000
66
1
0
VERTEX
8
Layer 1
10
153.035096
20
288.149070
70
0
0
VERTEX
8
Layer 1
10
151.835651
20
287.866848
70
0
0
VERTEX
8
Layer 1
10
149.930650
20
287.619903
70
0
0
VERTEX
8
Layer 1
10
148.766483
20
287.408237
70
0
0
VERTEX
8
Layer 1
10
148.978149
20
288.748793
70
0
0
VERTEX
8
Layer 1
10
150.142317
20
294.181574
70
0
0
VERTEX
8
Layer 1
10
151.130095
20
298.273799
70
0
0
VERTEX
8
Layer 1
10
152.294263
20
293.370185
70
0
0
VERTEX
8
Layer 1
10
153.127701
20
289.410252
70
0
0
VERTEX
8
Layer 1
10
153.182271
20
288.528307
70
0
0
VERTEX
8
Layer 1
10
153.035096
20
288.149070
70
0
0
VERTEX
8
Layer 1
10
153.035096
20
288.149070
70
0
0
SEQEND
8
Layer 1
0
POLYLINE
8
Layer 1
62
7
70
0
10
0.000000
20
0.000000
66
1
0
VERTEX
8
Layer 1
10
661.352917
20
294.111019
70
0
0
VERTEX
8
Layer 1
10
664.880697
20
287.866848
70
0
0
VERTEX
8
Layer 1
10
665.639169
20
286.358722
70
0
0
VERTEX
8
Layer 1
10
665.753822
20
285.991612
70
0
0
VERTEX
8
Layer 1
10
665.656808
20
285.961847
70
0
0
VERTEX
8
Layer 1
10
660.753194
20
289.630738
70
0
0
VERTEX
8
Layer 1
10
655.355691
20
293.722963
70
0
0
VERTEX
8
Layer 1
10
654.403190
20
294.534352
70
0
0
VERTEX
8
Layer 1
10
656.519858
20
296.298242
70
0
0
VERTEX
8
Layer 1
10
658.918748
20
298.097410
70
0
0
VERTEX
8
Layer 1
10
659.738957
20
296.924423
70
0
0
VERTEX
8
Layer 1
10
661.352917
20
294.111019
70
0
0
VERTEX
8
Layer 1
10
661.352917
20
294.111019
70
0
0
SEQEND
8
Layer 1
0
POLYLINE
8
Layer 1
62
7
70
0
10
0.000000
20
0.000000
66
1
0
VERTEX
8
Layer 1
10
134.549529
20
291.747406
70
0
0
VERTEX
8
Layer 1
10
140.405644
20
285.467958
70
0
0
VERTEX
8
Layer 1
10
139.664810
20
284.987298
70
0
0
VERTEX
8
Layer 1
10
137.865642
20
284.162679
70
0
0
VERTEX
8
Layer 1
10
134.827342
20
282.610456
70
0
0
VERTEX
8
Layer 1
10
131.127583
20
280.317399
70
0
0
VERTEX
8
Layer 1
10
128.018726
20
278.430037
70
0
0
VERTEX
8
Layer 1
10
127.084416
20
277.975835
70
0
0
VERTEX
8
Layer 1
10
126.682580
20
277.918508
70
0
0
VERTEX
8
Layer 1
10
124.177856
20
285.926569
70
0
0
VERTEX
8
Layer 1
10
122.510980
20
291.950253
70
0
0
VERTEX
8
Layer 1
10
122.233167
20
293.437433
70
0
0
VERTEX
8
Layer 1
10
122.272855
20
294.111019
70
0
0
VERTEX
8
Layer 1
10
123.264492
20
294.926267
70
0
0
VERTEX
8
Layer 1
10
125.152405
20
296.135082
70
0
0
VERTEX
8
Layer 1
10
127.099850
20
297.231450
70
0
0
VERTEX
8
Layer 1
10
128.270081
20
297.709354
70
0
0
VERTEX
8
Layer 1
10
130.272096
20
295.971923
70
0
0
VERTEX
8
Layer 1
10
134.549529
20
291.747406
70
0
0
VERTEX
8
Layer 1
10
134.549529
20
291.747406
70
0
0
SEQEND
8
Layer 1
0
POLYLINE
8
Layer 1
62
7
70
0
10
0.000000
20
0.000000
66
1
0
VERTEX
8
Layer 1
10
188.383452
20
296.016020
70
0
0
VERTEX
8
Layer 1
10
190.482481
20
294.701922
70
0
0
VERTEX
8
Layer 1
10
191.311509
20
293.969907
70
0
0
VERTEX
8
Layer 1
10
186.760673
20
277.565730
70
0
0
VERTEX
8
Layer 1
10
185.794943
20
278.011113
70
0
0
VERTEX
8
Layer 1
10
183.691505
20
279.435454
70
0
0
VERTEX
8
Layer 1
10
180.481225
20
281.508025
70
0
0
VERTEX
8
Layer 1
10
176.847611
20
283.527679
70
0
0
VERTEX
8
Layer 1
10
174.034207
20
284.978478
70
0
0
VERTEX
8
Layer 1
10
172.861220
20
285.714902
70
0
0
VERTEX
8
Layer 1
10
174.718817
20
287.758259
70
0
0
VERTEX
8
Layer 1
10
178.831988
20
291.875288
70
0
0
VERTEX
8
Layer 1
10
183.011305
20
295.919557
70
0
0
VERTEX
8
Layer 1
10
185.067339
20
297.744632
70
0
0
VERTEX
8
Layer 1
10
188.383452
20
296.016020
70
0
0
VERTEX
8
Layer 1
10
188.383452
20
296.016020
70
0
0
SEQEND
8
Layer 1
0
POLYLINE
8
Layer 1
62
7
70
0
10
0.000000
20
0.000000
66
1
0
VERTEX
8
Layer 1
10
464.996682
20
293.864074
70
0
0
VERTEX
8
Layer 1
10
465.503800
20
293.358058
70
0
0
VERTEX
8
Layer 1
10
465.693418
20
292.752823
70
0
0
VERTEX
8
Layer 1
10
465.552307
20
292.306339
70
0
0
VERTEX
8
Layer 1
10
465.353594
20
292.223243
70
0
0
VERTEX
8
Layer 1
10
465.067237
20
292.276573
70
0
0
VERTEX
8
Layer 1
10
463.537063
20
292.735184
70
0
0
VERTEX
8
Layer 1
10
463.058056
20
292.683370
70
0
0
VERTEX
8
Layer 1
10
462.668347
20
292.452962
70
0
0
VERTEX
8
Layer 1
10
462.237848
20
291.932063
70
0
0
VERTEX
8
Layer 1
10
462.214145
20
291.434316
70
0
0
VERTEX
8
Layer 1
10
462.593933
20
290.969641
70
0
0
VERTEX
8
Layer 1
10
463.373903
20
290.547961
70
0
0
VERTEX
8
Layer 1
10
464.361681
20
289.926190
70
0
0
VERTEX
8
Layer 1
10
464.554607
20
289.550812
70
0
0
VERTEX
8
Layer 1
10
464.608626
20
289.066293
70
0
0
VERTEX
8
Layer 1
10
464.493973
20
288.373966
70
0
0
VERTEX
8
Layer 1
10
464.310970
20
288.307269
70
0
0
VERTEX
8
Layer 1
10
464.008903
20
288.396015
70
0
0
VERTEX
8
Layer 1
10
463.121997
20
288.680442
70
0
0
VERTEX
8
Layer 1
10
462.469909
20
288.687057
70
0
0
VERTEX
8
Layer 1
10
462.049332
20
288.415859
70
0
0
VERTEX
8
Layer 1
10
461.856958
20
287.866848
70
0
0
VERTEX
8
Layer 1
10
461.866879
20
287.417056
70
0
0
VERTEX
8
Layer 1
10
462.015708
20
287.046639
70
0
0
VERTEX
8
Layer 1
10
462.809458
20
286.385180
70
0
0
VERTEX
8
Layer 1
10
463.576750
20
285.785458
70
0
0
VERTEX
8
Layer 1
10
463.692506
20
285.462445
70
0
0
VERTEX
8
Layer 1
10
463.656125
20
285.079902
70
0
0
VERTEX
8
Layer 1
10
463.480839
20
284.588217
70
0
0
VERTEX
8
Layer 1
10
463.259250
20
284.374346
70
0
0
VERTEX
8
Layer 1
10
462.971516
20
284.425058
70
0
0
VERTEX
8
Layer 1
10
462.597791
20
284.727124
70
0
0
VERTEX
8
Layer 1
10
462.092878
20
284.990605
70
0
0
VERTEX
8
Layer 1
10
461.601194
20
284.877054
70
0
0
VERTEX
8
Layer 1
10
461.228572
20
284.459233
70
0
0
VERTEX
8
Layer 1
10
461.080846
20
283.809901
70
0
0
VERTEX
8
Layer 1
10
461.283693
20
283.047019
70
0
0
VERTEX
8
Layer 1
10
461.962791
20
282.575178
70
0
0
VERTEX
8
Layer 1
10
462.588972
20
282.262088
70
0
0
VERTEX
8
Layer 1
10
462.844736
20
281.975455
70
0
0
VERTEX
8
Layer 1
10
462.712995
20
281.497000
70
0
0
VERTEX
8
Layer 1
10
462.399354
20
281.137608
70
0
0
VERTEX
8
Layer 1
10
461.946806
20
280.923736
70
0
0
VERTEX
8
Layer 1
10
461.398346
20
280.881844
70
0
0
VERTEX
8
Layer 1
10
460.697200
20
280.789239
70
0
0
VERTEX
8
Layer 1
10
460.445846
20
280.141010
70
0
0
VERTEX
8
Layer 1
10
460.516401
20
279.382537
70
0
0
VERTEX
8
Layer 1
10
460.904457
20
278.835731
70
0
0
VERTEX
8
Layer 1
10
461.269913
20
278.248135
70
0
0
VERTEX
8
Layer 1
10
461.235186
20
277.468716
70
0
0
VERTEX
8
Layer 1
10
460.849887
20
276.702527
70
0
0
VERTEX
8
Layer 1
10
460.163623
20
276.154618
70
0
0
VERTEX
8
Layer 1
10
459.568310
20
275.788611
70
0
0
VERTEX
8
Layer 1
10
459.316956
20
275.449062
70
0
0
VERTEX
8
Layer 1
10
459.216566
20
275.205632
70
0
0
VERTEX
8
Layer 1
10
458.950398
20
275.188337
70
0
0
VERTEX
8
Layer 1
10
458.130740
20
275.665139
70
0
0
VERTEX
8
Layer 1
10
457.278009
20
276.545430
70
0
0
VERTEX
8
Layer 1
10
456.812232
20
277.495175
70
0
0
VERTEX
8
Layer 1
10
456.851920
20
278.187502
70
0
0
VERTEX
8
Layer 1
10
457.129732
20
278.800453
70
0
0
VERTEX
8
Layer 1
10
457.501803
20
279.529160
70
0
0
VERTEX
8
Layer 1
10
457.486920
20
280.238024
70
0
0
VERTEX
8
Layer 1
10
457.134693
20
280.774908
70
0
0
VERTEX
8
Layer 1
10
456.494732
20
280.987677
70
0
0
VERTEX
8
Layer 1
10
455.804610
20
281.175090
70
0
0
VERTEX
8
Layer 1
10
455.498134
20
281.640316
70
0
0
VERTEX
8
Layer 1
10
455.601763
20
282.237834
70
0
0
VERTEX
8
Layer 1
10
456.141954
20
282.822123
70
0
0
VERTEX
8
Layer 1
10
456.657892
20
283.404206
70
0
0
VERTEX
8
Layer 1
10
456.776954
20
284.092123
70
0
0
VERTEX
8
Layer 1
10
456.682697
20
284.479628
70
0
0
VERTEX
8
Layer 1
10
456.472683
20
284.705075
70
0
0
VERTEX
8
Layer 1
10
455.506954
20
284.762402
70
0
0
VERTEX
8
Layer 1
10
454.598550
20
284.837367
70
0
0
VERTEX
8
Layer 1
10
454.425469
20
285.035253
70
0
0
VERTEX
8
Layer 1
10
454.378064
20
285.362124
70
0
0
VERTEX
8
Layer 1
10
454.651467
20
285.992715
70
0
0
VERTEX
8
Layer 1
10
455.295287
20
286.596847
70
0
0
VERTEX
8
Layer 1
10
455.934697
20
287.258306
70
0
0
VERTEX
8
Layer 1
10
456.071398
20
287.972681
70
0
0
VERTEX
8
Layer 1
10
455.959502
20
288.375620
70
0
0
VERTEX
8
Layer 1
10
455.731850
20
288.603272
70
0
0
VERTEX
8
Layer 1
10
454.625009
20
288.678237
70
0
0
VERTEX
8
Layer 1
10
453.668649
20
288.757612
70
0
0
VERTEX
8
Layer 1
10
453.297681
20
289.101571
70
0
0
VERTEX
8
Layer 1
10
453.528641
20
289.630738
70
0
0
VERTEX
8
Layer 1
10
454.378064
20
290.265738
70
0
0
VERTEX
8
Layer 1
10
455.202683
20
290.927197
70
0
0
VERTEX
8
Layer 1
10
455.355369
20
291.297614
70
0
0
VERTEX
8
Layer 1
10
455.365842
20
291.747406
70
0
0
VERTEX
8
Layer 1
10
455.261663
20
292.225861
70
0
0
VERTEX
8
Layer 1
10
455.035113
20
292.479420
70
0
0
VERTEX
8
Layer 1
10
453.778341
20
292.523518
70
0
0
VERTEX
8
Layer 1
10
452.828597
20
292.568166
70
0
0
VERTEX
8
Layer 1
10
452.318722
20
292.801330
70
0
0
VERTEX
8
Layer 1
10
452.265255
20
293.213088
70
0
0
VERTEX
8
Layer 1
10
452.684730
20
293.793518
70
0
0
VERTEX
8
Layer 1
10
453.323726
20
293.970183
70
0
0
VERTEX
8
Layer 1
10
454.687847
20
294.102199
70
0
0
VERTEX
8
Layer 1
10
458.655497
20
294.225671
70
0
0
VERTEX
8
Layer 1
10
462.715752
20
294.150706
70
0
0
VERTEX
8
Layer 1
10
464.996682
20
293.864074
70
0
0
VERTEX
8
Layer 1
10
464.996682
20
293.864074
70
0
0
SEQEND
8
Layer 1
0
POLYLINE
8
Layer 1
62
7
70
0
10
0.000000
20
0.000000
66
1
0
VERTEX
8
Layer 1
10
197.026513
20
289.877683
70
0
0
VERTEX
8
Layer 1
10
198.049569
20
288.995738
70
0
0
VERTEX
8
Layer 1
10
196.003457
20
284.586013
70
0
0
VERTEX
8
Layer 1
10
193.957344
20
280.176288
70
0
0
VERTEX
8
Layer 1
10
191.487898
20
279.082676
70
0
0
VERTEX
8
Layer 1
10
189.538800
20
278.324203
70
0
0
VERTEX
8
Layer 1
10
189.235631
20
278.348457
70
0
0
VERTEX
8
Layer 1
10
189.230119
20
278.624064
70
0
0
VERTEX
8
Layer 1
10
191.029287
20
285.221013
70
0
0
VERTEX
8
Layer 1
10
192.969566
20
292.029628
70
0
0
VERTEX
8
Layer 1
10
193.322344
20
292.841018
70
0
0
VERTEX
8
Layer 1
10
194.662900
20
291.782684
70
0
0
VERTEX
8
Layer 1
10
197.026513
20
289.877683
70
0
0
VERTEX
8
Layer 1
10
197.026513
20
289.877683
70
0
0
SEQEND
8
Layer 1
0
POLYLINE
8
Layer 1
62
7
70
0
10
0.000000
20
0.000000
66
1
0
VERTEX
8
Layer 1
10
655.920135
20
290.759628
70
0
0
VERTEX
8
Layer 1
10
664.810141
20
284.202367
70
0
0
VERTEX
8
Layer 1
10
667.756940
20
281.844817
70
0
0
VERTEX
8
Layer 1
10
669.149310
20
280.529066
70
0
0
VERTEX
8
Layer 1
10
679.873762
20
262.466832
70
0
0
VERTEX
8
Layer 1
10
681.791992
20
258.934642
70
0
0
VERTEX
8
Layer 1
10
682.200443
20
257.967259
70
0
0
VERTEX
8
Layer 1
10
682.202096
20
257.598496
70
0
0
VERTEX
8
Layer 1
10
679.856123
20
258.039468
70
0
0
VERTEX
8
Layer 1
10
674.864314
20
259.221274
70
0
0
VERTEX
8
Layer 1
10
668.020421
20
260.914609
70
0
0
VERTEX
8
Layer 1
10
658.036803
20
273.226561
70
0
0
VERTEX
8
Layer 1
10
647.453463
20
286.385180
70
0
0
VERTEX
8
Layer 1
10
647.175651
20
286.908284
70
0
0
VERTEX
8
Layer 1
10
647.321172
20
287.474382
70
0
0
VERTEX
8
Layer 1
10
648.088464
20
288.404283
70
0
0
VERTEX
8
Layer 1
10
649.675965
20
290.018794
70
0
0
VERTEX
8
Layer 1
10
651.713258
20
291.981121
70
0
0
VERTEX
8
Layer 1
10
652.745133
20
292.805740
70
0
0
VERTEX
8
Layer 1
10
655.920135
20
290.759628
70
0
0
VERTEX
8
Layer 1
10
655.920135
20
290.759628
70
0
0
SEQEND
8
Layer 1
0
POLYLINE
8
Layer 1
62
7
70
0
10
0.000000
20
0.000000
66
1
0
VERTEX
8
Layer 1
10
762.388536
20
290.442127
70
0
0
VERTEX
8
Layer 1
10
764.695924
20
288.062530
70
0
0
VERTEX
8
Layer 1
10
765.232395
20
287.237980
70
0
0
VERTEX
8
Layer 1
10
765.316593
20
286.433687
70
0
0
VERTEX
8
Layer 1
10
764.917926
20
285.482220
70
0
0
VERTEX
8
Layer 1
10
764.005802
20
284.216147
70
0
0
VERTEX
8
Layer 1
10
760.518812
20
280.070454
70
0
0
VERTEX
8
Layer 1
10
751.558251
20
269.169614
70
0
0
VERTEX
8
Layer 1
10
746.795748
20
263.419333
70
0
0
VERTEX
8
Layer 1
10
745.596303
20
262.078776
70
0
0
VERTEX
8
Layer 1
10
737.658798
20
260.702942
70
0
0
VERTEX
8
Layer 1
10
729.615460
20
259.468219
70
0
0
VERTEX
8
Layer 1
10
730.079583
20
261.763481
70
0
0
VERTEX
8
Layer 1
10
731.344072
20
266.664890
70
0
0
VERTEX
8
Layer 1
10
732.740852
20
271.672133
70
0
0
VERTEX
8
Layer 1
10
733.601851
20
274.284895
70
0
0
VERTEX
8
Layer 1
10
736.481401
20
276.551494
70
0
0
VERTEX
8
Layer 1
10
742.774079
20
280.987677
70
0
0
VERTEX
8
Layer 1
10
755.615198
20
289.877683
70
0
0
VERTEX
8
Layer 1
10
759.883812
20
292.770462
70
0
0
VERTEX
8
Layer 1
10
762.388536
20
290.442127
70
0
0
VERTEX
8
Layer 1
10
762.388536
20
290.442127
70
0
0
SEQEND
8
Layer 1
0
POLYLINE
8
Layer 1
62
7
70
0
10
0.000000
20
0.000000
66
1
0
VERTEX
8
Layer 1
10
122.308133
20
285.326846
70
0
0
VERTEX
8
Layer 1
10
124.389523
20
278.059620
70
0
0
VERTEX
8
Layer 1
10
121.849521
20
279.117954
70
0
0
VERTEX
8
Layer 1
10
119.415353
20
280.282121
70
0
0
VERTEX
8
Layer 1
10
117.616185
20
284.021568
70
0
0
VERTEX
8
Layer 1
10
116.143888
20
287.094595
70
0
0
VERTEX
8
Layer 1
10
115.767615
20
288.045511
70
0
0
VERTEX
8
Layer 1
10
115.627399
20
288.735564
70
0
0
VERTEX
8
Layer 1
10
115.720348
20
289.261906
70
0
0
VERTEX
8
Layer 1
10
116.043567
20
289.721689
70
0
0
VERTEX
8
Layer 1
10
117.369241
20
290.830183
70
0
0
VERTEX
8
Layer 1
10
119.768131
20
292.452962
70
0
0
VERTEX
8
Layer 1
10
120.667715
20
290.358343
70
0
0
VERTEX
8
Layer 1
10
122.308133
20
285.326846
70
0
0
VERTEX
8
Layer 1
10
122.308133
20
285.326846
70
0
0
SEQEND
8
Layer 1
0
POLYLINE
8
Layer 1
62
7
70
0
10
0.000000
20
0.000000
66
1
0
VERTEX
8
Layer 1
10
145.803147
20
287.126014
70
0
0
VERTEX
8
Layer 1
10
144.286202
20
286.632125
70
0
0
VERTEX
8
Layer 1
10
143.051479
20
286.420458
70
0
0
VERTEX
8
Layer 1
10
143.157312
20
288.113793
70
0
0
VERTEX
8
Layer 1
10
143.307794
20
289.706806
70
0
0
VERTEX
8
Layer 1
10
143.567417
20
290.353933
70
0
0
VERTEX
8
Layer 1
10
143.772262
20
290.345527
70
0
0
VERTEX
8
Layer 1
10
144.045321
20
290.127934
70
0
0
VERTEX
8
Layer 1
10
144.850647
20
289.101571
70
0
0
VERTEX
8
Layer 1
10
145.631168
20
287.809522
70
0
0
VERTEX
8
Layer 1
10
145.803147
20
287.126014
70
0
0
VERTEX
8
Layer 1
10
145.803147
20
287.126014
70
0
0
SEQEND
8
Layer 1
0
POLYLINE
8
Layer 1
62
7
70
0
10
0.000000
20
0.000000
66
1
0
VERTEX
8
Layer 1
10
170.038996
20
289.136849
70
0
0
VERTEX
8
Layer 1
10
170.109552
20
287.858029
70
0
0
VERTEX
8
Layer 1
10
170.285941
20
286.949625
70
0
0
VERTEX
8
Layer 1
10
170.352086
20
286.641496
70
0
0
VERTEX
8
Layer 1
10
170.233024
20
286.495424
70
0
0
VERTEX
8
Layer 1
10
169.121773
20
286.596847
70
0
0
VERTEX
8
Layer 1
10
167.463717
20
287.126014
70
0
0
VERTEX
8
Layer 1
10
167.618608
20
287.816687
70
0
0
VERTEX
8
Layer 1
10
168.305974
20
289.026606
70
0
0
VERTEX
8
Layer 1
10
169.145475
20
290.176993
70
0
0
VERTEX
8
Layer 1
10
169.756774
20
290.689072
70
0
0
VERTEX
8
Layer 1
10
169.950801
20
290.230461
70
0
0
VERTEX
8
Layer 1
10
170.038996
20
289.136849
70
0
0
VERTEX
8
Layer 1
10
170.038996
20
289.136849
70
0
0
SEQEND
8
Layer 1
0
POLYLINE
8
Layer 1
62
7
70
0
10
0.000000
20
0.000000
66
1
0
VERTEX
8
Layer 1
10
705.908778
20
286.244069
70
0
0
VERTEX
8
Layer 1
10
707.002390
20
282.751567
70
0
0
VERTEX
8
Layer 1
10
706.085167
20
280.352677
70
0
0
VERTEX
8
Layer 1
10
705.339923
20
278.725488
70
0
0
VERTEX
8
Layer 1
10
704.885722
20
278.130175
70
0
0
VERTEX
8
Layer 1
10
703.650999
20
280.423232
70
0
0
VERTEX
8
Layer 1
10
702.627943
20
282.539900
70
0
0
VERTEX
8
Layer 1
10
703.615721
20
286.279347
70
0
0
VERTEX
8
Layer 1
10
704.709333
20
289.877683
70
0
0
VERTEX
8
Layer 1
10
705.908778
20
286.244069
70
0
0
VERTEX
8
Layer 1
10
705.908778
20
286.244069
70
0
0
SEQEND
8
Layer 1
0
POLYLINE
8
Layer 1
62
7
70
0
10
0.000000
20
0.000000
66
1
0
VERTEX
8
Layer 1
10
116.310907
20
281.657955
70
0
0
VERTEX
8
Layer 1
10
113.312294
20
282.822123
70
0
0
VERTEX
8
Layer 1
10
110.384236
20
284.092123
70
0
0
VERTEX
8
Layer 1
10
112.077571
20
285.820736
70
0
0
VERTEX
8
Layer 1
10
113.770905
20
287.514070
70
0
0
VERTEX
8
Layer 1
10
115.076184
20
284.656568
70
0
0
VERTEX
8
Layer 1
10
116.310907
20
281.657955
70
0
0
VERTEX
8
Layer 1
10
116.310907
20
281.657955
70
0
0
SEQEND
8
Layer 1
0
POLYLINE
8
Layer 1
62
7
70
0
10
0.000000
20
0.000000
66
1
0
VERTEX
8
Layer 1
10
202.494572
20
284.303790
70
0
0
VERTEX
8
Layer 1
10
201.708539
20
283.802184
70
0
0
VERTEX
8
Layer 1
10
199.963390
20
282.989692
70
0
0
VERTEX
8
Layer 1
10
198.178554
20
282.269805
70
0
0
VERTEX
8
Layer 1
10
197.273458
20
282.046011
70
0
0
VERTEX
8
Layer 1
10
197.489534
20
282.941185
70
0
0
VERTEX
8
Layer 1
10
198.261236
20
284.868235
70
0
0
VERTEX
8
Layer 1
10
199.425403
20
287.549348
70
0
0
VERTEX
8
Layer 1
10
200.977627
20
286.032402
70
0
0
VERTEX
8
Layer 1
10
202.494572
20
284.303790
70
0
0
VERTEX
8
Layer 1
10
202.494572
20
284.303790
70
0
0
SEQEND
8
Layer 1
0
POLYLINE
8
Layer 1
62
7
70
0
10
0.000000
20
0.000000
66
1
0
VERTEX
8
Layer 1
10
653.415412
20
275.872396
70
0
0
VERTEX
8
Layer 1
10
662.764029
20
264.235132
70
0
0
VERTEX
8
Layer 1
10
664.220340
20
262.333989
70
0
0
VERTEX
8
Layer 1
10
664.492641
20
261.831832
70
0
0
VERTEX
8
Layer 1
10
660.047638
20
262.854888
70
0
0
VERTEX
8
Layer 1
10
655.743746
20
264.019055
70
0
0
VERTEX
8
Layer 1
10
650.769577
20
268.781558
70
0
0
VERTEX
8
Layer 1
10
643.220127
20
275.978229
70
0
0
VERTEX
8
Layer 1
10
641.403321
20
277.786217
70
0
0
VERTEX
8
Layer 1
10
640.644848
20
278.694620
70
0
0
VERTEX
8
Layer 1
10
642.272037
20
281.208163
70
0
0
VERTEX
8
Layer 1
10
644.772351
20
284.409624
70
0
0
VERTEX
8
Layer 1
10
645.654296
20
285.326846
70
0
0
VERTEX
8
Layer 1
10
646.606796
20
284.233235
70
0
0
VERTEX
8
Layer 1
10
653.415412
20
275.872396
70
0
0
VERTEX
8
Layer 1
10
653.415412
20
275.872396
70
0
0
SEQEND
8
Layer 1
0
POLYLINE
8
Layer 1
62
7
70
0
10
0.000000
20
0.000000
66
1
0
VERTEX
8
Layer 1
10
359.022171
20
283.880457
70
0
0
VERTEX
8
Layer 1
10
359.957032
20
282.041601
70
0
0
VERTEX
8
Layer 1
10
361.103561
20
279.223787
70
0
0
VERTEX
8
Layer 1
10
362.263318
20
276.366285
70
0
0
VERTEX
8
Layer 1
10
363.184951
20
274.461284
70
0
0
VERTEX
8
Layer 1
10
364.152886
20
273.201756
70
0
0
VERTEX
8
Layer 1
10
365.398633
20
271.925692
70
0
0
VERTEX
8
Layer 1
10
366.816360
20
270.735618
70
0
0
VERTEX
8
Layer 1
10
368.300232
20
269.734059
70
0
0
VERTEX
8
Layer 1
10
369.887733
20
268.816836
70
0
0
VERTEX
8
Layer 1
10
368.088565
20
268.816836
70
0
0
VERTEX
8
Layer 1
10
365.896932
20
268.658086
70
0
0
VERTEX
8
Layer 1
10
363.149673
20
268.287669
70
0
0
VERTEX
8
Layer 1
10
360.358317
20
267.904023
70
0
0
VERTEX
8
Layer 1
10
359.711741
20
268.034661
70
0
0
VERTEX
8
Layer 1
10
359.128004
20
268.393502
70
0
0
VERTEX
8
Layer 1
10
358.131406
20
269.504753
70
0
0
VERTEX
8
Layer 1
10
356.976058
20
271.251004
70
0
0
VERTEX
8
Layer 1
10
355.290992
20
273.784391
70
0
0
VERTEX
8
Layer 1
10
354.481325
20
274.654209
70
0
0
VERTEX
8
Layer 1
10
353.629077
20
275.299132
70
0
0
VERTEX
8
Layer 1
10
352.685878
20
275.748924
70
0
0
VERTEX
8
Layer 1
10
351.603360
20
276.033351
70
0
0
VERTEX
8
Layer 1
10
348.826886
20
276.225174
70
0
0
VERTEX
8
Layer 1
10
345.898829
20
276.260452
70
0
0
VERTEX
8
Layer 1
10
348.756331
20
277.742119
70
0
0
VERTEX
8
Layer 1
10
351.176719
20
279.169768
70
0
0
VERTEX
8
Layer 1
10
353.567341
20
280.855385
70
0
0
VERTEX
8
Layer 1
10
355.607390
20
282.554232
70
0
0
VERTEX
8
Layer 1
10
356.976058
20
284.021568
70
0
0
VERTEX
8
Layer 1
10
357.999114
20
285.044624
70
0
0
VERTEX
8
Layer 1
10
358.404809
20
284.700665
70
0
0
VERTEX
8
Layer 1
10
359.022171
20
283.880457
70
0
0
VERTEX
8
Layer 1
10
359.022171
20
283.880457
70
0
0
SEQEND
8
Layer 1
0
POLYLINE
8
Layer 1
62
7
70
0
10
0.000000
20
0.000000
66
1
0
VERTEX
8
Layer 1
10
770.008541
20
281.375733
70
0
0
VERTEX
8
Layer 1
10
771.582812
20
279.069447
70
0
0
VERTEX
8
Layer 1
10
772.231042
20
277.847953
70
0
0
VERTEX
8
Layer 1
10
770.643541
20
276.130916
70
0
0
VERTEX
8
Layer 1
10
766.912914
20
272.498956
70
0
0
VERTEX
8
Layer 1
10
759.213534
20
265.430167
70
0
0
VERTEX
8
Layer 1
10
758.414271
20
264.888873
70
0
0
VERTEX
8
Layer 1
10
757.343810
20
264.433569
70
0
0
VERTEX
8
Layer 1
10
753.463252
20
263.489888
70
0
0
VERTEX
8
Layer 1
10
750.279431
20
262.885756
70
0
0
VERTEX
8
Layer 1
10
748.947694
20
262.784332
70
0
0
VERTEX
8
Layer 1
10
753.463252
20
268.464058
70
0
0
VERTEX
8
Layer 1
10
763.460099
20
280.440871
70
0
0
VERTEX
8
Layer 1
10
766.257518
20
283.575083
70
0
0
VERTEX
8
Layer 1
10
767.397983
20
284.586013
70
0
0
VERTEX
8
Layer 1
10
768.319616
20
283.589415
70
0
0
VERTEX
8
Layer 1
10
770.008541
20
281.375733
70
0
0
VERTEX
8
Layer 1
10
770.008541
20
281.375733
70
0
0
SEQEND
8
Layer 1
0
POLYLINE
8
Layer 1
62
7
70
0
10
0.000000
20
0.000000
66
1
0
VERTEX
8
Layer 1
10
732.861017
20
279.647121
70
0
0
VERTEX
8
Layer 1
10
731.873239
20
275.942952
70
0
0
VERTEX
8
Layer 1
10
729.509626
20
274.320173
70
0
0
VERTEX
8
Layer 1
10
727.004902
20
272.697394
70
0
0
VERTEX
8
Layer 1
10
727.004902
20
273.482325
70
0
0
VERTEX
8
Layer 1
10
727.216569
20
275.378507
70
0
0
VERTEX
8
Layer 1
10
727.604625
20
278.094897
70
0
0
VERTEX
8
Layer 1
10
730.603238
20
280.846566
70
0
0
VERTEX
8
Layer 1
10
732.737545
20
282.751567
70
0
0
VERTEX
8
Layer 1
10
733.707684
20
283.492401
70
0
0
VERTEX
8
Layer 1
10
732.861017
20
279.647121
70
0
0
VERTEX
8
Layer 1
10
732.861017
20
279.647121
70
0
0
SEQEND
8
Layer 1
0
POLYLINE
8
Layer 1
62
7
70
0
10
0.000000
20
0.000000
66
1
0
VERTEX
8
Layer 1
10
113.277016
20
280.705455
70
0
0
VERTEX
8
Layer 1
10
117.651463
20
278.835731
70
0
0
VERTEX
8
Layer 1
10
118.921464
20
276.225174
70
0
0
VERTEX
8
Layer 1
10
120.120909
20
273.473506
70
0
0
VERTEX
8
Layer 1
10
117.856515
20
274.060550
70
0
0
VERTEX
8
Layer 1
10
112.985974
20
275.550486
70
0
0
VERTEX
8
Layer 1
10
108.075745
20
277.139641
70
0
0
VERTEX
8
Layer 1
10
105.692289
20
278.024342
70
0
0
VERTEX
8
Layer 1
10
106.039003
20
278.824707
70
0
0
VERTEX
8
Layer 1
10
107.037255
20
280.379135
70
0
0
VERTEX
8
Layer 1
10
108.147954
20
281.893875
70
0
0
VERTEX
8
Layer 1
10
108.832013
20
282.575178
70
0
0
VERTEX
8
Layer 1
10
113.277016
20
280.705455
70
0
0
VERTEX
8
Layer 1
10
113.277016
20
280.705455
70
0
0
SEQEND
8
Layer 1
0
POLYLINE
8
Layer 1
62
7
70
0
10
0.000000
20
0.000000
66
1
0
VERTEX
8
Layer 1
10
205.775407
20
280.917121
70
0
0
VERTEX
8
Layer 1
10
206.604436
20
279.647121
70
0
0
VERTEX
8
Layer 1
10
206.798464
20
279.012120
70
0
0
VERTEX
8
Layer 1
10
202.375509
20
276.957188
70
0
0
VERTEX
8
Layer 1
10
196.497346
20
274.531840
70
0
0
VERTEX
8
Layer 1
10
194.285869
20
273.743601
70
0
0
VERTEX
8
Layer 1
10
193.677051
20
273.588021
70
0
0
VERTEX
8
Layer 1
10
193.357622
20
273.623436
70
0
0
VERTEX
8
Layer 1
10
193.296161
20
273.873826
70
0
0
VERTEX
8
Layer 1
10
193.461250
20
274.363168
70
0
0
VERTEX
8
Layer 1
10
194.345400
20
276.154618
70
0
0
VERTEX
8
Layer 1
10
195.756512
20
278.941565
70
0
0
VERTEX
8
Layer 1
10
199.742904
20
280.740732
70
0
0
VERTEX
8
Layer 1
10
204.152629
20
282.539900
70
0
0
VERTEX
8
Layer 1
10
204.792039
20
282.085699
70
0
0
VERTEX
8
Layer 1
10
205.775407
20
280.917121
70
0
0
VERTEX
8
Layer 1
10
205.775407
20
280.917121
70
0
0
SEQEND
8
Layer 1
0
POLYLINE
8
Layer 1
62
7
70
0
10
0.000000
20
0.000000
66
1
0
VERTEX
8
Layer 1
10
702.874887
20
277.424619
70
0
0
VERTEX
8
Layer 1
10
703.792110
20
275.061007
70
0
0
VERTEX
8
Layer 1
10
703.319718
20
273.526974
70
0
0
VERTEX
8
Layer 1
10
702.261935
20
270.805622
70
0
0
VERTEX
8
Layer 1
10
701.157851
20
268.209948
70
0
0
VERTEX
8
Layer 1
10
700.546552
20
267.052946
70
0
0
VERTEX
8
Layer 1
10
700.211413
20
267.335168
70
0
0
VERTEX
8
Layer 1
10
699.770441
20
268.040724
70
0
0
VERTEX
8
Layer 1
10
699.534521
20
268.712656
70
0
0
VERTEX
8
Layer 1
10
699.549955
20
269.685552
70
0
0
VERTEX
8
Layer 1
10
700.546552
20
274.214339
70
0
0
VERTEX
8
Layer 1
10
701.887109
20
279.400176
70
0
0
VERTEX
8
Layer 1
10
702.874887
20
277.424619
70
0
0
VERTEX
8
Layer 1
10
702.874887
20
277.424619
70
0
0
SEQEND
8
Layer 1
0
POLYLINE
8
Layer 1
62
7
70
0
10
0.000000
20
0.000000
66
1
0
VERTEX
8
Layer 1
10
710.283225
20
272.873783
70
0
0
VERTEX
8
Layer 1
10
711.923643
20
267.555655
70
0
0
VERTEX
8
Layer 1
10
711.930257
20
266.692451
70
0
0
VERTEX
8
Layer 1
10
711.553226
20
266.206279
70
0
0
VERTEX
8
Layer 1
10
711.028469
20
265.756487
70
0
0
VERTEX
8
Layer 1
10
710.741837
20
265.677112
70
0
0
VERTEX
8
Layer 1
10
708.378224
20
270.474893
70
0
0
VERTEX
8
Layer 1
10
706.191000
20
275.096284
70
0
0
VERTEX
8
Layer 1
10
707.002390
20
277.248230
70
0
0
VERTEX
8
Layer 1
10
707.663849
20
278.672571
70
0
0
VERTEX
8
Layer 1
10
708.060724
20
279.117954
70
0
0
VERTEX
8
Layer 1
10
710.283225
20
272.873783
70
0
0
VERTEX
8
Layer 1
10
710.283225
20
272.873783
70
0
0
SEQEND
8
Layer 1
0
POLYLINE
8
Layer 1
62
7
70
0
10
0.000000
20
0.000000
66
1
0
VERTEX
8
Layer 1
10
123.613411
20
276.154618
70
0
0
VERTEX
8
Layer 1
10
124.953968
20
275.449062
70
0
0
VERTEX
8
Layer 1
10
123.966189
20
274.426006
70
0
0
VERTEX
8
Layer 1
10
122.766744
20
273.402950
70
0
0
VERTEX
8
Layer 1
10
121.602577
20
275.378507
70
0
0
VERTEX
8
Layer 1
10
120.614798
20
277.354064
70
0
0
VERTEX
8
Layer 1
10
121.426188
20
277.071841
70
0
0
VERTEX
8
Layer 1
10
123.613411
20
276.154618
70
0
0
VERTEX
8
Layer 1
10
123.613411
20
276.154618
70
0
0
SEQEND
8
Layer 1
0
POLYLINE
8
Layer 1
62
7
70
0
10
0.000000
20
0.000000
66
1
0
VERTEX
8
Layer 1
10
192.299288
20
276.683785
70
0
0
VERTEX
8
Layer 1
10
191.417343
20
274.672951
70
0
0
VERTEX
8
Layer 1
10
190.852898
20
273.297117
70
0
0
VERTEX
8
Layer 1
10
189.794564
20
274.284895
70
0
0
VERTEX
8
Layer 1
10
188.736230
20
275.554896
70
0
0
VERTEX
8
Layer 1
10
190.314912
20
276.454480
70
0
0
VERTEX
8
Layer 1
10
192.369843
20
277.248230
70
0
0
VERTEX
8
Layer 1
10
192.466857
20
277.098300
70
0
0
VERTEX
8
Layer 1
10
192.299288
20
276.683785
70
0
0
VERTEX
8
Layer 1
10
192.299288
20
276.683785
70
0
0
SEQEND
8
Layer 1
0
POLYLINE
8
Layer 1
62
7
70
0
10
0.000000
20
0.000000
66
1
0
VERTEX
8
Layer 1
10
647.171241
20
269.416559
70
0
0
VERTEX
8
Layer 1
10
650.818084
20
265.752077
70
0
0
VERTEX
8
Layer 1
10
651.055658
20
265.254329
70
0
0
VERTEX
8
Layer 1
10
650.522632
20
265.289056
70
0
0
VERTEX
8
Layer 1
10
642.302905
20
267.229335
70
0
0
VERTEX
8
Layer 1
10
636.367415
20
268.777148
70
0
0
VERTEX
8
Layer 1
10
635.595713
20
269.208750
70
0
0
VERTEX
8
Layer 1
10
635.564845
20
269.663503
70
0
0
VERTEX
8
Layer 1
10
637.156756
20
272.917880
70
0
0
VERTEX
8
Layer 1
10
638.986791
20
276.119341
70
0
0
VERTEX
8
Layer 1
10
639.201008
20
276.242262
70
0
0
VERTEX
8
Layer 1
10
639.556197
20
276.163438
70
0
0
VERTEX
8
Layer 1
10
640.869744
20
275.255034
70
0
0
VERTEX
8
Layer 1
10
647.171241
20
269.416559
70
0
0
VERTEX
8
Layer 1
10
647.171241
20
269.416559
70
0
0
SEQEND
8
Layer 1
0
POLYLINE
8
Layer 1
62
7
70
0
10
0.000000
20
0.000000
66
1
0
VERTEX
8
Layer 1
10
111.513126
20
273.932117
70
0
0
VERTEX
8
Layer 1
10
119.732853
20
271.286282
70
0
0
VERTEX
8
Layer 1
10
120.650076
20
270.968782
70
0
0
VERTEX
8
Layer 1
10
118.286463
20
267.511557
70
0
0
VERTEX
8
Layer 1
10
116.231532
20
264.191034
70
0
0
VERTEX
8
Layer 1
10
114.547017
20
261.055720
70
0
0
VERTEX
8
Layer 1
10
113.030071
20
257.915996
70
0
0
VERTEX
8
Layer 1
10
109.043680
20
261.421727
70
0
0
VERTEX
8
Layer 1
10
101.141453
20
268.816836
70
0
0
VERTEX
8
Layer 1
10
100.153674
20
269.769337
70
0
0
VERTEX
8
Layer 1
10
102.023398
20
272.979616
70
0
0
VERTEX
8
Layer 1
10
104.069510
20
276.225174
70
0
0
VERTEX
8
Layer 1
10
111.513126
20
273.932117
70
0
0
VERTEX
8
Layer 1
10
111.513126
20
273.932117
70
0
0
SEQEND
8
Layer 1
0
POLYLINE
8
Layer 1
62
7
70
0
10
0.000000
20
0.000000
66
1
0
VERTEX
8
Layer 1
10
724.888234
20
273.226561
70
0
0
VERTEX
8
Layer 1
10
724.500179
20
270.721837
70
0
0
VERTEX
8
Layer 1
10
719.914065
20
267.617391
70
0
0
VERTEX
8
Layer 1
10
717.170113
20
265.804994
70
0
0
VERTEX
8
Layer 1
10
715.557256
20
264.971556
70
0
0
VERTEX
8
Layer 1
10
715.102641
20
264.897142
70
0
0
VERTEX
8
Layer 1
10
714.843983
20
265.037702
70
0
0
VERTEX
8
Layer 1
10
714.752344
20
265.383314
70
0
0
VERTEX
8
Layer 1
10
714.798784
20
265.924056
70
0
0
VERTEX
8
Layer 1
10
716.414397
20
267.739761
70
0
0
VERTEX
8
Layer 1
10
719.918474
20
271.162810
70
0
0
VERTEX
8
Layer 1
10
723.455625
20
274.427109
70
0
0
VERTEX
8
Layer 1
10
725.170457
20
275.766563
70
0
0
VERTEX
8
Layer 1
10
724.888234
20
273.226561
70
0
0
VERTEX
8
Layer 1
10
724.888234
20
273.226561
70
0
0
SEQEND
8
Layer 1
0
POLYLINE
8
Layer 1
62
7
70
0
10
0.000000
20
0.000000
66
1
0
VERTEX
8
Layer 1
10
775.899933
20
271.815449
70
0
0
VERTEX
8
Layer 1
10
777.042052
20
269.478295
70
0
0
VERTEX
8
Layer 1
10
777.522712
20
268.252391
70
0
0
VERTEX
8
Layer 1
10
777.381601
20
267.924969
70
0
0
VERTEX
8
Layer 1
10
776.499656
20
267.617391
70
0
0
VERTEX
8
Layer 1
10
769.761596
20
266.347390
70
0
0
VERTEX
8
Layer 1
10
762.811869
20
265.077389
70
0
0
VERTEX
8
Layer 1
10
762.000480
20
265.077389
70
0
0
VERTEX
8
Layer 1
10
767.715484
20
270.545448
70
0
0
VERTEX
8
Layer 1
10
772.372153
20
274.717048
70
0
0
VERTEX
8
Layer 1
10
773.400722
20
275.427014
70
0
0
VERTEX
8
Layer 1
10
773.685562
20
275.513279
70
0
0
VERTEX
8
Layer 1
10
773.853821
20
275.449062
70
0
0
VERTEX
8
Layer 1
10
775.899933
20
271.815449
70
0
0
VERTEX
8
Layer 1
10
775.899933
20
271.815449
70
0
0
SEQEND
8
Layer 1
0
POLYLINE
8
Layer 1
62
7
70
0
10
0.000000
20
0.000000
66
1
0
VERTEX
8
Layer 1
10
729.086293
20
265.853501
70
0
0
VERTEX
8
Layer 1
10
727.450285
20
260.345754
70
0
0
VERTEX
8
Layer 1
10
726.948127
20
259.270333
70
0
0
VERTEX
8
Layer 1
10
726.475735
20
258.833219
70
0
0
VERTEX
8
Layer 1
10
725.827506
20
258.643600
70
0
0
VERTEX
8
Layer 1
10
725.417401
20
258.692107
70
0
0
VERTEX
8
Layer 1
10
725.441655
20
260.534270
70
0
0
VERTEX
8
Layer 1
10
725.796638
20
264.301278
70
0
0
VERTEX
8
Layer 1
10
726.270683
20
268.068285
70
0
0
VERTEX
8
Layer 1
10
726.652124
20
269.910448
70
0
0
VERTEX
8
Layer 1
10
728.909904
20
271.462671
70
0
0
VERTEX
8
Layer 1
10
730.850183
20
272.591561
70
0
0
VERTEX
8
Layer 1
10
729.086293
20
265.853501
70
0
0
VERTEX
8
Layer 1
10
729.086293
20
265.853501
70
0
0
SEQEND
8
Layer 1
0
POLYLINE
8
Layer 1
62
7
70
0
10
0.000000
20
0.000000
66
1
0
VERTEX
8
Layer 1
10
707.214057
20
268.252391
70
0
0
VERTEX
8
Layer 1
10
709.224891
20
264.160166
70
0
0
VERTEX
8
Layer 1
10
707.602112
20
262.607943
70
0
0
VERTEX
8
Layer 1
10
706.060362
20
261.372669
70
0
0
VERTEX
8
Layer 1
10
705.432321
20
261.080594
70
0
0
VERTEX
8
Layer 1
10
704.872493
20
261.007213
70
0
0
VERTEX
8
Layer 1
10
704.360620
20
261.153767
70
0
0
VERTEX
8
Layer 1
10
703.876446
20
261.521497
70
0
0
VERTEX
8
Layer 1
10
702.910165
20
262.925443
70
0
0
VERTEX
8
Layer 1
10
701.922387
20
264.830445
70
0
0
VERTEX
8
Layer 1
10
703.404054
20
268.569891
70
0
0
VERTEX
8
Layer 1
10
705.062111
20
272.344616
70
0
0
VERTEX
8
Layer 1
10
707.214057
20
268.252391
70
0
0
VERTEX
8
Layer 1
10
707.214057
20
268.252391
70
0
0
SEQEND
8
Layer 1
0
POLYLINE
8
Layer 1
62
7
70
0
10
0.000000
20
0.000000
66
1
0
VERTEX
8
Layer 1
10
317.852978
20
268.852114
70
0
0
VERTEX
8
Layer 1
10
317.852978
20
265.712390
70
0
0
VERTEX
8
Layer 1
10
315.701032
20
266.594335
70
0
0
VERTEX
8
Layer 1
10
314.494972
20
267.037512
70
0
0
VERTEX
8
Layer 1
10
313.407975
20
267.282252
70
0
0
VERTEX
8
Layer 1
10
310.585751
20
267.335168
70
0
0
VERTEX
8
Layer 1
10
307.622416
20
267.229335
70
0
0
VERTEX
8
Layer 1
10
307.622416
20
268.322947
70
0
0
VERTEX
8
Layer 1
10
307.821405
20
269.371359
70
0
0
VERTEX
8
Layer 1
10
308.367660
20
270.333781
70
0
0
VERTEX
8
Layer 1
10
309.185112
20
271.110995
70
0
0
VERTEX
8
Layer 1
10
310.197695
20
271.603782
70
0
0
VERTEX
8
Layer 1
10
311.965995
20
271.846317
70
0
0
VERTEX
8
Layer 1
10
314.607420
20
271.956560
70
0
0
VERTEX
8
Layer 1
10
317.852978
20
271.991838
70
0
0
VERTEX
8
Layer 1
10
317.852978
20
268.852114
70
0
0
VERTEX
8
Layer 1
10
317.852978
20
268.852114
70
0
0
SEQEND
8
Layer 1
0
POLYLINE
8
Layer 1
62
7
70
0
10
0.000000
20
0.000000
66
1
0
VERTEX
8
Layer 1
10
352.425222
20
269.769337
70
0
0
VERTEX
8
Layer 1
10
353.307167
20
268.058363
70
0
0
VERTEX
8
Layer 1
10
353.977445
20
267.088224
70
0
0
VERTEX
8
Layer 1
10
354.541890
20
266.347390
70
0
0
VERTEX
8
Layer 1
10
353.817593
20
265.768614
70
0
0
VERTEX
8
Layer 1
10
352.213555
20
264.786347
70
0
0
VERTEX
8
Layer 1
10
350.583059
20
263.896685
70
0
0
VERTEX
8
Layer 1
10
349.779387
20
263.595722
70
0
0
VERTEX
8
Layer 1
10
348.756331
20
267.370446
70
0
0
VERTEX
8
Layer 1
10
347.592163
20
271.497949
70
0
0
VERTEX
8
Layer 1
10
347.596022
20
271.738830
70
0
0
VERTEX
8
Layer 1
10
347.861157
20
271.890414
70
0
0
VERTEX
8
Layer 1
10
349.426609
20
271.991838
70
0
0
VERTEX
8
Layer 1
10
351.402166
20
271.991838
70
0
0
VERTEX
8
Layer 1
10
352.425222
20
269.769337
70
0
0
VERTEX
8
Layer 1
10
352.425222
20
269.769337
70
0
0
SEQEND
8
Layer 1
0
POLYLINE
8
Layer 1
62
7
70
0
10
0.000000
20
0.000000
66
1
0
VERTEX
8
Layer 1
10
213.077912
20
269.769337
70
0
0
VERTEX
8
Layer 1
10
206.899887
20
263.935270
70
0
0
VERTEX
8
Layer 1
10
200.589571
20
258.233496
70
0
0
VERTEX
8
Layer 1
10
199.372487
20
260.530963
70
0
0
VERTEX
8
Layer 1
10
198.261236
20
263.066555
70
0
0
VERTEX
8
Layer 1
10
200.448460
20
264.229620
70
0
0
VERTEX
8
Layer 1
10
205.307977
20
266.550237
70
0
0
VERTEX
8
Layer 1
10
210.286556
20
268.831168
70
0
0
VERTEX
8
Layer 1
10
212.830967
20
269.875170
70
0
0
VERTEX
8
Layer 1
10
213.077912
20
269.769337
70
0
0
VERTEX
8
Layer 1
10
213.077912
20
269.769337
70
0
0
SEQEND
8
Layer 1
0
POLYLINE
8
Layer 1
62
7
70
0
10
0.000000
20
0.000000
66
1
0
VERTEX
8
Layer 1
10
723.688789
20
263.066555
70
0
0
VERTEX
8
Layer 1
10
723.089067
20
258.268774
70
0
0
VERTEX
8
Layer 1
10
721.184065
20
257.845440
70
0
0
VERTEX
8
Layer 1
10
719.515536
20
257.613378
70
0
0
VERTEX
8
Layer 1
10
718.339793
20
257.735197
70
0
0
VERTEX
8
Layer 1
10
717.527852
20
258.247276
70
0
0
VERTEX
8
Layer 1
10
716.950729
20
259.185997
70
0
0
VERTEX
8
Layer 1
10
716.269978
20
261.053515
70
0
0
VERTEX
8
Layer 1
10
716.205968
20
261.728479
70
0
0
VERTEX
8
Layer 1
10
716.373055
20
262.325721
70
0
0
VERTEX
8
Layer 1
10
716.806380
20
262.916348
70
0
0
VERTEX
8
Layer 1
10
717.541081
20
263.571468
70
0
0
VERTEX
8
Layer 1
10
720.055176
20
265.359612
70
0
0
VERTEX
8
Layer 1
10
722.895039
20
267.260203
70
0
0
VERTEX
8
Layer 1
10
724.147401
20
267.970169
70
0
0
VERTEX
8
Layer 1
10
723.688789
20
263.066555
70
0
0
VERTEX
8
Layer 1
10
723.688789
20
263.066555
70
0
0
SEQEND
8
Layer 1
0
POLYLINE
8
Layer 1
62
7
70
0
10
0.000000
20
0.000000
66
1
0
VERTEX
8
Layer 1
10
106.468400
20
261.090998
70
0
0
VERTEX
8
Layer 1
10
108.977534
20
258.693210
70
0
0
VERTEX
8
Layer 1
10
109.623559
20
257.947002
70
0
0
VERTEX
8
Layer 1
10
109.872708
20
257.439746
70
0
0
VERTEX
8
Layer 1
10
109.731597
20
257.124312
70
0
0
VERTEX
8
Layer 1
10
109.206840
20
256.953573
70
0
0
VERTEX
8
Layer 1
10
107.032845
20
256.857662
70
0
0
VERTEX
8
Layer 1
10
105.545114
20
256.956881
70
0
0
VERTEX
8
Layer 1
10
104.021003
20
257.545579
70
0
0
VERTEX
8
Layer 1
10
101.789131
20
258.980944
70
0
0
VERTEX
8
Layer 1
10
98.178117
20
261.620165
70
0
0
VERTEX
8
Layer 1
10
97.049228
20
262.466832
70
0
0
VERTEX
8
Layer 1
10
98.142840
20
265.112667
70
0
0
VERTEX
8
Layer 1
10
99.236451
20
267.758502
70
0
0
VERTEX
8
Layer 1
10
100.859230
20
266.276834
70
0
0
VERTEX
8
Layer 1
10
106.468400
20
261.090998
70
0
0
VERTEX
8
Layer 1
10
106.468400
20
261.090998
70
0
0
SEQEND
8
Layer 1
0
POLYLINE
8
Layer 1
62
7
70
0
10
0.000000
20
0.000000
66
1
0
VERTEX
8
Layer 1
10
215.124024
20
265.289056
70
0
0
VERTEX
8
Layer 1
10
215.970692
20
262.925443
70
0
0
VERTEX
8
Layer 1
10
215.702318
20
262.460631
70
0
0
VERTEX
8
Layer 1
10
214.875426
20
261.674184
70
0
0
VERTEX
8
Layer 1
10
212.209196
20
259.609330
70
0
0
VERTEX
8
Layer 1
10
209.298226
20
257.676768
70
0
0
VERTEX
8
Layer 1
10
208.165409
20
257.055686
70
0
0
VERTEX
8
Layer 1
10
207.468742
20
256.822384
70
0
0
VERTEX
8
Layer 1
10
204.628879
20
257.091377
70
0
0
VERTEX
8
Layer 1
10
203.619052
20
257.343283
70
0
0
VERTEX
8
Layer 1
10
203.270684
20
257.598496
70
0
0
VERTEX
8
Layer 1
10
205.033471
20
259.439556
70
0
0
VERTEX
8
Layer 1
10
208.721104
20
262.854888
70
0
0
VERTEX
8
Layer 1
10
212.408736
20
266.111470
70
0
0
VERTEX
8
Layer 1
10
214.171524
20
267.476280
70
0
0
VERTEX
8
Layer 1
10
215.124024
20
265.289056
70
0
0
VERTEX
8
Layer 1
10
215.124024
20
265.289056
70
0
0
SEQEND
8
Layer 1
0
POLYLINE
8
Layer 1
62
7
70
0
10
0.000000
20
0.000000
66
1
0
VERTEX
8
Layer 1
10
644.525406
20
264.724611
70
0
0
VERTEX
8
Layer 1
10
651.585376
20
262.951902
70
0
0
VERTEX
8
Layer 1
10
654.967635
20
261.972943
70
0
0
VERTEX
8
Layer 1
10
656.423395
20
260.857834
70
0
0
VERTEX
8
Layer 1
10
658.649755
20
258.872906
70
0
0
VERTEX
8
Layer 1
10
660.657834
20
256.947510
70
0
0
VERTEX
8
Layer 1
10
661.458750
20
256.010995
70
0
0
VERTEX
8
Layer 1
10
656.730974
20
256.411177
70
0
0
VERTEX
8
Layer 1
10
646.549470
20
257.519121
70
0
0
VERTEX
8
Layer 1
10
636.361351
20
258.719668
70
0
0
VERTEX
8
Layer 1
10
631.613731
20
259.397663
70
0
0
VERTEX
8
Layer 1
10
631.606428
20
259.838016
70
0
0
VERTEX
8
Layer 1
10
631.833115
20
260.757512
70
0
0
VERTEX
8
Layer 1
10
632.733801
20
263.370826
70
0
0
VERTEX
8
Layer 1
10
633.806467
20
265.911378
70
0
0
VERTEX
8
Layer 1
10
634.248128
20
266.739924
70
0
0
VERTEX
8
Layer 1
10
634.541789
20
267.052946
70
0
0
VERTEX
8
Layer 1
10
644.525406
20
264.724611
70
0
0
VERTEX
8
Layer 1
10
644.525406
20
264.724611
70
0
0
SEQEND
8
Layer 1
0
POLYLINE
8
Layer 1
62
7
70
0
10
0.000000
20
0.000000
66
1
0
VERTEX
8
Layer 1
10
779.110213
20
264.936278
70
0
0
VERTEX
8
Layer 1
10
779.853252
20
263.124432
70
0
0
VERTEX
8
Layer 1
10
780.715353
20
260.601518
70
0
0
VERTEX
8
Layer 1
10
781.392246
20
258.323344
70
0
0
VERTEX
8
Layer 1
10
781.579659
20
257.245718
70
0
0
VERTEX
8
Layer 1
10
779.083755
20
257.029641
70
0
0
VERTEX
8
Layer 1
10
773.359932
20
256.787106
70
0
0
VERTEX
8
Layer 1
10
758.649089
20
256.293217
70
0
0
VERTEX
8
Layer 1
10
751.946307
20
256.081550
70
0
0
VERTEX
8
Layer 1
10
754.768531
20
258.762663
70
0
0
VERTEX
8
Layer 1
10
758.296311
20
261.937665
70
0
0
VERTEX
8
Layer 1
10
759.587809
20
262.367613
70
0
0
VERTEX
8
Layer 1
10
762.833918
20
263.075374
70
0
0
VERTEX
8
Layer 1
10
776.817156
20
265.641834
70
0
0
VERTEX
8
Layer 1
10
778.475213
20
265.959334
70
0
0
VERTEX
8
Layer 1
10
779.110213
20
264.936278
70
0
0
VERTEX
8
Layer 1
10
779.110213
20
264.936278
70
0
0
SEQEND
8
Layer 1
0
POLYLINE
8
Layer 1
62
7
70
0
10
0.000000
20
0.000000
66
1
0
VERTEX
8
Layer 1
10
713.422949
20
263.877944
70
0
0
VERTEX
8
Layer 1
10
713.357906
20
263.333894
70
0
0
VERTEX
8
Layer 1
10
713.008435
20
262.859298
70
0
0
VERTEX
8
Layer 1
10
712.539902
20
262.602982
70
0
0
VERTEX
8
Layer 1
10
712.117671
20
262.713777
70
0
0
VERTEX
8
Layer 1
10
711.923092
20
263.106242
70
0
0
VERTEX
8
Layer 1
10
711.910414
20
263.604541
70
0
0
VERTEX
8
Layer 1
10
712.063100
20
264.063152
70
0
0
VERTEX
8
Layer 1
10
712.364615
20
264.336555
70
0
0
VERTEX
8
Layer 1
10
713.105449
20
264.504125
70
0
0
VERTEX
8
Layer 1
10
713.287350
20
264.306790
70
0
0
VERTEX
8
Layer 1
10
713.422949
20
263.877944
70
0
0
VERTEX
8
Layer 1
10
713.422949
20
263.877944
70
0
0
SEQEND
8
Layer 1
0
POLYLINE
8
Layer 1
62
7
70
0
10
0.000000
20
0.000000
66
1
0
VERTEX
8
Layer 1
10
710.353781
20
261.090998
70
0
0
VERTEX
8
Layer 1
10
709.952496
20
260.817595
70
0
0
VERTEX
8
Layer 1
10
709.366002
20
260.702942
70
0
0
VERTEX
8
Layer 1
10
708.797148
20
260.804366
70
0
0
VERTEX
8
Layer 1
10
709.260169
20
261.408498
70
0
0
VERTEX
8
Layer 1
10
709.778312
20
261.780569
70
0
0
VERTEX
8
Layer 1
10
710.230308
20
261.818602
70
0
0
VERTEX
8
Layer 1
10
710.470639
20
261.572209
70
0
0
VERTEX
8
Layer 1
10
710.353781
20
261.090998
70
0
0
VERTEX
8
Layer 1
10
710.353781
20
261.090998
70
0
0
SEQEND
8
Layer 1
0
POLYLINE
8
Layer 1
62
7
70
0
10
0.000000
20
0.000000
66
1
0
VERTEX
8
Layer 1
10
754.944920
20
261.620165
70
0
0
VERTEX
8
Layer 1
10
751.769918
20
258.621552
70
0
0
VERTEX
8
Layer 1
10
748.559638
20
255.764050
70
0
0
VERTEX
8
Layer 1
10
745.949081
20
255.764050
70
0
0
VERTEX
8
Layer 1
10
744.083767
20
255.839015
70
0
0
VERTEX
8
Layer 1
10
743.303246
20
256.046272
70
0
0
VERTEX
8
Layer 1
10
745.172969
20
258.304052
70
0
0
VERTEX
8
Layer 1
10
747.007415
20
260.314886
70
0
0
VERTEX
8
Layer 1
10
750.711584
20
261.020442
70
0
0
VERTEX
8
Layer 1
10
754.481899
20
261.690720
70
0
0
VERTEX
8
Layer 1
10
754.903579
20
261.714974
70
0
0
VERTEX
8
Layer 1
10
754.944920
20
261.620165
70
0
0
VERTEX
8
Layer 1
10
754.944920
20
261.620165
70
0
0
SEQEND
8
Layer 1
0
POLYLINE
8
Layer 1
62
7
70
0
10
0.000000
20
0.000000
66
1
0
VERTEX
8
Layer 1
10
663.504862
20
259.997386
70
0
0
VERTEX
8
Layer 1
10
665.376239
20
259.484204
70
0
0
VERTEX
8
Layer 1
10
666.543163
20
259.014017
70
0
0
VERTEX
8
Layer 1
10
667.399201
20
258.365237
70
0
0
VERTEX
8
Layer 1
10
668.337921
20
257.316273
70
0
0
VERTEX
8
Layer 1
10
669.925422
20
255.270161
70
0
0
VERTEX
8
Layer 1
10
669.594693
20
255.116923
70
0
0
VERTEX
8
Layer 1
10
668.734796
20
255.076133
70
0
0
VERTEX
8
Layer 1
10
666.221253
20
255.305439
70
0
0
VERTEX
8
Layer 1
10
665.420888
20
255.536398
70
0
0
VERTEX
8
Layer 1
10
664.554377
20
256.041863
70
0
0
VERTEX
8
Layer 1
10
661.987917
20
258.339329
70
0
0
VERTEX
8
Layer 1
10
660.153471
20
260.257560
70
0
0
VERTEX
8
Layer 1
10
659.715806
20
260.814839
70
0
0
VERTEX
8
Layer 1
10
659.694860
20
260.985164
70
0
0
VERTEX
8
Layer 1
10
663.504862
20
259.997386
70
0
0
VERTEX
8
Layer 1
10
663.504862
20
259.997386
70
0
0
SEQEND
8
Layer 1
0
POLYLINE
8
Layer 1
62
7
70
0
10
0.000000
20
0.000000
66
1
0
VERTEX
8
Layer 1
10
714.657672
20
259.468219
70
0
0
VERTEX
8
Layer 1
10
714.314265
20
259.380024
70
0
0
VERTEX
8
Layer 1
10
713.868332
20
259.529955
70
0
0
VERTEX
8
Layer 1
10
713.481929
20
259.825407
70
0
0
VERTEX
8
Layer 1
10
713.317116
20
260.173775
70
0
0
VERTEX
8
Layer 1
10
713.454920
20
260.607582
70
0
0
VERTEX
8
Layer 1
10
713.784547
20
260.786727
70
0
0
VERTEX
8
Layer 1
10
714.180320
20
260.694674
70
0
0
VERTEX
8
Layer 1
10
714.516561
20
260.314886
70
0
0
VERTEX
8
Layer 1
10
714.692950
20
259.772490
70
0
0
VERTEX
8
Layer 1
10
714.657672
20
259.468219
70
0
0
VERTEX
8
Layer 1
10
714.657672
20
259.468219
70
0
0
SEQEND
8
Layer 1
0
POLYLINE
8
Layer 1
62
7
70
0
10
0.000000
20
0.000000
66
1
0
VERTEX
8
Layer 1
10
99.412840
20
258.268774
70
0
0
VERTEX
8
Layer 1
10
101.234057
20
256.835613
70
0
0
VERTEX
8
Layer 1
10
101.183896
20
256.587015
70
0
0
VERTEX
8
Layer 1
10
100.647563
20
256.434328
70
0
0
VERTEX
8
Layer 1
10
99.000531
20
256.144389
70
0
0
VERTEX
8
Layer 1
10
97.234436
20
256.019814
70
0
0
VERTEX
8
Layer 1
10
95.825529
20
256.067219
70
0
0
VERTEX
8
Layer 1
10
95.250060
20
256.293217
70
0
0
VERTEX
8
Layer 1
10
95.779227
20
258.515718
70
0
0
VERTEX
8
Layer 1
10
96.312804
20
259.856275
70
0
0
VERTEX
8
Layer 1
10
96.548173
20
260.123063
70
0
0
VERTEX
8
Layer 1
10
96.767005
20
260.138497
70
0
0
VERTEX
8
Layer 1
10
99.412840
20
258.268774
70
0
0
VERTEX
8
Layer 1
10
99.412840
20
258.268774
70
0
0
SEQEND
8
Layer 1
0
POLYLINE
8
Layer 1
62
7
70
0
10
0.000000
20
0.000000
66
1
0
VERTEX
8
Layer 1
10
217.311248
20
258.692107
70
0
0
VERTEX
8
Layer 1
10
217.875693
20
256.434328
70
0
0
VERTEX
8
Layer 1
10
217.872937
20
256.140530
70
0
0
VERTEX
8
Layer 1
10
217.562602
20
255.988946
70
0
0
VERTEX
8
Layer 1
10
215.476802
20
256.046272
70
0
0
VERTEX
8
Layer 1
10
213.142404
20
256.252978
70
0
0
VERTEX
8
Layer 1
10
212.504579
20
256.391678
70
0
0
VERTEX
8
Layer 1
10
212.200377
20
256.588669
70
0
0
VERTEX
8
Layer 1
10
212.215328
20
256.869995
70
0
0
VERTEX
8
Layer 1
10
212.534965
20
257.261703
70
0
0
VERTEX
8
Layer 1
10
214.030413
20
258.480441
70
0
0
VERTEX
8
Layer 1
10
216.640970
20
260.314886
70
0
0
VERTEX
8
Layer 1
10
216.936421
20
259.860685
70
0
0
VERTEX
8
Layer 1
10
217.311248
20
258.692107
70
0
0
VERTEX
8
Layer 1
10
217.311248
20
258.692107
70
0
0
SEQEND
8
Layer 1
0
POLYLINE
8
Layer 1
62
7
70
0
10
0.000000
20
0.000000
66
1
0
VERTEX
8
Layer 1
10
743.091579
20
258.868496
70
0
0
VERTEX
8
Layer 1
10
741.221856
20
256.751828
70
0
0
VERTEX
8
Layer 1
10
739.987133
20
255.411272
70
0
0
VERTEX
8
Layer 1
10
734.201574
20
255.411272
70
0
0
VERTEX
8
Layer 1
10
728.451292
20
255.411272
70
0
0
VERTEX
8
Layer 1
10
728.698237
20
256.222661
70
0
0
VERTEX
8
Layer 1
10
728.980459
20
257.069329
70
0
0
VERTEX
8
Layer 1
10
735.784665
20
258.379017
70
0
0
VERTEX
8
Layer 1
10
743.091579
20
259.609330
70
0
0
VERTEX
8
Layer 1
10
743.594288
20
259.543184
70
0
0
VERTEX
8
Layer 1
10
743.091579
20
258.868496
70
0
0
VERTEX
8
Layer 1
10
743.091579
20
258.868496
70
0
0
SEQEND
8
Layer 1
0
POLYLINE
8
Layer 1
62
7
70
0
10
0.000000
20
0.000000
66
1
0
VERTEX
8
Layer 1
10
677.827649
20
256.434328
70
0
0
VERTEX
8
Layer 1
10
683.066402
20
255.014397
70
0
0
VERTEX
8
Layer 1
10
684.078434
20
254.549171
70
0
0
VERTEX
8
Layer 1
10
684.495153
20
254.070716
70
0
0
VERTEX
8
Layer 1
10
684.702410
20
253.475403
70
0
0
VERTEX
8
Layer 1
10
684.671542
20
253.118215
70
0
0
VERTEX
8
Layer 1
10
682.964979
20
253.202000
70
0
0
VERTEX
8
Layer 1
10
679.062372
20
253.682660
70
0
0
VERTEX
8
Layer 1
10
675.585855
20
254.200802
70
0
0
VERTEX
8
Layer 1
10
673.501709
20
254.785091
70
0
0
VERTEX
8
Layer 1
10
672.776103
20
255.192991
70
0
0
VERTEX
8
Layer 1
10
672.151782
20
255.726567
70
0
0
VERTEX
8
Layer 1
10
670.877923
20
257.316273
70
0
0
VERTEX
8
Layer 1
10
670.344346
20
258.176170
70
0
0
VERTEX
8
Layer 1
10
670.466165
20
258.243969
70
0
0
VERTEX
8
Layer 1
10
670.842645
20
258.162940
70
0
0
VERTEX
8
Layer 1
10
677.827649
20
256.434328
70
0
0
VERTEX
8
Layer 1
10
677.827649
20
256.434328
70
0
0
SEQEND
8
Layer 1
0
POLYLINE
8
Layer 1
62
7
70
0
10
0.000000
20
0.000000
66
1
0
VERTEX
8
Layer 1
10
648.194297
20
255.375994
70
0
0
VERTEX
8
Layer 1
10
664.069307
20
253.612104
70
0
0
VERTEX
8
Layer 1
10
667.773476
20
250.119602
70
0
0
VERTEX
8
Layer 1
10
673.735424
20
244.360501
70
0
0
VERTEX
8
Layer 1
10
674.808090
20
243.055223
70
0
0
VERTEX
8
Layer 1
10
674.939693
20
242.720910
70
0
0
VERTEX
8
Layer 1
10
674.829036
20
242.570153
70
0
0
VERTEX
8
Layer 1
10
667.067920
20
240.135985
70
0
0
VERTEX
8
Layer 1
10
659.835971
20
237.913483
70
0
0
VERTEX
8
Layer 1
10
653.309578
20
240.312374
70
0
0
VERTEX
8
Layer 1
10
629.144285
20
249.378768
70
0
0
VERTEX
8
Layer 1
10
629.007033
20
249.670361
70
0
0
VERTEX
8
Layer 1
10
629.025223
20
250.362137
70
0
0
VERTEX
8
Layer 1
10
629.567619
20
253.118215
70
0
0
VERTEX
8
Layer 1
10
630.203722
20
255.713889
70
0
0
VERTEX
8
Layer 1
10
630.608314
20
256.976724
70
0
0
VERTEX
8
Layer 1
10
630.986448
20
257.359819
70
0
0
VERTEX
8
Layer 1
10
631.543176
20
257.316273
70
0
0
VERTEX
8
Layer 1
10
648.194297
20
255.375994
70
0
0
VERTEX
8
Layer 1
10
648.194297
20
255.375994
70
0
0
SEQEND
8
Layer 1
0
POLYLINE
8
Layer 1
62
7
70
0
10
0.000000
20
0.000000
66
1
0
VERTEX
8
Layer 1
10
726.581569
20
256.257939
70
0
0
VERTEX
8
Layer 1
10
726.369902
20
255.375994
70
0
0
VERTEX
8
Layer 1
10
726.114138
20
255.151098
70
0
0
VERTEX
8
Layer 1
10
725.487957
20
255.058494
70
0
0
VERTEX
8
Layer 1
10
724.892644
20
255.136767
70
0
0
VERTEX
8
Layer 1
10
724.641290
20
255.367175
70
0
0
VERTEX
8
Layer 1
10
724.733894
20
255.743104
70
0
0
VERTEX
8
Layer 1
10
725.170457
20
256.257939
70
0
0
VERTEX
8
Layer 1
10
725.743170
20
256.674658
70
0
0
VERTEX
8
Layer 1
10
726.259659
20
256.813565
70
0
0
VERTEX
8
Layer 1
10
726.584325
20
256.674658
70
0
0
VERTEX
8
Layer 1
10
726.581569
20
256.257939
70
0
0
VERTEX
8
Layer 1
10
726.581569
20
256.257939
70
0
0
SEQEND
8
Layer 1
0
POLYLINE
8
Layer 1
62
7
70
0
10
0.000000
20
0.000000
66
1
0
VERTEX
8
Layer 1
10
722.842122
20
255.587661
70
0
0
VERTEX
8
Layer 1
10
722.778732
20
255.250317
70
0
0
VERTEX
8
Layer 1
10
722.573129
20
255.084952
70
0
0
VERTEX
8
Layer 1
10
721.642677
20
255.270161
70
0
0
VERTEX
8
Layer 1
10
721.181309
20
255.536398
70
0
0
VERTEX
8
Layer 1
10
721.100281
20
255.812557
70
0
0
VERTEX
8
Layer 1
10
721.369825
20
256.029185
70
0
0
VERTEX
8
Layer 1
10
721.960177
20
256.116828
70
0
0
VERTEX
8
Layer 1
10
722.612816
20
255.971307
70
0
0
VERTEX
8
Layer 1
10
722.842122
20
255.587661
70
0
0
VERTEX
8
Layer 1
10
722.842122
20
255.587661
70
0
0
SEQEND
8
Layer 1
0
POLYLINE
8
Layer 1
62
7
70
0
10
0.000000
20
0.000000
66
1
0
VERTEX
8
Layer 1
10
205.599018
20
254.882105
70
0
0
VERTEX
8
Layer 1
10
204.201136
20
253.682660
70
0
0
VERTEX
8
Layer 1
10
202.459294
20
252.589048
70
0
0
VERTEX
8
Layer 1
10
202.291173
20
252.663462
70
0
0
VERTEX
8
Layer 1
10
202.119745
20
252.972694
70
0
0
VERTEX
8
Layer 1
10
201.542071
20
254.811549
70
0
0
VERTEX
8
Layer 1
10
201.512306
20
255.160469
70
0
0
VERTEX
8
Layer 1
10
201.727280
20
255.327487
70
0
0
VERTEX
8
Layer 1
10
203.447073
20
255.234883
70
0
0
VERTEX
8
Layer 1
10
205.599018
20
254.882105
70
0
0
VERTEX
8
Layer 1
10
205.599018
20
254.882105
70
0
0
SEQEND
8
Layer 1
0
POLYLINE
8
Layer 1
62
7
70
0
10
0.000000
20
0.000000
66
1
0
VERTEX
8
Layer 1
10
111.830626
20
254.105993
70
0
0
VERTEX
8
Layer 1
10
111.407292
20
252.659604
70
0
0
VERTEX
8
Layer 1
10
111.218225
20
252.582640
70
0
0
VERTEX
8
Layer 1
10
110.807570
20
252.692125
70
0
0
VERTEX
8
Layer 1
10
109.625763
20
253.290194
70
0
0
VERTEX
8
Layer 1
10
108.470416
20
254.093315
70
0
0
VERTEX
8
Layer 1
10
107.950068
20
254.740994
70
0
0
VERTEX
8
Layer 1
10
108.567429
20
254.965890
70
0
0
VERTEX
8
Layer 1
10
110.031458
20
255.058494
70
0
0
VERTEX
8
Layer 1
10
112.148126
20
255.058494
70
0
0
VERTEX
8
Layer 1
10
111.830626
20
254.105993
70
0
0
VERTEX
8
Layer 1
10
111.830626
20
254.105993
70
0
0
SEQEND
8
Layer 1
0
POLYLINE
8
Layer 1
62
7
70
0
10
0.000000
20
0.000000
66
1
0
VERTEX
8
Layer 1
10
783.131882
20
251.142658
70
0
0
VERTEX
8
Layer 1
10
783.731605
20
246.979878
70
0
0
VERTEX
8
Layer 1
10
768.456317
20
241.688208
70
0
0
VERTEX
8
Layer 1
10
753.357419
20
236.608205
70
0
0
VERTEX
8
Layer 1
10
745.949081
20
239.712651
70
0
0
VERTEX
8
Layer 1
10
738.364354
20
242.993486
70
0
0
VERTEX
8
Layer 1
10
739.794759
20
244.592563
70
0
0
VERTEX
8
Layer 1
10
743.245920
20
248.007344
70
0
0
VERTEX
8
Layer 1
10
746.981508
20
251.561031
70
0
0
VERTEX
8
Layer 1
10
749.265194
20
253.576826
70
0
0
VERTEX
8
Layer 1
10
750.122334
20
253.874483
70
0
0
VERTEX
8
Layer 1
10
752.047731
20
254.105993
70
0
0
VERTEX
8
Layer 1
10
761.259646
20
254.529327
70
0
0
VERTEX
8
Layer 1
10
777.381601
20
254.987938
70
0
0
VERTEX
8
Layer 1
10
782.391048
20
255.058494
70
0
0
VERTEX
8
Layer 1
10
783.131882
20
251.142658
70
0
0
VERTEX
8
Layer 1
10
783.131882
20
251.142658
70
0
0
SEQEND
8
Layer 1
0
POLYLINE
8
Layer 1
62
7
70
0
10
0.000000
20
0.000000
66
1
0
VERTEX
8
Layer 1
10
106.468400
20
253.047659
70
0
0
VERTEX
8
Layer 1
10
108.011804
20
251.848214
70
0
0
VERTEX
8
Layer 1
10
108.403167
20
251.460158
70
0
0
VERTEX
8
Layer 1
10
108.443957
20
251.283769
70
0
0
VERTEX
8
Layer 1
10
101.600064
20
249.590435
70
0
0
VERTEX
8
Layer 1
10
94.403393
20
247.791267
70
0
0
VERTEX
8
Layer 1
10
94.034078
20
247.722365
70
0
0
VERTEX
8
Layer 1
10
93.856587
20
247.927969
70
0
0
VERTEX
8
Layer 1
10
93.944781
20
249.731546
70
0
0
VERTEX
8
Layer 1
10
94.403393
20
252.765437
70
0
0
VERTEX
8
Layer 1
10
94.689474
20
253.360199
70
0
0
VERTEX
8
Layer 1
10
95.448498
20
253.739986
70
0
0
VERTEX
8
Layer 1
10
97.087262
20
254.020555
70
0
0
VERTEX
8
Layer 1
10
100.012563
20
254.317660
70
0
0
VERTEX
8
Layer 1
10
103.681454
20
254.670438
70
0
0
VERTEX
8
Layer 1
10
104.691281
20
254.203007
70
0
0
VERTEX
8
Layer 1
10
106.468400
20
253.047659
70
0
0
VERTEX
8
Layer 1
10
106.468400
20
253.047659
70
0
0
SEQEND
8
Layer 1
0
POLYLINE
8
Layer 1
62
7
70
0
10
0.000000
20
0.000000
66
1
0
VERTEX
8
Layer 1
10
215.688469
20
253.964882
70
0
0
VERTEX
8
Layer 1
10
218.651804
20
253.506271
70
0
0
VERTEX
8
Layer 1
10
219.194201
20
250.657588
70
0
0
VERTEX
8
Layer 1
10
219.400906
20
248.783455
70
0
0
VERTEX
8
Layer 1
10
219.392638
20
247.861823
70
0
0
VERTEX
8
Layer 1
10
217.008631
20
248.311064
70
0
0
VERTEX
8
Layer 1
10
211.935793
20
249.524289
70
0
0
VERTEX
8
Layer 1
10
206.896029
20
250.823504
70
0
0
VERTEX
8
Layer 1
10
204.611240
20
251.530714
70
0
0
VERTEX
8
Layer 1
10
206.833741
20
253.188771
70
0
0
VERTEX
8
Layer 1
10
208.247058
20
254.123632
70
0
0
VERTEX
8
Layer 1
10
208.835481
20
254.376916
70
0
0
VERTEX
8
Layer 1
10
209.514854
20
254.502869
70
0
0
VERTEX
8
Layer 1
10
211.655776
20
254.419084
70
0
0
VERTEX
8
Layer 1
10
215.688469
20
253.964882
70
0
0
VERTEX
8
Layer 1
10
215.688469
20
253.964882
70
0
0
SEQEND
8
Layer 1
0
POLYLINE
8
Layer 1
62
7
70
0
10
0.000000
20
0.000000
66
1
0
VERTEX
8
Layer 1
10
741.539356
20
249.061268
70
0
0
VERTEX
8
Layer 1
10
737.760222
20
245.599634
70
0
0
VERTEX
8
Layer 1
10
735.859630
20
244.122376
70
0
0
VERTEX
8
Layer 1
10
735.308415
20
244.259077
70
0
0
VERTEX
8
Layer 1
10
734.730741
20
244.580987
70
0
0
VERTEX
8
Layer 1
10
734.498679
20
244.936521
70
0
0
VERTEX
8
Layer 1
10
734.779248
20
245.626092
70
0
0
VERTEX
8
Layer 1
10
737.658798
20
249.237657
70
0
0
VERTEX
8
Layer 1
10
741.221856
20
253.470993
70
0
0
VERTEX
8
Layer 1
10
743.056301
20
253.682660
70
0
0
VERTEX
8
Layer 1
10
745.245179
20
253.883302
70
0
0
VERTEX
8
Layer 1
10
745.748232
20
253.801722
70
0
0
VERTEX
8
Layer 1
10
745.830018
20
253.515090
70
0
0
VERTEX
8
Layer 1
10
745.470281
20
252.960567
70
0
0
VERTEX
8
Layer 1
10
744.648763
20
252.075315
70
0
0
VERTEX
8
Layer 1
10
741.539356
20
249.061268
70
0
0
VERTEX
8
Layer 1
10
741.539356
20
249.061268
70
0
0
SEQEND
8
Layer 1
0
POLYLINE
8
Layer 1
62
7
70
0
10
0.000000
20
0.000000
66
1
0
VERTEX
8
Layer 1
10
737.799909
20
252.518492
70
0
0
VERTEX
8
Layer 1
10
734.554352
20
248.637934
70
0
0
VERTEX
8
Layer 1
10
732.799281
20
246.693246
70
0
0
VERTEX
8
Layer 1
10
731.837961
20
245.886266
70
0
0
VERTEX
8
Layer 1
10
729.439071
20
246.732933
70
0
0
VERTEX
8
Layer 1
10
728.074261
20
247.494713
70
0
0
VERTEX
8
Layer 1
10
727.640730
20
247.909916
70
0
0
VERTEX
8
Layer 1
10
727.357680
20
248.382170
70
0
0
VERTEX
8
Layer 1
10
727.196725
20
249.600357
70
0
0
VERTEX
8
Layer 1
10
727.498792
20
251.354325
70
0
0
VERTEX
8
Layer 1
10
727.957403
20
253.118215
70
0
0
VERTEX
8
Layer 1
10
730.956016
20
253.329882
70
0
0
VERTEX
8
Layer 1
10
736.353519
20
253.576826
70
0
0
VERTEX
8
Layer 1
10
738.787688
20
253.647382
70
0
0
VERTEX
8
Layer 1
10
737.799909
20
252.518492
70
0
0
VERTEX
8
Layer 1
10
737.799909
20
252.518492
70
0
0
SEQEND
8
Layer 1
0
POLYLINE
8
Layer 1
62
7
70
0
10
0.000000
20
0.000000
66
1
0
VERTEX
8
Layer 1
10
671.689312
20
252.624326
70
0
0
VERTEX
8
Layer 1
10
673.113653
20
251.293140
70
0
0
VERTEX
8
Layer 1
10
675.675703
20
248.377761
70
0
0
VERTEX
8
Layer 1
10
678.079004
20
245.416079
70
0
0
VERTEX
8
Layer 1
10
679.027094
20
243.945987
70
0
0
VERTEX
8
Layer 1
10
678.145149
20
243.699042
70
0
0
VERTEX
8
Layer 1
10
677.537710
20
243.906851
70
0
0
VERTEX
8
Layer 1
10
676.460634
20
244.673592
70
0
0
VERTEX
8
Layer 1
10
672.606535
20
248.108767
70
0
0
VERTEX
8
Layer 1
10
667.808754
20
252.906548
70
0
0
VERTEX
8
Layer 1
10
668.298233
20
253.012382
70
0
0
VERTEX
8
Layer 1
10
669.502088
20
252.906548
70
0
0
VERTEX
8
Layer 1
10
671.689312
20
252.624326
70
0
0
VERTEX
8
Layer 1
10
671.689312
20
252.624326
70
0
0
SEQEND
8
Layer 1
0
POLYLINE
8
Layer 1
62
7
70
0
10
0.000000
20
0.000000
66
1
0
VERTEX
8
Layer 1
10
681.496540
20
251.354325
70
0
0
VERTEX
8
Layer 1
10
685.800432
20
250.648769
70
0
0
VERTEX
8
Layer 1
10
685.846183
20
250.379776
70
0
0
VERTEX
8
Layer 1
10
685.690189
20
249.793282
70
0
0
VERTEX
8
Layer 1
10
684.918487
20
248.038212
70
0
0
VERTEX
8
Layer 1
10
683.749910
20
246.080294
70
0
0
VERTEX
8
Layer 1
10
683.216884
20
245.527976
70
0
0
VERTEX
8
Layer 1
10
682.660708
20
245.180710
70
0
0
VERTEX
8
Layer 1
10
681.249596
20
244.863210
70
0
0
VERTEX
8
Layer 1
10
678.264212
20
248.342483
70
0
0
VERTEX
8
Layer 1
10
676.402757
20
250.722081
70
0
0
VERTEX
8
Layer 1
10
675.569870
20
251.954048
70
0
0
VERTEX
8
Layer 1
10
675.852092
20
252.086339
70
0
0
VERTEX
8
Layer 1
10
676.557648
20
252.059881
70
0
0
VERTEX
8
Layer 1
10
681.496540
20
251.354325
70
0
0
VERTEX
8
Layer 1
10
681.496540
20
251.354325
70
0
0
SEQEND
8
Layer 1
0
POLYLINE
8
Layer 1
62
7
70
0
10
0.000000
20
0.000000
66
1
0
VERTEX
8
Layer 1
10
211.807911
20
247.509045
70
0
0
VERTEX
8
Layer 1
10
219.674861
20
245.533488
70
0
0
VERTEX
8
Layer 1
10
219.780694
20
242.040986
70
0
0
VERTEX
8
Layer 1
10
219.780694
20
238.513206
70
0
0
VERTEX
8
Layer 1
10
217.946248
20
237.984039
70
0
0
VERTEX
8
Layer 1
10
209.144437
20
235.730669
70
0
0
VERTEX
8
Layer 1
10
202.988461
20
234.350425
70
0
0
VERTEX
8
Layer 1
10
203.235406
20
238.442650
70
0
0
VERTEX
8
Layer 1
10
203.447073
20
242.230604
70
0
0
VERTEX
8
Layer 1
10
203.235406
20
245.674599
70
0
0
VERTEX
8
Layer 1
10
202.895857
20
249.317032
70
0
0
VERTEX
8
Layer 1
10
203.061773
20
249.692961
70
0
0
VERTEX
8
Layer 1
10
203.482350
20
249.625713
70
0
0
VERTEX
8
Layer 1
10
211.807911
20
247.509045
70
0
0
VERTEX
8
Layer 1
10
211.807911
20
247.509045
70
0
0
SEQEND
8
Layer 1
0
POLYLINE
8
Layer 1
62
7
70
0
10
0.000000
20
0.000000
66
1
0
VERTEX
8
Layer 1
10
110.666459
20
248.285156
70
0
0
VERTEX
8
Layer 1
10
110.350061
20
245.874690
70
0
0
VERTEX
8
Layer 1
10
110.199028
20
243.315396
70
0
0
VERTEX
8
Layer 1
10
110.219974
20
240.709800
70
0
0
VERTEX
8
Layer 1
10
110.419514
20
238.160428
70
0
0
VERTEX
8
Layer 1
10
110.640000
20
235.523412
70
0
0
VERTEX
8
Layer 1
10
110.595903
20
234.315148
70
0
0
VERTEX
8
Layer 1
10
107.980936
20
234.791398
70
0
0
VERTEX
8
Layer 1
10
101.952842
20
236.220149
70
0
0
VERTEX
8
Layer 1
10
93.486170
20
238.301539
70
0
0
VERTEX
8
Layer 1
10
93.486170
20
241.864597
70
0
0
VERTEX
8
Layer 1
10
93.486170
20
245.462932
70
0
0
VERTEX
8
Layer 1
10
101.353119
20
247.403211
70
0
0
VERTEX
8
Layer 1
10
110.031458
20
249.414046
70
0
0
VERTEX
8
Layer 1
10
110.468021
20
249.381524
70
0
0
VERTEX
8
Layer 1
10
110.692917
20
249.233247
70
0
0
VERTEX
8
Layer 1
10
110.666459
20
248.285156
70
0
0
VERTEX
8
Layer 1
10
110.666459
20
248.285156
70
0
0
SEQEND
8
Layer 1
0
POLYLINE
8
Layer 1
62
7
70
0
10
0.000000
20
0.000000
66
1
0
VERTEX
8
Layer 1
10
645.583740
20
241.123763
70
0
0
VERTEX
8
Layer 1
10
656.272913
20
237.066816
70
0
0
VERTEX
8
Layer 1
10
655.157253
20
236.497961
70
0
0
VERTEX
8
Layer 1
10
652.110133
20
235.479315
70
0
0
VERTEX
8
Layer 1
10
647.700408
20
234.103481
70
0
0
VERTEX
8
Layer 1
10
637.893180
20
236.325982
70
0
0
VERTEX
8
Layer 1
10
630.903765
20
237.992858
70
0
0
VERTEX
8
Layer 1
10
627.803729
20
238.865984
70
0
0
VERTEX
8
Layer 1
10
627.725456
20
240.169058
70
0
0
VERTEX
8
Layer 1
10
627.891923
20
242.808278
70
0
0
VERTEX
8
Layer 1
10
628.190682
20
245.513644
70
0
0
VERTEX
8
Layer 1
10
628.509285
20
247.015156
70
0
0
VERTEX
8
Layer 1
10
629.024120
20
247.032243
70
0
0
VERTEX
8
Layer 1
10
631.172759
20
246.358107
70
0
0
VERTEX
8
Layer 1
10
645.583740
20
241.123763
70
0
0
VERTEX
8
Layer 1
10
645.583740
20
241.123763
70
0
0
SEQEND
8
Layer 1
0
POLYLINE
8
Layer 1
62
7
70
0
10
0.000000
20
0.000000
66
1
0
VERTEX
8
Layer 1
10
730.179904
20
244.334043
70
0
0
VERTEX
8
Layer 1
10
730.770808
20
243.893070
70
0
0
VERTEX
8
Layer 1
10
730.462127
20
243.452098
70
0
0
VERTEX
8
Layer 1
10
730.013988
20
243.194680
70
0
0
VERTEX
8
Layer 1
10
729.628689
20
243.218382
70
0
0
VERTEX
8
Layer 1
10
729.316150
20
243.526512
70
0
0
VERTEX
8
Layer 1
10
729.086293
20
244.122376
70
0
0
VERTEX
8
Layer 1
10
729.009122
20
244.587051
70
0
0
VERTEX
8
Layer 1
10
729.130390
20
244.770606
70
0
0
VERTEX
8
Layer 1
10
730.179904
20
244.334043
70
0
0
VERTEX
8
Layer 1
10
730.179904
20
244.334043
70
0
0
SEQEND
8
Layer 1
0
POLYLINE
8
Layer 1
62
7
70
0
10
0.000000
20
0.000000
66
1
0
VERTEX
8
Layer 1
10
784.366605
20
243.205153
70
0
0
VERTEX
8
Layer 1
10
784.578272
20
238.442650
70
0
0
VERTEX
8
Layer 1
10
784.463619
20
235.876190
70
0
0
VERTEX
8
Layer 1
10
784.280616
20
235.376789
70
0
0
VERTEX
8
Layer 1
10
783.978549
20
235.161815
70
0
0
VERTEX
8
Layer 1
10
774.136043
20
233.362647
70
0
0
VERTEX
8
Layer 1
10
764.928537
20
231.704590
70
0
0
VERTEX
8
Layer 1
10
760.906868
20
233.397925
70
0
0
VERTEX
8
Layer 1
10
757.061588
20
235.038342
70
0
0
VERTEX
8
Layer 1
10
756.690069
20
235.322770
70
0
0
VERTEX
8
Layer 1
10
756.814643
20
235.514593
70
0
0
VERTEX
8
Layer 1
10
770.242256
20
240.219769
70
0
0
VERTEX
8
Layer 1
10
783.907994
20
244.792654
70
0
0
VERTEX
8
Layer 1
10
784.137299
20
244.342862
70
0
0
VERTEX
8
Layer 1
10
784.366605
20
243.205153
70
0
0
VERTEX
8
Layer 1
10
784.366605
20
243.205153
70
0
0
SEQEND
8
Layer 1
0
POLYLINE
8
Layer 1
62
7
70
0
10
0.000000
20
0.000000
66
1
0
VERTEX
8
Layer 1
10
733.742962
20
242.746542
70
0
0
VERTEX
8
Layer 1
10
734.069282
20
242.371715
70
0
0
VERTEX
8
Layer 1
10
733.813518
20
241.864597
70
0
0
VERTEX
8
Layer 1
10
733.160878
20
241.344249
70
0
0
VERTEX
8
Layer 1
10
732.831252
20
241.388346
70
0
0
VERTEX
8
Layer 1
10
732.402406
20
241.617652
70
0
0
VERTEX
8
Layer 1
10
732.076086
20
241.992479
70
0
0
VERTEX
8
Layer 1
10
732.331850
20
242.499597
70
0
0
VERTEX
8
Layer 1
10
732.984490
20
243.019945
70
0
0
VERTEX
8
Layer 1
10
733.314116
20
242.975847
70
0
0
VERTEX
8
Layer 1
10
733.742962
20
242.746542
70
0
0
VERTEX
8
Layer 1
10
733.742962
20
242.746542
70
0
0
SEQEND
8
Layer 1
0
POLYLINE
8
Layer 1
62
7
70
0
10
0.000000
20
0.000000
66
1
0
VERTEX
8
Layer 1
10
681.143762
20
241.758763
70
0
0
VERTEX
8
Layer 1
10
681.079821
20
241.334879
70
0
0
VERTEX
8
Layer 1
10
680.685151
20
241.092895
70
0
0
VERTEX
8
Layer 1
10
680.131731
20
241.069193
70
0
0
VERTEX
8
Layer 1
10
679.591539
20
241.300152
70
0
0
VERTEX
8
Layer 1
10
679.265220
20
241.741124
70
0
0
VERTEX
8
Layer 1
10
679.520984
20
242.076264
70
0
0
VERTEX
8
Layer 1
10
679.997785
20
242.264779
70
0
0
VERTEX
8
Layer 1
10
680.477894
20
242.261472
70
0
0
VERTEX
8
Layer 1
10
680.885242
20
242.086185
70
0
0
VERTEX
8
Layer 1
10
681.143762
20
241.758763
70
0
0
VERTEX
8
Layer 1
10
681.143762
20
241.758763
70
0
0
SEQEND
8
Layer 1
0
POLYLINE
8
Layer 1
62
7
70
0
10
0.000000
20
0.000000
66
1
0
VERTEX
8
Layer 1
10
743.585468
20
238.654317
70
0
0
VERTEX
8
Layer 1
10
748.374430
20
236.625844
70
0
0
VERTEX
8
Layer 1
10
750.358806
20
235.655704
70
0
0
VERTEX
8
Layer 1
10
749.640021
20
235.276468
70
0
0
VERTEX
8
Layer 1
10
747.889360
20
234.632648
70
0
0
VERTEX
8
Layer 1
10
745.419914
20
233.856536
70
0
0
VERTEX
8
Layer 1
10
740.481022
20
236.714038
70
0
0
VERTEX
8
Layer 1
10
735.330463
20
239.924318
70
0
0
VERTEX
8
Layer 1
10
735.385034
20
240.371905
70
0
0
VERTEX
8
Layer 1
10
735.740568
20
240.965013
70
0
0
VERTEX
8
Layer 1
10
736.208550
20
241.452288
70
0
0
VERTEX
8
Layer 1
10
736.600464
20
241.582374
70
0
0
VERTEX
8
Layer 1
10
743.585468
20
238.654317
70
0
0
VERTEX
8
Layer 1
10
743.585468
20
238.654317
70
0
0
SEQEND
8
Layer 1
0
POLYLINE
8
Layer 1
62
7
70
0
10
0.000000
20
0.000000
66
1
0
VERTEX
8
Layer 1
10
677.862927
20
239.924318
70
0
0
VERTEX
8
Layer 1
10
672.571257
20
237.313761
70
0
0
VERTEX
8
Layer 1
10
667.632365
20
235.020704
70
0
0
VERTEX
8
Layer 1
10
666.044864
20
235.655704
70
0
0
VERTEX
8
Layer 1
10
663.751807
20
236.502371
70
0
0
VERTEX
8
Layer 1
10
663.503622
20
236.634181
70
0
0
VERTEX
8
Layer 1
10
663.466277
20
236.782940
70
0
0
VERTEX
8
Layer 1
10
664.298613
20
237.238795
70
0
0
VERTEX
8
Layer 1
10
671.512923
20
239.536262
70
0
0
VERTEX
8
Layer 1
10
676.266607
20
240.863589
70
0
0
VERTEX
8
Layer 1
10
677.218005
20
240.950130
70
0
0
VERTEX
8
Layer 1
10
677.686538
20
240.735707
70
0
0
VERTEX
8
Layer 1
10
677.973170
20
240.290325
70
0
0
VERTEX
8
Layer 1
10
677.862927
20
239.924318
70
0
0
VERTEX
8
Layer 1
10
677.862927
20
239.924318
70
0
0
SEQEND
8
Layer 1
0
POLYLINE
8
Layer 1
62
7
70
0
10
0.000000
20
0.000000
66
1
0
VERTEX
8
Layer 1
10
731.132405
20
240.030151
70
0
0
VERTEX
8
Layer 1
10
731.498412
20
239.734700
70
0
0
VERTEX
8
Layer 1
10
731.097127
20
239.148206
70
0
0
VERTEX
8
Layer 1
10
730.585599
20
238.667546
70
0
0
VERTEX
8
Layer 1
10
730.179904
20
238.477928
70
0
0
VERTEX
8
Layer 1
10
729.975955
20
238.670302
70
0
0
VERTEX
8
Layer 1
10
729.897682
20
239.117338
70
0
0
VERTEX
8
Layer 1
10
729.951701
20
239.623905
70
0
0
VERTEX
8
Layer 1
10
730.144627
20
239.994873
70
0
0
VERTEX
8
Layer 1
10
730.479766
20
240.210950
70
0
0
VERTEX
8
Layer 1
10
731.132405
20
240.030151
70
0
0
VERTEX
8
Layer 1
10
731.132405
20
240.030151
70
0
0
SEQEND
8
Layer 1
0
POLYLINE
8
Layer 1
62
7
70
0
10
0.000000
20
0.000000
66
1
0
VERTEX
8
Layer 1
10
681.108485
20
237.349038
70
0
0
VERTEX
8
Layer 1
10
681.968381
20
236.273065
70
0
0
VERTEX
8
Layer 1
10
682.272652
20
235.302926
70
0
0
VERTEX
8
Layer 1
10
681.903338
20
234.209865
70
0
0
VERTEX
8
Layer 1
10
681.037929
20
232.802612
70
0
0
VERTEX
8
Layer 1
10
680.040229
20
231.587181
70
0
0
VERTEX
8
Layer 1
10
679.274039
20
231.069590
70
0
0
VERTEX
8
Layer 1
10
674.890772
20
232.493931
70
0
0
VERTEX
8
Layer 1
10
670.666256
20
234.103481
70
0
0
VERTEX
8
Layer 1
10
674.868724
20
236.312753
70
0
0
VERTEX
8
Layer 1
10
677.953878
20
237.769616
70
0
0
VERTEX
8
Layer 1
10
679.626817
20
238.442650
70
0
0
VERTEX
8
Layer 1
10
680.195672
20
238.147199
70
0
0
VERTEX
8
Layer 1
10
681.108485
20
237.349038
70
0
0
VERTEX
8
Layer 1
10
681.108485
20
237.349038
70
0
0
SEQEND
8
Layer 1
0
POLYLINE
8
Layer 1
62
7
70
0
10
0.000000
20
0.000000
66
1
0
VERTEX
8
Layer 1
10
737.729354
20
236.149593
70
0
0
VERTEX
8
Layer 1
10
742.174356
20
233.397925
70
0
0
VERTEX
8
Layer 1
10
742.182625
20
233.115151
70
0
0
VERTEX
8
Layer 1
10
741.579044
20
232.749695
70
0
0
VERTEX
8
Layer 1
10
737.941020
20
231.492924
70
0
0
VERTEX
8
Layer 1
10
732.825739
20
230.011256
70
0
0
VERTEX
8
Layer 1
10
732.155461
20
230.544833
70
0
0
VERTEX
8
Layer 1
10
731.167683
20
231.845702
70
0
0
VERTEX
8
Layer 1
10
730.324323
20
233.381940
70
0
0
VERTEX
8
Layer 1
10
730.146969
20
234.044018
70
0
0
VERTEX
8
Layer 1
10
730.135807
20
234.663516
70
0
0
VERTEX
8
Layer 1
10
730.293317
20
235.261516
70
0
0
VERTEX
8
Layer 1
10
730.621979
20
235.859103
70
0
0
VERTEX
8
Layer 1
10
731.802683
20
237.137372
70
0
0
VERTEX
8
Layer 1
10
733.496018
20
238.477928
70
0
0
VERTEX
8
Layer 1
10
737.729354
20
236.149593
70
0
0
VERTEX
8
Layer 1
10
737.729354
20
236.149593
70
0
0
SEQEND
8
Layer 1
0
POLYLINE
8
Layer 1
62
7
70
0
10
0.000000
20
0.000000
66
1
0
VERTEX
8
Layer 1
10
639.586514
20
234.032925
70
0
0
VERTEX
8
Layer 1
10
642.532210
20
233.309730
70
0
0
VERTEX
8
Layer 1
10
643.678739
20
232.904036
70
0
0
VERTEX
8
Layer 1
10
641.065977
20
231.966969
70
0
0
VERTEX
8
Layer 1
10
635.714775
20
230.302298
70
0
0
VERTEX
8
Layer 1
10
630.403262
20
228.756689
70
0
0
VERTEX
8
Layer 1
10
627.909562
20
228.176810
70
0
0
VERTEX
8
Layer 1
10
627.684115
20
229.565874
70
0
0
VERTEX
8
Layer 1
10
627.481819
20
232.330771
70
0
0
VERTEX
8
Layer 1
10
627.378742
20
235.082440
70
0
0
VERTEX
8
Layer 1
10
627.450951
20
236.431816
70
0
0
VERTEX
8
Layer 1
10
628.354944
20
236.389372
70
0
0
VERTEX
8
Layer 1
10
630.740606
20
235.959975
70
0
0
VERTEX
8
Layer 1
10
639.586514
20
234.032925
70
0
0
VERTEX
8
Layer 1
10
639.586514
20
234.032925
70
0
0
SEQEND
8
Layer 1
0
POLYLINE
8
Layer 1
62
7
70
0
10
0.000000
20
0.000000
66
1
0
VERTEX
8
Layer 1
10
100.471174
20
234.456259
70
0
0
VERTEX
8
Layer 1
10
107.703123
20
232.692369
70
0
0
VERTEX
8
Layer 1
10
108.362377
20
232.480702
70
0
0
VERTEX
8
Layer 1
10
108.474550
20
232.345103
70
0
0
VERTEX
8
Layer 1
10
108.426318
20
232.163202
70
0
0
VERTEX
8
Layer 1
10
107.802342
20
231.581118
70
0
0
VERTEX
8
Layer 1
10
106.397845
20
230.575701
70
0
0
VERTEX
8
Layer 1
10
104.457566
20
229.235144
70
0
0
VERTEX
8
Layer 1
10
99.659785
20
229.693756
70
0
0
VERTEX
8
Layer 1
10
95.779227
20
230.165596
70
0
0
VERTEX
8
Layer 1
10
94.917126
20
230.413092
70
0
0
VERTEX
8
Layer 1
10
94.544504
20
230.716812
70
0
0
VERTEX
8
Layer 1
10
94.202199
20
231.900823
70
0
0
VERTEX
8
Layer 1
10
93.922733
20
233.680147
70
0
0
VERTEX
8
Layer 1
10
93.795402
20
235.300721
70
0
0
VERTEX
8
Layer 1
10
93.909504
20
236.008482
70
0
0
VERTEX
8
Layer 1
10
100.471174
20
234.456259
70
0
0
VERTEX
8
Layer 1
10
100.471174
20
234.456259
70
0
0
SEQEND
8
Layer 1
0
POLYLINE
8
Layer 1
62
7
70
0
10
0.000000
20
0.000000
66
1
0
VERTEX
8
Layer 1
10
219.604305
20
234.879592
70
0
0
VERTEX
8
Layer 1
10
219.041514
20
231.974686
70
0
0
VERTEX
8
Layer 1
10
218.744202
20
231.120440
70
0
0
VERTEX
8
Layer 1
10
218.303436
20
230.558062
70
0
0
VERTEX
8
Layer 1
10
217.619584
20
230.207351
70
0
0
VERTEX
8
Layer 1
10
216.593014
20
229.988105
70
0
0
VERTEX
8
Layer 1
10
213.113190
20
229.623200
70
0
0
VERTEX
8
Layer 1
10
209.126798
20
229.235144
70
0
0
VERTEX
8
Layer 1
10
206.904297
20
230.787368
70
0
0
VERTEX
8
Layer 1
10
205.360893
20
231.894209
70
0
0
VERTEX
8
Layer 1
10
204.822907
20
232.445424
70
0
0
VERTEX
8
Layer 1
10
211.803501
20
234.293099
70
0
0
VERTEX
8
Layer 1
10
219.180971
20
236.008482
70
0
0
VERTEX
8
Layer 1
10
219.515008
20
235.966038
70
0
0
VERTEX
8
Layer 1
10
219.683680
20
235.801225
70
0
0
VERTEX
8
Layer 1
10
219.604305
20
234.879592
70
0
0
VERTEX
8
Layer 1
10
219.604305
20
234.879592
70
0
0
SEQEND
8
Layer 1
0
POLYLINE
8
Layer 1
62
7
70
0
10
0.000000
20
0.000000
66
1
0
VERTEX
8
Layer 1
10
662.622917
20
234.914870
70
0
0
VERTEX
8
Layer 1
10
664.294203
20
234.253411
70
0
0
VERTEX
8
Layer 1
10
664.986530
20
233.856536
70
0
0
VERTEX
8
Layer 1
10
662.340695
20
232.515980
70
0
0
VERTEX
8
Layer 1
10
659.730138
20
231.422368
70
0
0
VERTEX
8
Layer 1
10
656.625691
20
232.127924
70
0
0
VERTEX
8
Layer 1
10
652.639300
20
233.045147
70
0
0
VERTEX
8
Layer 1
10
652.368653
20
233.213268
70
0
0
VERTEX
8
Layer 1
10
652.696626
20
233.490529
70
0
0
VERTEX
8
Layer 1
10
655.637913
20
234.597370
70
0
0
VERTEX
8
Layer 1
10
659.871249
20
235.867371
70
0
0
VERTEX
8
Layer 1
10
662.622917
20
234.914870
70
0
0
VERTEX
8
Layer 1
10
662.622917
20
234.914870
70
0
0
SEQEND
8
Layer 1
0
POLYLINE
8
Layer 1
62
7
70
0
10
0.000000
20
0.000000
66
1
0
VERTEX
8
Layer 1
10
757.520199
20
232.833480
70
0
0
VERTEX
8
Layer 1
10
759.919090
20
231.726639
70
0
0
VERTEX
8
Layer 1
10
760.836313
20
231.175423
70
0
0
VERTEX
8
Layer 1
10
756.849921
20
230.328756
70
0
0
VERTEX
8
Layer 1
10
753.004641
20
229.587922
70
0
0
VERTEX
8
Layer 1
10
750.464639
20
230.963757
70
0
0
VERTEX
8
Layer 1
10
747.889360
20
232.480702
70
0
0
VERTEX
8
Layer 1
10
748.739334
20
232.917816
70
0
0
VERTEX
8
Layer 1
10
750.641028
20
233.596362
70
0
0
VERTEX
8
Layer 1
10
752.622097
20
234.202148
70
0
0
VERTEX
8
Layer 1
10
753.710197
20
234.420981
70
0
0
VERTEX
8
Layer 1
10
757.520199
20
232.833480
70
0
0
VERTEX
8
Layer 1
10
757.520199
20
232.833480
70
0
0
SEQEND
8
Layer 1
0
POLYLINE
8
Layer 1
62
7
70
0
10
0.000000
20
0.000000
66
1
0
VERTEX
8
Layer 1
10
784.754661
20
232.057368
70
0
0
VERTEX
8
Layer 1
10
784.401883
20
227.859310
70
0
0
VERTEX
8
Layer 1
10
784.154938
20
225.605941
70
0
0
VERTEX
8
Layer 1
10
783.907994
20
224.437364
70
0
0
VERTEX
8
Layer 1
10
783.390402
20
224.398779
70
0
0
VERTEX
8
Layer 1
10
782.016222
20
224.790142
70
0
0
VERTEX
8
Layer 1
10
776.182156
20
227.047921
70
0
0
VERTEX
8
Layer 1
10
770.961041
20
229.283651
70
0
0
VERTEX
8
Layer 1
10
768.914929
20
230.328756
70
0
0
VERTEX
8
Layer 1
10
776.018996
20
231.819243
70
0
0
VERTEX
8
Layer 1
10
783.943272
20
233.150980
70
0
0
VERTEX
8
Layer 1
10
784.457005
20
233.138853
70
0
0
VERTEX
8
Layer 1
10
784.719383
20
233.001050
70
0
0
VERTEX
8
Layer 1
10
784.796553
20
232.664808
70
0
0
VERTEX
8
Layer 1
10
784.754661
20
232.057368
70
0
0
VERTEX
8
Layer 1
10
784.754661
20
232.057368
70
0
0
SEQEND
8
Layer 1
0
POLYLINE
8
Layer 1
62
7
70
0
10
0.000000
20
0.000000
66
1
0
VERTEX
8
Layer 1
10
672.712368
20
231.245979
70
0
0
VERTEX
8
Layer 1
10
677.615982
20
229.482089
70
0
0
VERTEX
8
Layer 1
10
677.819312
20
229.332847
70
0
0
VERTEX
8
Layer 1
10
677.886629
20
229.114979
70
0
0
VERTEX
8
Layer 1
10
677.690948
20
228.582505
70
0
0
VERTEX
8
Layer 1
10
677.184381
20
228.102948
70
0
0
VERTEX
8
Layer 1
10
676.522371
20
227.894588
70
0
0
VERTEX
8
Layer 1
10
672.037680
20
228.745665
70
0
0
VERTEX
8
Layer 1
10
663.928196
20
230.575701
70
0
0
VERTEX
8
Layer 1
10
663.525809
20
230.713505
70
0
0
VERTEX
8
Layer 1
10
663.540140
20
230.910840
70
0
0
VERTEX
8
Layer 1
10
665.162919
20
231.775146
70
0
0
VERTEX
8
Layer 1
10
666.798927
20
232.498341
70
0
0
VERTEX
8
Layer 1
10
667.773476
20
232.798202
70
0
0
VERTEX
8
Layer 1
10
669.409484
20
232.366049
70
0
0
VERTEX
8
Layer 1
10
672.712368
20
231.245979
70
0
0
VERTEX
8
Layer 1
10
672.712368
20
231.245979
70
0
0
SEQEND
8
Layer 1
0
POLYLINE
8
Layer 1
62
7
70
0
10
0.000000
20
0.000000
66
1
0
VERTEX
8
Layer 1
10
652.745133
20
231.069590
70
0
0
VERTEX
8
Layer 1
10
655.413017
20
230.421360
70
0
0
VERTEX
8
Layer 1
10
656.519858
20
230.011256
70
0
0
VERTEX
8
Layer 1
10
652.369756
20
227.842223
70
0
0
VERTEX
8
Layer 1
10
643.215718
20
223.506912
70
0
0
VERTEX
8
Layer 1
10
634.002149
20
219.310507
70
0
0
VERTEX
8
Layer 1
10
630.918166
20
217.984765
70
0
0
VERTEX
8
Layer 1
10
629.673452
20
217.558193
70
0
0
VERTEX
8
Layer 1
10
629.222007
20
218.950012
70
0
0
VERTEX
8
Layer 1
10
628.628347
20
221.654827
70
0
0
VERTEX
8
Layer 1
10
628.160365
20
224.339798
70
0
0
VERTEX
8
Layer 1
10
628.085951
20
225.672087
70
0
0
VERTEX
8
Layer 1
10
631.332611
20
226.867122
70
0
0
VERTEX
8
Layer 1
10
638.078388
20
229.041116
70
0
0
VERTEX
8
Layer 1
10
644.863852
20
231.109278
70
0
0
VERTEX
8
Layer 1
10
648.229575
20
231.986813
70
0
0
VERTEX
8
Layer 1
10
652.745133
20
231.069590
70
0
0
VERTEX
8
Layer 1
10
652.745133
20
231.069590
70
0
0
SEQEND
8
Layer 1
0
POLYLINE
8
Layer 1
62
7
70
0
10
0.000000
20
0.000000
66
1
0
VERTEX
8
Layer 1
10
683.084041
20
230.293478
70
0
0
VERTEX
8
Layer 1
10
682.772605
20
230.094490
70
0
0
VERTEX
8
Layer 1
10
682.259423
20
230.024485
70
0
0
VERTEX
8
Layer 1
10
681.779314
20
230.080158
70
0
0
VERTEX
8
Layer 1
10
681.567096
20
230.258201
70
0
0
VERTEX
8
Layer 1
10
682.166819
20
231.140146
70
0
0
VERTEX
8
Layer 1
10
682.735673
20
231.647264
70
0
0
VERTEX
8
Layer 1
10
683.013486
20
231.175423
70
0
0
VERTEX
8
Layer 1
10
683.141368
20
230.655076
70
0
0
VERTEX
8
Layer 1
10
683.084041
20
230.293478
70
0
0
VERTEX
8
Layer 1
10
683.084041
20
230.293478
70
0
0
SEQEND
8
Layer 1
0
POLYLINE
8
Layer 1
62
7
70
0
10
0.000000
20
0.000000
66
1
0
VERTEX
8
Layer 1
10
747.360193
20
230.469867
70
0
0
VERTEX
8
Layer 1
10
749.512139
20
229.058755
70
0
0
VERTEX
8
Layer 1
10
742.791718
20
227.691741
70
0
0
VERTEX
8
Layer 1
10
735.542130
20
226.483476
70
0
0
VERTEX
8
Layer 1
10
734.910437
20
226.681914
70
0
0
VERTEX
8
Layer 1
10
734.272129
20
227.144935
70
0
0
VERTEX
8
Layer 1
10
733.845488
20
227.674102
70
0
0
VERTEX
8
Layer 1
10
733.848796
20
228.070977
70
0
0
VERTEX
8
Layer 1
10
739.422688
20
229.940700
70
0
0
VERTEX
8
Layer 1
10
744.996580
20
231.739868
70
0
0
VERTEX
8
Layer 1
10
747.360193
20
230.469867
70
0
0
VERTEX
8
Layer 1
10
747.360193
20
230.469867
70
0
0
SEQEND
8
Layer 1
0
POLYLINE
8
Layer 1
62
7
70
0
10
0.000000
20
0.000000
66
1
0
VERTEX
8
Layer 1
10
111.618959
20
230.716812
70
0
0
VERTEX
8
Layer 1
10
111.988825
20
229.418699
70
0
0
VERTEX
8
Layer 1
10
112.011425
20
228.798582
70
0
0
VERTEX
8
Layer 1
10
111.564389
20
228.608412
70
0
0
VERTEX
8
Layer 1
10
110.525347
20
228.600144
70
0
0
VERTEX
8
Layer 1
10
108.979739
20
228.686134
70
0
0
VERTEX
8
Layer 1
10
108.294027
20
228.970561
70
0
0
VERTEX
8
Layer 1
10
108.265363
20
229.199591
70
0
0
VERTEX
8
Layer 1
10
108.441752
20
229.493113
70
0
0
VERTEX
8
Layer 1
10
109.396458
20
230.293478
70
0
0
VERTEX
8
Layer 1
10
110.482904
20
231.039273
70
0
0
VERTEX
8
Layer 1
10
111.103021
20
231.338583
70
0
0
VERTEX
8
Layer 1
10
111.425483
20
231.221174
70
0
0
VERTEX
8
Layer 1
10
111.618959
20
230.716812
70
0
0
VERTEX
8
Layer 1
10
111.618959
20
230.716812
70
0
0
SEQEND
8
Layer 1
0
POLYLINE
8
Layer 1
62
7
70
0
10
0.000000
20
0.000000
66
1
0
VERTEX
8
Layer 1
10
204.152629
20
230.328756
70
0
0
VERTEX
8
Layer 1
10
205.147573
20
229.507996
70
0
0
VERTEX
8
Layer 1
10
205.335193
20
229.208204
70
0
0
VERTEX
8
Layer 1
10
205.312386
20
228.974971
70
0
0
VERTEX
8
Layer 1
10
204.623918
20
228.686685
70
0
0
VERTEX
8
Layer 1
10
203.059017
20
228.600144
70
0
0
VERTEX
8
Layer 1
10
201.722870
20
228.710387
70
0
0
VERTEX
8
Layer 1
10
201.536008
20
228.882918
70
0
0
VERTEX
8
Layer 1
10
201.577349
20
229.164589
70
0
0
VERTEX
8
Layer 1
10
202.000683
20
230.575701
70
0
0
VERTEX
8
Layer 1
10
202.388739
20
231.422368
70
0
0
VERTEX
8
Layer 1
10
204.152629
20
230.328756
70
0
0
VERTEX
8
Layer 1
10
204.152629
20
230.328756
70
0
0
SEQEND
8
Layer 1
0
POLYLINE
8
Layer 1
62
7
70
0
10
0.000000
20
0.000000
66
1
0
VERTEX
8
Layer 1
10
730.215182
20
229.905423
70
0
0
VERTEX
8
Layer 1
10
730.409761
20
229.533352
70
0
0
VERTEX
8
Layer 1
10
730.369523
20
229.230735
70
0
0
VERTEX
8
Layer 1
10
730.111002
20
229.027336
70
0
0
VERTEX
8
Layer 1
10
729.650737
20
228.952922
70
0
0
VERTEX
8
Layer 1
10
729.328827
20
229.160179
70
0
0
VERTEX
8
Layer 1
10
729.192126
20
229.658478
70
0
0
VERTEX
8
Layer 1
10
729.272603
20
230.133626
70
0
0
VERTEX
8
Layer 1
10
729.491987
20
230.337576
70
0
0
VERTEX
8
Layer 1
10
729.817205
20
230.263713
70
0
0
VERTEX
8
Layer 1
10
730.215182
20
229.905423
70
0
0
VERTEX
8
Layer 1
10
730.215182
20
229.905423
70
0
0
SEQEND
8
Layer 1
0
POLYLINE
8
Layer 1
62
7
70
0
10
0.000000
20
0.000000
66
1
0
VERTEX
8
Layer 1
10
774.030210
20
225.813198
70
0
0
VERTEX
8
Layer 1
10
783.449382
20
221.756251
70
0
0
VERTEX
8
Layer 1
10
783.415207
20
220.884228
70
0
0
VERTEX
8
Layer 1
10
783.070146
20
218.986943
70
0
0
VERTEX
8
Layer 1
10
781.897159
20
214.206802
70
0
0
VERTEX
8
Layer 1
10
781.332714
20
212.372356
70
0
0
VERTEX
8
Layer 1
10
780.027436
20
213.148468
70
0
0
VERTEX
8
Layer 1
10
767.186317
20
220.839028
70
0
0
VERTEX
8
Layer 1
10
759.037145
20
225.760281
70
0
0
VERTEX
8
Layer 1
10
755.650476
20
227.929866
70
0
0
VERTEX
8
Layer 1
10
756.758971
20
228.273824
70
0
0
VERTEX
8
Layer 1
10
759.306138
20
228.829450
70
0
0
VERTEX
8
Layer 1
10
764.046592
20
229.623200
70
0
0
VERTEX
8
Layer 1
10
767.318608
20
228.511949
70
0
0
VERTEX
8
Layer 1
10
774.030210
20
225.813198
70
0
0
VERTEX
8
Layer 1
10
774.030210
20
225.813198
70
0
0
SEQEND
8
Layer 1
0
POLYLINE
8
Layer 1
62
7
70
0
10
0.000000
20
0.000000
66
1
0
VERTEX
8
Layer 1
10
667.773476
20
227.718199
70
0
0
VERTEX
8
Layer 1
10
675.075981
20
226.130698
70
0
0
VERTEX
8
Layer 1
10
675.172995
20
225.993997
70
0
0
VERTEX
8
Layer 1
10
675.111259
20
225.672087
70
0
0
VERTEX
8
Layer 1
10
670.525145
20
219.714548
70
0
0
VERTEX
8
Layer 1
10
665.409864
20
213.360134
70
0
0
VERTEX
8
Layer 1
10
660.532708
20
212.301800
70
0
0
VERTEX
8
Layer 1
10
649.146798
20
210.079299
70
0
0
VERTEX
8
Layer 1
10
636.336547
20
207.773013
70
0
0
VERTEX
8
Layer 1
10
633.693468
20
207.425196
70
0
0
VERTEX
8
Layer 1
10
632.813176
20
207.504020
70
0
0
VERTEX
8
Layer 1
10
630.273175
20
214.347913
70
0
0
VERTEX
8
Layer 1
10
630.303492
20
214.803768
70
0
0
VERTEX
8
Layer 1
10
630.912585
20
215.348920
70
0
0
VERTEX
8
Layer 1
10
635.070956
20
217.487637
70
0
0
VERTEX
8
Layer 1
10
653.433050
20
226.227712
70
0
0
VERTEX
8
Layer 1
10
660.259305
20
229.305700
70
0
0
VERTEX
8
Layer 1
10
667.773476
20
227.718199
70
0
0
VERTEX
8
Layer 1
10
667.773476
20
227.718199
70
0
0
SEQEND
8
Layer 1
0
POLYLINE
8
Layer 1
62
7
70
0
10
0.000000
20
0.000000
66
1
0
VERTEX
8
Layer 1
10
681.179040
20
228.282644
70
0
0
VERTEX
8
Layer 1
10
681.489375
20
227.863169
70
0
0
VERTEX
8
Layer 1
10
681.412756
20
227.387470
70
0
0
VERTEX
8
Layer 1
10
681.025251
20
226.997760
70
0
0
VERTEX
8
Layer 1
10
680.402929
20
226.836254
70
0
0
VERTEX
8
Layer 1
10
679.724933
20
226.893029
70
0
0
VERTEX
8
Layer 1
10
679.371053
20
227.078789
70
0
0
VERTEX
8
Layer 1
10
679.321444
20
227.416684
70
0
0
VERTEX
8
Layer 1
10
679.556261
20
227.929866
70
0
0
VERTEX
8
Layer 1
10
679.899118
20
228.362019
70
0
0
VERTEX
8
Layer 1
10
680.261817
20
228.556047
70
0
0
VERTEX
8
Layer 1
10
680.677434
20
228.525179
70
0
0
VERTEX
8
Layer 1
10
681.179040
20
228.282644
70
0
0
VERTEX
8
Layer 1
10
681.179040
20
228.282644
70
0
0
SEQEND
8
Layer 1
0
POLYLINE
8
Layer 1
62
7
70
0
10
0.000000
20
0.000000
66
1
0
VERTEX
8
Layer 1
10
100.365341
20
227.577088
70
0
0
VERTEX
8
Layer 1
10
101.741175
20
227.365421
70
0
0
VERTEX
8
Layer 1
10
99.412840
20
225.672087
70
0
0
VERTEX
8
Layer 1
10
97.493508
20
224.356886
70
0
0
VERTEX
8
Layer 1
10
96.467144
20
223.881738
70
0
0
VERTEX
8
Layer 1
10
96.175138
20
223.948849
70
0
0
VERTEX
8
Layer 1
10
95.969948
20
224.213570
70
0
0
VERTEX
8
Layer 1
10
95.638116
20
225.319309
70
0
0
VERTEX
8
Layer 1
10
95.038393
20
227.577088
70
0
0
VERTEX
8
Layer 1
10
95.027920
20
227.851042
70
0
0
VERTEX
8
Layer 1
10
95.272109
20
227.996012
70
0
0
VERTEX
8
Layer 1
10
96.908117
20
227.965144
70
0
0
VERTEX
8
Layer 1
10
100.365341
20
227.577088
70
0
0
VERTEX
8
Layer 1
10
100.365341
20
227.577088
70
0
0
SEQEND
8
Layer 1
0
POLYLINE
8
Layer 1
62
7
70
0
10
0.000000
20
0.000000
66
1
0
VERTEX
8
Layer 1
10
217.769859
20
226.060142
70
0
0
VERTEX
8
Layer 1
10
216.993748
20
223.908197
70
0
0
VERTEX
8
Layer 1
10
216.085344
20
224.265384
70
0
0
VERTEX
8
Layer 1
10
214.277357
20
225.495698
70
0
0
VERTEX
8
Layer 1
10
211.843189
20
227.365421
70
0
0
VERTEX
8
Layer 1
10
213.077912
20
227.577088
70
0
0
VERTEX
8
Layer 1
10
216.288192
20
227.859310
70
0
0
VERTEX
8
Layer 1
10
218.299026
20
227.894588
70
0
0
VERTEX
8
Layer 1
10
217.769859
20
226.060142
70
0
0
VERTEX
8
Layer 1
10
217.769859
20
226.060142
70
0
0
SEQEND
8
Layer 1
0
POLYLINE
8
Layer 1
62
7
70
0
10
0.000000
20
0.000000
66
1
0
VERTEX
8
Layer 1
10
684.777376
20
226.412920
70
0
0
VERTEX
8
Layer 1
10
684.953765
20
225.835246
70
0
0
VERTEX
8
Layer 1
10
684.177653
20
225.919031
70
0
0
VERTEX
8
Layer 1
10
683.066402
20
226.346775
70
0
0
VERTEX
8
Layer 1
10
683.056481
20
226.608602
70
0
0
VERTEX
8
Layer 1
10
683.330986
20
227.012643
70
0
0
VERTEX
8
Layer 1
10
683.685969
20
227.320773
70
0
0
VERTEX
8
Layer 1
10
684.027723
20
227.334553
70
0
0
VERTEX
8
Layer 1
10
684.382705
20
227.037448
70
0
0
VERTEX
8
Layer 1
10
684.777376
20
226.412920
70
0
0
VERTEX
8
Layer 1
10
684.777376
20
226.412920
70
0
0
SEQEND
8
Layer 1
0
POLYLINE
8
Layer 1
62
7
70
0
10
0.000000
20
0.000000
66
1
0
VERTEX
8
Layer 1
10
732.684628
20
225.989587
70
0
0
VERTEX
8
Layer 1
10
731.767405
20
225.636809
70
0
0
VERTEX
8
Layer 1
10
731.083898
20
225.601531
70
0
0
VERTEX
8
Layer 1
10
730.638516
20
226.095420
70
0
0
VERTEX
8
Layer 1
10
730.352435
20
226.659314
70
0
0
VERTEX
8
Layer 1
10
730.307786
20
226.981775
70
0
0
VERTEX
8
Layer 1
10
730.534336
20
227.152101
70
0
0
VERTEX
8
Layer 1
10
731.061849
20
227.259588
70
0
0
VERTEX
8
Layer 1
10
731.647792
20
227.150447
70
0
0
VERTEX
8
Layer 1
10
732.256885
20
226.783337
70
0
0
VERTEX
8
Layer 1
10
732.674155
20
226.336853
70
0
0
VERTEX
8
Layer 1
10
732.684628
20
225.989587
70
0
0
VERTEX
8
Layer 1
10
732.684628
20
225.989587
70
0
0
SEQEND
8
Layer 1
0
POLYLINE
8
Layer 1
62
7
70
0
10
0.000000
20
0.000000
66
1
0
VERTEX
8
Layer 1
10
766.586594
20
218.898749
70
0
0
VERTEX
8
Layer 1
10
780.627158
20
210.432077
70
0
0
VERTEX
8
Layer 1
10
780.323439
20
209.063409
70
0
0
VERTEX
8
Layer 1
10
779.335109
20
206.282526
70
0
0
VERTEX
8
Layer 1
10
778.181415
20
203.442112
70
0
0
VERTEX
8
Layer 1
10
777.381601
20
201.894849
70
0
0
VERTEX
8
Layer 1
10
772.372153
20
203.129572
70
0
0
VERTEX
8
Layer 1
10
756.461865
20
207.468742
70
0
0
VERTEX
8
Layer 1
10
745.419914
20
210.396799
70
0
0
VERTEX
8
Layer 1
10
741.010189
20
217.029026
70
0
0
VERTEX
8
Layer 1
10
737.870465
20
221.826806
70
0
0
VERTEX
8
Layer 1
10
736.529908
20
224.084586
70
0
0
VERTEX
8
Layer 1
10
736.962061
20
224.362398
70
0
0
VERTEX
8
Layer 1
10
738.373173
20
224.772503
70
0
0
VERTEX
8
Layer 1
10
744.185191
20
225.989587
70
0
0
VERTEX
8
Layer 1
10
752.299085
20
227.365421
70
0
0
VERTEX
8
Layer 1
10
766.586594
20
218.898749
70
0
0
VERTEX
8
Layer 1
10
766.586594
20
218.898749
70
0
0
SEQEND
8
Layer 1
0
POLYLINE
8
Layer 1
62
7
70
0
10
0.000000
20
0.000000
66
1
0
VERTEX
8
Layer 1
10
109.502291
20
226.483476
70
0
0
VERTEX
8
Layer 1
10
109.633756
20
226.377918
70
0
0
VERTEX
8
Layer 1
10
109.614739
20
226.174795
70
0
0
VERTEX
8
Layer 1
10
109.026041
20
225.363406
70
0
0
VERTEX
8
Layer 1
10
104.951455
20
221.332917
70
0
0
VERTEX
8
Layer 1
10
99.483396
20
216.323470
70
0
0
VERTEX
8
Layer 1
10
99.002736
20
216.799720
70
0
0
VERTEX
8
Layer 1
10
98.283951
20
218.122637
70
0
0
VERTEX
8
Layer 1
10
97.444449
20
220.103155
70
0
0
VERTEX
8
Layer 1
10
97.293623
20
220.756277
70
0
0
VERTEX
8
Layer 1
10
97.362318
20
221.293230
70
0
0
VERTEX
8
Layer 1
10
97.680714
20
221.795456
70
0
0
VERTEX
8
Layer 1
10
98.278990
20
222.344398
70
0
0
VERTEX
8
Layer 1
10
100.435897
20
223.908197
70
0
0
VERTEX
8
Layer 1
10
104.598677
20
226.765698
70
0
0
VERTEX
8
Layer 1
10
105.454164
20
226.939883
70
0
0
VERTEX
8
Layer 1
10
106.785901
20
226.942087
70
0
0
VERTEX
8
Layer 1
10
108.249929
20
226.785542
70
0
0
VERTEX
8
Layer 1
10
109.502291
20
226.483476
70
0
0
VERTEX
8
Layer 1
10
109.502291
20
226.483476
70
0
0
SEQEND
8
Layer 1
0
POLYLINE
8
Layer 1
62
7
70
0
10
0.000000
20
0.000000
66
1
0
VERTEX
8
Layer 1
10
212.584023
20
224.260975
70
0
0
VERTEX
8
Layer 1
10
215.159302
20
222.338335
70
0
0
VERTEX
8
Layer 1
10
216.252914
20
221.262362
70
0
0
VERTEX
8
Layer 1
10
215.948643
20
220.270173
70
0
0
VERTEX
8
Layer 1
10
215.194580
20
218.510693
70
0
0
VERTEX
8
Layer 1
10
214.136246
20
216.182358
70
0
0
VERTEX
8
Layer 1
10
213.042634
20
217.099581
70
0
0
VERTEX
8
Layer 1
10
207.283533
20
222.448578
70
0
0
VERTEX
8
Layer 1
10
204.499894
20
225.190875
70
0
0
VERTEX
8
Layer 1
10
203.376517
20
226.448198
70
0
0
VERTEX
8
Layer 1
10
205.797456
20
226.840664
70
0
0
VERTEX
8
Layer 1
10
208.456520
20
226.942087
70
0
0
VERTEX
8
Layer 1
10
212.584023
20
224.260975
70
0
0
VERTEX
8
Layer 1
10
212.584023
20
224.260975
70
0
0
SEQEND
8
Layer 1
0
POLYLINE
8
Layer 1
62
7
70
0
10
0.000000
20
0.000000
66
1
0
VERTEX
8
Layer 1
10
728.627681
20
225.883753
70
0
0
VERTEX
8
Layer 1
10
728.670125
20
225.448844
70
0
0
VERTEX
8
Layer 1
10
728.464521
20
225.076774
70
0
0
VERTEX
8
Layer 1
10
728.067095
20
224.817151
70
0
0
VERTEX
8
Layer 1
10
727.534069
20
224.719586
70
0
0
VERTEX
8
Layer 1
10
727.214916
20
224.766439
70
0
0
VERTEX
8
Layer 1
10
727.097507
20
224.935663
70
0
0
VERTEX
8
Layer 1
10
727.428236
20
225.813198
70
0
0
VERTEX
8
Layer 1
10
727.769438
20
226.275668
70
0
0
VERTEX
8
Layer 1
10
728.094104
20
226.443788
70
0
0
VERTEX
8
Layer 1
10
728.385698
20
226.314253
70
0
0
VERTEX
8
Layer 1
10
728.627681
20
225.883753
70
0
0
VERTEX
8
Layer 1
10
728.627681
20
225.883753
70
0
0
SEQEND
8
Layer 1
0
POLYLINE
8
Layer 1
62
7
70
0
10
0.000000
20
0.000000
66
1
0
VERTEX
8
Layer 1
10
114.652850
20
222.673474
70
0
0
VERTEX
8
Layer 1
10
116.421150
20
219.308853
70
0
0
VERTEX
8
Layer 1
10
118.427575
20
215.970692
70
0
0
VERTEX
8
Layer 1
10
119.944520
20
213.518885
70
0
0
VERTEX
8
Layer 1
10
120.233357
20
212.835377
70
0
0
VERTEX
8
Layer 1
10
120.191465
20
212.548745
70
0
0
VERTEX
8
Layer 1
10
104.175343
20
207.786242
70
0
0
VERTEX
8
Layer 1
10
103.394822
20
208.681416
70
0
0
VERTEX
8
Layer 1
10
101.952842
20
210.820133
70
0
0
VERTEX
8
Layer 1
10
100.047841
20
213.889301
70
0
0
VERTEX
8
Layer 1
10
106.362567
20
219.992361
70
0
0
VERTEX
8
Layer 1
10
112.888960
20
226.095420
70
0
0
VERTEX
8
Layer 1
10
114.652850
20
222.673474
70
0
0
VERTEX
8
Layer 1
10
114.652850
20
222.673474
70
0
0
SEQEND
8
Layer 1
0
POLYLINE
8
Layer 1
62
7
70
0
10
0.000000
20
0.000000
66
1
0
VERTEX
8
Layer 1
10
206.198741
20
220.662639
70
0
0
VERTEX
8
Layer 1
10
211.490411
20
215.547358
70
0
0
VERTEX
8
Layer 1
10
208.809298
20
216.746803
70
0
0
VERTEX
8
Layer 1
10
200.470508
20
220.481840
70
0
0
VERTEX
8
Layer 1
10
198.991597
20
221.226533
70
0
0
VERTEX
8
Layer 1
10
198.614014
20
221.544584
70
0
0
VERTEX
8
Layer 1
10
199.544466
20
223.846460
70
0
0
VERTEX
8
Layer 1
10
200.236242
20
225.185914
70
0
0
VERTEX
8
Layer 1
10
200.660126
20
225.777920
70
0
0
VERTEX
8
Layer 1
10
206.198741
20
220.662639
70
0
0
VERTEX
8
Layer 1
10
206.198741
20
220.662639
70
0
0
SEQEND
8
Layer 1
0
POLYLINE
8
Layer 1
62
7
70
0
10
0.000000
20
0.000000
66
1
0
VERTEX
8
Layer 1
10
679.732650
20
224.931253
70
0
0
VERTEX
8
Layer 1
10
679.071192
20
223.581877
70
0
0
VERTEX
8
Layer 1
10
677.298482
20
220.592083
70
0
0
VERTEX
8
Layer 1
10
674.299869
20
215.688469
70
0
0
VERTEX
8
Layer 1
10
673.955359
20
215.320808
70
0
0
VERTEX
8
Layer 1
10
673.369417
20
214.996142
70
0
0
VERTEX
8
Layer 1
10
671.301256
20
214.383191
70
0
0
VERTEX
8
Layer 1
10
668.584866
20
213.924579
70
0
0
VERTEX
8
Layer 1
10
672.994591
20
219.745416
70
0
0
VERTEX
8
Layer 1
10
677.007440
20
224.613753
70
0
0
VERTEX
8
Layer 1
10
677.856312
20
225.242138
70
0
0
VERTEX
8
Layer 1
10
678.533205
20
225.248753
70
0
0
VERTEX
8
Layer 1
10
679.732650
20
224.931253
70
0
0
VERTEX
8
Layer 1
10
679.732650
20
224.931253
70
0
0
SEQEND
8
Layer 1
0
POLYLINE
8
Layer 1
62
7
70
0
10
0.000000
20
0.000000
66
1
0
VERTEX
8
Layer 1
10
685.553487
20
223.661252
70
0
0
VERTEX
8
Layer 1
10
686.777737
20
223.119958
70
0
0
VERTEX
8
Layer 1
10
687.515815
20
222.294237
70
0
0
VERTEX
8
Layer 1
10
687.810715
20
221.111329
70
0
0
VERTEX
8
Layer 1
10
687.705433
20
219.498472
70
0
0
VERTEX
8
Layer 1
10
687.387933
20
217.487637
70
0
0
VERTEX
8
Layer 1
10
682.272652
20
216.535136
70
0
0
VERTEX
8
Layer 1
10
676.910426
20
215.653191
70
0
0
VERTEX
8
Layer 1
10
677.501330
20
216.984928
70
0
0
VERTEX
8
Layer 1
10
679.203483
20
220.062916
70
0
0
VERTEX
8
Layer 1
10
681.743485
20
224.437364
70
0
0
VERTEX
8
Layer 1
10
682.978208
20
224.225697
70
0
0
VERTEX
8
Layer 1
10
685.553487
20
223.661252
70
0
0
VERTEX
8
Layer 1
10
685.553487
20
223.661252
70
0
0
SEQEND
8
Layer 1
0
POLYLINE
8
Layer 1
62
7
70
0
10
0.000000
20
0.000000
66
1
0
VERTEX
8
Layer 1
10
738.364354
20
217.664026
70
0
0
VERTEX
8
Layer 1
10
741.261543
20
213.179336
70
0
0
VERTEX
8
Layer 1
10
742.280190
20
211.314022
70
0
0
VERTEX
8
Layer 1
10
739.634355
20
212.019578
70
0
0
VERTEX
8
Layer 1
10
737.306020
20
212.760412
70
0
0
VERTEX
8
Layer 1
10
734.624907
20
218.087360
70
0
0
VERTEX
8
Layer 1
10
732.618482
20
222.360383
70
0
0
VERTEX
8
Layer 1
10
732.327992
20
223.311230
70
0
0
VERTEX
8
Layer 1
10
732.437684
20
223.696530
70
0
0
VERTEX
8
Layer 1
10
732.865978
20
223.916258
70
0
0
VERTEX
8
Layer 1
10
733.284351
20
223.959460
70
0
0
VERTEX
8
Layer 1
10
733.742411
20
223.775285
70
0
0
VERTEX
8
Layer 1
10
734.289768
20
223.312884
70
0
0
VERTEX
8
Layer 1
10
735.850811
20
221.350005
70
0
0
VERTEX
8
Layer 1
10
738.364354
20
217.664026
70
0
0
VERTEX
8
Layer 1
10
738.364354
20
217.664026
70
0
0
SEQEND
8
Layer 1
0
POLYLINE
8
Layer 1
62
7
70
0
10
0.000000
20
0.000000
66
1
0
VERTEX
8
Layer 1
10
732.402406
20
218.334304
70
0
0
VERTEX
8
Layer 1
10
734.029594
20
214.859441
70
0
0
VERTEX
8
Layer 1
10
734.411587
20
213.839692
70
0
0
VERTEX
8
Layer 1
10
734.413240
20
213.501246
70
0
0
VERTEX
8
Layer 1
10
729.121570
20
215.018191
70
0
0
VERTEX
8
Layer 1
10
724.253234
20
216.358747
70
0
0
VERTEX
8
Layer 1
10
724.253234
20
218.722360
70
0
0
VERTEX
8
Layer 1
10
724.398755
20
220.755243
70
0
0
VERTEX
8
Layer 1
10
724.625305
20
221.316932
70
0
0
VERTEX
8
Layer 1
10
724.994068
20
221.756251
70
0
0
VERTEX
8
Layer 1
10
725.696317
20
222.171867
70
0
0
VERTEX
8
Layer 1
10
726.802055
20
222.594099
70
0
0
VERTEX
8
Layer 1
10
729.615460
20
223.273196
70
0
0
VERTEX
8
Layer 1
10
730.559141
20
221.822397
70
0
0
VERTEX
8
Layer 1
10
732.402406
20
218.334304
70
0
0
VERTEX
8
Layer 1
10
732.402406
20
218.334304
70
0
0
SEQEND
8
Layer 1
0
POLYLINE
8
Layer 1
62
7
70
0
10
0.000000
20
0.000000
66
1
0
VERTEX
8
Layer 1
10
690.562935
20
219.427916
70
0
0
VERTEX
8
Layer 1
10
690.658295
20
218.894890
70
0
0
VERTEX
8
Layer 1
10
690.584984
20
218.444547
70
0
0
VERTEX
8
Layer 1
10
690.359536
20
218.133110
70
0
0
VERTEX
8
Layer 1
10
689.998490
20
218.016804
70
0
0
VERTEX
8
Layer 1
10
689.773594
20
218.334304
70
0
0
VERTEX
8
Layer 1
10
689.680990
20
219.075138
70
0
0
VERTEX
8
Layer 1
10
689.769184
20
219.785104
70
0
0
VERTEX
8
Layer 1
10
689.989671
20
220.098194
70
0
0
VERTEX
8
Layer 1
10
690.276303
20
219.987951
70
0
0
VERTEX
8
Layer 1
10
690.562935
20
219.427916
70
0
0
VERTEX
8
Layer 1
10
690.562935
20
219.427916
70
0
0
SEQEND
8
Layer 1
0
POLYLINE
8
Layer 1
62
7
70
0
10
0.000000
20
0.000000
66
1
0
VERTEX
8
Layer 1
10
722.030733
20
217.064303
70
0
0
VERTEX
8
Layer 1
10
721.726462
20
217.029026
70
0
0
VERTEX
8
Layer 1
10
721.289899
20
217.205415
70
0
0
VERTEX
8
Layer 1
10
721.013189
20
217.397238
70
0
0
VERTEX
8
Layer 1
10
720.928301
20
217.602290
70
0
0
VERTEX
8
Layer 1
10
721.360454
20
218.369582
70
0
0
VERTEX
8
Layer 1
10
721.960177
20
219.251527
70
0
0
VERTEX
8
Layer 1
10
722.066010
20
218.263749
70
0
0
VERTEX
8
Layer 1
10
722.030733
20
217.064303
70
0
0
VERTEX
8
Layer 1
10
722.030733
20
217.064303
70
0
0
SEQEND
8
Layer 1
0
POLYLINE
8
Layer 1
62
7
70
0
10
0.000000
20
0.000000
66
1
0
VERTEX
8
Layer 1
10
694.831549
20
216.605692
70
0
0
VERTEX
8
Layer 1
10
695.269214
20
216.500410
70
0
0
VERTEX
8
Layer 1
10
695.290160
20
216.239685
70
0
0
VERTEX
8
Layer 1
10
694.940689
20
215.906199
70
0
0
VERTEX
8
Layer 1
10
694.267104
20
215.582636
70
0
0
VERTEX
8
Layer 1
10
693.367520
20
215.428295
70
0
0
VERTEX
8
Layer 1
10
693.235228
20
215.657050
70
0
0
VERTEX
8
Layer 1
10
693.208770
20
216.147081
70
0
0
VERTEX
8
Layer 1
10
693.332242
20
216.799720
70
0
0
VERTEX
8
Layer 1
10
693.506426
20
216.881300
70
0
0
VERTEX
8
Layer 1
10
693.773215
20
216.817359
70
0
0
VERTEX
8
Layer 1
10
694.831549
20
216.605692
70
0
0
VERTEX
8
Layer 1
10
694.831549
20
216.605692
70
0
0
SEQEND
8
Layer 1
0
POLYLINE
8
Layer 1
62
7
70
0
10
0.000000
20
0.000000
66
1
0
VERTEX
8
Layer 1
10
691.233213
20
215.653191
70
0
0
VERTEX
8
Layer 1
10
691.230457
20
215.148278
70
0
0
VERTEX
8
Layer 1
10
690.920123
20
214.656594
70
0
0
VERTEX
8
Layer 1
10
690.404736
20
214.283972
70
0
0
VERTEX
8
Layer 1
10
689.786823
20
214.136246
70
0
0
VERTEX
8
Layer 1
10
689.467670
20
214.164909
70
0
0
VERTEX
8
Layer 1
10
689.350261
20
214.312635
70
0
0
VERTEX
8
Layer 1
10
689.680990
20
215.335691
70
0
0
VERTEX
8
Layer 1
10
690.042587
20
215.955809
70
0
0
VERTEX
8
Layer 1
10
690.483560
20
216.222046
70
0
0
VERTEX
8
Layer 1
10
690.911303
20
216.124481
70
0
0
VERTEX
8
Layer 1
10
691.233213
20
215.653191
70
0
0
VERTEX
8
Layer 1
10
691.233213
20
215.653191
70
0
0
SEQEND
8
Layer 1
0
POLYLINE
8
Layer 1
62
7
70
0
10
0.000000
20
0.000000
66
1
0
VERTEX
8
Layer 1
10
718.608786
20
215.194580
70
0
0
VERTEX
8
Layer 1
10
718.589493
20
214.732661
70
0
0
VERTEX
8
Layer 1
10
718.454446
20
214.541941
70
0
0
VERTEX
8
Layer 1
10
717.374063
20
214.841802
70
0
0
VERTEX
8
Layer 1
10
716.799696
20
215.185761
70
0
0
VERTEX
8
Layer 1
10
716.694965
20
215.529719
70
0
0
VERTEX
8
Layer 1
10
717.026797
20
215.794303
70
0
0
VERTEX
8
Layer 1
10
717.762119
20
215.900136
70
0
0
VERTEX
8
Layer 1
10
718.410348
20
215.745796
70
0
0
VERTEX
8
Layer 1
10
718.608786
20
215.194580
70
0
0
VERTEX
8
Layer 1
10
718.608786
20
215.194580
70
0
0
SEQEND
8
Layer 1
0
POLYLINE
8
Layer 1
62
7
70
0
10
0.000000
20
0.000000
66
1
0
VERTEX
8
Layer 1
10
687.493766
20
214.418468
70
0
0
VERTEX
8
Layer 1
10
687.387933
20
213.254301
70
0
0
VERTEX
8
Layer 1
10
679.979595
20
210.749577
70
0
0
VERTEX
8
Layer 1
10
672.465424
20
208.315409
70
0
0
VERTEX
8
Layer 1
10
672.782924
20
209.067818
70
0
0
VERTEX
8
Layer 1
10
673.682508
20
210.604056
70
0
0
VERTEX
8
Layer 1
10
675.322925
20
212.972079
70
0
0
VERTEX
8
Layer 1
10
680.980603
20
214.294996
70
0
0
VERTEX
8
Layer 1
10
687.140988
20
215.512080
70
0
0
VERTEX
8
Layer 1
10
687.339977
20
215.465227
70
0
0
VERTEX
8
Layer 1
10
687.462898
20
215.269545
70
0
0
VERTEX
8
Layer 1
10
687.493766
20
214.418468
70
0
0
VERTEX
8
Layer 1
10
687.493766
20
214.418468
70
0
0
SEQEND
8
Layer 1
0
POLYLINE
8
Layer 1
62
7
70
0
10
0.000000
20
0.000000
66
1
0
VERTEX
8
Layer 1
10
722.066010
20
213.854024
70
0
0
VERTEX
8
Layer 1
10
722.048372
20
212.932391
70
0
0
VERTEX
8
Layer 1
10
721.798120
20
212.926328
70
0
0
VERTEX
8
Layer 1
10
721.289899
20
213.148468
70
0
0
VERTEX
8
Layer 1
10
720.713327
20
213.435100
70
0
0
VERTEX
8
Layer 1
10
720.434412
20
213.721732
70
0
0
VERTEX
8
Layer 1
10
720.406851
20
214.100968
70
0
0
VERTEX
8
Layer 1
10
720.584343
20
214.665413
70
0
0
VERTEX
8
Layer 1
10
720.964682
20
215.133946
70
0
0
VERTEX
8
Layer 1
10
721.431010
20
215.106385
70
0
0
VERTEX
8
Layer 1
10
721.844422
20
214.655491
70
0
0
VERTEX
8
Layer 1
10
722.066010
20
213.854024
70
0
0
VERTEX
8
Layer 1
10
722.066010
20
213.854024
70
0
0
SEQEND
8
Layer 1
0
POLYLINE
8
Layer 1
62
7
70
0
10
0.000000
20
0.000000
66
1
0
VERTEX
8
Layer 1
10
699.558774
20
214.136246
70
0
0
VERTEX
8
Layer 1
10
700.934608
20
212.054856
70
0
0
VERTEX
8
Layer 1
10
702.134053
20
210.185132
70
0
0
VERTEX
8
Layer 1
10
698.500440
20
206.551519
70
0
0
VERTEX
8
Layer 1
10
695.863424
20
203.998288
70
0
0
VERTEX
8
Layer 1
10
694.655160
20
203.059017
70
0
0
VERTEX
8
Layer 1
10
694.042208
20
206.974853
70
0
0
VERTEX
8
Layer 1
10
693.561548
20
212.054856
70
0
0
VERTEX
8
Layer 1
10
693.601236
20
212.770334
70
0
0
VERTEX
8
Layer 1
10
693.852590
20
213.227843
70
0
0
VERTEX
8
Layer 1
10
694.514049
20
213.592747
70
0
0
VERTEX
8
Layer 1
10
695.784049
20
214.030413
70
0
0
VERTEX
8
Layer 1
10
697.162640
20
214.419020
70
0
0
VERTEX
8
Layer 1
10
698.266725
20
214.572809
70
0
0
VERTEX
8
Layer 1
10
699.073153
20
214.481858
70
0
0
VERTEX
8
Layer 1
10
699.558774
20
214.136246
70
0
0
VERTEX
8
Layer 1
10
699.558774
20
214.136246
70
0
0
SEQEND
8
Layer 1
0
POLYLINE
8
Layer 1
62
7
70
0
10
0.000000
20
0.000000
66
1
0
VERTEX
8
Layer 1
10
716.280451
20
213.254301
70
0
0
VERTEX
8
Layer 1
10
717.832674
20
212.416453
70
0
0
VERTEX
8
Layer 1
10
718.106077
20
212.083519
70
0
0
VERTEX
8
Layer 1
10
718.114897
20
211.737356
70
0
0
VERTEX
8
Layer 1
10
717.338785
20
206.904297
70
0
0
VERTEX
8
Layer 1
10
716.849306
20
203.826309
70
0
0
VERTEX
8
Layer 1
10
716.492118
20
202.388739
70
0
0
VERTEX
8
Layer 1
10
716.120599
20
202.588830
70
0
0
VERTEX
8
Layer 1
10
715.338975
20
203.341239
70
0
0
VERTEX
8
Layer 1
10
713.114269
20
205.828324
70
0
0
VERTEX
8
Layer 1
10
710.955708
20
208.500617
70
0
0
VERTEX
8
Layer 1
10
710.001003
20
210.008743
70
0
0
VERTEX
8
Layer 1
10
711.341559
20
212.301800
70
0
0
VERTEX
8
Layer 1
10
712.361308
20
213.537075
70
0
0
VERTEX
8
Layer 1
10
712.823640
20
213.883720
70
0
0
VERTEX
8
Layer 1
10
713.308297
20
214.061281
70
0
0
VERTEX
8
Layer 1
10
714.506639
20
213.943872
70
0
0
VERTEX
8
Layer 1
10
716.280451
20
213.254301
70
0
0
VERTEX
8
Layer 1
10
716.280451
20
213.254301
70
0
0
SEQEND
8
Layer 1
0
POLYLINE
8
Layer 1
62
7
70
0
10
0.000000
20
0.000000
66
1
0
VERTEX
8
Layer 1
10
730.426849
20
212.619301
70
0
0
VERTEX
8
Layer 1
10
735.718519
20
211.137633
70
0
0
VERTEX
8
Layer 1
10
737.023798
20
208.668187
70
0
0
VERTEX
8
Layer 1
10
737.848416
20
206.904297
70
0
0
VERTEX
8
Layer 1
10
738.011576
20
206.092908
70
0
0
VERTEX
8
Layer 1
10
737.297201
20
206.264887
70
0
0
VERTEX
8
Layer 1
10
736.000741
20
206.833741
70
0
0
VERTEX
8
Layer 1
10
729.297959
20
209.726521
70
0
0
VERTEX
8
Layer 1
10
724.253234
20
211.807911
70
0
0
VERTEX
8
Layer 1
10
724.253234
20
212.972079
70
0
0
VERTEX
8
Layer 1
10
724.376706
20
213.814336
70
0
0
VERTEX
8
Layer 1
10
724.521125
20
214.038681
70
0
0
VERTEX
8
Layer 1
10
724.711845
20
214.100968
70
0
0
VERTEX
8
Layer 1
10
730.426849
20
212.619301
70
0
0
VERTEX
8
Layer 1
10
730.426849
20
212.619301
70
0
0
SEQEND
8
Layer 1
0
POLYLINE
8
Layer 1
62
7
70
0
10
0.000000
20
0.000000
66
1
0
VERTEX
8
Layer 1
10
704.285999
20
213.042634
70
0
0
VERTEX
8
Layer 1
10
704.383013
20
212.667808
70
0
0
VERTEX
8
Layer 1
10
704.109610
20
212.160689
70
0
0
VERTEX
8
Layer 1
10
703.839515
20
211.871301
70
0
0
VERTEX
8
Layer 1
10
703.615721
20
211.803501
70
0
0
VERTEX
8
Layer 1
10
703.015998
20
212.372356
70
0
0
VERTEX
8
Layer 1
10
702.380998
20
213.501246
70
0
0
VERTEX
8
Layer 1
10
702.604240
20
213.647869
70
0
0
VERTEX
8
Layer 1
10
703.135061
20
213.589440
70
0
0
VERTEX
8
Layer 1
10
703.765100
20
213.372261
70
0
0
VERTEX
8
Layer 1
10
704.285999
20
213.042634
70
0
0
VERTEX
8
Layer 1
10
704.285999
20
213.042634
70
0
0
SEQEND
8
Layer 1
0
POLYLINE
8
Layer 1
62
7
70
0
10
0.000000
20
0.000000
66
1
0
VERTEX
8
Layer 1
10
709.224891
20
212.548745
70
0
0
VERTEX
8
Layer 1
10
708.783919
20
211.957842
70
0
0
VERTEX
8
Layer 1
10
708.422321
20
211.710897
70
0
0
VERTEX
8
Layer 1
10
708.073953
20
211.794682
70
0
0
VERTEX
8
Layer 1
10
707.672668
20
212.195967
70
0
0
VERTEX
8
Layer 1
10
707.416904
20
212.686549
70
0
0
VERTEX
8
Layer 1
10
707.531557
20
213.077912
70
0
0
VERTEX
8
Layer 1
10
707.990168
20
213.336983
70
0
0
VERTEX
8
Layer 1
10
708.766280
20
213.430690
70
0
0
VERTEX
8
Layer 1
10
709.348915
20
213.416910
70
0
0
VERTEX
8
Layer 1
10
709.590898
20
213.320447
70
0
0
VERTEX
8
Layer 1
10
709.224891
20
212.548745
70
0
0
VERTEX
8
Layer 1
10
709.224891
20
212.548745
70
0
0
SEQEND
8
Layer 1
0
POLYLINE
8
Layer 1
62
7
70
0
10
0.000000
20
0.000000
66
1
0
VERTEX
8
Layer 1
10
672.006812
20
211.596244
70
0
0
VERTEX
8
Layer 1
10
670.454589
20
208.985687
70
0
0
VERTEX
8
Layer 1
10
669.734150
20
207.945543
70
0
0
VERTEX
8
Layer 1
10
668.950873
20
207.279124
70
0
0
VERTEX
8
Layer 1
10
667.631814
20
206.698694
70
0
0
VERTEX
8
Layer 1
10
665.304030
20
205.916519
70
0
0
VERTEX
8
Layer 1
10
661.211805
20
204.752351
70
0
0
VERTEX
8
Layer 1
10
663.279966
20
207.614263
70
0
0
VERTEX
8
Layer 1
10
666.009586
20
211.031800
70
0
0
VERTEX
8
Layer 1
10
666.831449
20
211.359773
70
0
0
VERTEX
8
Layer 1
10
668.456984
20
211.777043
70
0
0
VERTEX
8
Layer 1
10
671.618756
20
212.337078
70
0
0
VERTEX
8
Layer 1
10
672.222889
20
212.244474
70
0
0
VERTEX
8
Layer 1
10
672.006812
20
211.596244
70
0
0
VERTEX
8
Layer 1
10
672.006812
20
211.596244
70
0
0
SEQEND
8
Layer 1
0
POLYLINE
8
Layer 1
62
7
70
0
10
0.000000
20
0.000000
66
1
0
VERTEX
8
Layer 1
10
691.585991
20
211.067077
70
0
0
VERTEX
8
Layer 1
10
692.185714
20
205.246240
70
0
0
VERTEX
8
Layer 1
10
692.609047
20
200.730682
70
0
0
VERTEX
8
Layer 1
10
691.409602
20
199.390126
70
0
0
VERTEX
8
Layer 1
10
689.434045
20
197.449847
70
0
0
VERTEX
8
Layer 1
10
688.759357
20
197.044152
70
0
0
VERTEX
8
Layer 1
10
688.799045
20
197.802625
70
0
0
VERTEX
8
Layer 1
10
689.187101
20
205.387352
70
0
0
VERTEX
8
Layer 1
10
689.334275
20
209.365475
70
0
0
VERTEX
8
Layer 1
10
689.570747
20
211.388987
70
0
0
VERTEX
8
Layer 1
10
689.775179
20
211.883772
70
0
0
VERTEX
8
Layer 1
10
690.065187
20
212.149114
70
0
0
VERTEX
8
Layer 1
10
690.986269
20
212.337078
70
0
0
VERTEX
8
Layer 1
10
691.325817
20
211.966661
70
0
0
VERTEX
8
Layer 1
10
691.585991
20
211.067077
70
0
0
VERTEX
8
Layer 1
10
691.585991
20
211.067077
70
0
0
SEQEND
8
Layer 1
0
POLYLINE
8
Layer 1
62
7
70
0
10
0.000000
20
0.000000
66
1
0
VERTEX
8
Layer 1
10
721.466288
20
210.961244
70
0
0
VERTEX
8
Layer 1
10
721.838910
20
210.577047
70
0
0
VERTEX
8
Layer 1
10
722.039552
20
209.554542
70
0
0
VERTEX
8
Layer 1
10
722.136566
20
203.200128
70
0
0
VERTEX
8
Layer 1
10
722.048372
20
197.961375
70
0
0
VERTEX
8
Layer 1
10
721.854344
20
195.791790
70
0
0
VERTEX
8
Layer 1
10
720.284481
20
197.317555
70
0
0
VERTEX
8
Layer 1
10
718.502953
20
199.531237
70
0
0
VERTEX
8
Layer 1
10
718.613196
20
201.383321
70
0
0
VERTEX
8
Layer 1
10
719.173231
20
205.352074
70
0
0
VERTEX
8
Layer 1
10
720.019898
20
211.067077
70
0
0
VERTEX
8
Layer 1
10
720.131795
20
211.258900
70
0
0
VERTEX
8
Layer 1
10
720.438822
20
211.305203
70
0
0
VERTEX
8
Layer 1
10
721.466288
20
210.961244
70
0
0
VERTEX
8
Layer 1
10
721.466288
20
210.961244
70
0
0
SEQEND
8
Layer 1
0
POLYLINE
8
Layer 1
62
7
70
0
10
0.000000
20
0.000000
66
1
0
VERTEX
8
Layer 1
10
687.458489
20
208.597631
70
0
0
VERTEX
8
Layer 1
10
686.999877
20
200.554293
70
0
0
VERTEX
8
Layer 1
10
686.752933
20
194.909845
70
0
0
VERTEX
8
Layer 1
10
674.511536
20
182.421504
70
0
0
VERTEX
8
Layer 1
10
662.270139
20
169.933163
70
0
0
VERTEX
8
Layer 1
10
659.624304
20
171.908719
70
0
0
VERTEX
8
Layer 1
10
655.461524
20
175.224833
70
0
0
VERTEX
8
Layer 1
10
653.944579
20
176.600667
70
0
0
VERTEX
8
Layer 1
10
657.507636
20
182.739004
70
0
0
VERTEX
8
Layer 1
10
670.560422
20
205.246240
70
0
0
VERTEX
8
Layer 1
10
673.079478
20
206.322213
70
0
0
VERTEX
8
Layer 1
10
678.436191
20
208.244853
70
0
0
VERTEX
8
Layer 1
10
683.964884
20
210.088118
70
0
0
VERTEX
8
Layer 1
10
686.999877
20
210.925966
70
0
0
VERTEX
8
Layer 1
10
687.349348
20
210.879664
70
0
0
VERTEX
8
Layer 1
10
687.520225
20
210.582008
70
0
0
VERTEX
8
Layer 1
10
687.458489
20
208.597631
70
0
0
VERTEX
8
Layer 1
10
687.458489
20
208.597631
70
0
0
SEQEND
8
Layer 1
0
POLYLINE
8
Layer 1
62
7
70
0
10
0.000000
20
0.000000
66
1
0
VERTEX
8
Layer 1
10
706.755445
20
210.149855
70
0
0
VERTEX
8
Layer 1
10
706.898210
20
209.825740
70
0
0
VERTEX
8
Layer 1
10
706.892147
20
209.514854
70
0
0
VERTEX
8
Layer 1
10
706.367389
20
208.774020
70
0
0
VERTEX
8
Layer 1
10
705.591278
20
208.033187
70
0
0
VERTEX
8
Layer 1
10
705.167944
20
208.950409
70
0
0
VERTEX
8
Layer 1
10
704.934229
20
209.810306
70
0
0
VERTEX
8
Layer 1
10
705.203222
20
210.432077
70
0
0
VERTEX
8
Layer 1
10
705.594585
20
210.774933
70
0
0
VERTEX
8
Layer 1
10
705.979334
20
210.846591
70
0
0
VERTEX
8
Layer 1
10
706.364082
20
210.640437
70
0
0
VERTEX
8
Layer 1
10
706.755445
20
210.149855
70
0
0
VERTEX
8
Layer 1
10
706.755445
20
210.149855
70
0
0
SEQEND
8
Layer 1
0
POLYLINE
8
Layer 1
62
7
70
0
10
0.000000
20
0.000000
66
1
0
VERTEX
8
Layer 1
10
119.133131
20
207.821520
70
0
0
VERTEX
8
Layer 1
10
117.933685
20
205.281518
70
0
0
VERTEX
8
Layer 1
10
113.912016
20
203.517628
70
0
0
VERTEX
8
Layer 1
10
109.325902
20
201.542071
70
0
0
VERTEX
8
Layer 1
10
108.908976
20
201.662168
70
0
0
VERTEX
8
Layer 1
10
108.298987
20
202.112580
70
0
0
VERTEX
8
Layer 1
10
106.852046
20
203.592594
70
0
0
VERTEX
8
Layer 1
10
105.689533
20
205.158597
70
0
0
VERTEX
8
Layer 1
10
105.435078
20
205.716496
70
0
0
VERTEX
8
Layer 1
10
105.515900
20
205.987074
70
0
0
VERTEX
8
Layer 1
10
120.226742
20
210.432077
70
0
0
VERTEX
8
Layer 1
10
119.133131
20
207.821520
70
0
0
VERTEX
8
Layer 1
10
119.133131
20
207.821520
70
0
0
SEQEND
8
Layer 1
0
POLYLINE
8
Layer 1
62
7
70
0
10
0.000000
20
0.000000
66
1
0
VERTEX
8
Layer 1
10
123.084244
20
207.504020
70
0
0
VERTEX
8
Layer 1
10
121.002854
20
206.798464
70
0
0
VERTEX
8
Layer 1
10
121.077819
20
207.433464
70
0
0
VERTEX
8
Layer 1
10
121.602577
20
208.809298
70
0
0
VERTEX
8
Layer 1
10
122.449244
20
210.714299
70
0
0
VERTEX
8
Layer 1
10
123.683967
20
209.514854
70
0
0
VERTEX
8
Layer 1
10
124.918690
20
208.315409
70
0
0
VERTEX
8
Layer 1
10
123.084244
20
207.504020
70
0
0
VERTEX
8
Layer 1
10
123.084244
20
207.504020
70
0
0
SEQEND
8
Layer 1
0
POLYLINE
8
Layer 1
62
7
70
0
10
0.000000
20
0.000000
66
1
0
VERTEX
8
Layer 1
10
191.840676
20
208.421242
70
0
0
VERTEX
8
Layer 1
10
192.321336
20
207.217387
70
0
0
VERTEX
8
Layer 1
10
192.405121
20
206.727908
70
0
0
VERTEX
8
Layer 1
10
190.411925
20
207.508429
70
0
0
VERTEX
8
Layer 1
10
188.736230
20
208.421242
70
0
0
VERTEX
8
Layer 1
10
189.037745
20
208.952614
70
0
0
VERTEX
8
Layer 1
10
189.719599
20
209.655965
70
0
0
VERTEX
8
Layer 1
10
190.447755
20
210.227025
70
0
0
VERTEX
8
Layer 1
10
190.888176
20
210.361521
70
0
0
VERTEX
8
Layer 1
10
191.840676
20
208.421242
70
0
0
VERTEX
8
Layer 1
10
191.840676
20
208.421242
70
0
0
SEQEND
8
Layer 1
0
POLYLINE
8
Layer 1
62
7
70
0
10
0.000000
20
0.000000
66
1
0
VERTEX
8
Layer 1
10
197.732069
20
209.056243
70
0
0
VERTEX
8
Layer 1
10
205.307977
20
206.361901
70
0
0
VERTEX
8
Layer 1
10
206.909809
20
205.618311
70
0
0
VERTEX
8
Layer 1
10
207.253906
20
205.364132
70
0
0
VERTEX
8
Layer 1
10
207.327631
20
205.175685
70
0
0
VERTEX
8
Layer 1
10
206.763186
20
204.646518
70
0
0
VERTEX
8
Layer 1
10
205.563741
20
203.905684
70
0
0
VERTEX
8
Layer 1
10
204.610138
20
203.425024
70
0
0
VERTEX
8
Layer 1
10
203.940962
20
203.235406
70
0
0
VERTEX
8
Layer 1
10
203.271786
20
203.310371
70
0
0
VERTEX
8
Layer 1
10
202.318183
20
203.623462
70
0
0
VERTEX
8
Layer 1
10
200.920300
20
203.993878
70
0
0
VERTEX
8
Layer 1
10
199.919293
20
203.940962
70
0
0
VERTEX
8
Layer 1
10
198.891827
20
203.914503
70
0
0
VERTEX
8
Layer 1
10
197.308735
20
204.470129
70
0
0
VERTEX
8
Layer 1
10
196.333084
20
204.962364
70
0
0
VERTEX
8
Layer 1
10
195.641859
20
205.471136
70
0
0
VERTEX
8
Layer 1
10
195.096156
20
206.132044
70
0
0
VERTEX
8
Layer 1
10
194.557067
20
207.080686
70
0
0
VERTEX
8
Layer 1
10
193.392900
20
209.545722
70
0
0
VERTEX
8
Layer 1
10
193.075399
20
210.608466
70
0
0
VERTEX
8
Layer 1
10
197.732069
20
209.056243
70
0
0
VERTEX
8
Layer 1
10
197.732069
20
209.056243
70
0
0
SEQEND
8
Layer 1
0
POLYLINE
8
Layer 1
62
7
70
0
10
0.000000
20
0.000000
66
1
0
VERTEX
8
Layer 1
10
660.329860
20
207.010130
70
0
0
VERTEX
8
Layer 1
10
657.401803
20
203.411795
70
0
0
VERTEX
8
Layer 1
10
648.405964
20
200.377904
70
0
0
VERTEX
8
Layer 1
10
638.422347
20
197.061791
70
0
0
VERTEX
8
Layer 1
10
637.831443
20
197.011079
70
0
0
VERTEX
8
Layer 1
10
637.319915
20
197.396930
70
0
0
VERTEX
8
Layer 1
10
636.636408
20
198.550073
70
0
0
VERTEX
8
Layer 1
10
635.529567
20
200.801238
70
0
0
VERTEX
8
Layer 1
10
634.263976
20
203.680788
70
0
0
VERTEX
8
Layer 1
10
633.871510
20
204.999296
70
0
0
VERTEX
8
Layer 1
10
637.412520
20
205.819505
70
0
0
VERTEX
8
Layer 1
10
645.583740
20
207.433464
70
0
0
VERTEX
8
Layer 1
10
659.342082
20
210.079299
70
0
0
VERTEX
8
Layer 1
10
661.773494
20
210.537359
70
0
0
VERTEX
8
Layer 1
10
662.411044
20
210.556169
70
0
0
VERTEX
8
Layer 1
10
662.680244
20
210.383570
70
0
0
VERTEX
8
Layer 1
10
662.593910
20
209.981114
70
0
0
VERTEX
8
Layer 1
10
662.164857
20
209.310353
70
0
0
VERTEX
8
Layer 1
10
660.329860
20
207.010130
70
0
0
VERTEX
8
Layer 1
10
660.329860
20
207.010130
70
0
0
SEQEND
8
Layer 1
0
POLYLINE
8
Layer 1
62
7
70
0
10
0.000000
20
0.000000
66
1
0
VERTEX
8
Layer 1
10
741.539356
20
209.514854
70
0
0
VERTEX
8
Layer 1
10
744.220469
20
208.774020
70
0
0
VERTEX
8
Layer 1
10
746.196026
20
205.881241
70
0
0
VERTEX
8
Layer 1
10
748.771305
20
202.035961
70
0
0
VERTEX
8
Layer 1
10
749.406305
20
201.048182
70
0
0
VERTEX
8
Layer 1
10
748.559638
20
201.400960
70
0
0
VERTEX
8
Layer 1
10
744.537969
20
203.094295
70
0
0
VERTEX
8
Layer 1
10
741.362967
20
204.505407
70
0
0
VERTEX
8
Layer 1
10
739.846022
20
207.362908
70
0
0
VERTEX
8
Layer 1
10
738.840604
20
209.404611
70
0
0
VERTEX
8
Layer 1
10
738.576021
20
210.255688
70
0
0
VERTEX
8
Layer 1
10
741.539356
20
209.514854
70
0
0
VERTEX
8
Layer 1
10
741.539356
20
209.514854
70
0
0
SEQEND
8
Layer 1
0
POLYLINE
8
Layer 1
62
7
70
0
10
0.000000
20
0.000000
66
1
0
VERTEX
8
Layer 1
10
731.767405
20
206.516241
70
0
0
VERTEX
8
Layer 1
10
739.246299
20
203.164850
70
0
0
VERTEX
8
Layer 1
10
741.636370
20
198.547868
70
0
0
VERTEX
8
Layer 1
10
746.831026
20
187.819007
70
0
0
VERTEX
8
Layer 1
10
754.027697
20
172.755387
70
0
0
VERTEX
8
Layer 1
10
752.969363
20
171.908719
70
0
0
VERTEX
8
Layer 1
10
749.318111
20
169.289343
70
0
0
VERTEX
8
Layer 1
10
746.513526
20
167.569550
70
0
0
VERTEX
8
Layer 1
10
744.088177
20
170.131600
70
0
0
VERTEX
8
Layer 1
10
738.646576
20
176.318444
70
0
0
VERTEX
8
Layer 1
10
727.498792
20
189.053730
70
0
0
VERTEX
8
Layer 1
10
723.900456
20
193.110677
70
0
0
VERTEX
8
Layer 1
10
723.900456
20
199.672348
70
0
0
VERTEX
8
Layer 1
10
724.068026
20
206.899887
70
0
0
VERTEX
8
Layer 1
10
724.257644
20
208.864971
70
0
0
VERTEX
8
Layer 1
10
724.500179
20
209.550132
70
0
0
VERTEX
8
Layer 1
10
731.767405
20
206.516241
70
0
0
VERTEX
8
Layer 1
10
731.767405
20
206.516241
70
0
0
SEQEND
8
Layer 1
0
POLYLINE
8
Layer 1
62
7
70
0
10
0.000000
20
0.000000
66
1
0
VERTEX
8
Layer 1
10
700.017385
20
200.166237
70
0
0
VERTEX
8
Layer 1
10
697.417853
20
196.615306
70
0
0
VERTEX
8
Layer 1
10
696.048633
20
194.909845
70
0
0
VERTEX
8
Layer 1
10
695.688965
20
194.602404
70
0
0
VERTEX
8
Layer 1
10
695.473164
20
194.580218
70
0
0
VERTEX
8
Layer 1
10
695.254882
20
195.156790
70
0
0
VERTEX
8
Layer 1
10
694.937382
20
198.190680
70
0
0
VERTEX
8
Layer 1
10
694.866827
20
200.060404
70
0
0
VERTEX
8
Layer 1
10
699.029607
20
204.258462
70
0
0
VERTEX
8
Layer 1
10
703.227665
20
208.491798
70
0
0
VERTEX
8
Layer 1
10
703.897943
20
207.433464
70
0
0
VERTEX
8
Layer 1
10
704.568222
20
206.375130
70
0
0
VERTEX
8
Layer 1
10
700.017385
20
200.166237
70
0
0
VERTEX
8
Layer 1
10
700.017385
20
200.166237
70
0
0
SEQEND
8
Layer 1
0
POLYLINE
8
Layer 1
62
7
70
0
10
0.000000
20
0.000000
66
1
0
VERTEX
8
Layer 1
10
712.576282
20
203.411795
70
0
0
VERTEX
8
Layer 1
10
715.098645
20
200.276480
70
0
0
VERTEX
8
Layer 1
10
716.139340
20
198.649292
70
0
0
VERTEX
8
Layer 1
10
715.680729
20
195.827068
70
0
0
VERTEX
8
Layer 1
10
715.257395
20
193.569289
70
0
0
VERTEX
8
Layer 1
10
711.094615
20
199.813459
70
0
0
VERTEX
8
Layer 1
10
708.197425
20
204.390754
70
0
0
VERTEX
8
Layer 1
10
707.398714
20
205.836041
70
0
0
VERTEX
8
Layer 1
10
707.178779
20
206.480963
70
0
0
VERTEX
8
Layer 1
10
708.091592
20
207.636311
70
0
0
VERTEX
8
Layer 1
10
708.493428
20
207.909714
70
0
0
VERTEX
8
Layer 1
10
708.766280
20
207.892075
70
0
0
VERTEX
8
Layer 1
10
712.576282
20
203.411795
70
0
0
VERTEX
8
Layer 1
10
712.576282
20
203.411795
70
0
0
SEQEND
8
Layer 1
0
POLYLINE
8
Layer 1
62
7
70
0
10
0.000000
20
0.000000
66
1
0
VERTEX
8
Layer 1
10
757.767144
20
205.034574
70
0
0
VERTEX
8
Layer 1
10
771.631319
20
201.259849
70
0
0
VERTEX
8
Layer 1
10
776.464378
20
199.954570
70
0
0
VERTEX
8
Layer 1
10
775.017988
20
197.238180
70
0
0
VERTEX
8
Layer 1
10
772.597049
20
193.181233
70
0
0
VERTEX
8
Layer 1
10
771.718963
20
191.989505
70
0
0
VERTEX
8
Layer 1
10
771.207986
20
191.558454
70
0
0
VERTEX
8
Layer 1
10
761.859369
20
195.544845
70
0
0
VERTEX
8
Layer 1
10
752.792974
20
199.531237
70
0
0
VERTEX
8
Layer 1
10
750.182417
20
203.482350
70
0
0
VERTEX
8
Layer 1
10
747.536582
20
207.609853
70
0
0
VERTEX
8
Layer 1
10
747.721790
20
207.720096
70
0
0
VERTEX
8
Layer 1
10
748.171582
20
207.645131
70
0
0
VERTEX
8
Layer 1
10
757.767144
20
205.034574
70
0
0
VERTEX
8
Layer 1
10
757.767144
20
205.034574
70
0
0
SEQEND
8
Layer 1
0
POLYLINE
8
Layer 1
62
7
70
0
10
0.000000
20
0.000000
66
1
0
VERTEX
8
Layer 1
10
187.289840
20
204.787629
70
0
0
VERTEX
8
Layer 1
10
187.483868
20
203.548496
70
0
0
VERTEX
8
Layer 1
10
187.349371
20
203.205089
70
0
0
VERTEX
8
Layer 1
10
187.042896
20
202.917906
70
0
0
VERTEX
8
Layer 1
10
186.416715
20
202.666551
70
0
0
VERTEX
8
Layer 1
10
185.737617
20
202.706239
70
0
0
VERTEX
8
Layer 1
10
184.514470
20
203.023739
70
0
0
VERTEX
8
Layer 1
10
183.440150
20
203.129572
70
0
0
VERTEX
8
Layer 1
10
182.597342
20
203.023739
70
0
0
VERTEX
8
Layer 1
10
182.068726
20
202.706239
70
0
0
VERTEX
8
Layer 1
10
181.504281
20
202.304954
70
0
0
VERTEX
8
Layer 1
10
180.834003
20
202.141794
70
0
0
VERTEX
8
Layer 1
10
180.486737
20
202.162189
70
0
0
VERTEX
8
Layer 1
10
180.410669
20
202.252037
70
0
0
VERTEX
8
Layer 1
10
181.151503
20
202.812072
70
0
0
VERTEX
8
Layer 1
10
184.326505
20
205.069851
70
0
0
VERTEX
8
Layer 1
10
185.891957
20
206.141415
70
0
0
VERTEX
8
Layer 1
10
186.690118
20
206.445686
70
0
0
VERTEX
8
Layer 1
10
187.289840
20
204.787629
70
0
0
VERTEX
8
Layer 1
10
187.289840
20
204.787629
70
0
0
SEQEND
8
Layer 1
0
POLYLINE
8
Layer 1
62
7
70
0
10
0.000000
20
0.000000
66
1
0
VERTEX
8
Layer 1
10
130.422027
20
204.046795
70
0
0
VERTEX
8
Layer 1
10
133.830744
20
201.943356
70
0
0
VERTEX
8
Layer 1
10
137.160086
20
200.130959
70
0
0
VERTEX
8
Layer 1
10
139.448734
20
198.949153
70
0
0
VERTEX
8
Layer 1
10
140.335088
20
198.296514
70
0
0
VERTEX
8
Layer 1
10
134.373140
20
191.946510
70
0
0
VERTEX
8
Layer 1
10
128.481748
20
185.914006
70
0
0
VERTEX
8
Layer 1
10
126.082857
20
187.254562
70
0
0
VERTEX
8
Layer 1
10
122.731466
20
189.194841
70
0
0
VERTEX
8
Layer 1
10
121.814243
20
189.794564
70
0
0
VERTEX
8
Layer 1
10
123.683967
20
196.074012
70
0
0
VERTEX
8
Layer 1
10
126.118135
20
204.364295
70
0
0
VERTEX
8
Layer 1
10
126.823691
20
206.375130
70
0
0
VERTEX
8
Layer 1
10
130.422027
20
204.046795
70
0
0
VERTEX
8
Layer 1
10
130.422027
20
204.046795
70
0
0
SEQEND
8
Layer 1
0
POLYLINE
8
Layer 1
62
7
70
0
10
0.000000
20
0.000000
66
1
0
VERTEX
8
Layer 1
10
123.966189
20
203.835128
70
0
0
VERTEX
8
Layer 1
10
121.276257
20
194.804012
70
0
0
VERTEX
8
Layer 1
10
120.120909
20
191.276232
70
0
0
VERTEX
8
Layer 1
10
117.911637
20
192.731441
70
0
0
VERTEX
8
Layer 1
10
115.570073
20
194.662900
70
0
0
VERTEX
8
Layer 1
10
116.046323
20
196.109290
70
0
0
VERTEX
8
Layer 1
10
117.369241
20
199.249014
70
0
0
VERTEX
8
Layer 1
10
119.344797
20
203.588184
70
0
0
VERTEX
8
Layer 1
10
121.496743
20
204.611240
70
0
0
VERTEX
8
Layer 1
10
123.251814
20
205.387903
70
0
0
VERTEX
8
Layer 1
10
124.107300
20
205.559331
70
0
0
VERTEX
8
Layer 1
10
124.263846
20
205.398445
70
0
0
VERTEX
8
Layer 1
10
124.274870
20
205.062686
70
0
0
VERTEX
8
Layer 1
10
123.966189
20
203.835128
70
0
0
VERTEX
8
Layer 1
10
123.966189
20
203.835128
70
0
0
SEQEND
8
Layer 1
0
POLYLINE
8
Layer 1
62
7
70
0
10
0.000000
20
0.000000
66
1
0
VERTEX
8
Layer 1
10
191.805399
20
204.681796
70
0
0
VERTEX
8
Layer 1
10
192.881372
20
204.196726
70
0
0
VERTEX
8
Layer 1
10
193.322344
20
203.870406
70
0
0
VERTEX
8
Layer 1
10
192.907830
20
203.588184
70
0
0
VERTEX
8
Layer 1
10
191.911232
20
203.200128
70
0
0
VERTEX
8
Layer 1
10
190.858410
20
202.956491
70
0
0
VERTEX
8
Layer 1
10
190.129703
20
203.103114
70
0
0
VERTEX
8
Layer 1
10
189.639121
20
203.686300
70
0
0
VERTEX
8
Layer 1
10
189.300675
20
204.752351
70
0
0
VERTEX
8
Layer 1
10
189.161217
20
205.386249
70
0
0
VERTEX
8
Layer 1
10
189.197115
20
205.542381
70
0
0
VERTEX
8
Layer 1
10
189.349182
20
205.590199
70
0
0
VERTEX
8
Layer 1
10
191.805399
20
204.681796
70
0
0
VERTEX
8
Layer 1
10
191.805399
20
204.681796
70
0
0
SEQEND
8
Layer 1
0
POLYLINE
8
Layer 1
62
7
70
0
10
0.000000
20
0.000000
66
1
0
VERTEX
8
Layer 1
10
517.842826
20
204.117351
70
0
0
VERTEX
8
Layer 1
10
518.413334
20
203.211704
70
0
0
VERTEX
8
Layer 1
10
518.438139
20
202.322593
70
0
0
VERTEX
8
Layer 1
10
517.927162
20
201.493013
70
0
0
VERTEX
8
Layer 1
10
516.890326
20
200.765960
70
0
0
VERTEX
8
Layer 1
10
513.583032
20
199.526827
70
0
0
VERTEX
8
Layer 1
10
512.048448
20
199.133810
70
0
0
VERTEX
8
Layer 1
10
511.281155
20
199.107903
70
0
0
VERTEX
8
Layer 1
10
511.238574
20
199.343479
70
0
0
VERTEX
8
Layer 1
10
511.383682
20
199.735738
70
0
0
VERTEX
8
Layer 1
10
512.127823
20
200.849745
70
0
0
VERTEX
8
Layer 1
10
513.295297
20
202.168804
70
0
0
VERTEX
8
Layer 1
10
514.667824
20
203.411795
70
0
0
VERTEX
8
Layer 1
10
516.855048
20
204.964018
70
0
0
VERTEX
8
Layer 1
10
517.842826
20
204.117351
70
0
0
VERTEX
8
Layer 1
10
517.842826
20
204.117351
70
0
0
SEQEND
8
Layer 1
0
POLYLINE
8
Layer 1
62
7
70
0
10
0.000000
20
0.000000
66
1
0
VERTEX
8
Layer 1
10
666.785698
20
202.776794
70
0
0
VERTEX
8
Layer 1
10
652.639300
20
178.505668
70
0
0
VERTEX
8
Layer 1
10
652.323453
20
178.393771
70
0
0
VERTEX
8
Layer 1
10
651.700029
20
178.774661
70
0
0
VERTEX
8
Layer 1
10
648.935131
20
181.504281
70
0
0
VERTEX
8
Layer 1
10
645.583740
20
185.279006
70
0
0
VERTEX
8
Layer 1
10
651.969022
20
193.569289
70
0
0
VERTEX
8
Layer 1
10
658.354304
20
201.612627
70
0
0
VERTEX
8
Layer 1
10
662.799306
20
203.094295
70
0
0
VERTEX
8
Layer 1
10
667.561809
20
204.575962
70
0
0
VERTEX
8
Layer 1
10
667.464795
20
204.060024
70
0
0
VERTEX
8
Layer 1
10
666.785698
20
202.776794
70
0
0
VERTEX
8
Layer 1
10
666.785698
20
202.776794
70
0
0
SEQEND
8
Layer 1
0
POLYLINE
8
Layer 1
62
7
70
0
10
0.000000
20
0.000000
66
1
0
VERTEX
8
Layer 1
10
709.542391
20
198.719847
70
0
0
VERTEX
8
Layer 1
10
712.857953
20
193.633781
70
0
0
VERTEX
8
Layer 1
10
714.371040
20
190.998419
70
0
0
VERTEX
8
Layer 1
10
714.640791
20
190.166703
70
0
0
VERTEX
8
Layer 1
10
714.686887
20
189.428006
70
0
0
VERTEX
8
Layer 1
10
714.410728
20
187.536785
70
0
0
VERTEX
8
Layer 1
10
709.612947
20
157.444821
70
0
0
VERTEX
8
Layer 1
10
709.401280
20
156.280654
70
0
0
VERTEX
8
Layer 1
10
706.473223
20
156.280654
70
0
0
VERTEX
8
Layer 1
10
701.428497
20
156.492321
70
0
0
VERTEX
8
Layer 1
10
699.347107
20
156.703988
70
0
0
VERTEX
8
Layer 1
10
698.394607
20
165.241215
70
0
0
VERTEX
8
Layer 1
10
696.560161
20
182.350948
70
0
0
VERTEX
8
Layer 1
10
695.678216
20
190.958731
70
0
0
VERTEX
8
Layer 1
10
697.512662
20
193.498733
70
0
0
VERTEX
8
Layer 1
10
702.380998
20
200.130959
70
0
0
VERTEX
8
Layer 1
10
704.577041
20
203.028149
70
0
0
VERTEX
8
Layer 1
10
705.661833
20
204.258462
70
0
0
VERTEX
8
Layer 1
10
706.914195
20
202.626864
70
0
0
VERTEX
8
Layer 1
10
709.542391
20
198.719847
70
0
0
VERTEX
8
Layer 1
10
709.542391
20
198.719847
70
0
0
SEQEND
8
Layer 1
0
POLYLINE
8
Layer 1
62
7
70
0
10
0.000000
20
0.000000
66
1
0
VERTEX
8
Layer 1
10
116.416740
20
202.000683
70
0
0
VERTEX
8
Layer 1
10
115.133510
20
199.077035
70
0
0
VERTEX
8
Layer 1
10
114.199200
20
197.292750
70
0
0
VERTEX
8
Layer 1
10
113.665072
20
196.497346
70
0
0
VERTEX
8
Layer 1
10
113.012432
20
196.960367
70
0
0
VERTEX
8
Layer 1
10
111.830626
20
198.084847
70
0
0
VERTEX
8
Layer 1
10
110.313681
20
199.637070
70
0
0
VERTEX
8
Layer 1
10
112.924238
20
200.871793
70
0
0
VERTEX
8
Layer 1
10
115.570073
20
201.991863
70
0
0
VERTEX
8
Layer 1
10
116.208380
20
202.131872
70
0
0
VERTEX
8
Layer 1
10
116.416740
20
202.000683
70
0
0
VERTEX
8
Layer 1
10
116.416740
20
202.000683
70
0
0
SEQEND
8
Layer 1
0
POLYLINE
8
Layer 1
62
7
70
0
10
0.000000
20
0.000000
66
1
0
VERTEX
8
Layer 1
10
747.289637
20
199.848737
70
0
0
VERTEX
8
Layer 1
10
750.407313
20
198.309743
70
0
0
VERTEX
8
Layer 1
10
751.332804
20
197.670884
70
0
0
VERTEX
8
Layer 1
10
751.911029
20
197.061791
70
0
0
VERTEX
8
Layer 1
10
758.115512
20
187.986577
70
0
0
VERTEX
8
Layer 1
10
761.321934
20
183.071938
70
0
0
VERTEX
8
Layer 1
10
762.706036
20
180.763447
70
0
0
VERTEX
8
Layer 1
10
761.728179
20
179.555734
70
0
0
VERTEX
8
Layer 1
10
759.539853
20
177.345910
70
0
0
VERTEX
8
Layer 1
10
757.258923
20
175.222077
70
0
0
VERTEX
8
Layer 1
10
756.003254
20
174.272332
70
0
0
VERTEX
8
Layer 1
10
755.601969
20
174.616291
70
0
0
VERTEX
8
Layer 1
10
755.015476
20
175.436499
70
0
0
VERTEX
8
Layer 1
10
748.449395
20
188.969945
70
0
0
VERTEX
8
Layer 1
10
742.597690
20
201.683183
70
0
0
VERTEX
8
Layer 1
10
742.671002
20
201.773582
70
0
0
VERTEX
8
Layer 1
10
743.184183
20
201.612627
70
0
0
VERTEX
8
Layer 1
10
747.289637
20
199.848737
70
0
0
VERTEX
8
Layer 1
10
747.289637
20
199.848737
70
0
0
SEQEND
8
Layer 1
0
POLYLINE
8
Layer 1
62
7
70
0
10
0.000000
20
0.000000
66
1
0
VERTEX
8
Layer 1
10
654.755968
20
200.166237
70
0
0
VERTEX
8
Layer 1
10
653.141457
20
198.010984
70
0
0
VERTEX
8
Layer 1
10
649.565722
20
193.613386
70
0
0
VERTEX
8
Layer 1
10
645.930455
20
189.281933
70
0
0
VERTEX
8
Layer 1
10
644.137350
20
187.325118
70
0
0
VERTEX
8
Layer 1
10
643.706231
20
187.636624
70
0
0
VERTEX
8
Layer 1
10
642.990270
20
188.461173
70
0
0
VERTEX
8
Layer 1
10
641.151966
20
190.989599
70
0
0
VERTEX
8
Layer 1
10
639.518714
20
193.590786
70
0
0
VERTEX
8
Layer 1
10
639.059070
20
194.506286
70
0
0
VERTEX
8
Layer 1
10
638.986791
20
194.945123
70
0
0
VERTEX
8
Layer 1
10
646.514192
20
197.696791
70
0
0
VERTEX
8
Layer 1
10
654.332634
20
200.342626
70
0
0
VERTEX
8
Layer 1
10
654.755968
20
200.166237
70
0
0
VERTEX
8
Layer 1
10
654.755968
20
200.166237
70
0
0
SEQEND
8
Layer 1
0
POLYLINE
8
Layer 1
62
7
70
0
10
0.000000
20
0.000000
66
1
0
VERTEX
8
Layer 1
10
187.854285
20
198.825681
70
0
0
VERTEX
8
Layer 1
10
188.456212
20
198.475108
70
0
0
VERTEX
8
Layer 1
10
188.939077
20
197.793805
70
0
0
VERTEX
8
Layer 1
10
190.182620
20
194.169011
70
0
0
VERTEX
8
Layer 1
10
191.055745
20
190.932273
70
0
0
VERTEX
8
Layer 1
10
191.194652
20
190.001821
70
0
0
VERTEX
8
Layer 1
10
191.135120
20
189.547619
70
0
0
VERTEX
8
Layer 1
10
190.063557
20
188.758279
70
0
0
VERTEX
8
Layer 1
10
187.960118
20
187.466229
70
0
0
VERTEX
8
Layer 1
10
185.137894
20
185.808173
70
0
0
VERTEX
8
Layer 1
10
178.999557
20
191.946510
70
0
0
VERTEX
8
Layer 1
10
172.896498
20
198.049569
70
0
0
VERTEX
8
Layer 1
10
174.025387
20
198.437625
70
0
0
VERTEX
8
Layer 1
10
175.238062
20
198.627243
70
0
0
VERTEX
8
Layer 1
10
176.635945
20
198.472903
70
0
0
VERTEX
8
Layer 1
10
178.126432
20
198.318562
70
0
0
VERTEX
8
Layer 1
10
179.564002
20
198.614014
70
0
0
VERTEX
8
Layer 1
10
180.966295
20
198.905056
70
0
0
VERTEX
8
Layer 1
10
182.315670
20
198.614014
70
0
0
VERTEX
8
Layer 1
10
183.620949
20
198.362660
70
0
0
VERTEX
8
Layer 1
10
184.714561
20
198.719847
70
0
0
VERTEX
8
Layer 1
10
185.532565
20
199.103493
70
0
0
VERTEX
8
Layer 1
10
186.231506
20
199.249014
70
0
0
VERTEX
8
Layer 1
10
186.956906
20
199.156410
70
0
0
VERTEX
8
Layer 1
10
187.854285
20
198.825681
70
0
0
VERTEX
8
Layer 1
10
187.854285
20
198.825681
70
0
0
SEQEND
8
Layer 1
0
POLYLINE
8
Layer 1
62
7
70
0
10
0.000000
20
0.000000
66
1
0
VERTEX
8
Layer 1
10
196.920680
20
196.885402
70
0
0
VERTEX
8
Layer 1
10
197.873180
20
194.768734
70
0
0
VERTEX
8
Layer 1
10
195.862346
20
192.969566
70
0
0
VERTEX
8
Layer 1
10
194.332171
20
191.730433
70
0
0
VERTEX
8
Layer 1
10
193.463455
20
191.205676
70
0
0
VERTEX
8
Layer 1
10
192.921610
20
192.300390
70
0
0
VERTEX
8
Layer 1
10
192.039114
20
194.777553
70
0
0
VERTEX
8
Layer 1
10
191.216149
20
197.426696
70
0
0
VERTEX
8
Layer 1
10
190.852898
20
199.037348
70
0
0
VERTEX
8
Layer 1
10
191.593732
20
199.187278
70
0
0
VERTEX
8
Layer 1
10
193.392900
20
199.178459
70
0
0
VERTEX
8
Layer 1
10
195.932901
20
199.037348
70
0
0
VERTEX
8
Layer 1
10
196.920680
20
196.885402
70
0
0
VERTEX
8
Layer 1
10
196.920680
20
196.885402
70
0
0
SEQEND
8
Layer 1
0
POLYLINE
8
Layer 1
62
7
70
0
10
0.000000
20
0.000000
66
1
0
VERTEX
8
Layer 1
10
202.141794
20
199.143181
70
0
0
VERTEX
8
Layer 1
10
200.730682
20
197.732069
70
0
0
VERTEX
8
Layer 1
10
199.319570
20
196.356235
70
0
0
VERTEX
8
Layer 1
10
198.790403
20
197.661513
70
0
0
VERTEX
8
Layer 1
10
198.261236
20
199.072625
70
0
0
VERTEX
8
Layer 1
10
202.141794
20
199.143181
70
0
0
VERTEX
8
Layer 1
10
202.141794
20
199.143181
70
0
0
SEQEND
8
Layer 1
0
POLYLINE
8
Layer 1
62
7
70
0
10
0.000000
20
0.000000
66
1
0
VERTEX
8
Layer 1
10
693.385159
20
194.204289
70
0
0
VERTEX
8
Layer 1
10
693.596826
20
191.382065
70
0
0
VERTEX
8
Layer 1
10
691.127380
20
188.065952
70
0
0
VERTEX
8
Layer 1
10
688.410989
20
184.538172
70
0
0
VERTEX
8
Layer 1
10
688.349253
20
185.794943
70
0
0
VERTEX
8
Layer 1
10
688.446267
20
189.089008
70
0
0
VERTEX
8
Layer 1
10
688.693212
20
193.851511
70
0
0
VERTEX
8
Layer 1
10
690.668768
20
195.862346
70
0
0
VERTEX
8
Layer 1
10
692.216582
20
197.291096
70
0
0
VERTEX
8
Layer 1
10
692.658106
20
197.529222
70
0
0
VERTEX
8
Layer 1
10
692.891270
20
197.449847
70
0
0
VERTEX
8
Layer 1
10
693.138214
20
196.329776
70
0
0
VERTEX
8
Layer 1
10
693.385159
20
194.204289
70
0
0
VERTEX
8
Layer 1
10
693.385159
20
194.204289
70
0
0
SEQEND
8
Layer 1
0
POLYLINE
8
Layer 1
62
7
70
0
10
0.000000
20
0.000000
66
1
0
VERTEX
8
Layer 1
10
145.485647
20
195.827068
70
0
0
VERTEX
8
Layer 1
10
144.153910
20
193.926476
70
0
0
VERTEX
8
Layer 1
10
143.510090
20
193.322344
70
0
0
VERTEX
8
Layer 1
10
143.302833
20
193.939706
70
0
0
VERTEX
8
Layer 1
10
143.227868
20
195.403734
70
0
0
VERTEX
8
Layer 1
10
143.227868
20
197.485124
70
0
0
VERTEX
8
Layer 1
10
144.638980
20
197.132346
70
0
0
VERTEX
8
Layer 1
10
146.085370
20
196.744291
70
0
0
VERTEX
8
Layer 1
10
145.485647
20
195.827068
70
0
0
VERTEX
8
Layer 1
10
145.485647
20
195.827068
70
0
0
SEQEND
8
Layer 1
0
POLYLINE
8
Layer 1
62
7
70
0
10
0.000000
20
0.000000
66
1
0
VERTEX
8
Layer 1
10
170.356496
20
196.074012
70
0
0
VERTEX
8
Layer 1
10
170.268302
20
194.808421
70
0
0
VERTEX
8
Layer 1
10
170.074274
20
193.886789
70
0
0
VERTEX
8
Layer 1
10
169.901743
20
193.605669
70
0
0
VERTEX
8
Layer 1
10
169.646530
20
193.648664
70
0
0
VERTEX
8
Layer 1
10
168.557328
20
194.945123
70
0
0
VERTEX
8
Layer 1
10
167.393161
20
196.814846
70
0
0
VERTEX
8
Layer 1
10
170.144829
20
197.520402
70
0
0
VERTEX
8
Layer 1
10
170.316809
20
197.114708
70
0
0
VERTEX
8
Layer 1
10
170.356496
20
196.074012
70
0
0
VERTEX
8
Layer 1
10
170.356496
20
196.074012
70
0
0
SEQEND
8
Layer 1
0
POLYLINE
8
Layer 1
62
7
70
0
10
0.000000
20
0.000000
66
1
0
VERTEX
8
Layer 1
10
721.325177
20
193.075399
70
0
0
VERTEX
8
Layer 1
10
721.810246
20
192.365434
70
0
0
VERTEX
8
Layer 1
10
722.030733
20
191.549635
70
0
0
VERTEX
8
Layer 1
10
721.889621
20
187.642618
70
0
0
VERTEX
8
Layer 1
10
721.607399
20
183.303449
70
0
0
VERTEX
8
Layer 1
10
719.208509
20
187.113451
70
0
0
VERTEX
8
Layer 1
10
716.844896
20
190.923454
70
0
0
VERTEX
8
Layer 1
10
717.197674
20
193.110677
70
0
0
VERTEX
8
Layer 1
10
717.625969
20
195.545948
70
0
0
VERTEX
8
Layer 1
10
717.951737
20
196.585540
70
0
0
VERTEX
8
Layer 1
10
718.147487
20
196.670841
70
0
0
VERTEX
8
Layer 1
10
718.403183
20
196.513882
70
0
0
VERTEX
8
Layer 1
10
719.208509
20
195.615401
70
0
0
VERTEX
8
Layer 1
10
721.325177
20
193.075399
70
0
0
VERTEX
8
Layer 1
10
721.325177
20
193.075399
70
0
0
SEQEND
8
Layer 1
0
POLYLINE
8
Layer 1
62
7
70
0
10
0.000000
20
0.000000
66
1
0
VERTEX
8
Layer 1
10
763.552703
20
192.652066
70
0
0
VERTEX
8
Layer 1
10
770.043818
20
189.653453
70
0
0
VERTEX
8
Layer 1
10
769.779786
20
189.000262
70
0
0
VERTEX
8
Layer 1
10
768.831144
20
187.629389
70
0
0
VERTEX
8
Layer 1
10
765.845760
20
184.044283
70
0
0
VERTEX
8
Layer 1
10
764.293537
20
182.315670
70
0
0
VERTEX
8
Layer 1
10
759.707423
20
189.124286
70
0
0
VERTEX
8
Layer 1
10
755.015476
20
196.179846
70
0
0
VERTEX
8
Layer 1
10
755.007552
20
196.280029
70
0
0
VERTEX
8
Layer 1
10
755.143909
20
196.293396
70
0
0
VERTEX
8
Layer 1
10
756.175233
20
195.924082
70
0
0
VERTEX
8
Layer 1
10
763.552703
20
192.652066
70
0
0
VERTEX
8
Layer 1
10
763.552703
20
192.652066
70
0
0
SEQEND
8
Layer 1
0
POLYLINE
8
Layer 1
62
7
70
0
10
0.000000
20
0.000000
66
1
0
VERTEX
8
Layer 1
10
162.489547
20
187.607340
70
0
0
VERTEX
8
Layer 1
10
160.372879
20
179.211224
70
0
0
VERTEX
8
Layer 1
10
156.774543
20
179.211224
70
0
0
VERTEX
8
Layer 1
10
153.176208
20
179.211224
70
0
0
VERTEX
8
Layer 1
10
152.788152
20
180.375391
70
0
0
VERTEX
8
Layer 1
10
148.872316
20
195.862346
70
0
0
VERTEX
8
Layer 1
10
156.739265
20
195.968179
70
0
0
VERTEX
8
Layer 1
10
164.570937
20
195.968179
70
0
0
VERTEX
8
Layer 1
10
162.489547
20
187.607340
70
0
0
VERTEX
8
Layer 1
10
162.489547
20
187.607340
70
0
0
SEQEND
8
Layer 1
0
POLYLINE
8
Layer 1
62
7
70
0
10
0.000000
20
0.000000
66
1
0
VERTEX
8
Layer 1
10
141.428700
20
191.664287
70
0
0
VERTEX
8
Layer 1
10
141.363106
20
190.739348
70
0
0
VERTEX
8
Layer 1
10
141.009776
20
189.768106
70
0
0
VERTEX
8
Layer 1
10
138.818143
20
186.443173
70
0
0
VERTEX
8
Layer 1
10
136.137030
20
182.774282
70
0
0
VERTEX
8
Layer 1
10
133.843973
20
183.620949
70
0
0
VERTEX
8
Layer 1
10
131.057027
20
184.749839
70
0
0
VERTEX
8
Layer 1
10
130.985162
20
184.898460
70
0
0
VERTEX
8
Layer 1
10
131.070807
20
185.171519
70
0
0
VERTEX
8
Layer 1
10
131.775812
20
186.165360
70
0
0
VERTEX
8
Layer 1
10
135.748974
20
190.464842
70
0
0
VERTEX
8
Layer 1
10
140.934811
20
195.897623
70
0
0
VERTEX
8
Layer 1
10
141.181756
20
194.521789
70
0
0
VERTEX
8
Layer 1
10
141.428700
20
191.664287
70
0
0
VERTEX
8
Layer 1
10
141.428700
20
191.664287
70
0
0
SEQEND
8
Layer 1
0
POLYLINE
8
Layer 1
62
7
70
0
10
0.000000
20
0.000000
66
1
0
VERTEX
8
Layer 1
10
181.469003
20
186.372617
70
0
0
VERTEX
8
Layer 1
10
182.483240
20
185.084978
70
0
0
VERTEX
8
Layer 1
10
182.471113
20
184.814882
70
0
0
VERTEX
8
Layer 1
10
182.174559
20
184.644005
70
0
0
VERTEX
8
Layer 1
10
179.493446
20
183.620949
70
0
0
VERTEX
8
Layer 1
10
177.517890
20
182.809560
70
0
0
VERTEX
8
Layer 1
10
176.812334
20
183.585671
70
0
0
VERTEX
8
Layer 1
10
173.954832
20
187.325118
70
0
0
VERTEX
8
Layer 1
10
172.693650
20
189.089008
70
0
0
VERTEX
8
Layer 1
10
172.067469
20
190.191439
70
0
0
VERTEX
8
Layer 1
10
171.891080
20
191.095433
70
0
0
VERTEX
8
Layer 1
10
171.979275
20
192.264010
70
0
0
VERTEX
8
Layer 1
10
172.246063
20
194.504702
70
0
0
VERTEX
8
Layer 1
10
172.433201
20
195.053919
70
0
0
VERTEX
8
Layer 1
10
172.737748
20
195.214116
70
0
0
VERTEX
8
Layer 1
10
173.220888
20
194.979091
70
0
0
VERTEX
8
Layer 1
10
173.943807
20
194.342644
70
0
0
VERTEX
8
Layer 1
10
176.353722
20
191.840676
70
0
0
VERTEX
8
Layer 1
10
181.469003
20
186.372617
70
0
0
VERTEX
8
Layer 1
10
181.469003
20
186.372617
70
0
0
SEQEND
8
Layer 1
0
POLYLINE
8
Layer 1
62
7
70
0
10
0.000000
20
0.000000
66
1
0
VERTEX
8
Layer 1
10
149.083983
20
186.972340
70
0
0
VERTEX
8
Layer 1
10
150.883151
20
179.564002
70
0
0
VERTEX
8
Layer 1
10
149.930650
20
179.564002
70
0
0
VERTEX
8
Layer 1
10
147.055509
20
179.938829
70
0
0
VERTEX
8
Layer 1
10
145.654319
20
180.263495
70
0
0
VERTEX
8
Layer 1
10
144.921202
20
180.551780
70
0
0
VERTEX
8
Layer 1
10
144.603702
20
182.059906
70
0
0
VERTEX
8
Layer 1
10
144.180369
20
185.314283
70
0
0
VERTEX
8
Layer 1
10
143.686479
20
189.829842
70
0
0
VERTEX
8
Layer 1
10
145.273980
20
192.122899
70
0
0
VERTEX
8
Layer 1
10
146.438148
20
193.714810
70
0
0
VERTEX
8
Layer 1
10
147.073148
20
194.380678
70
0
0
VERTEX
8
Layer 1
10
147.774294
20
192.211093
70
0
0
VERTEX
8
Layer 1
10
149.083983
20
186.972340
70
0
0
VERTEX
8
Layer 1
10
149.083983
20
186.972340
70
0
0
SEQEND
8
Layer 1
0
POLYLINE
8
Layer 1
62
7
70
0
10
0.000000
20
0.000000
66
1
0
VERTEX
8
Layer 1
10
168.451495
20
191.734843
70
0
0
VERTEX
8
Layer 1
10
169.792051
20
189.759286
70
0
0
VERTEX
8
Layer 1
10
169.227607
20
185.137894
70
0
0
VERTEX
8
Layer 1
10
168.486773
20
180.375391
70
0
0
VERTEX
8
Layer 1
10
167.525453
20
180.105296
70
0
0
VERTEX
8
Layer 1
10
165.638090
20
179.802127
70
0
0
VERTEX
8
Layer 1
10
163.763957
20
179.591563
70
0
0
VERTEX
8
Layer 1
10
162.842325
20
179.599280
70
0
0
VERTEX
8
Layer 1
10
163.173054
20
181.640982
70
0
0
VERTEX
8
Layer 1
10
164.218159
20
186.302062
70
0
0
VERTEX
8
Layer 1
10
165.982049
20
193.604566
70
0
0
VERTEX
8
Layer 1
10
166.214111
20
194.130977
70
0
0
VERTEX
8
Layer 1
10
166.388226
20
194.175695
70
0
0
VERTEX
8
Layer 1
10
166.621459
20
194.058768
70
0
0
VERTEX
8
Layer 1
10
167.326464
20
193.292027
70
0
0
VERTEX
8
Layer 1
10
168.451495
20
191.734843
70
0
0
VERTEX
8
Layer 1
10
168.451495
20
191.734843
70
0
0
SEQEND
8
Layer 1
0
POLYLINE
8
Layer 1
62
7
70
0
10
0.000000
20
0.000000
66
1
0
VERTEX
8
Layer 1
10
686.329599
20
186.231506
70
0
0
VERTEX
8
Layer 1
10
686.047377
20
181.222059
70
0
0
VERTEX
8
Layer 1
10
679.662095
20
172.755387
70
0
0
VERTEX
8
Layer 1
10
675.049522
20
166.731702
70
0
0
VERTEX
8
Layer 1
10
672.924035
20
164.147603
70
0
0
VERTEX
8
Layer 1
10
671.416460
20
164.757248
70
0
0
VERTEX
8
Layer 1
10
668.536359
20
166.273091
70
0
0
VERTEX
8
Layer 1
10
665.715788
20
167.907996
70
0
0
VERTEX
8
Layer 1
10
664.386807
20
168.874829
70
0
0
VERTEX
8
Layer 1
10
667.732135
20
172.595534
70
0
0
VERTEX
8
Layer 1
10
675.247960
20
180.384211
70
0
0
VERTEX
8
Layer 1
10
682.836546
20
188.053825
70
0
0
VERTEX
8
Layer 1
10
686.400155
20
191.417343
70
0
0
VERTEX
8
Layer 1
10
686.457481
20
189.829842
70
0
0
VERTEX
8
Layer 1
10
686.329599
20
186.231506
70
0
0
VERTEX
8
Layer 1
10
686.329599
20
186.231506
70
0
0
SEQEND
8
Layer 1
0
POLYLINE
8
Layer 1
62
7
70
0
10
0.000000
20
0.000000
66
1
0
VERTEX
8
Layer 1
10
732.543517
20
180.269558
70
0
0
VERTEX
8
Layer 1
10
742.491857
20
168.768995
70
0
0
VERTEX
8
Layer 1
10
743.872101
20
166.969827
70
0
0
VERTEX
8
Layer 1
10
744.034709
20
166.506806
70
0
0
VERTEX
8
Layer 1
10
743.902969
20
166.228994
70
0
0
VERTEX
8
Layer 1
10
742.383267
20
165.328858
70
0
0
VERTEX
8
Layer 1
10
739.788695
20
164.002082
70
0
0
VERTEX
8
Layer 1
10
737.240425
20
162.800984
70
0
0
VERTEX
8
Layer 1
10
735.859630
20
162.277880
70
0
0
VERTEX
8
Layer 1
10
735.389994
20
162.611917
70
0
0
VERTEX
8
Layer 1
10
734.589629
20
163.574339
70
0
0
VERTEX
8
Layer 1
10
732.155461
20
167.146216
70
0
0
VERTEX
8
Layer 1
10
726.475735
20
175.965666
70
0
0
VERTEX
8
Layer 1
10
723.900456
20
179.952058
70
0
0
VERTEX
8
Layer 1
10
723.900456
20
185.137894
70
0
0
VERTEX
8
Layer 1
10
723.988650
20
188.678904
70
0
0
VERTEX
8
Layer 1
10
724.079050
20
189.687077
70
0
0
VERTEX
8
Layer 1
10
724.182678
20
189.970953
70
0
0
VERTEX
8
Layer 1
10
732.543517
20
180.269558
70
0
0
VERTEX
8
Layer 1
10
732.543517
20
180.269558
70
0
0
SEQEND
8
Layer 1
0
POLYLINE
8
Layer 1
62
7
70
0
10
0.000000
20
0.000000
66
1
0
VERTEX
8
Layer 1
10
695.678216
20
172.508442
70
0
0
VERTEX
8
Layer 1
10
697.230439
20
157.727044
70
0
0
VERTEX
8
Layer 1
10
697.275639
20
157.261267
70
0
0
VERTEX
8
Layer 1
10
697.089328
20
157.043536
70
0
0
VERTEX
8
Layer 1
10
695.360716
20
157.127321
70
0
0
VERTEX
8
Layer 1
10
690.315990
20
158.079822
70
0
0
VERTEX
8
Layer 1
10
687.211544
20
158.820656
70
0
0
VERTEX
8
Layer 1
10
687.211544
20
160.619823
70
0
0
VERTEX
8
Layer 1
10
687.639287
20
172.045421
70
0
0
VERTEX
8
Layer 1
10
688.000334
20
177.789639
70
0
0
VERTEX
8
Layer 1
10
688.305156
20
180.587058
70
0
0
VERTEX
8
Layer 1
10
689.288524
20
182.201018
70
0
0
VERTEX
8
Layer 1
10
691.197935
20
184.926228
70
0
0
VERTEX
8
Layer 1
10
693.424847
20
187.819007
70
0
0
VERTEX
8
Layer 1
10
693.645677
20
187.965493
70
0
0
VERTEX
8
Layer 1
10
693.792507
20
187.932558
70
0
0
VERTEX
8
Layer 1
10
693.984882
20
187.430951
70
0
0
VERTEX
8
Layer 1
10
695.678216
20
172.508442
70
0
0
VERTEX
8
Layer 1
10
695.678216
20
172.508442
70
0
0
SEQEND
8
Layer 1
0
POLYLINE
8
Layer 1
62
7
70
0
10
0.000000
20
0.000000
66
1
0
VERTEX
8
Layer 1
10
721.713232
20
168.698440
70
0
0
VERTEX
8
Layer 1
10
721.607399
20
157.868155
70
0
0
VERTEX
8
Layer 1
10
719.667120
20
157.444821
70
0
0
VERTEX
8
Layer 1
10
714.851700
20
156.730446
70
0
0
VERTEX
8
Layer 1
10
712.701959
20
156.551852
70
0
0
VERTEX
8
Layer 1
10
711.729615
20
156.598154
70
0
0
VERTEX
8
Layer 1
10
712.646838
20
163.512603
70
0
0
VERTEX
8
Layer 1
10
716.351007
20
187.289840
70
0
0
VERTEX
8
Layer 1
10
716.612834
20
187.163612
70
0
0
VERTEX
8
Layer 1
10
717.228542
20
186.438763
70
0
0
VERTEX
8
Layer 1
10
719.137953
20
183.656227
70
0
0
VERTEX
8
Layer 1
10
721.783788
20
179.528724
70
0
0
VERTEX
8
Layer 1
10
721.713232
20
168.698440
70
0
0
VERTEX
8
Layer 1
10
721.713232
20
168.698440
70
0
0
SEQEND
8
Layer 1
0
POLYLINE
8
Layer 1
62
7
70
0
10
0.000000
20
0.000000
66
1
0
VERTEX
8
Layer 1
10
173.707887
20
184.502894
70
0
0
VERTEX
8
Layer 1
10
175.365944
20
182.209837
70
0
0
VERTEX
8
Layer 1
10
174.378165
20
181.786503
70
0
0
VERTEX
8
Layer 1
10
172.014553
20
181.116225
70
0
0
VERTEX
8
Layer 1
10
170.638719
20
180.869281
70
0
0
VERTEX
8
Layer 1
10
170.850385
20
182.068726
70
0
0
VERTEX
8
Layer 1
10
171.308997
20
185.314283
70
0
0
VERTEX
8
Layer 1
10
171.542712
20
186.685708
70
0
0
VERTEX
8
Layer 1
10
171.681067
20
187.035730
70
0
0
VERTEX
8
Layer 1
10
171.802886
20
187.078173
70
0
0
VERTEX
8
Layer 1
10
173.707887
20
184.502894
70
0
0
VERTEX
8
Layer 1
10
173.707887
20
184.502894
70
0
0
SEQEND
8
Layer 1
0
POLYLINE
8
Layer 1
62
7
70
0
10
0.000000
20
0.000000
66
1
0
VERTEX
8
Layer 1
10
142.310645
20
184.114838
70
0
0
VERTEX
8
Layer 1
10
142.438527
20
182.051087
70
0
0
VERTEX
8
Layer 1
10
142.381201
20
181.045670
70
0
0
VERTEX
8
Layer 1
10
141.561543
20
181.043465
70
0
0
VERTEX
8
Layer 1
10
140.189567
20
181.451364
70
0
0
VERTEX
8
Layer 1
10
138.943269
20
182.018014
70
0
0
VERTEX
8
Layer 1
10
138.579122
20
182.282322
70
0
0
VERTEX
8
Layer 1
10
138.500643
20
182.492059
70
0
0
VERTEX
8
Layer 1
10
140.370366
20
185.234908
70
0
0
VERTEX
8
Layer 1
10
141.816756
20
186.972340
70
0
0
VERTEX
8
Layer 1
10
142.076930
20
186.138902
70
0
0
VERTEX
8
Layer 1
10
142.310645
20
184.114838
70
0
0
VERTEX
8
Layer 1
10
142.310645
20
184.114838
70
0
0
SEQEND
8
Layer 1
0
POLYLINE
8
Layer 1
62
7
70
0
10
0.000000
20
0.000000
66
1
0
VERTEX
8
Layer 1
10
685.482932
20
167.252050
70
0
0
VERTEX
8
Layer 1
10
684.953765
20
159.561489
70
0
0
VERTEX
8
Layer 1
10
684.434106
20
159.594493
70
0
0
VERTEX
8
Layer 1
10
683.283581
20
159.904897
70
0
0
VERTEX
8
Layer 1
10
679.953137
20
161.038747
70
0
0
VERTEX
8
Layer 1
10
676.688838
20
162.324733
70
0
0
VERTEX
8
Layer 1
10
675.620995
20
162.825306
70
0
0
VERTEX
8
Layer 1
10
675.217092
20
163.124547
70
0
0
VERTEX
8
Layer 1
10
680.438206
20
170.427052
70
0
0
VERTEX
8
Layer 1
10
685.624043
20
177.517890
70
0
0
VERTEX
8
Layer 1
10
685.729876
20
176.177333
70
0
0
VERTEX
8
Layer 1
10
685.482932
20
167.252050
70
0
0
VERTEX
8
Layer 1
10
685.482932
20
167.252050
70
0
0
SEQEND
8
Layer 1
0
POLYLINE
8
Layer 1
62
7
70
0
10
0.000000
20
0.000000
66
1
0
VERTEX
8
Layer 1
10
729.580182
20
167.498994
70
0
0
VERTEX
8
Layer 1
10
733.143240
20
161.537046
70
0
0
VERTEX
8
Layer 1
10
732.711087
20
161.087254
70
0
0
VERTEX
8
Layer 1
10
731.485183
20
160.478712
70
0
0
VERTEX
8
Layer 1
10
727.375319
20
159.199892
70
0
0
VERTEX
8
Layer 1
10
724.006289
20
158.397322
70
0
0
VERTEX
8
Layer 1
10
723.838720
20
161.047567
70
0
0
VERTEX
8
Layer 1
10
723.829900
20
167.428439
70
0
0
VERTEX
8
Layer 1
10
723.935734
20
176.494833
70
0
0
VERTEX
8
Layer 1
10
725.029346
20
174.766221
70
0
0
VERTEX
8
Layer 1
10
729.580182
20
167.498994
70
0
0
VERTEX
8
Layer 1
10
729.580182
20
167.498994
70
0
0
SEQEND
8
Layer 1
0
POLYLINE
8
Layer 1
62
7
70
0
10
0.000000
20
0.000000
66
1
0
VERTEX
8
Layer 1
10
278.341842
20
220.098194
70
0
0
VERTEX
8
Layer 1
10
278.117428
20
219.124885
70
0
0
VERTEX
8
Layer 1
10
278.292784
20
217.834903
70
0
0
VERTEX
8
Layer 1
10
278.831115
20
216.291913
70
0
0
VERTEX
8
Layer 1
10
279.695628
20
214.559580
70
0
0
VERTEX
8
Layer 1
10
280.849529
20
212.701570
70
0
0
VERTEX
8
Layer 1
10
282.256024
20
210.781548
70
0
0
VERTEX
8
Layer 1
10
283.878321
20
208.863180
70
0
0
VERTEX
8
Layer 1
10
285.679624
20
207.010130
70
0
0
VERTEX
8
Layer 1
10
287.344778
20
205.539280
70
0
0
VERTEX
8
Layer 1
10
288.754856
20
204.536826
70
0
0
VERTEX
8
Layer 1
10
289.889603
20
203.998219
70
0
0
VERTEX
8
Layer 1
10
290.728760
20
203.918913
70
0
0
VERTEX
8
Layer 1
10
291.252070
20
204.294360
70
0
0
VERTEX
8
Layer 1
10
291.439276
20
205.120012
70
0
0
VERTEX
8
Layer 1
10
291.270122
20
206.391322
70
0
0
VERTEX
8
Layer 1
10
290.724350
20
208.103742
70
0
0
VERTEX
8
Layer 1
10
290.042289
20
209.619930
70
0
0
VERTEX
8
Layer 1
10
289.117556
20
211.263861
70
0
0
VERTEX
8
Layer 1
10
286.760007
20
214.652184
70
0
0
VERTEX
8
Layer 1
10
284.091572
20
217.703162
70
0
0
VERTEX
8
Layer 1
10
282.778232
20
218.925414
70
0
0
VERTEX
8
Layer 1
10
281.552122
20
219.851250
70
0
0
VERTEX
8
Layer 1
10
280.336140
20
220.519874
70
0
0
VERTEX
8
Layer 1
10
279.444273
20
220.781702
70
0
0
VERTEX
8
Layer 1
10
278.803761
20
220.640039
70
0
0
VERTEX
8
Layer 1
10
278.341842
20
220.098194
70
0
0
VERTEX
8
Layer 1
10
278.341842
20
220.098194
70
0
0
SEQEND
8
Layer 1
0
POLYLINE
8
Layer 1
62
7
70
0
10
0.000000
20
0.000000
66
1
0
VERTEX
8
Layer 1
10
293.229074
20
199.601792
70
0
0
VERTEX
8
Layer 1
10
292.968555
20
199.224244
70
0
0
VERTEX
8
Layer 1
10
292.818418
20
198.734455
70
0
0
VERTEX
8
Layer 1
10
292.827789
20
197.465281
70
0
0
VERTEX
8
Layer 1
10
293.214191
20
195.888528
70
0
0
VERTEX
8
Layer 1
10
293.934630
20
194.098456
70
0
0
VERTEX
8
Layer 1
10
294.946110
20
192.189320
70
0
0
VERTEX
8
Layer 1
10
296.205638
20
190.255380
70
0
0
VERTEX
8
Layer 1
10
297.670218
20
188.390893
70
0
0
VERTEX
8
Layer 1
10
299.296855
20
186.690118
70
0
0
VERTEX
8
Layer 1
10
300.929005
20
185.336883
70
0
0
VERTEX
8
Layer 1
10
302.590920
20
184.277998
70
0
0
VERTEX
8
Layer 1
10
304.034553
20
183.649061
70
0
0
VERTEX
8
Layer 1
10
304.597000
20
183.538198
70
0
0
VERTEX
8
Layer 1
10
305.011859
20
183.585671
70
0
0
VERTEX
8
Layer 1
10
305.383378
20
184.061370
70
0
0
VERTEX
8
Layer 1
10
305.496929
20
185.010012
70
0
0
VERTEX
8
Layer 1
10
305.359125
20
186.269540
70
0
0
VERTEX
8
Layer 1
10
304.976581
20
187.677896
70
0
0
VERTEX
8
Layer 1
10
304.354190
20
189.082118
70
0
0
VERTEX
8
Layer 1
10
303.417192
20
190.709582
70
0
0
VERTEX
8
Layer 1
10
300.941683
20
194.204289
70
0
0
VERTEX
8
Layer 1
10
298.234663
20
197.302121
70
0
0
VERTEX
8
Layer 1
10
297.008277
20
198.433491
70
0
0
VERTEX
8
Layer 1
10
295.980742
20
199.143181
70
0
0
VERTEX
8
Layer 1
10
294.208033
20
199.835508
70
0
0
VERTEX
8
Layer 1
10
293.639178
20
199.832752
70
0
0
VERTEX
8
Layer 1
10
293.229074
20
199.601792
70
0
0
VERTEX
8
Layer 1
10
293.229074
20
199.601792
70
0
0
SEQEND
8
Layer 1
 0 
ENDSEC
 0 
EOF