999
"DXF R12 Output" (www.mydxf.blogspot.com)
 0 
SECTION
 2 
HEADER
 9 
$ACADVER
 1 
AC1009
 9 
$EXTMIN
 10 
 0 
 20 
 0 
 9 
$EXTMAX
 10 
 8.5 
 20 
 11 
 0 
ENDSEC
 0 
SECTION
 2 
ENTITIES
0
POLYLINE
8
Layer 1
62
7
70
0
10
0.000000
20
0.000000
66
1
0
VERTEX
8
Layer 1
10
527.755888
20
557.742018
70
0
0
VERTEX
8
Layer 1
10
524.960122
20
557.089379
70
0
0
VERTEX
8
Layer 1
10
520.947273
20
555.801739
70
0
0
VERTEX
8
Layer 1
10
516.078936
20
554.073127
70
0
0
VERTEX
8
Layer 1
10
516.255325
20
552.450348
70
0
0
VERTEX
8
Layer 1
10
516.678659
20
548.852012
70
0
0
VERTEX
8
Layer 1
10
516.890326
20
546.805900
70
0
0
VERTEX
8
Layer 1
10
515.479214
20
546.805900
70
0
0
VERTEX
8
Layer 1
10
513.940220
20
547.074893
70
0
0
VERTEX
8
Layer 1
10
512.163100
20
547.793678
70
0
0
VERTEX
8
Layer 1
10
511.082167
20
548.299694
70
0
0
VERTEX
8
Layer 1
10
510.077300
20
548.587429
70
0
0
VERTEX
8
Layer 1
10
507.118375
20
548.746179
70
0
0
VERTEX
8
Layer 1
10
503.978651
20
548.538922
70
0
0
VERTEX
8
Layer 1
10
500.944760
20
547.723123
70
0
0
VERTEX
8
Layer 1
10
498.280184
20
546.765661
70
0
0
VERTEX
8
Layer 1
10
496.455660
20
545.910726
70
0
0
VERTEX
8
Layer 1
10
495.199991
20
545.009488
70
0
0
VERTEX
8
Layer 1
10
494.241978
20
543.913120
70
0
0
VERTEX
8
Layer 1
10
493.183644
20
542.219786
70
0
0
VERTEX
8
Layer 1
10
493.664304
20
542.277112
70
0
0
VERTEX
8
Layer 1
10
494.806423
20
542.784231
70
0
0
VERTEX
8
Layer 1
10
496.195624
20
543.397527
70
0
0
VERTEX
8
Layer 1
10
497.512892
20
543.781380
70
0
0
VERTEX
8
Layer 1
10
498.768974
20
543.934549
70
0
0
VERTEX
8
Layer 1
10
499.974620
20
543.855794
70
0
0
VERTEX
8
Layer 1
10
501.140579
20
543.543875
70
0
0
VERTEX
8
Layer 1
10
502.277599
20
542.997551
70
0
0
VERTEX
8
Layer 1
10
503.396429
20
542.215583
70
0
0
VERTEX
8
Layer 1
10
504.507818
20
541.196730
70
0
0
VERTEX
8
Layer 1
10
505.512959
20
540.035525
70
0
0
VERTEX
8
Layer 1
10
506.331239
20
538.806108
70
0
0
VERTEX
8
Layer 1
10
506.961003
20
537.516332
70
0
0
VERTEX
8
Layer 1
10
507.400597
20
536.174053
70
0
0
VERTEX
8
Layer 1
10
507.648369
20
534.787126
70
0
0
VERTEX
8
Layer 1
10
507.702664
20
533.363405
70
0
0
VERTEX
8
Layer 1
10
507.561828
20
531.910745
70
0
0
VERTEX
8
Layer 1
10
507.224208
20
530.437001
70
0
0
VERTEX
8
Layer 1
10
506.794674
20
529.410500
70
0
0
VERTEX
8
Layer 1
10
506.142723
20
528.416244
70
0
0
VERTEX
8
Layer 1
10
505.310526
20
527.486481
70
0
0
VERTEX
8
Layer 1
10
504.340248
20
526.653457
70
0
0
VERTEX
8
Layer 1
10
503.274059
20
525.949417
70
0
0
VERTEX
8
Layer 1
10
502.154127
20
525.406607
70
0
0
VERTEX
8
Layer 1
10
501.022619
20
525.057274
70
0
0
VERTEX
8
Layer 1
10
499.921704
20
524.933664
70
0
0
VERTEX
8
Layer 1
10
499.156065
20
524.822870
70
0
0
VERTEX
8
Layer 1
10
499.123612
20
524.701120
70
0
0
VERTEX
8
Layer 1
10
499.299933
20
524.550018
70
0
0
VERTEX
8
Layer 1
10
500.204477
20
524.204406
70
0
0
VERTEX
8
Layer 1
10
501.720872
20
523.875330
70
0
0
VERTEX
8
Layer 1
10
503.191515
20
523.647127
70
0
0
VERTEX
8
Layer 1
10
504.304970
20
523.610747
70
0
0
VERTEX
8
Layer 1
10
505.431655
20
523.786033
70
0
0
VERTEX
8
Layer 1
10
506.941986
20
524.192830
70
0
0
VERTEX
8
Layer 1
10
509.066922
20
524.897284
70
0
0
VERTEX
8
Layer 1
10
510.368342
20
525.595123
70
0
0
VERTEX
8
Layer 1
10
511.173668
20
526.544316
70
0
0
VERTEX
8
Layer 1
10
511.810322
20
528.002833
70
0
0
VERTEX
8
Layer 1
10
512.547298
20
529.765620
70
0
0
VERTEX
8
Layer 1
10
513.287580
20
531.151376
70
0
0
VERTEX
8
Layer 1
10
514.047707
20
532.179945
70
0
0
VERTEX
8
Layer 1
10
514.844213
20
532.871169
70
0
0
VERTEX
8
Layer 1
10
516.082795
20
533.321512
70
0
0
VERTEX
8
Layer 1
10
517.979528
20
533.669329
70
0
0
VERTEX
8
Layer 1
10
519.949021
20
533.838552
70
0
0
VERTEX
8
Layer 1
10
521.405884
20
533.753114
70
0
0
VERTEX
8
Layer 1
10
521.847408
20
533.631295
70
0
0
VERTEX
8
Layer 1
10
521.921822
20
533.492940
70
0
0
VERTEX
8
Layer 1
10
520.770884
20
532.941725
70
0
0
VERTEX
8
Layer 1
10
519.492063
20
532.522801
70
0
0
VERTEX
8
Layer 1
10
518.477827
20
532.342002
70
0
0
VERTEX
8
Layer 1
10
517.512097
20
532.139155
70
0
0
VERTEX
8
Layer 1
10
516.255325
20
531.671724
70
0
0
VERTEX
8
Layer 1
10
515.079031
20
530.833325
70
0
0
VERTEX
8
Layer 1
10
514.147477
20
529.435993
70
0
0
VERTEX
8
Layer 1
10
513.387902
20
527.330901
70
0
0
VERTEX
8
Layer 1
10
512.727545
20
524.369219
70
0
0
VERTEX
8
Layer 1
10
512.117350
20
520.800649
70
0
0
VERTEX
8
Layer 1
10
511.947024
20
518.760049
70
0
0
VERTEX
8
Layer 1
10
512.036114
20
518.108099
70
0
0
VERTEX
8
Layer 1
10
512.246334
20
517.592574
70
0
0
VERTEX
8
Layer 1
10
513.045045
20
516.643381
70
0
0
VERTEX
8
Layer 1
10
514.247247
20
515.731670
70
0
0
VERTEX
8
Layer 1
10
515.465984
20
515.382200
70
0
0
VERTEX
8
Layer 1
10
516.691337
20
515.601583
70
0
0
VERTEX
8
Layer 1
10
517.913382
20
516.396436
70
0
0
VERTEX
8
Layer 1
10
518.456329
20
516.939384
70
0
0
VERTEX
8
Layer 1
10
518.790917
20
517.459180
70
0
0
VERTEX
8
Layer 1
10
518.960140
20
518.038508
70
0
0
VERTEX
8
Layer 1
10
519.006994
20
518.760049
70
0
0
VERTEX
8
Layer 1
10
518.960140
20
519.481590
70
0
0
VERTEX
8
Layer 1
10
518.790917
20
520.060918
70
0
0
VERTEX
8
Layer 1
10
518.456329
20
520.580714
70
0
0
VERTEX
8
Layer 1
10
517.913382
20
521.123662
70
0
0
VERTEX
8
Layer 1
10
516.934423
20
521.815988
70
0
0
VERTEX
8
Layer 1
10
516.114214
20
522.111440
70
0
0
VERTEX
8
Layer 1
10
515.620876
20
522.156088
70
0
0
VERTEX
8
Layer 1
10
515.474804
20
522.389253
70
0
0
VERTEX
8
Layer 1
10
516.290603
20
524.016441
70
0
0
VERTEX
8
Layer 1
10
517.278933
20
525.520709
70
0
0
VERTEX
8
Layer 1
10
517.773304
20
526.020041
70
0
0
VERTEX
8
Layer 1
10
518.349945
20
526.393283
70
0
0
VERTEX
8
Layer 1
10
519.996426
20
526.888826
70
0
0
VERTEX
8
Layer 1
10
522.711163
20
527.261999
70
0
0
VERTEX
8
Layer 1
10
527.954326
20
528.002833
70
0
0
VERTEX
8
Layer 1
10
529.472925
20
528.462546
70
0
0
VERTEX
8
Layer 1
10
531.107279
20
529.167000
70
0
0
VERTEX
8
Layer 1
10
532.749350
20
530.044535
70
0
0
VERTEX
8
Layer 1
10
533.792802
20
531.054362
70
0
0
VERTEX
8
Layer 1
10
534.366617
20
532.381690
70
0
0
VERTEX
8
Layer 1
10
534.599781
20
534.211725
70
0
0
VERTEX
8
Layer 1
10
534.705615
20
536.398949
70
0
0
VERTEX
8
Layer 1
10
536.610616
20
537.175061
70
0
0
VERTEX
8
Layer 1
10
539.080062
20
537.986450
70
0
0
VERTEX
8
Layer 1
10
539.391499
20
537.833763
70
0
0
VERTEX
8
Layer 1
10
539.745930
20
537.373498
70
0
0
VERTEX
8
Layer 1
10
540.597007
20
535.517004
70
0
0
VERTEX
8
Layer 1
10
542.616661
20
531.415960
70
0
0
VERTEX
8
Layer 1
10
545.535899
20
526.626998
70
0
0
VERTEX
8
Layer 1
10
546.170900
20
525.674498
70
0
0
VERTEX
8
Layer 1
10
544.724510
20
525.286442
70
0
0
VERTEX
8
Layer 1
10
543.824375
20
525.003117
70
0
0
VERTEX
8
Layer 1
10
543.397183
20
524.686719
70
0
0
VERTEX
8
Layer 1
10
543.360251
20
524.185113
70
0
0
VERTEX
8
Layer 1
10
543.630898
20
523.346163
70
0
0
VERTEX
8
Layer 1
10
543.856345
20
522.863298
70
0
0
VERTEX
8
Layer 1
10
544.111558
20
522.605329
70
0
0
VERTEX
8
Layer 1
10
544.479219
20
522.532569
70
0
0
VERTEX
8
Layer 1
10
545.042010
20
522.605329
70
0
0
VERTEX
8
Layer 1
10
546.960792
20
522.970785
70
0
0
VERTEX
8
Layer 1
10
547.603716
20
522.963137
70
0
0
VERTEX
8
Layer 1
10
548.168505
20
522.750850
70
0
0
VERTEX
8
Layer 1
10
548.754792
20
522.275633
70
0
0
VERTEX
8
Layer 1
10
549.462208
20
521.479196
70
0
0
VERTEX
8
Layer 1
10
551.638959
20
518.689493
70
0
0
VERTEX
8
Layer 1
10
556.835406
20
511.805913
70
0
0
VERTEX
8
Layer 1
10
561.500206
20
505.147228
70
0
0
VERTEX
8
Layer 1
10
565.637493
20
498.706825
70
0
0
VERTEX
8
Layer 1
10
569.251400
20
492.478088
70
0
0
VERTEX
8
Layer 1
10
572.346063
20
486.454404
70
0
0
VERTEX
8
Layer 1
10
574.925614
20
480.629157
70
0
0
VERTEX
8
Layer 1
10
576.994188
20
474.995733
70
0
0
VERTEX
8
Layer 1
10
578.555920
20
469.547518
70
0
0
VERTEX
8
Layer 1
10
579.754263
20
463.529346
70
0
0
VERTEX
8
Layer 1
10
580.443282
20
457.888205
70
0
0
VERTEX
8
Layer 1
10
580.550218
20
453.464148
70
0
0
VERTEX
8
Layer 1
10
580.362667
20
451.971043
70
0
0
VERTEX
8
Layer 1
10
580.002310
20
451.097229
70
0
0
VERTEX
8
Layer 1
10
579.919076
20
450.693739
70
0
0
VERTEX
8
Layer 1
10
580.130192
20
449.985978
70
0
0
VERTEX
8
Layer 1
10
581.660366
20
447.181393
70
0
0
VERTEX
8
Layer 1
10
583.671201
20
443.759446
70
0
0
VERTEX
8
Layer 1
10
583.953423
20
448.451394
70
0
0
VERTEX
8
Layer 1
10
584.337069
20
453.372647
70
0
0
VERTEX
8
Layer 1
10
584.905924
20
458.611400
70
0
0
VERTEX
8
Layer 1
10
585.550295
20
464.369950
70
0
0
VERTEX
8
Layer 1
10
585.986307
20
469.887067
70
0
0
VERTEX
8
Layer 1
10
586.190808
20
474.749340
70
0
0
VERTEX
8
Layer 1
10
586.140647
20
478.543357
70
0
0
VERTEX
8
Layer 1
10
585.557461
20
485.152984
70
0
0
VERTEX
8
Layer 1
10
584.676618
20
491.236750
70
0
0
VERTEX
8
Layer 1
10
583.491505
20
496.814501
70
0
0
VERTEX
8
Layer 1
10
581.995506
20
501.906080
70
0
0
VERTEX
8
Layer 1
10
580.182006
20
506.531330
70
0
0
VERTEX
8
Layer 1
10
578.044392
20
510.710096
70
0
0
VERTEX
8
Layer 1
10
575.576048
20
514.462221
70
0
0
VERTEX
8
Layer 1
10
572.770361
20
517.807548
70
0
0
VERTEX
8
Layer 1
10
570.604428
20
519.874400
70
0
0
VERTEX
8
Layer 1
10
568.314885
20
521.655585
70
0
0
VERTEX
8
Layer 1
10
565.903799
20
523.149861
70
0
0
VERTEX
8
Layer 1
10
563.373237
20
524.355990
70
0
0
VERTEX
8
Layer 1
10
560.725266
20
525.272731
70
0
0
VERTEX
8
Layer 1
10
557.961953
20
525.898843
70
0
0
VERTEX
8
Layer 1
10
555.085365
20
526.233086
70
0
0
VERTEX
8
Layer 1
10
552.097570
20
526.274220
70
0
0
VERTEX
8
Layer 1
10
549.098957
20
526.168387
70
0
0
VERTEX
8
Layer 1
10
547.264511
20
528.814222
70
0
0
VERTEX
8
Layer 1
10
545.738195
20
531.188308
70
0
0
VERTEX
8
Layer 1
10
544.367322
20
533.651690
70
0
0
VERTEX
8
Layer 1
10
543.280876
20
535.962937
70
0
0
VERTEX
8
Layer 1
10
542.607842
20
537.880617
70
0
0
VERTEX
8
Layer 1
10
542.404994
20
538.713503
70
0
0
VERTEX
8
Layer 1
10
542.413814
20
539.278499
70
0
0
VERTEX
8
Layer 1
10
542.687217
20
539.770735
70
0
0
VERTEX
8
Layer 1
10
543.278120
20
540.385340
70
0
0
VERTEX
8
Layer 1
10
544.039349
20
541.424382
70
0
0
VERTEX
8
Layer 1
10
544.314405
20
542.479960
70
0
0
VERTEX
8
Layer 1
10
544.106597
20
543.555381
70
0
0
VERTEX
8
Layer 1
10
543.419231
20
544.653954
70
0
0
VERTEX
8
Layer 1
10
542.497599
20
545.478573
70
0
0
VERTEX
8
Layer 1
10
541.549508
20
545.747566
70
0
0
VERTEX
8
Layer 1
10
540.977346
20
545.848990
70
0
0
VERTEX
8
Layer 1
10
540.544091
20
546.532497
70
0
0
VERTEX
8
Layer 1
10
539.221173
20
551.921181
70
0
0
VERTEX
8
Layer 1
10
537.880617
20
558.094796
70
0
0
VERTEX
8
Layer 1
10
533.788392
20
558.059518
70
0
0
VERTEX
8
Layer 1
10
527.755888
20
557.742018
70
0
0
VERTEX
8
Layer 1
10
527.755888
20
557.742018
70
0
0
SEQEND
8
Layer 1
0
POLYLINE
8
Layer 1
62
7
70
0
10
0.000000
20
0.000000
66
1
0
VERTEX
8
Layer 1
10
560.564242
20
522.499496
70
0
0
VERTEX
8
Layer 1
10
562.257818
20
521.877234
70
0
0
VERTEX
8
Layer 1
10
563.909845
20
521.098237
70
0
0
VERTEX
8
Layer 1
10
565.516811
20
520.167001
70
0
0
VERTEX
8
Layer 1
10
567.075201
20
519.088022
70
0
0
VERTEX
8
Layer 1
10
570.032197
20
516.504819
70
0
0
VERTEX
8
Layer 1
10
572.752722
20
513.384594
70
0
0
VERTEX
8
Layer 1
10
575.208663
20
509.763314
70
0
0
VERTEX
8
Layer 1
10
577.371909
20
505.676946
70
0
0
VERTEX
8
Layer 1
10
579.214347
20
501.161457
70
0
0
VERTEX
8
Layer 1
10
580.707866
20
496.252813
70
0
0
VERTEX
8
Layer 1
10
581.770610
20
491.722923
70
0
0
VERTEX
8
Layer 1
10
582.436478
20
487.636210
70
0
0
VERTEX
8
Layer 1
10
582.811305
20
483.165851
70
0
0
VERTEX
8
Layer 1
10
583.000923
20
477.485023
70
0
0
VERTEX
8
Layer 1
10
583.040610
20
470.724915
70
0
0
VERTEX
8
Layer 1
10
582.895089
20
466.372516
70
0
0
VERTEX
8
Layer 1
10
582.577589
20
463.726681
70
0
0
VERTEX
8
Layer 1
10
582.118978
20
465.843349
70
0
0
VERTEX
8
Layer 1
10
581.311447
20
469.253720
70
0
0
VERTEX
8
Layer 1
10
580.209567
20
473.203180
70
0
0
VERTEX
8
Layer 1
10
578.968781
20
477.159255
70
0
0
VERTEX
8
Layer 1
10
577.744531
20
480.589469
70
0
0
VERTEX
8
Layer 1
10
575.881215
20
484.977628
70
0
0
VERTEX
8
Layer 1
10
573.646242
20
489.613420
70
0
0
VERTEX
8
Layer 1
10
571.071445
20
494.443516
70
0
0
VERTEX
8
Layer 1
10
568.188657
20
499.414585
70
0
0
VERTEX
8
Layer 1
10
565.029709
20
504.473298
70
0
0
VERTEX
8
Layer 1
10
561.626435
20
509.566324
70
0
0
VERTEX
8
Layer 1
10
558.010667
20
514.640332
70
0
0
VERTEX
8
Layer 1
10
554.214238
20
519.641994
70
0
0
VERTEX
8
Layer 1
10
552.293252
20
522.111991
70
0
0
VERTEX
8
Layer 1
10
551.828646
20
522.823817
70
0
0
VERTEX
8
Layer 1
10
551.705104
20
523.262378
70
0
0
VERTEX
8
Layer 1
10
551.930483
20
523.484311
70
0
0
VERTEX
8
Layer 1
10
552.512635
20
523.546254
70
0
0
VERTEX
8
Layer 1
10
554.778683
20
523.416719
70
0
0
VERTEX
8
Layer 1
10
557.922817
20
523.077170
70
0
0
VERTEX
8
Layer 1
10
560.564242
20
522.499496
70
0
0
VERTEX
8
Layer 1
10
560.564242
20
522.499496
70
0
0
SEQEND
8
Layer 1
0
POLYLINE
8
Layer 1
62
7
70
0
10
0.000000
20
0.000000
66
1
0
VERTEX
8
Layer 1
10
494.418367
20
540.843952
70
0
0
VERTEX
8
Layer 1
10
483.200027
20
536.963394
70
0
0
VERTEX
8
Layer 1
10
475.544744
20
534.388114
70
0
0
VERTEX
8
Layer 1
10
476.920578
20
533.470892
70
0
0
VERTEX
8
Layer 1
10
478.128843
20
532.500752
70
0
0
VERTEX
8
Layer 1
10
479.072524
20
531.530613
70
0
0
VERTEX
8
Layer 1
10
479.751346
20
530.507005
70
0
0
VERTEX
8
Layer 1
10
480.302837
20
529.341184
70
0
0
VERTEX
8
Layer 1
10
480.722037
20
528.072837
70
0
0
VERTEX
8
Layer 1
10
481.003984
20
526.741651
70
0
0
VERTEX
8
Layer 1
10
481.136275
20
524.049514
70
0
0
VERTEX
8
Layer 1
10
480.976698
20
522.767938
70
0
0
VERTEX
8
Layer 1
10
480.660025
20
521.582273
70
0
0
VERTEX
8
Layer 1
10
480.130858
20
520.100605
70
0
0
VERTEX
8
Layer 1
10
489.973364
20
523.310885
70
0
0
VERTEX
8
Layer 1
10
500.803649
20
526.803387
70
0
0
VERTEX
8
Layer 1
10
502.174315
20
527.263928
70
0
0
VERTEX
8
Layer 1
10
503.361841
20
528.033701
70
0
0
VERTEX
8
Layer 1
10
504.345140
20
529.068057
70
0
0
VERTEX
8
Layer 1
10
505.103131
20
530.322348
70
0
0
VERTEX
8
Layer 1
10
505.614728
20
531.751926
70
0
0
VERTEX
8
Layer 1
10
505.858847
20
533.312141
70
0
0
VERTEX
8
Layer 1
10
505.814406
20
534.958347
70
0
0
VERTEX
8
Layer 1
10
505.460318
20
536.645894
70
0
0
VERTEX
8
Layer 1
10
504.781221
20
538.079605
70
0
0
VERTEX
8
Layer 1
10
503.652331
20
539.596000
70
0
0
VERTEX
8
Layer 1
10
502.325004
20
540.907342
70
0
0
VERTEX
8
Layer 1
10
501.050593
20
541.725897
70
0
0
VERTEX
8
Layer 1
10
499.825792
20
542.108992
70
0
0
VERTEX
8
Layer 1
10
498.528231
20
542.118362
70
0
0
VERTEX
8
Layer 1
10
496.833794
20
541.711014
70
0
0
VERTEX
8
Layer 1
10
494.418367
20
540.843952
70
0
0
VERTEX
8
Layer 1
10
494.418367
20
540.843952
70
0
0
SEQEND
8
Layer 1
0
POLYLINE
8
Layer 1
62
7
70
0
10
0.000000
20
0.000000
66
1
0
VERTEX
8
Layer 1
10
536.434227
20
532.800613
70
0
0
VERTEX
8
Layer 1
10
535.927108
20
530.929788
70
0
0
VERTEX
8
Layer 1
10
534.917281
20
529.369847
70
0
0
VERTEX
8
Layer 1
10
533.378287
20
528.087720
70
0
0
VERTEX
8
Layer 1
10
531.283668
20
527.050332
70
0
0
VERTEX
8
Layer 1
10
529.766723
20
526.344776
70
0
0
VERTEX
8
Layer 1
10
529.894605
20
525.489289
70
0
0
VERTEX
8
Layer 1
10
530.578112
20
523.734219
70
0
0
VERTEX
8
Layer 1
10
531.720231
20
520.656231
70
0
0
VERTEX
8
Layer 1
10
532.941725
20
516.678659
70
0
0
VERTEX
8
Layer 1
10
538.409784
20
496.535035
70
0
0
VERTEX
8
Layer 1
10
544.076280
20
475.399223
70
0
0
VERTEX
8
Layer 1
10
544.725061
20
472.330606
70
0
0
VERTEX
8
Layer 1
10
544.721823
20
471.795720
70
0
0
VERTEX
8
Layer 1
10
544.583399
20
471.593630
70
0
0
VERTEX
8
Layer 1
10
541.774404
20
469.715088
70
0
0
VERTEX
8
Layer 1
10
540.897420
20
468.944488
70
0
0
VERTEX
8
Layer 1
10
540.526452
20
468.418628
70
0
0
VERTEX
8
Layer 1
10
541.298153
20
466.531266
70
0
0
VERTEX
8
Layer 1
10
543.313398
20
462.844736
70
0
0
VERTEX
8
Layer 1
10
545.813712
20
458.840706
70
0
0
VERTEX
8
Layer 1
10
546.542970
20
458.012780
70
0
0
VERTEX
8
Layer 1
10
547.123400
20
457.694177
70
0
0
VERTEX
8
Layer 1
10
550.130833
20
456.944524
70
0
0
VERTEX
8
Layer 1
10
552.027014
20
456.141954
70
0
0
VERTEX
8
Layer 1
10
553.018100
20
455.172366
70
0
0
VERTEX
8
Layer 1
10
554.108405
20
453.650459
70
0
0
VERTEX
8
Layer 1
10
554.934126
20
452.148397
70
0
0
VERTEX
8
Layer 1
10
555.134079
20
451.583607
70
0
0
VERTEX
8
Layer 1
10
555.131461
20
451.238340
70
0
0
VERTEX
8
Layer 1
10
554.399446
20
450.608852
70
0
0
VERTEX
8
Layer 1
10
553.191182
20
449.906603
70
0
0
VERTEX
8
Layer 1
10
552.035834
20
449.402792
70
0
0
VERTEX
8
Layer 1
10
551.462570
20
449.368616
70
0
0
VERTEX
8
Layer 1
10
550.757014
20
450.497506
70
0
0
VERTEX
8
Layer 1
10
550.338641
20
450.861308
70
0
0
VERTEX
8
Layer 1
10
549.711909
20
450.788548
70
0
0
VERTEX
8
Layer 1
10
546.206177
20
448.698338
70
0
0
VERTEX
8
Layer 1
10
543.392773
20
446.837434
70
0
0
VERTEX
8
Layer 1
10
542.219786
20
445.876114
70
0
0
VERTEX
8
Layer 1
10
542.784231
20
444.429724
70
0
0
VERTEX
8
Layer 1
10
543.106141
20
443.757241
70
0
0
VERTEX
8
Layer 1
10
543.110550
20
443.309654
70
0
0
VERTEX
8
Layer 1
10
542.704856
20
442.901755
70
0
0
VERTEX
8
Layer 1
10
541.796452
20
442.348334
70
0
0
VERTEX
8
Layer 1
10
541.293744
20
441.880352
70
0
0
VERTEX
8
Layer 1
10
541.320202
20
441.091563
70
0
0
VERTEX
8
Layer 1
10
541.955203
20
439.714075
70
0
0
VERTEX
8
Layer 1
10
543.278120
20
437.479998
70
0
0
VERTEX
8
Layer 1
10
544.750968
20
434.834163
70
0
0
VERTEX
8
Layer 1
10
545.133512
20
433.937886
70
0
0
VERTEX
8
Layer 1
10
545.218399
20
433.458329
70
0
0
VERTEX
8
Layer 1
10
545.213783
20
433.011499
70
0
0
VERTEX
8
Layer 1
10
545.432822
20
432.377395
70
0
0
VERTEX
8
Layer 1
10
546.351698
20
430.816903
70
0
0
VERTEX
8
Layer 1
10
547.594690
20
429.315943
70
0
0
VERTEX
8
Layer 1
10
548.781457
20
428.413603
70
0
0
VERTEX
8
Layer 1
10
549.853020
20
427.690408
70
0
0
VERTEX
8
Layer 1
10
550.686458
20
426.543880
70
0
0
VERTEX
8
Layer 1
10
551.392014
20
425.132768
70
0
0
VERTEX
8
Layer 1
10
549.522291
20
424.533045
70
0
0
VERTEX
8
Layer 1
10
527.896999
20
416.948318
70
0
0
VERTEX
8
Layer 1
10
525.039497
20
415.854706
70
0
0
VERTEX
8
Layer 1
10
524.792553
20
409.645814
70
0
0
VERTEX
8
Layer 1
10
524.549467
20
404.941739
70
0
0
VERTEX
8
Layer 1
10
524.223698
20
401.540739
70
0
0
VERTEX
8
Layer 1
10
523.785482
20
399.158385
70
0
0
VERTEX
8
Layer 1
10
523.205052
20
397.510250
70
0
0
VERTEX
8
Layer 1
10
522.825815
20
396.562160
70
0
0
VERTEX
8
Layer 1
10
522.816996
20
396.169694
70
0
0
VERTEX
8
Layer 1
10
525.145331
20
396.875250
70
0
0
VERTEX
8
Layer 1
10
527.596587
20
397.681127
70
0
0
VERTEX
8
Layer 1
10
529.250785
20
398.057056
70
0
0
VERTEX
8
Layer 1
10
530.369201
20
398.036110
70
0
0
VERTEX
8
Layer 1
10
531.213112
20
397.651362
70
0
0
VERTEX
8
Layer 1
10
532.130955
20
397.107656
70
0
0
VERTEX
8
Layer 1
10
533.125279
20
396.695002
70
0
0
VERTEX
8
Layer 1
10
535.265650
20
396.271118
70
0
0
VERTEX
8
Layer 1
10
537.478780
20
396.396244
70
0
0
VERTEX
8
Layer 1
10
538.564055
20
396.669853
70
0
0
VERTEX
8
Layer 1
10
539.609229
20
397.086917
70
0
0
VERTEX
8
Layer 1
10
540.525349
20
397.449065
70
0
0
VERTEX
8
Layer 1
10
540.873028
20
397.438523
70
0
0
VERTEX
8
Layer 1
10
541.196730
20
397.258896
70
0
0
VERTEX
8
Layer 1
10
541.921027
20
396.268362
70
0
0
VERTEX
8
Layer 1
10
542.995898
20
394.229415
70
0
0
VERTEX
8
Layer 1
10
544.028876
20
392.042191
70
0
0
VERTEX
8
Layer 1
10
544.830343
20
389.881426
70
0
0
VERTEX
8
Layer 1
10
545.446602
20
387.601598
70
0
0
VERTEX
8
Layer 1
10
545.923955
20
385.057187
70
0
0
VERTEX
8
Layer 1
10
546.326894
20
382.439464
70
0
0
VERTEX
8
Layer 1
10
546.369337
20
380.969372
70
0
0
VERTEX
8
Layer 1
10
546.229535
20
380.506558
70
0
0
VERTEX
8
Layer 1
10
545.968603
20
380.140895
70
0
0
VERTEX
8
Layer 1
10
545.042010
20
379.448017
70
0
0
VERTEX
8
Layer 1
10
543.630898
20
378.530794
70
0
0
VERTEX
8
Layer 1
10
512.868656
20
378.530794
70
0
0
VERTEX
8
Layer 1
10
490.480483
20
378.623398
70
0
0
VERTEX
8
Layer 1
10
484.457349
20
378.724271
70
0
0
VERTEX
8
Layer 1
10
482.459193
20
378.848294
70
0
0
VERTEX
8
Layer 1
10
484.913756
20
380.254996
70
0
0
VERTEX
8
Layer 1
10
489.871941
20
382.799408
70
0
0
VERTEX
8
Layer 1
10
494.995490
20
385.317361
70
0
0
VERTEX
8
Layer 1
10
497.946147
20
386.644688
70
0
0
VERTEX
8
Layer 1
10
499.261899
20
387.108812
70
0
0
VERTEX
8
Layer 1
10
499.582155
20
387.367883
70
0
0
VERTEX
8
Layer 1
10
498.943296
20
387.388829
70
0
0
VERTEX
8
Layer 1
10
497.381702
20
387.138577
70
0
0
VERTEX
8
Layer 1
10
491.772532
20
386.080243
70
0
0
VERTEX
8
Layer 1
10
488.888021
20
385.285941
70
0
0
VERTEX
8
Layer 1
10
485.629785
20
383.906249
70
0
0
VERTEX
8
Layer 1
10
481.994518
20
381.937858
70
0
0
VERTEX
8
Layer 1
10
477.978912
20
379.377461
70
0
0
VERTEX
8
Layer 1
10
477.143821
20
378.889084
70
0
0
VERTEX
8
Layer 1
10
476.060682
20
378.645447
70
0
0
VERTEX
8
Layer 1
10
470.570574
20
378.601350
70
0
0
VERTEX
8
Layer 1
10
464.432237
20
378.707183
70
0
0
VERTEX
8
Layer 1
10
466.125571
20
379.871350
70
0
0
VERTEX
8
Layer 1
10
467.302968
20
380.766525
70
0
0
VERTEX
8
Layer 1
10
467.713072
20
381.211907
70
0
0
VERTEX
8
Layer 1
10
455.753898
20
379.024683
70
0
0
VERTEX
8
Layer 1
10
425.979435
20
373.239124
70
0
0
VERTEX
8
Layer 1
10
402.290392
20
368.705927
70
0
0
VERTEX
8
Layer 1
10
397.890589
20
368.030136
70
0
0
VERTEX
8
Layer 1
10
395.428860
20
367.876898
70
0
0
VERTEX
8
Layer 1
10
393.459918
20
367.968951
70
0
0
VERTEX
8
Layer 1
10
391.901080
20
368.348739
70
0
0
VERTEX
8
Layer 1
10
390.527451
20
369.092329
70
0
0
VERTEX
8
Layer 1
10
389.114134
20
370.275789
70
0
0
VERTEX
8
Layer 1
10
387.879411
20
371.439956
70
0
0
VERTEX
8
Layer 1
10
385.762743
20
370.699122
70
0
0
VERTEX
8
Layer 1
10
383.666470
20
370.142395
70
0
0
VERTEX
8
Layer 1
10
381.454442
20
369.817177
70
0
0
VERTEX
8
Layer 1
10
379.526841
20
369.756544
70
0
0
VERTEX
8
Layer 1
10
378.283849
20
369.993566
70
0
0
VERTEX
8
Layer 1
10
377.660425
20
370.093888
70
0
0
VERTEX
8
Layer 1
10
376.444994
20
369.870094
70
0
0
VERTEX
8
Layer 1
10
371.087178
20
368.159121
70
0
0
VERTEX
8
Layer 1
10
361.809117
20
364.772452
70
0
0
VERTEX
8
Layer 1
10
358.986893
20
363.678840
70
0
0
VERTEX
8
Layer 1
10
357.575781
20
364.313841
70
0
0
VERTEX
8
Layer 1
10
355.979460
20
364.776862
70
0
0
VERTEX
8
Layer 1
10
354.118556
20
364.948841
70
0
0
VERTEX
8
Layer 1
10
352.072444
20
365.054674
70
0
0
VERTEX
8
Layer 1
10
352.989667
20
366.712731
70
0
0
VERTEX
8
Layer 1
10
353.582224
20
368.067068
70
0
0
VERTEX
8
Layer 1
10
353.867202
20
369.451170
70
0
0
VERTEX
8
Layer 1
10
353.828066
20
370.736054
70
0
0
VERTEX
8
Layer 1
10
353.448278
20
371.792734
70
0
0
VERTEX
8
Layer 1
10
352.641299
20
372.551207
70
0
0
VERTEX
8
Layer 1
10
351.437444
20
373.309680
70
0
0
VERTEX
8
Layer 1
10
350.467304
20
373.699940
70
0
0
VERTEX
8
Layer 1
10
349.364873
20
373.891763
70
0
0
VERTEX
8
Layer 1
10
344.911051
20
373.838847
70
0
0
VERTEX
8
Layer 1
10
341.865653
20
373.617602
70
0
0
VERTEX
8
Layer 1
10
338.691685
20
373.180144
70
0
0
VERTEX
8
Layer 1
10
335.323413
20
372.508694
70
0
0
VERTEX
8
Layer 1
10
331.695105
20
371.585477
70
0
0
VERTEX
8
Layer 1
10
327.741028
20
370.392715
70
0
0
VERTEX
8
Layer 1
10
323.395451
20
368.912633
70
0
0
VERTEX
8
Layer 1
10
313.266864
20
365.019397
70
0
0
VERTEX
8
Layer 1
10
308.219314
20
363.043564
70
0
0
VERTEX
8
Layer 1
10
303.551689
20
361.390193
70
0
0
VERTEX
8
Layer 1
10
299.180893
20
360.041093
70
0
0
VERTEX
8
Layer 1
10
295.023832
20
358.978073
70
0
0
VERTEX
8
Layer 1
10
290.997408
20
358.182945
70
0
0
VERTEX
8
Layer 1
10
287.018527
20
357.637517
70
0
0
VERTEX
8
Layer 1
10
283.004093
20
357.323600
70
0
0
VERTEX
8
Layer 1
10
278.871009
20
357.223003
70
0
0
VERTEX
8
Layer 1
10
275.438796
20
357.284670
70
0
0
VERTEX
8
Layer 1
10
272.361704
20
357.491445
70
0
0
VERTEX
8
Layer 1
10
269.515295
20
357.875987
70
0
0
VERTEX
8
Layer 1
10
266.775133
20
358.470955
70
0
0
VERTEX
8
Layer 1
10
264.016781
20
359.309009
70
0
0
VERTEX
8
Layer 1
10
261.115803
20
360.422810
70
0
0
VERTEX
8
Layer 1
10
254.388216
20
363.608285
70
0
0
VERTEX
8
Layer 1
10
249.543582
20
366.023160
70
0
0
VERTEX
8
Layer 1
10
246.269912
20
367.449155
70
0
0
VERTEX
8
Layer 1
10
243.915670
20
368.127702
70
0
0
VERTEX
8
Layer 1
10
241.829319
20
368.300232
70
0
0
VERTEX
8
Layer 1
10
240.520940
20
368.229952
70
0
0
VERTEX
8
Layer 1
10
239.326249
20
368.022419
70
0
0
VERTEX
8
Layer 1
10
238.253101
20
367.682595
70
0
0
VERTEX
8
Layer 1
10
237.309351
20
367.215440
70
0
0
VERTEX
8
Layer 1
10
236.502854
20
366.625915
70
0
0
VERTEX
8
Layer 1
10
235.841464
20
365.918980
70
0
0
VERTEX
8
Layer 1
10
235.333036
20
365.099598
70
0
0
VERTEX
8
Layer 1
10
234.985426
20
364.172729
70
0
0
VERTEX
8
Layer 1
10
234.816547
20
363.144712
70
0
0
VERTEX
8
Layer 1
10
234.871324
20
362.086929
70
0
0
VERTEX
8
Layer 1
10
235.158439
20
360.982845
70
0
0
VERTEX
8
Layer 1
10
235.686572
20
359.815921
70
0
0
VERTEX
8
Layer 1
10
236.464406
20
358.569623
70
0
0
VERTEX
8
Layer 1
10
237.500623
20
357.227413
70
0
0
VERTEX
8
Layer 1
10
240.382929
20
354.189112
70
0
0
VERTEX
8
Layer 1
10
244.115761
20
350.997022
70
0
0
VERTEX
8
Layer 1
10
248.443906
20
348.046365
70
0
0
VERTEX
8
Layer 1
10
253.221844
20
345.433052
70
0
0
VERTEX
8
Layer 1
10
258.304052
20
343.252994
70
0
0
VERTEX
8
Layer 1
10
260.791136
20
342.181431
70
0
0
VERTEX
8
Layer 1
10
261.121866
20
341.829204
70
0
0
VERTEX
8
Layer 1
10
261.055720
20
341.453826
70
0
0
VERTEX
8
Layer 1
10
260.702942
20
340.430770
70
0
0
VERTEX
8
Layer 1
10
261.046901
20
339.986490
70
0
0
VERTEX
8
Layer 1
10
262.025860
20
339.522367
70
0
0
VERTEX
8
Layer 1
10
263.560444
20
339.071472
70
0
0
VERTEX
8
Layer 1
10
265.571278
20
338.666880
70
0
0
VERTEX
8
Layer 1
10
268.005447
20
338.102435
70
0
0
VERTEX
8
Layer 1
10
264.195444
20
337.396879
70
0
0
VERTEX
8
Layer 1
10
261.403537
20
336.901336
70
0
0
VERTEX
8
Layer 1
10
259.560823
20
336.395872
70
0
0
VERTEX
8
Layer 1
10
258.544933
20
335.844105
70
0
0
VERTEX
8
Layer 1
10
258.308806
20
335.539489
70
0
0
VERTEX
8
Layer 1
10
258.233496
20
335.209656
70
0
0
VERTEX
8
Layer 1
10
258.290891
20
334.734921
70
0
0
VERTEX
8
Layer 1
10
258.480992
20
334.335428
70
0
0
VERTEX
8
Layer 1
10
258.830669
20
334.000426
70
0
0
VERTEX
8
Layer 1
10
259.366795
20
333.719169
70
0
0
VERTEX
8
Layer 1
10
261.105881
20
333.274889
70
0
0
VERTEX
8
Layer 1
10
263.913222
20
332.916599
70
0
0
VERTEX
8
Layer 1
10
268.287669
20
332.493265
70
0
0
VERTEX
8
Layer 1
10
264.936278
20
331.858265
70
0
0
VERTEX
8
Layer 1
10
261.351723
20
331.141133
70
0
0
VERTEX
8
Layer 1
10
259.278601
20
330.486840
70
0
0
VERTEX
8
Layer 1
10
258.710642
20
330.140883
70
0
0
VERTEX
8
Layer 1
10
258.402719
20
329.759787
70
0
0
VERTEX
8
Layer 1
10
258.315558
20
329.326600
70
0
0
VERTEX
8
Layer 1
10
258.409885
20
328.824374
70
0
0
VERTEX
8
Layer 1
10
258.766522
20
328.219139
70
0
0
VERTEX
8
Layer 1
10
259.622559
20
327.818957
70
0
0
VERTEX
8
Layer 1
10
261.371567
20
327.524607
70
0
0
VERTEX
8
Layer 1
10
264.407111
20
327.236873
70
0
0
VERTEX
8
Layer 1
10
268.993225
20
326.848817
70
0
0
VERTEX
8
Layer 1
10
265.324334
20
326.072705
70
0
0
VERTEX
8
Layer 1
10
262.502110
20
325.362740
70
0
0
VERTEX
8
Layer 1
10
260.844053
20
324.732149
70
0
0
VERTEX
8
Layer 1
10
260.286774
20
324.152270
70
0
0
VERTEX
8
Layer 1
10
260.010615
20
323.426870
70
0
0
VERTEX
8
Layer 1
10
260.045342
20
322.727929
70
0
0
VERTEX
8
Layer 1
10
260.420720
20
322.227425
70
0
0
VERTEX
8
Layer 1
10
261.796554
20
321.918744
70
0
0
VERTEX
8
Layer 1
10
264.548222
20
321.557147
70
0
0
VERTEX
8
Layer 1
10
268.287669
20
321.169091
70
0
0
VERTEX
8
Layer 1
10
266.453223
20
320.216591
70
0
0
VERTEX
8
Layer 1
10
264.618778
20
319.264090
70
0
0
VERTEX
8
Layer 1
10
265.500723
20
316.724088
70
0
0
VERTEX
8
Layer 1
10
266.347390
20
313.584364
70
0
0
VERTEX
8
Layer 1
10
265.726170
20
312.974169
70
0
0
VERTEX
8
Layer 1
10
263.758881
20
311.719051
70
0
0
VERTEX
8
Layer 1
10
255.164327
20
306.916860
70
0
0
VERTEX
8
Layer 1
10
233.539036
20
295.169353
70
0
0
VERTEX
8
Layer 1
10
202.318183
20
278.165453
70
0
0
VERTEX
8
Layer 1
10
180.648794
20
266.439994
70
0
0
VERTEX
8
Layer 1
10
175.509260
20
263.823374
70
0
0
VERTEX
8
Layer 1
10
172.261497
20
262.360999
70
0
0
VERTEX
8
Layer 1
10
169.143822
20
260.808775
70
0
0
VERTEX
8
Layer 1
10
164.676770
20
258.304052
70
0
0
VERTEX
8
Layer 1
10
159.495895
20
255.316463
70
0
0
VERTEX
8
Layer 1
10
156.567286
20
253.823771
70
0
0
VERTEX
8
Layer 1
10
155.708837
20
253.542927
70
0
0
VERTEX
8
Layer 1
10
155.126960
20
253.521705
70
0
0
VERTEX
8
Layer 1
10
154.726157
20
253.722072
70
0
0
VERTEX
8
Layer 1
10
154.410931
20
254.105993
70
0
0
VERTEX
8
Layer 1
10
153.972714
20
255.573329
70
0
0
VERTEX
8
Layer 1
10
153.551034
20
259.150719
70
0
0
VERTEX
8
Layer 1
10
152.400096
20
276.577952
70
0
0
VERTEX
8
Layer 1
10
150.107039
20
315.912699
70
0
0
VERTEX
8
Layer 1
10
148.519538
20
344.064383
70
0
0
VERTEX
8
Layer 1
10
148.519538
20
345.016884
70
0
0
VERTEX
8
Layer 1
10
152.858707
20
345.016884
70
0
0
VERTEX
8
Layer 1
10
157.257821
20
344.903954
70
0
0
VERTEX
8
Layer 1
10
161.778479
20
344.569848
70
0
0
VERTEX
8
Layer 1
10
166.383472
20
344.021595
70
0
0
VERTEX
8
Layer 1
10
171.035594
20
343.266223
70
0
0
VERTEX
8
Layer 1
10
175.697638
20
342.310760
70
0
0
VERTEX
8
Layer 1
10
180.332397
20
341.162233
70
0
0
VERTEX
8
Layer 1
10
184.902663
20
339.827671
70
0
0
VERTEX
8
Layer 1
10
189.371230
20
338.314102
70
0
0
VERTEX
8
Layer 1
10
193.176754
20
336.810524
70
0
0
VERTEX
8
Layer 1
10
197.114156
20
335.049803
70
0
0
VERTEX
8
Layer 1
10
201.116877
20
333.069148
70
0
0
VERTEX
8
Layer 1
10
205.118358
20
330.905764
70
0
0
VERTEX
8
Layer 1
10
209.052040
20
328.596860
70
0
0
VERTEX
8
Layer 1
10
212.851362
20
326.179641
70
0
0
VERTEX
8
Layer 1
10
216.449767
20
323.691316
70
0
0
VERTEX
8
Layer 1
10
219.780694
20
321.169091
70
0
0
VERTEX
8
Layer 1
10
223.608887
20
317.790691
70
0
0
VERTEX
8
Layer 1
10
228.366429
20
313.165440
70
0
0
VERTEX
8
Layer 1
10
233.011523
20
308.335138
70
0
0
VERTEX
8
Layer 1
10
236.502371
20
304.341581
70
0
0
VERTEX
8
Layer 1
10
238.566122
20
301.925051
70
0
0
VERTEX
8
Layer 1
10
239.290420
20
301.216188
70
0
0
VERTEX
8
Layer 1
10
239.677373
20
300.990190
70
0
0
VERTEX
8
Layer 1
10
242.527158
20
302.404058
70
0
0
VERTEX
8
Layer 1
10
247.764809
20
305.263213
70
0
0
VERTEX
8
Layer 1
10
252.804022
20
308.128983
70
0
0
VERTEX
8
Layer 1
10
255.058494
20
309.562695
70
0
0
VERTEX
8
Layer 1
10
254.726662
20
310.313795
70
0
0
VERTEX
8
Layer 1
10
253.806132
20
311.682119
70
0
0
VERTEX
8
Layer 1
10
250.648769
20
315.723081
70
0
0
VERTEX
8
Layer 1
10
246.485989
20
320.590866
70
0
0
VERTEX
8
Layer 1
10
242.217375
20
325.190760
70
0
0
VERTEX
8
Layer 1
10
238.673954
20
328.680024
70
0
0
VERTEX
8
Layer 1
10
235.089606
20
331.964649
70
0
0
VERTEX
8
Layer 1
10
231.436631
20
335.064893
70
0
0
VERTEX
8
Layer 1
10
227.687331
20
338.001012
70
0
0
VERTEX
8
Layer 1
10
223.814008
20
340.793263
70
0
0
VERTEX
8
Layer 1
10
219.788962
20
343.461905
70
0
0
VERTEX
8
Layer 1
10
215.584496
20
346.027193
70
0
0
VERTEX
8
Layer 1
10
211.172911
20
348.509386
70
0
0
VERTEX
8
Layer 1
10
206.210248
20
351.028097
70
0
0
VERTEX
8
Layer 1
10
200.999124
20
353.339689
70
0
0
VERTEX
8
Layer 1
10
195.568892
20
355.435479
70
0
0
VERTEX
8
Layer 1
10
189.948904
20
357.306788
70
0
0
VERTEX
8
Layer 1
10
184.168513
20
358.944932
70
0
0
VERTEX
8
Layer 1
10
178.257070
20
360.341230
70
0
0
VERTEX
8
Layer 1
10
172.243927
20
361.487000
70
0
0
VERTEX
8
Layer 1
10
166.158438
20
362.373562
70
0
0
VERTEX
8
Layer 1
10
159.867965
20
362.752798
70
0
0
VERTEX
8
Layer 1
10
151.209470
20
362.840992
70
0
0
VERTEX
8
Layer 1
10
142.484829
20
362.651374
70
0
0
VERTEX
8
Layer 1
10
135.995919
20
362.197173
70
0
0
VERTEX
8
Layer 1
10
129.116748
20
361.139941
70
0
0
VERTEX
8
Layer 1
10
122.237577
20
359.851199
70
0
0
VERTEX
8
Layer 1
10
116.787157
20
358.615373
70
0
0
VERTEX
8
Layer 1
10
115.044213
20
358.106188
70
0
0
VERTEX
8
Layer 1
10
114.194239
20
357.716892
70
0
0
VERTEX
8
Layer 1
10
114.193687
20
357.436737
70
0
0
VERTEX
8
Layer 1
10
114.454412
20
356.897786
70
0
0
VERTEX
8
Layer 1
10
115.587712
20
355.265085
70
0
0
VERTEX
8
Layer 1
10
117.250178
20
353.261967
70
0
0
VERTEX
8
Layer 1
10
119.097853
20
351.331610
70
0
0
VERTEX
8
Layer 1
10
121.221135
20
349.568823
70
0
0
VERTEX
8
Layer 1
10
123.622231
20
347.971400
70
0
0
VERTEX
8
Layer 1
10
126.221764
20
346.598873
70
0
0
VERTEX
8
Layer 1
10
128.940359
20
345.510773
70
0
0
VERTEX
8
Layer 1
10
130.612747
20
344.983260
70
0
0
VERTEX
8
Layer 1
10
132.185917
20
344.677335
70
0
0
VERTEX
8
Layer 1
10
137.230642
20
344.452439
70
0
0
VERTEX
8
Layer 1
10
142.698701
20
344.381884
70
0
0
VERTEX
8
Layer 1
10
142.945646
20
340.360214
70
0
0
VERTEX
8
Layer 1
10
144.462591
20
314.677976
70
0
0
VERTEX
8
Layer 1
10
147.672871
20
260.632386
70
0
0
VERTEX
8
Layer 1
10
148.042736
20
254.094969
70
0
0
VERTEX
8
Layer 1
10
147.981069
20
252.092127
70
0
0
VERTEX
8
Layer 1
10
147.642003
20
250.666408
70
0
0
VERTEX
8
Layer 1
10
146.940788
20
249.617720
70
0
0
VERTEX
8
Layer 1
10
145.792674
20
248.745973
70
0
0
VERTEX
8
Layer 1
10
141.816756
20
246.732933
70
0
0
VERTEX
8
Layer 1
10
137.433489
20
244.369321
70
0
0
VERTEX
8
Layer 1
10
136.171206
20
243.458712
70
0
0
VERTEX
8
Layer 1
10
135.219807
20
242.534875
70
0
0
VERTEX
8
Layer 1
10
134.033522
20
240.926772
70
0
0
VERTEX
8
Layer 1
10
133.223856
20
239.155372
70
0
0
VERTEX
8
Layer 1
10
132.787086
20
237.275658
70
0
0
VERTEX
8
Layer 1
10
132.719493
20
235.342614
70
0
0
VERTEX
8
Layer 1
10
133.017356
20
233.411223
70
0
0
VERTEX
8
Layer 1
10
133.676955
20
231.536470
70
0
0
VERTEX
8
Layer 1
10
134.694568
20
229.773338
70
0
0
VERTEX
8
Layer 1
10
136.066475
20
228.176810
70
0
0
VERTEX
8
Layer 1
10
137.738863
20
226.852790
70
0
0
VERTEX
8
Layer 1
10
139.708907
20
225.866114
70
0
0
VERTEX
8
Layer 1
10
142.089057
20
225.170480
70
0
0
VERTEX
8
Layer 1
10
144.991758
20
224.719586
70
0
0
VERTEX
8
Layer 1
10
149.250450
20
224.186560
70
0
0
VERTEX
8
Layer 1
10
150.993256
20
223.818555
70
0
0
VERTEX
8
Layer 1
10
152.682318
20
223.312884
70
0
0
VERTEX
8
Layer 1
10
156.511062
20
221.678529
70
0
0
VERTEX
8
Layer 1
10
161.960380
20
218.863471
70
0
0
VERTEX
8
Layer 1
10
170.832746
20
214.255309
70
0
0
VERTEX
8
Layer 1
10
172.537105
20
213.570148
70
0
0
VERTEX
8
Layer 1
10
173.566776
20
213.430690
70
0
0
VERTEX
8
Layer 1
10
174.619047
20
213.180438
70
0
0
VERTEX
8
Layer 1
10
176.560979
20
212.407634
70
0
0
VERTEX
8
Layer 1
10
183.444560
20
209.162076
70
0
0
VERTEX
8
Layer 1
10
209.752979
20
196.400332
70
0
0
VERTEX
8
Layer 1
10
246.062655
20
179.034835
70
0
0
VERTEX
8
Layer 1
10
264.266000
20
170.356496
70
0
0
VERTEX
8
Layer 1
10
270.571907
20
167.494585
70
0
0
VERTEX
8
Layer 1
10
275.025729
20
165.876216
70
0
0
VERTEX
8
Layer 1
10
278.518231
20
164.923715
70
0
0
VERTEX
8
Layer 1
10
336.444379
20
164.817882
70
0
0
VERTEX
8
Layer 1
10
394.405804
20
164.747326
70
0
0
VERTEX
8
Layer 1
10
395.287749
20
163.830103
70
0
0
VERTEX
8
Layer 1
10
396.169694
20
162.948158
70
0
0
VERTEX
8
Layer 1
10
406.717756
20
163.053992
70
0
0
VERTEX
8
Layer 1
10
416.013456
20
163.248019
70
0
0
VERTEX
8
Layer 1
10
417.453232
20
163.500476
70
0
0
VERTEX
8
Layer 1
10
418.112486
20
163.971214
70
0
0
VERTEX
8
Layer 1
10
418.959153
20
164.747326
70
0
0
VERTEX
8
Layer 1
10
445.946670
20
164.747326
70
0
0
VERTEX
8
Layer 1
10
466.857586
20
164.848750
70
0
0
VERTEX
8
Layer 1
10
476.814745
20
165.135382
70
0
0
VERTEX
8
Layer 1
10
481.526536
20
165.826606
70
0
0
VERTEX
8
Layer 1
10
486.039890
20
166.934550
70
0
0
VERTEX
8
Layer 1
10
490.288660
20
168.439368
70
0
0
VERTEX
8
Layer 1
10
494.206700
20
170.321218
70
0
0
VERTEX
8
Layer 1
10
496.429202
20
171.555941
70
0
0
VERTEX
8
Layer 1
10
494.418367
20
172.190942
70
0
0
VERTEX
8
Layer 1
10
492.607624
20
172.875000
70
0
0
VERTEX
8
Layer 1
10
491.044927
20
173.747575
70
0
0
VERTEX
8
Layer 1
10
489.660825
20
174.864889
70
0
0
VERTEX
8
Layer 1
10
488.385863
20
176.283167
70
0
0
VERTEX
8
Layer 1
10
486.974751
20
178.082334
70
0
0
VERTEX
8
Layer 1
10
484.752250
20
177.270945
70
0
0
VERTEX
8
Layer 1
10
482.309262
20
176.415458
70
0
0
VERTEX
8
Layer 1
10
479.495858
20
175.612888
70
0
0
VERTEX
8
Layer 1
10
477.489984
20
175.200579
70
0
0
VERTEX
8
Layer 1
10
475.011167
20
174.986707
70
0
0
VERTEX
8
Layer 1
10
463.832514
20
174.942610
70
0
0
VERTEX
8
Layer 1
10
452.503931
20
174.889693
70
0
0
VERTEX
8
Layer 1
10
449.907154
20
174.654876
70
0
0
VERTEX
8
Layer 1
10
447.604726
20
174.201776
70
0
0
VERTEX
8
Layer 1
10
443.971113
20
173.390387
70
0
0
VERTEX
8
Layer 1
10
363.008562
20
173.390387
70
0
0
VERTEX
8
Layer 1
10
282.046011
20
173.390387
70
0
0
VERTEX
8
Layer 1
10
275.519618
20
176.247889
70
0
0
VERTEX
8
Layer 1
10
266.140133
20
180.578239
70
0
0
VERTEX
8
Layer 1
10
252.765437
20
186.972340
70
0
0
VERTEX
8
Layer 1
10
225.601531
20
200.025126
70
0
0
VERTEX
8
Layer 1
10
202.318183
20
211.137633
70
0
0
VERTEX
8
Layer 1
10
183.726782
20
219.957083
70
0
0
VERTEX
8
Layer 1
10
180.329641
20
221.577657
70
0
0
VERTEX
8
Layer 1
10
178.086744
20
222.788126
70
0
0
VERTEX
8
Layer 1
10
176.459004
20
223.905992
70
0
0
VERTEX
8
Layer 1
10
174.907332
20
225.248753
70
0
0
VERTEX
8
Layer 1
10
172.709084
20
227.448103
70
0
0
VERTEX
8
Layer 1
10
171.185524
20
229.402714
70
0
0
VERTEX
8
Layer 1
10
170.323423
20
231.132429
70
0
0
VERTEX
8
Layer 1
10
170.136286
20
231.919151
70
0
0
VERTEX
8
Layer 1
10
170.109552
20
232.657091
70
0
0
VERTEX
8
Layer 1
10
170.207668
20
233.440368
70
0
0
VERTEX
8
Layer 1
10
170.418232
20
233.922682
70
0
0
VERTEX
8
Layer 1
10
170.853693
20
234.239631
70
0
0
VERTEX
8
Layer 1
10
171.626497
20
234.526814
70
0
0
VERTEX
8
Layer 1
10
172.625506
20
234.936781
70
0
0
VERTEX
8
Layer 1
10
173.394246
20
235.431910
70
0
0
VERTEX
8
Layer 1
10
173.924033
20
235.981610
70
0
0
VERTEX
8
Layer 1
10
174.206186
20
236.555288
70
0
0
VERTEX
8
Layer 1
10
174.232024
20
237.122351
70
0
0
VERTEX
8
Layer 1
10
173.992866
20
237.652207
70
0
0
VERTEX
8
Layer 1
10
173.480028
20
238.114263
70
0
0
VERTEX
8
Layer 1
10
172.684831
20
238.477928
70
0
0
VERTEX
8
Layer 1
10
171.527278
20
239.039066
70
0
0
VERTEX
8
Layer 1
10
170.700455
20
239.871401
70
0
0
VERTEX
8
Layer 1
10
170.204361
20
240.968320
70
0
0
VERTEX
8
Layer 1
10
170.038996
20
242.323208
70
0
0
VERTEX
8
Layer 1
10
170.202707
20
243.816451
70
0
0
VERTEX
8
Layer 1
10
170.713684
20
245.326231
70
0
0
VERTEX
8
Layer 1
10
171.601692
20
246.922000
70
0
0
VERTEX
8
Layer 1
10
172.896498
20
248.673212
70
0
0
VERTEX
8
Layer 1
10
175.013166
20
251.495436
70
0
0
VERTEX
8
Layer 1
10
175.749039
20
252.176187
70
0
0
VERTEX
8
Layer 1
10
177.460563
20
253.290194
70
0
0
VERTEX
8
Layer 1
10
184.009005
20
256.963495
70
0
0
VERTEX
8
Layer 1
10
220.133472
20
276.577952
70
0
0
VERTEX
8
Layer 1
10
258.409885
20
297.391854
70
0
0
VERTEX
8
Layer 1
10
291.747406
20
315.559921
70
0
0
VERTEX
8
Layer 1
10
328.956666
20
335.782920
70
0
0
VERTEX
8
Layer 1
10
339.337158
20
341.242159
70
0
0
VERTEX
8
Layer 1
10
341.700771
20
334.539377
70
0
0
VERTEX
8
Layer 1
10
352.447271
20
301.757482
70
0
0
VERTEX
8
Layer 1
10
358.881059
20
282.575178
70
0
0
VERTEX
8
Layer 1
10
359.410226
20
281.340455
70
0
0
VERTEX
8
Layer 1
10
359.445504
20
283.104345
70
0
0
VERTEX
8
Layer 1
10
359.566358
20
284.670831
70
0
0
VERTEX
8
Layer 1
10
359.863326
20
286.422112
70
0
0
VERTEX
8
Layer 1
10
360.909533
20
290.252509
70
0
0
VERTEX
8
Layer 1
10
362.431990
20
294.142438
70
0
0
VERTEX
8
Layer 1
10
364.278563
20
297.638799
70
0
0
VERTEX
8
Layer 1
10
365.830786
20
300.143522
70
0
0
VERTEX
8
Layer 1
10
358.775226
20
321.592425
70
0
0
VERTEX
8
Layer 1
10
353.823105
20
336.863302
70
0
0
VERTEX
8
Layer 1
10
351.860777
20
343.429383
70
0
0
VERTEX
8
Layer 1
10
355.507620
20
345.413759
70
0
0
VERTEX
8
Layer 1
10
364.102174
20
349.673554
70
0
0
VERTEX
8
Layer 1
10
370.852360
20
352.909189
70
0
0
VERTEX
8
Layer 1
10
375.532181
20
355.000501
70
0
0
VERTEX
8
Layer 1
10
379.471168
20
356.509730
70
0
0
VERTEX
8
Layer 1
10
383.998853
20
357.999114
70
0
0
VERTEX
8
Layer 1
10
403.578032
20
364.384396
70
0
0
VERTEX
8
Layer 1
10
415.396095
20
368.300232
70
0
0
VERTEX
8
Layer 1
10
419.276653
20
368.300232
70
0
0
VERTEX
8
Layer 1
10
422.836955
20
368.164633
70
0
0
VERTEX
8
Layer 1
10
426.354262
20
367.797523
70
0
0
VERTEX
8
Layer 1
10
429.401933
20
367.258434
70
0
0
VERTEX
8
Layer 1
10
431.553327
20
366.606898
70
0
0
VERTEX
8
Layer 1
10
432.490601
20
366.078213
70
0
0
VERTEX
8
Layer 1
10
433.429114
20
365.340755
70
0
0
VERTEX
8
Layer 1
10
435.182531
20
363.409847
70
0
0
VERTEX
8
Layer 1
10
436.558916
20
361.154824
70
0
0
VERTEX
8
Layer 1
10
437.026141
20
360.012223
70
0
0
VERTEX
8
Layer 1
10
437.303609
20
358.916337
70
0
0
VERTEX
8
Layer 1
10
437.515276
20
357.469947
70
0
0
VERTEX
8
Layer 1
10
435.504441
20
357.187725
70
0
0
VERTEX
8
Layer 1
10
433.685981
20
356.838254
70
0
0
VERTEX
8
Layer 1
10
433.095284
20
356.534121
70
0
0
VERTEX
8
Layer 1
10
432.677807
20
356.085294
70
0
0
VERTEX
8
Layer 1
10
432.404198
20
355.447951
70
0
0
VERTEX
8
Layer 1
10
432.245103
20
354.578270
70
0
0
VERTEX
8
Layer 1
10
432.153050
20
351.966611
70
0
0
VERTEX
8
Layer 1
10
432.096275
20
349.852699
70
0
0
VERTEX
8
Layer 1
10
431.910515
20
348.469699
70
0
0
VERTEX
8
Layer 1
10
431.572620
20
347.715084
70
0
0
VERTEX
8
Layer 1
10
431.059438
20
347.486330
70
0
0
VERTEX
8
Layer 1
10
430.847771
20
348.134560
70
0
0
VERTEX
8
Layer 1
10
430.636105
20
349.708831
70
0
0
VERTEX
8
Layer 1
10
430.281397
20
351.828944
70
0
0
VERTEX
8
Layer 1
10
429.650531
20
354.022645
70
0
0
VERTEX
8
Layer 1
10
428.798076
20
356.191541
70
0
0
VERTEX
8
Layer 1
10
427.778603
20
358.237240
70
0
0
VERTEX
8
Layer 1
10
426.646682
20
360.061350
70
0
0
VERTEX
8
Layer 1
10
425.456883
20
361.565479
70
0
0
VERTEX
8
Layer 1
10
424.263776
20
362.651236
70
0
0
VERTEX
8
Layer 1
10
423.121933
20
363.220229
70
0
0
VERTEX
8
Layer 1
10
421.681813
20
363.106058
70
0
0
VERTEX
8
Layer 1
10
418.731501
20
362.578063
70
0
0
VERTEX
8
Layer 1
10
410.329321
20
360.755193
70
0
0
VERTEX
8
Layer 1
10
401.973443
20
358.700812
70
0
0
VERTEX
8
Layer 1
10
399.081008
20
357.883428
70
0
0
VERTEX
8
Layer 1
10
397.721917
20
357.364114
70
0
0
VERTEX
8
Layer 1
10
397.373549
20
356.737933
70
0
0
VERTEX
8
Layer 1
10
397.157472
20
355.847169
70
0
0
VERTEX
8
Layer 1
10
397.030142
20
355.218783
70
0
0
VERTEX
8
Layer 1
10
396.667993
20
354.762376
70
0
0
VERTEX
8
Layer 1
10
395.862667
20
354.319199
70
0
0
VERTEX
8
Layer 1
10
394.405804
20
353.730501
70
0
0
VERTEX
8
Layer 1
10
388.443856
20
351.331610
70
0
0
VERTEX
8
Layer 1
10
385.520208
20
350.220359
70
0
0
VERTEX
8
Layer 1
10
384.857096
20
350.210438
70
0
0
VERTEX
8
Layer 1
10
384.316353
20
350.484943
70
0
0
VERTEX
8
Layer 1
10
383.557880
20
350.855360
70
0
0
VERTEX
8
Layer 1
10
382.905241
20
351.014110
70
0
0
VERTEX
8
Layer 1
10
381.529958
20
350.488595
70
0
0
VERTEX
8
Layer 1
10
378.967357
20
349.085407
70
0
0
VERTEX
8
Layer 1
10
371.880929
20
344.686155
70
0
0
VERTEX
8
Layer 1
10
364.847417
20
339.896642
70
0
0
VERTEX
8
Layer 1
10
362.350962
20
338.005628
70
0
0
VERTEX
8
Layer 1
10
361.068283
20
336.797157
70
0
0
VERTEX
8
Layer 1
10
360.725978
20
336.077407
70
0
0
VERTEX
8
Layer 1
10
360.572189
20
335.160046
70
0
0
VERTEX
8
Layer 1
10
360.606916
20
334.042594
70
0
0
VERTEX
8
Layer 1
10
360.830158
20
332.722571
70
0
0
VERTEX
8
Layer 1
10
361.842190
20
329.464886
70
0
0
VERTEX
8
Layer 1
10
363.608285
20
325.367149
70
0
0
VERTEX
8
Layer 1
10
364.843008
20
323.175516
70
0
0
VERTEX
8
Layer 1
10
365.433911
20
322.623749
70
0
0
VERTEX
8
Layer 1
10
366.183564
20
322.227425
70
0
0
VERTEX
8
Layer 1
10
366.974007
20
321.812360
70
0
0
VERTEX
8
Layer 1
10
367.532940
20
321.182320
70
0
0
VERTEX
8
Layer 1
10
368.078643
20
319.990041
70
0
0
VERTEX
8
Layer 1
10
368.829399
20
317.888256
70
0
0
VERTEX
8
Layer 1
10
371.554609
20
310.819467
70
0
0
VERTEX
8
Layer 1
10
372.837839
20
307.852273
70
0
0
VERTEX
8
Layer 1
10
373.591902
20
306.422971
70
0
0
VERTEX
8
Layer 1
10
374.107840
20
306.414151
70
0
0
VERTEX
8
Layer 1
10
374.967736
20
306.775749
70
0
0
VERTEX
8
Layer 1
10
375.728965
20
307.131834
70
0
0
VERTEX
8
Layer 1
10
376.215688
20
307.163805
70
0
0
VERTEX
8
Layer 1
10
376.351839
20
306.904733
70
0
0
VERTEX
8
Layer 1
10
376.061348
20
306.387693
70
0
0
VERTEX
8
Layer 1
10
373.415513
20
304.271025
70
0
0
VERTEX
8
Layer 1
10
371.225602
20
302.515059
70
0
0
VERTEX
8
Layer 1
10
369.218006
20
300.495749
70
0
0
VERTEX
8
Layer 1
10
367.409674
20
298.244102
70
0
0
VERTEX
8
Layer 1
10
365.817557
20
295.791124
70
0
0
VERTEX
8
Layer 1
10
364.458604
20
293.167820
70
0
0
VERTEX
8
Layer 1
10
363.349764
20
290.405196
70
0
0
VERTEX
8
Layer 1
10
362.507989
20
287.534258
70
0
0
VERTEX
8
Layer 1
10
361.950228
20
284.586013
70
0
0
VERTEX
8
Layer 1
10
361.732498
20
280.912160
70
0
0
VERTEX
8
Layer 1
10
362.007554
20
276.811667
70
0
0
VERTEX
8
Layer 1
10
362.739018
20
272.585497
70
0
0
VERTEX
8
Layer 1
10
363.890507
20
268.534614
70
0
0
VERTEX
8
Layer 1
10
366.783287
20
262.140512
70
0
0
VERTEX
8
Layer 1
10
372.639401
20
250.084324
70
0
0
VERTEX
8
Layer 1
10
379.156975
20
236.652302
70
0
0
VERTEX
8
Layer 1
10
380.467766
20
233.524704
70
0
0
VERTEX
8
Layer 1
10
380.964962
20
231.739868
70
0
0
VERTEX
8
Layer 1
10
381.134530
20
228.885880
70
0
0
VERTEX
8
Layer 1
10
380.747232
20
226.158810
70
0
0
VERTEX
8
Layer 1
10
379.848130
20
223.619429
70
0
0
VERTEX
8
Layer 1
10
378.482287
20
221.328507
70
0
0
VERTEX
8
Layer 1
10
376.694764
20
219.346818
70
0
0
VERTEX
8
Layer 1
10
374.530622
20
217.735133
70
0
0
VERTEX
8
Layer 1
10
372.034925
20
216.554222
70
0
0
VERTEX
8
Layer 1
10
369.252733
20
215.864858
70
0
0
VERTEX
8
Layer 1
10
351.693208
20
215.639962
70
0
0
VERTEX
8
Layer 1
10
311.855752
20
215.547358
70
0
0
VERTEX
8
Layer 1
10
256.645995
20
215.547358
70
0
0
VERTEX
8
Layer 1
10
258.409885
20
214.347913
70
0
0
VERTEX
8
Layer 1
10
260.149177
20
213.005427
70
0
0
VERTEX
8
Layer 1
10
261.767339
20
211.406626
70
0
0
VERTEX
8
Layer 1
10
263.222618
20
209.622617
70
0
0
VERTEX
8
Layer 1
10
264.473257
20
207.724506
70
0
0
VERTEX
8
Layer 1
10
265.477503
20
205.783400
70
0
0
VERTEX
8
Layer 1
10
266.193601
20
203.870406
70
0
0
VERTEX
8
Layer 1
10
266.579796
20
202.056631
70
0
0
VERTEX
8
Layer 1
10
266.594335
20
200.413182
70
0
0
VERTEX
8
Layer 1
10
266.171001
20
198.155403
70
0
0
VERTEX
8
Layer 1
10
266.291442
20
197.957654
70
0
0
VERTEX
8
Layer 1
10
267.194057
20
197.810342
70
0
0
VERTEX
8
Layer 1
10
273.482325
20
197.643874
70
0
0
VERTEX
8
Layer 1
10
318.946590
20
197.661513
70
0
0
VERTEX
8
Layer 1
10
372.004401
20
197.732069
70
0
0
VERTEX
8
Layer 1
10
374.967736
20
198.543458
70
0
0
VERTEX
8
Layer 1
10
377.187068
20
199.210567
70
0
0
VERTEX
8
Layer 1
10
379.341081
20
200.017409
70
0
0
VERTEX
8
Layer 1
10
381.420680
20
200.958196
70
0
0
VERTEX
8
Layer 1
10
383.416769
20
202.027141
70
0
0
VERTEX
8
Layer 1
10
385.320255
20
203.218456
70
0
0
VERTEX
8
Layer 1
10
387.122041
20
204.526353
70
0
0
VERTEX
8
Layer 1
10
388.813032
20
205.945044
70
0
0
VERTEX
8
Layer 1
10
390.384135
20
207.468742
70
0
0
VERTEX
8
Layer 1
10
392.171176
20
209.471859
70
0
0
VERTEX
8
Layer 1
10
393.620873
20
211.402216
70
0
0
VERTEX
8
Layer 1
10
394.898591
20
213.491324
70
0
0
VERTEX
8
Layer 1
10
396.169694
20
215.970692
70
0
0
VERTEX
8
Layer 1
10
397.564821
20
219.234991
70
0
0
VERTEX
8
Layer 1
10
398.467161
20
222.294237
70
0
0
VERTEX
8
Layer 1
10
398.952782
20
225.525463
70
0
0
VERTEX
8
Layer 1
10
399.097751
20
229.305700
70
0
0
VERTEX
8
Layer 1
10
399.082248
20
231.987640
70
0
0
VERTEX
8
Layer 1
10
398.934040
20
234.290894
70
0
0
VERTEX
8
Layer 1
10
398.540266
20
236.531310
70
0
0
VERTEX
8
Layer 1
10
397.788063
20
239.024734
70
0
0
VERTEX
8
Layer 1
10
396.564571
20
242.087012
70
0
0
VERTEX
8
Layer 1
10
394.756928
20
246.033992
70
0
0
VERTEX
8
Layer 1
10
388.937745
20
257.845440
70
0
0
VERTEX
8
Layer 1
10
383.539690
20
268.836680
70
0
0
VERTEX
8
Layer 1
10
380.704788
20
275.210937
70
0
0
VERTEX
8
Layer 1
10
380.011841
20
277.295084
70
0
0
VERTEX
8
Layer 1
10
379.675669
20
278.979047
70
0
0
VERTEX
8
Layer 1
10
379.601599
20
280.514183
70
0
0
VERTEX
8
Layer 1
10
379.694961
20
282.151844
70
0
0
VERTEX
8
Layer 1
10
379.901047
20
283.764701
70
0
0
VERTEX
8
Layer 1
10
380.272084
20
285.357714
70
0
0
VERTEX
8
Layer 1
10
380.794430
20
286.904426
70
0
0
VERTEX
8
Layer 1
10
381.454442
20
288.378376
70
0
0
VERTEX
8
Layer 1
10
382.238477
20
289.753108
70
0
0
VERTEX
8
Layer 1
10
383.132893
20
291.002162
70
0
0
VERTEX
8
Layer 1
10
384.124048
20
292.099082
70
0
0
VERTEX
8
Layer 1
10
385.198298
20
293.017407
70
0
0
VERTEX
8
Layer 1
10
387.072431
20
294.115428
70
0
0
VERTEX
8
Layer 1
10
389.290523
20
295.134075
70
0
0
VERTEX
8
Layer 1
10
395.746360
20
297.638799
70
0
0
VERTEX
8
Layer 1
10
398.621501
20
298.714771
70
0
0
VERTEX
8
Layer 1
10
399.909141
20
299.049911
70
0
0
VERTEX
8
Layer 1
10
400.026481
20
298.811372
70
0
0
VERTEX
8
Layer 1
10
399.961506
20
298.524051
70
0
0
VERTEX
8
Layer 1
10
399.322647
20
297.832826
70
0
0
VERTEX
8
Layer 1
10
398.068632
20
297.035769
70
0
0
VERTEX
8
Layer 1
10
396.275527
20
296.192409
70
0
0
VERTEX
8
Layer 1
10
393.907505
20
295.054700
70
0
0
VERTEX
8
Layer 1
10
392.571358
20
294.181574
70
0
0
VERTEX
8
Layer 1
10
391.601219
20
293.524525
70
0
0
VERTEX
8
Layer 1
10
390.101912
20
292.946851
70
0
0
VERTEX
8
Layer 1
10
388.700171
20
292.490445
70
0
0
VERTEX
8
Layer 1
10
388.016112
20
292.100184
70
0
0
VERTEX
8
Layer 1
10
387.933981
20
291.657007
70
0
0
VERTEX
8
Layer 1
10
388.338022
20
291.041850
70
0
0
VERTEX
8
Layer 1
10
389.008301
20
290.230461
70
0
0
VERTEX
8
Layer 1
10
391.371913
20
291.041850
70
0
0
VERTEX
8
Layer 1
10
393.440074
20
291.672441
70
0
0
VERTEX
8
Layer 1
10
393.906954
20
291.612358
70
0
0
VERTEX
8
Layer 1
10
394.264693
20
291.324072
70
0
0
VERTEX
8
Layer 1
10
394.639519
20
290.798213
70
0
0
VERTEX
8
Layer 1
10
394.511637
20
290.345113
70
0
0
VERTEX
8
Layer 1
10
393.828130
20
289.905243
70
0
0
VERTEX
8
Layer 1
10
392.536081
20
289.419071
70
0
0
VERTEX
8
Layer 1
10
390.370906
20
288.528307
70
0
0
VERTEX
8
Layer 1
10
390.010962
20
288.129227
70
0
0
VERTEX
8
Layer 1
10
390.031357
20
287.690459
70
0
0
VERTEX
8
Layer 1
10
390.421617
20
287.187199
70
0
0
VERTEX
8
Layer 1
10
391.089691
20
286.998132
70
0
0
VERTEX
8
Layer 1
10
392.075264
20
287.119951
70
0
0
VERTEX
8
Layer 1
10
393.418026
20
287.549348
70
0
0
VERTEX
8
Layer 1
10
394.825830
20
287.985911
70
0
0
VERTEX
8
Layer 1
10
395.790458
20
288.078515
70
0
0
VERTEX
8
Layer 1
10
396.344981
20
287.827160
70
0
0
VERTEX
8
Layer 1
10
396.522472
20
287.231848
70
0
0
VERTEX
8
Layer 1
10
396.422702
20
286.904426
70
0
0
VERTEX
8
Layer 1
10
396.094729
20
286.596847
70
0
0
VERTEX
8
Layer 1
10
394.582193
20
285.961847
70
0
0
VERTEX
8
Layer 1
10
393.249354
20
285.495518
70
0
0
VERTEX
8
Layer 1
10
392.544900
20
285.062263
70
0
0
VERTEX
8
Layer 1
10
392.409301
20
284.602549
70
0
0
VERTEX
8
Layer 1
10
392.783025
20
284.056846
70
0
0
VERTEX
8
Layer 1
10
393.141315
20
283.759740
70
0
0
VERTEX
8
Layer 1
10
393.532678
20
283.664380
70
0
0
VERTEX
8
Layer 1
10
395.076082
20
284.092123
70
0
0
VERTEX
8
Layer 1
10
396.484438
20
284.514355
70
0
0
VERTEX
8
Layer 1
10
397.505841
20
284.665388
70
0
0
VERTEX
8
Layer 1
10
398.176670
20
284.538608
70
0
0
VERTEX
8
Layer 1
10
398.533307
20
284.127401
70
0
0
VERTEX
8
Layer 1
10
398.525038
20
283.581147
70
0
0
VERTEX
8
Layer 1
10
398.096744
20
283.064657
70
0
0
VERTEX
8
Layer 1
10
397.278189
20
282.594471
70
0
0
VERTEX
8
Layer 1
10
396.099138
20
282.187122
70
0
0
VERTEX
8
Layer 1
10
395.202862
20
281.827178
70
0
0
VERTEX
8
Layer 1
10
394.802679
20
281.371323
70
0
0
VERTEX
8
Layer 1
10
394.918435
20
280.882395
70
0
0
VERTEX
8
Layer 1
10
395.569971
20
280.423232
70
0
0
VERTEX
8
Layer 1
10
396.053388
20
280.280467
70
0
0
VERTEX
8
Layer 1
10
396.606257
20
280.286531
70
0
0
VERTEX
8
Layer 1
10
398.251084
20
280.811288
70
0
0
VERTEX
8
Layer 1
10
399.935599
20
281.353684
70
0
0
VERTEX
8
Layer 1
10
400.304914
20
281.252812
70
0
0
VERTEX
8
Layer 1
10
400.614697
20
280.917121
70
0
0
VERTEX
8
Layer 1
10
400.944324
20
280.343857
70
0
0
VERTEX
8
Layer 1
10
400.896919
20
279.902885
70
0
0
VERTEX
8
Layer 1
10
400.426181
20
279.528058
70
0
0
VERTEX
8
Layer 1
10
399.485807
20
279.153231
70
0
0
VERTEX
8
Layer 1
10
398.361327
20
278.654932
70
0
0
VERTEX
8
Layer 1
10
397.580806
20
278.130175
70
0
0
VERTEX
8
Layer 1
10
397.236847
20
277.640696
70
0
0
VERTEX
8
Layer 1
10
397.580806
20
277.283508
70
0
0
VERTEX
8
Layer 1
10
398.190450
20
277.018373
70
0
0
VERTEX
8
Layer 1
10
398.886085
20
276.961598
70
0
0
VERTEX
8
Layer 1
10
399.634635
20
277.109875
70
0
0
VERTEX
8
Layer 1
10
400.403030
20
277.459897
70
0
0
VERTEX
8
Layer 1
10
401.262375
20
277.836377
70
0
0
VERTEX
8
Layer 1
10
402.039038
20
277.958196
70
0
0
VERTEX
8
Layer 1
10
402.650336
20
277.822046
70
0
0
VERTEX
8
Layer 1
10
403.013587
20
277.424619
70
0
0
VERTEX
8
Layer 1
10
403.127138
20
276.907028
70
0
0
VERTEX
8
Layer 1
10
402.969490
20
276.538264
70
0
0
VERTEX
8
Layer 1
10
402.507571
20
276.268720
70
0
0
VERTEX
8
Layer 1
10
401.708309
20
276.048785
70
0
0
VERTEX
8
Layer 1
10
400.843451
20
275.798533
70
0
0
VERTEX
8
Layer 1
10
400.213412
20
275.475521
70
0
0
VERTEX
8
Layer 1
10
399.828112
20
275.086363
70
0
0
VERTEX
8
Layer 1
10
399.697474
20
274.637673
70
0
0
VERTEX
8
Layer 1
10
399.900873
20
274.161423
70
0
0
VERTEX
8
Layer 1
10
400.477995
20
273.949756
70
0
0
VERTEX
8
Layer 1
10
401.379233
20
274.002673
70
0
0
VERTEX
8
Layer 1
10
402.554976
20
274.320173
70
0
0
VERTEX
8
Layer 1
10
403.734577
20
274.651453
70
0
0
VERTEX
8
Layer 1
10
404.609908
20
274.694999
70
0
0
VERTEX
8
Layer 1
10
405.154509
20
274.454118
70
0
0
VERTEX
8
Layer 1
10
405.341922
20
273.932117
70
0
0
VERTEX
8
Layer 1
10
405.187030
20
273.563354
70
0
0
VERTEX
8
Layer 1
10
404.684873
20
273.178054
70
0
0
VERTEX
8
Layer 1
10
402.413865
20
272.238783
70
0
0
VERTEX
8
Layer 1
10
401.986121
20
271.894824
70
0
0
VERTEX
8
Layer 1
10
402.166920
20
271.286282
70
0
0
VERTEX
8
Layer 1
10
402.562693
20
270.803417
70
0
0
VERTEX
8
Layer 1
10
403.137059
20
270.624823
70
0
0
VERTEX
8
Layer 1
10
404.002468
20
270.750500
70
0
0
VERTEX
8
Layer 1
10
405.271366
20
271.180449
70
0
0
VERTEX
8
Layer 1
10
406.589874
20
271.559685
70
0
0
VERTEX
8
Layer 1
10
406.913438
20
271.488027
70
0
0
VERTEX
8
Layer 1
10
407.141090
20
271.251004
70
0
0
VERTEX
8
Layer 1
10
407.406776
20
270.640257
70
0
0
VERTEX
8
Layer 1
10
407.335118
20
270.148573
70
0
0
VERTEX
8
Layer 1
10
406.893043
20
269.723034
70
0
0
VERTEX
8
Layer 1
10
406.047478
20
269.310725
70
0
0
VERTEX
8
Layer 1
10
405.184274
20
268.882431
70
0
0
VERTEX
8
Layer 1
10
404.803936
20
268.477287
70
0
0
VERTEX
8
Layer 1
10
404.886618
20
268.065529
70
0
0
VERTEX
8
Layer 1
10
405.412478
20
267.617391
70
0
0
VERTEX
8
Layer 1
10
406.197409
20
267.463050
70
0
0
VERTEX
8
Layer 1
10
407.458590
20
267.758502
70
0
0
VERTEX
8
Layer 1
10
408.790327
20
268.071592
70
0
0
VERTEX
8
Layer 1
10
409.125466
20
267.942057
70
0
0
VERTEX
8
Layer 1
10
409.434147
20
267.617391
70
0
0
VERTEX
8
Layer 1
10
409.727394
20
267.073892
70
0
0
VERTEX
8
Layer 1
10
409.689911
20
266.682529
70
0
0
VERTEX
8
Layer 1
10
409.295240
20
266.396999
70
0
0
VERTEX
8
Layer 1
10
408.516924
20
266.171001
70
0
0
VERTEX
8
Layer 1
10
407.723173
20
265.835862
70
0
0
VERTEX
8
Layer 1
10
407.458590
20
265.289056
70
0
0
VERTEX
8
Layer 1
10
407.642145
20
264.626495
70
0
0
VERTEX
8
Layer 1
10
408.133278
20
264.248361
70
0
0
VERTEX
8
Layer 1
10
408.842692
20
264.187727
70
0
0
VERTEX
8
Layer 1
10
409.681091
20
264.477667
70
0
0
VERTEX
8
Layer 1
10
410.501300
20
264.776977
70
0
0
VERTEX
8
Layer 1
10
411.136301
20
264.781938
70
0
0
VERTEX
8
Layer 1
10
411.546405
20
264.502471
70
0
0
VERTEX
8
Layer 1
10
411.691926
20
263.948500
70
0
0
VERTEX
8
Layer 1
10
411.414113
20
263.331138
70
0
0
VERTEX
8
Layer 1
10
410.633592
20
262.819610
70
0
0
VERTEX
8
Layer 1
10
410.049855
20
262.553924
70
0
0
VERTEX
8
Layer 1
10
409.800154
20
262.308082
70
0
0
VERTEX
8
Layer 1
10
409.834881
20
261.956406
70
0
0
VERTEX
8
Layer 1
10
410.104425
20
261.373220
70
0
0
VERTEX
8
Layer 1
10
410.615953
20
260.041483
70
0
0
VERTEX
8
Layer 1
10
411.127481
20
258.233496
70
0
0
VERTEX
8
Layer 1
10
411.467030
20
256.390231
70
0
0
VERTEX
8
Layer 1
10
411.370567
20
256.040760
70
0
0
VERTEX
8
Layer 1
10
411.092203
20
255.869883
70
0
0
VERTEX
8
Layer 1
10
408.018625
20
255.790508
70
0
0
VERTEX
8
Layer 1
10
401.426086
20
255.869883
70
0
0
VERTEX
8
Layer 1
10
394.965839
20
255.997765
70
0
0
VERTEX
8
Layer 1
10
392.289136
20
255.940439
70
0
0
VERTEX
8
Layer 1
10
394.934971
20
250.719325
70
0
0
VERTEX
8
Layer 1
10
398.139187
20
244.230965
70
0
0
VERTEX
8
Layer 1
10
399.242928
20
241.590574
70
0
0
VERTEX
8
Layer 1
10
400.063481
20
239.187894
70
0
0
VERTEX
8
Layer 1
10
400.637641
20
236.899315
70
0
0
VERTEX
8
Layer 1
10
401.002201
20
234.601229
70
0
0
VERTEX
8
Layer 1
10
401.193956
20
232.170023
70
0
0
VERTEX
8
Layer 1
10
401.249697
20
229.482089
70
0
0
VERTEX
8
Layer 1
10
401.126225
20
224.609343
70
0
0
VERTEX
8
Layer 1
10
400.882588
20
222.918765
70
0
0
VERTEX
8
Layer 1
10
400.473586
20
221.191806
70
0
0
VERTEX
8
Layer 1
10
399.588196
20
218.414368
70
0
0
VERTEX
8
Layer 1
10
398.477083
20
215.707211
70
0
0
VERTEX
8
Layer 1
10
397.155957
20
213.094311
70
0
0
VERTEX
8
Layer 1
10
395.640527
20
210.599647
70
0
0
VERTEX
8
Layer 1
10
393.946504
20
208.247196
70
0
0
VERTEX
8
Layer 1
10
392.089596
20
206.060937
70
0
0
VERTEX
8
Layer 1
10
390.085514
20
204.064848
70
0
0
VERTEX
8
Layer 1
10
387.949967
20
202.282905
70
0
0
VERTEX
8
Layer 1
10
385.506428
20
200.702570
70
0
0
VERTEX
8
Layer 1
10
382.424581
20
199.059396
70
0
0
VERTEX
8
Layer 1
10
379.283203
20
197.634504
70
0
0
VERTEX
8
Layer 1
10
376.661071
20
196.709013
70
0
0
VERTEX
8
Layer 1
10
374.368014
20
196.003457
70
0
0
VERTEX
8
Layer 1
10
381.353018
20
195.857936
70
0
0
VERTEX
8
Layer 1
10
398.392195
20
195.791790
70
0
0
VERTEX
8
Layer 1
10
415.510748
20
195.857936
70
0
0
VERTEX
8
Layer 1
10
422.628044
20
196.003457
70
0
0
VERTEX
8
Layer 1
10
421.922488
20
197.344013
70
0
0
VERTEX
8
Layer 1
10
421.360524
20
198.344676
70
0
0
VERTEX
8
Layer 1
10
420.932505
20
199.462335
70
0
0
VERTEX
8
Layer 1
10
420.620241
20
200.966120
70
0
0
VERTEX
8
Layer 1
10
420.405543
20
203.125163
70
0
0
VERTEX
8
Layer 1
10
420.196081
20
210.485545
70
0
0
VERTEX
8
Layer 1
10
420.158598
20
223.696530
70
0
0
VERTEX
8
Layer 1
10
420.158598
20
244.722099
70
0
0
VERTEX
8
Layer 1
10
420.969987
20
245.921544
70
0
0
VERTEX
8
Layer 1
10
421.865162
20
246.865225
70
0
0
VERTEX
8
Layer 1
10
422.945544
20
247.438489
70
0
0
VERTEX
8
Layer 1
10
424.030337
20
247.914739
70
0
0
VERTEX
8
Layer 1
10
424.956379
20
248.602657
70
0
0
VERTEX
8
Layer 1
10
425.838324
20
249.193560
70
0
0
VERTEX
8
Layer 1
10
426.826102
20
249.414046
70
0
0
VERTEX
8
Layer 1
10
427.593394
20
249.502240
70
0
0
VERTEX
8
Layer 1
10
427.990270
20
249.696268
70
0
0
VERTEX
8
Layer 1
10
429.387050
20
250.537975
70
0
0
VERTEX
8
Layer 1
10
432.682217
20
252.117207
70
0
0
VERTEX
8
Layer 1
10
440.866667
20
255.622939
70
0
0
VERTEX
8
Layer 1
10
444.609421
20
256.919949
70
0
0
VERTEX
8
Layer 1
10
446.158750
20
257.189976
70
0
0
VERTEX
8
Layer 1
10
447.710560
20
257.188391
70
0
0
VERTEX
8
Layer 1
10
449.427734
20
256.900726
70
0
0
VERTEX
8
Layer 1
10
451.473158
20
256.312510
70
0
0
VERTEX
8
Layer 1
10
457.200288
20
254.176549
70
0
0
VERTEX
8
Layer 1
10
469.371129
20
249.414046
70
0
0
VERTEX
8
Layer 1
10
474.927382
20
247.187135
70
0
0
VERTEX
8
Layer 1
10
477.837801
20
245.886266
70
0
0
VERTEX
8
Layer 1
10
478.672341
20
245.243549
70
0
0
VERTEX
8
Layer 1
10
479.328288
20
244.475154
70
0
0
VERTEX
8
Layer 1
10
479.812255
20
243.574468
70
0
0
VERTEX
8
Layer 1
10
480.130858
20
242.534875
70
0
0
VERTEX
8
Layer 1
10
480.221326
20
242.236943
70
0
0
VERTEX
8
Layer 1
10
480.365125
20
242.122566
70
0
0
VERTEX
8
Layer 1
10
480.999574
20
242.675986
70
0
0
VERTEX
8
Layer 1
10
484.963917
20
248.532101
70
0
0
VERTEX
8
Layer 1
10
489.620586
20
255.587661
70
0
0
VERTEX
8
Layer 1
10
487.962530
20
255.940439
70
0
0
VERTEX
8
Layer 1
10
486.863957
20
256.241954
70
0
0
VERTEX
8
Layer 1
10
486.574086
20
256.452036
70
0
0
VERTEX
8
Layer 1
10
486.449994
20
256.765058
70
0
0
VERTEX
8
Layer 1
10
486.677646
20
257.890089
70
0
0
VERTEX
8
Layer 1
10
487.503918
20
259.997386
70
0
0
VERTEX
8
Layer 1
10
488.526974
20
262.502110
70
0
0
VERTEX
8
Layer 1
10
487.503918
20
263.031277
70
0
0
VERTEX
8
Layer 1
10
486.830333
20
263.409962
70
0
0
VERTEX
8
Layer 1
10
486.533779
20
263.758881
70
0
0
VERTEX
8
Layer 1
10
486.581183
20
264.167332
70
0
0
VERTEX
8
Layer 1
10
486.939473
20
264.724611
70
0
0
VERTEX
8
Layer 1
10
487.232169
20
265.063058
70
0
0
VERTEX
8
Layer 1
10
487.508328
20
265.183223
70
0
0
VERTEX
8
Layer 1
10
488.526974
20
264.795167
70
0
0
VERTEX
8
Layer 1
10
489.563260
20
264.411521
70
0
0
VERTEX
8
Layer 1
10
490.361420
20
264.583500
70
0
0
VERTEX
8
Layer 1
10
490.908226
20
264.985336
70
0
0
VERTEX
8
Layer 1
10
491.005240
20
265.364021
70
0
0
VERTEX
8
Layer 1
10
490.639233
20
265.749321
70
0
0
VERTEX
8
Layer 1
10
489.796975
20
266.171001
70
0
0
VERTEX
8
Layer 1
10
488.844475
20
266.704578
70
0
0
VERTEX
8
Layer 1
10
488.784943
20
266.989556
70
0
0
VERTEX
8
Layer 1
10
488.950308
20
267.370446
70
0
0
VERTEX
8
Layer 1
10
489.360412
20
268.008203
70
0
0
VERTEX
8
Layer 1
10
489.796975
20
268.292079
70
0
0
VERTEX
8
Layer 1
10
490.339371
20
268.238611
70
0
0
VERTEX
8
Layer 1
10
491.066976
20
267.864335
70
0
0
VERTEX
8
Layer 1
10
492.041525
20
267.463050
70
0
0
VERTEX
8
Layer 1
10
492.725033
20
267.617391
70
0
0
VERTEX
8
Layer 1
10
493.279556
20
268.080963
70
0
0
VERTEX
8
Layer 1
10
493.404130
20
268.521384
70
0
0
VERTEX
8
Layer 1
10
493.092142
20
268.941962
70
0
0
VERTEX
8
Layer 1
10
492.336977
20
269.346003
70
0
0
VERTEX
8
Layer 1
10
491.384476
20
269.923677
70
0
0
VERTEX
8
Layer 1
10
491.146351
20
270.243933
70
0
0
VERTEX
8
Layer 1
10
491.066976
20
270.580726
70
0
0
VERTEX
8
Layer 1
10
491.179424
20
271.178244
70
0
0
VERTEX
8
Layer 1
10
491.569685
20
271.445032
70
0
0
VERTEX
8
Layer 1
10
492.317133
20
271.394320
70
0
0
VERTEX
8
Layer 1
10
493.501144
20
271.039337
70
0
0
VERTEX
8
Layer 1
10
495.018090
20
270.638052
70
0
0
VERTEX
8
Layer 1
10
495.445833
20
270.687111
70
0
0
VERTEX
8
Layer 1
10
495.794201
20
270.898226
70
0
0
VERTEX
8
Layer 1
10
496.243993
20
271.387706
70
0
0
VERTEX
8
Layer 1
10
496.243993
20
271.797810
70
0
0
VERTEX
8
Layer 1
10
495.754514
20
272.207915
70
0
0
VERTEX
8
Layer 1
10
494.735867
20
272.697394
70
0
0
VERTEX
8
Layer 1
10
493.527603
20
273.372082
70
0
0
VERTEX
8
Layer 1
10
493.317038
20
273.664777
70
0
0
VERTEX
8
Layer 1
10
493.324755
20
273.967395
70
0
0
VERTEX
8
Layer 1
10
493.536422
20
274.672951
70
0
0
VERTEX
8
Layer 1
10
493.786123
20
274.829496
70
0
0
VERTEX
8
Layer 1
10
494.422777
20
274.787604
70
0
0
VERTEX
8
Layer 1
10
496.182257
20
274.214339
70
0
0
VERTEX
8
Layer 1
10
497.297917
20
273.826284
70
0
0
VERTEX
8
Layer 1
10
498.016703
20
273.967395
70
0
0
VERTEX
8
Layer 1
10
498.589416
20
274.449157
70
0
0
VERTEX
8
Layer 1
10
498.656113
20
274.911076
70
0
0
VERTEX
8
Layer 1
10
498.200257
20
275.386224
70
0
0
VERTEX
8
Layer 1
10
497.205313
20
275.907674
70
0
0
VERTEX
8
Layer 1
10
495.445833
20
276.749931
70
0
0
VERTEX
8
Layer 1
10
495.374726
20
277.073495
70
0
0
VERTEX
8
Layer 1
10
495.617812
20
277.565730
70
0
0
VERTEX
8
Layer 1
10
496.005868
20
278.306564
70
0
0
VERTEX
8
Layer 1
10
498.087258
20
277.530453
70
0
0
VERTEX
8
Layer 1
10
499.882016
20
277.005695
70
0
0
VERTEX
8
Layer 1
10
500.354408
20
277.039319
70
0
0
VERTEX
8
Layer 1
10
500.697815
20
277.248230
70
0
0
VERTEX
8
Layer 1
10
501.077052
20
277.727237
70
0
0
VERTEX
8
Layer 1
10
501.006496
20
278.196321
70
0
0
VERTEX
8
Layer 1
10
500.499378
20
278.632333
70
0
0
VERTEX
8
Layer 1
10
499.568926
20
279.012120
70
0
0
VERTEX
8
Layer 1
10
498.476416
20
279.424981
70
0
0
VERTEX
8
Layer 1
10
497.840314
20
279.880836
70
0
0
VERTEX
8
Layer 1
10
497.654003
20
280.396223
70
0
0
VERTEX
8
Layer 1
10
497.910869
20
280.987677
70
0
0
VERTEX
8
Layer 1
10
498.202462
20
281.322816
70
0
0
VERTEX
8
Layer 1
10
498.576738
20
281.419830
70
0
0
VERTEX
8
Layer 1
10
500.380315
20
280.846566
70
0
0
VERTEX
8
Layer 1
10
502.108927
20
280.335038
70
0
0
VERTEX
8
Layer 1
10
502.662348
20
280.320706
70
0
0
VERTEX
8
Layer 1
10
503.096706
20
280.458510
70
0
0
VERTEX
8
Layer 1
10
503.691467
20
280.967833
70
0
0
VERTEX
8
Layer 1
10
503.739768
20
281.227456
70
0
0
VERTEX
8
Layer 1
10
503.621463
20
281.490386
70
0
0
VERTEX
8
Layer 1
10
502.883385
20
282.026167
70
0
0
VERTEX
8
Layer 1
10
501.473927
20
282.575178
70
0
0
VERTEX
8
Layer 1
10
500.356613
20
282.969297
70
0
0
VERTEX
8
Layer 1
10
499.811461
20
283.320422
70
0
0
VERTEX
8
Layer 1
10
499.762402
20
283.731077
70
0
0
VERTEX
8
Layer 1
10
500.133371
20
284.303790
70
0
0
VERTEX
8
Layer 1
10
500.768371
20
285.115180
70
0
0
VERTEX
8
Layer 1
10
502.673372
20
284.339068
70
0
0
VERTEX
8
Layer 1
10
504.155040
20
283.855652
70
0
0
VERTEX
8
Layer 1
10
505.213374
20
283.726116
70
0
0
VERTEX
8
Layer 1
10
505.848374
20
283.947154
70
0
0
VERTEX
8
Layer 1
10
506.060041
20
284.515457
70
0
0
VERTEX
8
Layer 1
10
505.963578
20
284.884771
70
0
0
VERTEX
8
Layer 1
10
505.632298
20
285.221013
70
0
0
VERTEX
8
Layer 1
10
504.013929
20
285.926569
70
0
0
VERTEX
8
Layer 1
10
502.788576
20
286.439751
70
0
0
VERTEX
8
Layer 1
10
502.175073
20
286.936396
70
0
0
VERTEX
8
Layer 1
10
502.163498
20
287.439656
70
0
0
VERTEX
8
Layer 1
10
502.743928
20
287.972681
70
0
0
VERTEX
8
Layer 1
10
503.121511
20
288.088988
70
0
0
VERTEX
8
Layer 1
10
503.647921
20
288.056466
70
0
0
VERTEX
8
Layer 1
10
505.319207
20
287.478792
70
0
0
VERTEX
8
Layer 1
10
507.021361
20
286.923167
70
0
0
VERTEX
8
Layer 1
10
507.541709
20
286.903323
70
0
0
VERTEX
8
Layer 1
10
507.929764
20
287.055459
70
0
0
VERTEX
8
Layer 1
10
508.455624
20
287.560923
70
0
0
VERTEX
8
Layer 1
10
508.494071
20
287.818823
70
0
0
VERTEX
8
Layer 1
10
508.379556
20
288.082925
70
0
0
VERTEX
8
Layer 1
10
507.681717
20
288.637999
70
0
0
VERTEX
8
Layer 1
10
506.342263
20
289.242682
70
0
0
VERTEX
8
Layer 1
10
504.991234
20
289.841854
70
0
0
VERTEX
8
Layer 1
10
504.291741
20
290.358343
70
0
0
VERTEX
8
Layer 1
10
504.194176
20
290.854988
70
0
0
VERTEX
8
Layer 1
10
504.648929
20
291.394628
70
0
0
VERTEX
8
Layer 1
10
504.973595
20
291.590861
70
0
0
VERTEX
8
Layer 1
10
505.367714
20
291.641573
70
0
0
VERTEX
8
Layer 1
10
506.695041
20
291.253517
70
0
0
VERTEX
8
Layer 1
10
508.097334
20
290.810891
70
0
0
VERTEX
8
Layer 1
10
509.049835
20
290.702301
70
0
0
VERTEX
8
Layer 1
10
509.592231
20
290.931056
70
0
0
VERTEX
8
Layer 1
10
509.764210
20
291.500461
70
0
0
VERTEX
8
Layer 1
10
509.564670
20
292.101838
70
0
0
VERTEX
8
Layer 1
10
509.041015
20
292.633761
70
0
0
VERTEX
8
Layer 1
10
508.305693
20
293.013548
70
0
0
VERTEX
8
Layer 1
10
507.471153
20
293.158518
70
0
0
VERTEX
8
Layer 1
10
506.884660
20
293.392233
70
0
0
VERTEX
8
Layer 1
10
506.165874
20
293.969907
70
0
0
VERTEX
8
Layer 1
10
504.759172
20
294.909179
70
0
0
VERTEX
8
Layer 1
10
502.532261
20
295.980742
70
0
0
VERTEX
8
Layer 1
10
500.603558
20
296.847253
70
0
0
VERTEX
8
Layer 1
10
499.352849
20
297.541785
70
0
0
VERTEX
8
Layer 1
10
498.677610
20
298.143712
70
0
0
VERTEX
8
Layer 1
10
498.475314
20
298.732410
70
0
0
VERTEX
8
Layer 1
10
498.570123
20
299.047155
70
0
0
VERTEX
8
Layer 1
10
499.154412
20
299.001404
70
0
0
VERTEX
8
Layer 1
10
503.590595
20
297.286021
70
0
0
VERTEX
8
Layer 1
10
509.129210
20
295.134075
70
0
0
VERTEX
8
Layer 1
10
510.401966
20
294.452221
70
0
0
VERTEX
8
Layer 1
10
511.294385
20
293.409872
70
0
0
VERTEX
8
Layer 1
10
511.862688
20
291.924346
70
0
0
VERTEX
8
Layer 1
10
512.163100
20
289.912960
70
0
0
VERTEX
8
Layer 1
10
512.133335
20
288.005754
70
0
0
VERTEX
8
Layer 1
10
511.660392
20
286.111777
70
0
0
VERTEX
8
Layer 1
10
510.645053
20
283.939988
70
0
0
VERTEX
8
Layer 1
10
508.988098
20
281.199344
70
0
0
VERTEX
8
Layer 1
10
480.510094
20
237.944351
70
0
0
VERTEX
8
Layer 1
10
456.741677
20
202.388739
70
0
0
VERTEX
8
Layer 1
10
455.646825
20
201.060791
70
0
0
VERTEX
8
Layer 1
10
454.365937
20
199.788654
70
0
0
VERTEX
8
Layer 1
10
452.927953
20
198.591759
70
0
0
VERTEX
8
Layer 1
10
451.361812
20
197.489534
70
0
0
VERTEX
8
Layer 1
10
449.696452
20
196.501411
70
0
0
VERTEX
8
Layer 1
10
447.960812
20
195.646820
70
0
0
VERTEX
8
Layer 1
10
446.183830
20
194.945192
70
0
0
VERTEX
8
Layer 1
10
444.394447
20
194.415956
70
0
0
VERTEX
8
Layer 1
10
439.364604
20
194.221377
70
0
0
VERTEX
8
Layer 1
10
424.872594
20
194.102865
70
0
0
VERTEX
8
Layer 1
10
359.657171
20
194.027900
70
0
0
VERTEX
8
Layer 1
10
300.985780
20
193.952935
70
0
0
VERTEX
8
Layer 1
10
276.577952
20
193.745678
70
0
0
VERTEX
8
Layer 1
10
277.151216
20
193.154774
70
0
0
VERTEX
8
Layer 1
10
278.518231
20
192.087621
70
0
0
VERTEX
8
Layer 1
10
280.460164
20
190.459881
70
0
0
VERTEX
8
Layer 1
10
282.306185
20
188.458417
70
0
0
VERTEX
8
Layer 1
10
283.960383
20
186.198984
70
0
0
VERTEX
8
Layer 1
10
285.326846
20
183.797338
70
0
0
VERTEX
8
Layer 1
10
286.363132
20
181.222059
70
0
0
VERTEX
8
Layer 1
10
286.562121
20
180.126242
70
0
0
VERTEX
8
Layer 1
10
286.632125
20
178.858446
70
0
0
VERTEX
8
Layer 1
10
286.539521
20
177.054868
70
0
0
VERTEX
8
Layer 1
10
286.314625
20
175.965666
70
0
0
VERTEX
8
Layer 1
10
286.325132
20
175.859704
70
0
0
VERTEX
8
Layer 1
10
286.526016
20
175.766195
70
0
0
VERTEX
8
Layer 1
10
287.880077
20
175.613440
70
0
0
VERTEX
8
Layer 1
10
297.065534
20
175.423270
70
0
0
VERTEX
8
Layer 1
10
362.691062
20
175.330666
70
0
0
VERTEX
8
Layer 1
10
419.228146
20
175.427680
70
0
0
VERTEX
8
Layer 1
10
442.560001
20
175.683444
70
0
0
VERTEX
8
Layer 1
10
446.439663
20
176.276276
70
0
0
VERTEX
8
Layer 1
10
450.227962
20
177.224643
70
0
0
VERTEX
8
Layer 1
10
453.896370
20
178.513661
70
0
0
VERTEX
8
Layer 1
10
457.416365
20
180.128447
70
0
0
VERTEX
8
Layer 1
10
460.759418
20
182.054119
70
0
0
VERTEX
8
Layer 1
10
463.897007
20
184.275793
70
0
0
VERTEX
8
Layer 1
10
466.800604
20
186.778588
70
0
0
VERTEX
8
Layer 1
10
469.441685
20
189.547619
70
0
0
VERTEX
8
Layer 1
10
474.653980
20
196.845714
70
0
0
VERTEX
8
Layer 1
10
484.046694
20
210.784855
70
0
0
VERTEX
8
Layer 1
10
518.663035
20
263.207666
70
0
0
VERTEX
8
Layer 1
10
525.004220
20
272.985129
70
0
0
VERTEX
8
Layer 1
10
527.085610
20
276.472119
70
0
0
VERTEX
8
Layer 1
10
528.227177
20
279.245284
70
0
0
VERTEX
8
Layer 1
10
529.021479
20
282.041601
70
0
0
VERTEX
8
Layer 1
10
529.491666
20
284.990054
70
0
0
VERTEX
8
Layer 1
10
529.660889
20
288.219626
70
0
0
VERTEX
8
Layer 1
10
529.592470
20
290.513303
70
0
0
VERTEX
8
Layer 1
10
529.358272
20
292.691638
70
0
0
VERTEX
8
Layer 1
10
528.954575
20
294.764967
70
0
0
VERTEX
8
Layer 1
10
528.377659
20
296.743624
70
0
0
VERTEX
8
Layer 1
10
527.623803
20
298.637946
70
0
0
VERTEX
8
Layer 1
10
526.689286
20
300.458267
70
0
0
VERTEX
8
Layer 1
10
525.570387
20
302.214922
70
0
0
VERTEX
8
Layer 1
10
524.263386
20
303.918247
70
0
0
VERTEX
8
Layer 1
10
522.933854
20
305.619298
70
0
0
VERTEX
8
Layer 1
10
522.490676
20
306.572901
70
0
0
VERTEX
8
Layer 1
10
522.601471
20
306.783879
70
0
0
VERTEX
8
Layer 1
10
522.933854
20
306.825358
70
0
0
VERTEX
8
Layer 1
10
524.263386
20
306.422971
70
0
0
VERTEX
8
Layer 1
10
524.631598
20
306.504551
70
0
0
VERTEX
8
Layer 1
10
525.118872
20
307.181443
70
0
0
VERTEX
8
Layer 1
10
526.873943
20
311.009085
70
0
0
VERTEX
8
Layer 1
10
529.696167
20
318.241034
70
0
0
VERTEX
8
Layer 1
10
530.944119
20
321.341070
70
0
0
VERTEX
8
Layer 1
10
531.427535
20
321.927013
70
0
0
VERTEX
8
Layer 1
10
531.953946
20
322.086314
70
0
0
VERTEX
8
Layer 1
10
532.432470
20
322.203103
70
0
0
VERTEX
8
Layer 1
10
532.944481
20
322.557603
70
0
0
VERTEX
8
Layer 1
10
534.083843
20
324.004544
70
0
0
VERTEX
8
Layer 1
10
535.401800
20
326.476746
70
0
0
VERTEX
8
Layer 1
10
536.928116
20
330.023819
70
0
0
VERTEX
8
Layer 1
10
537.721867
20
332.475626
70
0
0
VERTEX
8
Layer 1
10
537.986450
20
334.504100
70
0
0
VERTEX
8
Layer 1
10
537.945109
20
335.554717
70
0
0
VERTEX
8
Layer 1
10
537.735096
20
336.294448
70
0
0
VERTEX
8
Layer 1
10
537.227426
20
336.994492
70
0
0
VERTEX
8
Layer 1
10
536.293116
20
337.926046
70
0
0
VERTEX
8
Layer 1
10
534.648219
20
339.278454
70
0
0
VERTEX
8
Layer 1
10
532.076867
20
341.131916
70
0
0
VERTEX
8
Layer 1
10
525.476060
20
345.501954
70
0
0
VERTEX
8
Layer 1
10
519.133222
20
349.356053
70
0
0
VERTEX
8
Layer 1
10
516.884331
20
350.564594
70
0
0
VERTEX
8
Layer 1
10
515.690880
20
351.014110
70
0
0
VERTEX
8
Layer 1
10
514.989734
20
350.855360
70
0
0
VERTEX
8
Layer 1
10
514.209213
20
350.484943
70
0
0
VERTEX
8
Layer 1
10
513.648075
20
350.212642
70
0
0
VERTEX
8
Layer 1
10
512.948031
20
350.237998
70
0
0
VERTEX
8
Layer 1
10
509.728932
20
351.472721
70
0
0
VERTEX
8
Layer 1
10
503.872817
20
353.836334
70
0
0
VERTEX
8
Layer 1
10
502.677231
20
354.286126
70
0
0
VERTEX
8
Layer 1
10
502.007504
20
354.656543
70
0
0
VERTEX
8
Layer 1
10
501.714808
20
355.066647
70
0
0
VERTEX
8
Layer 1
10
501.650316
20
355.635502
70
0
0
VERTEX
8
Layer 1
10
501.581552
20
356.212004
70
0
0
VERTEX
8
Layer 1
10
501.338328
20
356.715333
70
0
0
VERTEX
8
Layer 1
10
500.865247
20
357.171533
70
0
0
VERTEX
8
Layer 1
10
500.106912
20
357.606649
70
0
0
VERTEX
8
Layer 1
10
497.512892
20
358.517808
70
0
0
VERTEX
8
Layer 1
10
493.113088
20
359.657171
70
0
0
VERTEX
8
Layer 1
10
480.457178
20
362.545541
70
0
0
VERTEX
8
Layer 1
10
477.148781
20
363.124868
70
0
0
VERTEX
8
Layer 1
10
475.580022
20
363.184951
70
0
0
VERTEX
8
Layer 1
10
474.307816
20
362.644760
70
0
0
VERTEX
8
Layer 1
10
473.128215
20
361.641547
70
0
0
VERTEX
8
Layer 1
10
471.948613
20
360.069480
70
0
0
VERTEX
8
Layer 1
10
470.676408
20
357.822725
70
0
0
VERTEX
8
Layer 1
10
469.376090
20
355.085389
70
0
0
VERTEX
8
Layer 1
10
468.475955
20
352.751542
70
0
0
VERTEX
8
Layer 1
10
467.952851
20
350.748424
70
0
0
VERTEX
8
Layer 1
10
467.783628
20
349.003275
70
0
0
VERTEX
8
Layer 1
10
467.704253
20
348.005575
70
0
0
VERTEX
8
Layer 1
10
467.466128
20
347.556886
70
0
0
VERTEX
8
Layer 1
10
467.069253
20
347.663821
70
0
0
VERTEX
8
Layer 1
10
466.513627
20
348.332997
70
0
0
VERTEX
8
Layer 1
10
466.245736
20
348.911774
70
0
0
VERTEX
8
Layer 1
10
466.116752
20
349.655915
70
0
0
VERTEX
8
Layer 1
10
466.196127
20
352.354666
70
0
0
VERTEX
8
Layer 1
10
466.301960
20
355.132793
70
0
0
VERTEX
8
Layer 1
10
466.096908
20
355.678497
70
0
0
VERTEX
8
Layer 1
10
465.666960
20
356.058835
70
0
0
VERTEX
8
Layer 1
10
464.855571
20
356.623280
70
0
0
VERTEX
8
Layer 1
10
465.490571
20
358.845782
70
0
0
VERTEX
8
Layer 1
10
466.359838
20
361.336725
70
0
0
VERTEX
8
Layer 1
10
467.602829
20
363.930195
70
0
0
VERTEX
8
Layer 1
10
469.077331
20
366.371529
70
0
0
VERTEX
8
Layer 1
10
470.641130
20
368.406065
70
0
0
VERTEX
8
Layer 1
10
472.440298
20
370.416900
70
0
0
VERTEX
8
Layer 1
10
509.728932
20
370.416900
70
0
0
VERTEX
8
Layer 1
10
539.388743
20
370.319886
70
0
0
VERTEX
8
Layer 1
10
545.586611
20
370.178775
70
0
0
VERTEX
8
Layer 1
10
547.617289
20
369.958289
70
0
0
VERTEX
8
Layer 1
10
547.885731
20
369.584013
70
0
0
VERTEX
8
Layer 1
10
547.939199
20
368.789711
70
0
0
VERTEX
8
Layer 1
10
547.335067
20
364.419674
70
0
0
VERTEX
8
Layer 1
10
542.008119
20
333.727988
70
0
0
VERTEX
8
Layer 1
10
539.573951
20
319.969646
70
0
0
VERTEX
8
Layer 1
10
534.282281
20
289.983516
70
0
0
VERTEX
8
Layer 1
10
528.073388
20
254.740994
70
0
0
VERTEX
8
Layer 1
10
525.097375
20
238.006639
70
0
0
VERTEX
8
Layer 1
10
522.944878
20
227.202261
70
0
0
VERTEX
8
Layer 1
10
522.054458
20
223.466742
70
0
0
VERTEX
8
Layer 1
10
521.222329
20
220.545230
70
0
0
VERTEX
8
Layer 1
10
520.399295
20
218.214897
70
0
0
VERTEX
8
Layer 1
10
519.536161
20
216.252914
70
0
0
VERTEX
8
Layer 1
10
518.407271
20
213.959857
70
0
0
VERTEX
8
Layer 1
10
515.161713
20
213.854024
70
0
0
VERTEX
8
Layer 1
10
512.357128
20
213.867253
70
0
0
VERTEX
8
Layer 1
10
511.956946
20
214.077266
70
0
0
VERTEX
8
Layer 1
10
511.880878
20
214.489024
70
0
0
VERTEX
8
Layer 1
10
511.697874
20
215.529719
70
0
0
VERTEX
8
Layer 1
10
511.184141
20
216.782081
70
0
0
VERTEX
8
Layer 1
10
510.392596
20
218.140276
70
0
0
VERTEX
8
Layer 1
10
509.376154
20
219.498472
70
0
0
VERTEX
8
Layer 1
10
508.000320
20
221.156528
70
0
0
VERTEX
8
Layer 1
10
510.575599
20
225.319309
70
0
0
VERTEX
8
Layer 1
10
512.643760
20
228.388477
70
0
0
VERTEX
8
Layer 1
10
513.299156
20
229.139233
70
0
0
VERTEX
8
Layer 1
10
513.680046
20
229.340978
70
0
0
VERTEX
8
Layer 1
10
515.606544
20
229.036707
70
0
0
VERTEX
8
Layer 1
10
517.344527
20
229.314519
70
0
0
VERTEX
8
Layer 1
10
518.108719
20
229.659305
70
0
0
VERTEX
8
Layer 1
10
518.784854
20
230.134728
70
0
0
VERTEX
8
Layer 1
10
519.359289
20
230.735829
70
0
0
VERTEX
8
Layer 1
10
519.818383
20
231.457646
70
0
0
VERTEX
8
Layer 1
10
520.224078
20
232.648272
70
0
0
VERTEX
8
Layer 1
10
519.994772
20
234.103481
70
0
0
VERTEX
8
Layer 1
10
519.769876
20
234.978811
70
0
0
VERTEX
8
Layer 1
10
519.756647
20
235.576329
70
0
0
VERTEX
8
Layer 1
10
519.994772
20
236.107701
70
0
0
VERTEX
8
Layer 1
10
520.523939
20
236.784594
70
0
0
VERTEX
8
Layer 1
10
521.700784
20
238.386977
70
0
0
VERTEX
8
Layer 1
10
522.398072
20
240.052200
70
0
0
VERTEX
8
Layer 1
10
522.731558
20
242.226745
70
0
0
VERTEX
8
Layer 1
10
522.816996
20
245.357099
70
0
0
VERTEX
8
Layer 1
10
522.680295
20
249.325851
70
0
0
VERTEX
8
Layer 1
10
522.474691
20
250.476790
70
0
0
VERTEX
8
Layer 1
10
522.146718
20
251.389603
70
0
0
VERTEX
8
Layer 1
10
521.587165
20
252.395020
70
0
0
VERTEX
8
Layer 1
10
520.851912
20
253.367364
70
0
0
VERTEX
8
Layer 1
10
519.117237
20
255.014397
70
0
0
VERTEX
8
Layer 1
10
518.249279
20
255.589866
70
0
0
VERTEX
8
Layer 1
10
517.468551
20
255.933824
70
0
0
VERTEX
8
Layer 1
10
516.840785
20
255.996663
70
0
0
VERTEX
8
Layer 1
10
516.431714
20
255.728772
70
0
0
VERTEX
8
Layer 1
10
502.673372
20
234.950148
70
0
0
VERTEX
8
Layer 1
10
481.083359
20
202.318183
70
0
0
VERTEX
8
Layer 1
10
473.908736
20
191.774531
70
0
0
VERTEX
8
Layer 1
10
471.702220
20
188.878995
70
0
0
VERTEX
8
Layer 1
10
469.829740
20
186.760673
70
0
0
VERTEX
8
Layer 1
10
467.357538
20
184.383831
70
0
0
VERTEX
8
Layer 1
10
464.683591
20
182.139281
70
0
0
VERTEX
8
Layer 1
10
461.936884
20
180.132857
70
0
0
VERTEX
8
Layer 1
10
459.246400
20
178.470390
70
0
0
VERTEX
8
Layer 1
10
457.376677
20
177.447334
70
0
0
VERTEX
8
Layer 1
10
461.257235
20
177.623723
70
0
0
VERTEX
8
Layer 1
10
470.178109
20
178.148480
70
0
0
VERTEX
8
Layer 1
10
472.434234
20
178.442278
70
0
0
VERTEX
8
Layer 1
10
474.310021
20
178.858446
70
0
0
VERTEX
8
Layer 1
10
476.575035
20
179.531825
70
0
0
VERTEX
8
Layer 1
10
478.579186
20
180.382557
70
0
0
VERTEX
8
Layer 1
10
480.438643
20
181.521851
70
0
0
VERTEX
8
Layer 1
10
482.269575
20
183.060914
70
0
0
VERTEX
8
Layer 1
10
484.188150
20
185.110954
70
0
0
VERTEX
8
Layer 1
10
486.310536
20
187.783178
70
0
0
VERTEX
8
Layer 1
10
491.631421
20
195.439012
70
0
0
VERTEX
8
Layer 1
10
495.877986
20
201.665544
70
0
0
VERTEX
8
Layer 1
10
497.875591
20
204.293740
70
0
0
VERTEX
8
Layer 1
10
499.780593
20
204.245233
70
0
0
VERTEX
8
Layer 1
10
500.604109
20
204.100263
70
0
0
VERTEX
8
Layer 1
10
501.050593
20
203.905684
70
0
0
VERTEX
8
Layer 1
10
500.957989
20
203.001690
70
0
0
VERTEX
8
Layer 1
10
500.309760
20
201.224571
70
0
0
VERTEX
8
Layer 1
10
498.567918
20
196.775159
70
0
0
VERTEX
8
Layer 1
10
498.211282
20
195.454997
70
0
0
VERTEX
8
Layer 1
10
498.228369
20
194.839289
70
0
0
VERTEX
8
Layer 1
10
499.604204
20
195.050956
70
0
0
VERTEX
8
Layer 1
10
502.461705
20
195.897623
70
0
0
VERTEX
8
Layer 1
10
506.448097
20
197.238180
70
0
0
VERTEX
8
Layer 1
10
506.448097
20
199.778181
70
0
0
VERTEX
8
Layer 1
10
506.514105
20
201.099170
70
0
0
VERTEX
8
Layer 1
10
506.738036
20
202.335822
70
0
0
VERTEX
8
Layer 1
10
507.119064
20
203.486485
70
0
0
VERTEX
8
Layer 1
10
507.656361
20
204.549504
70
0
0
VERTEX
8
Layer 1
10
508.349102
20
205.523226
70
0
0
VERTEX
8
Layer 1
10
509.196458
20
206.405998
70
0
0
VERTEX
8
Layer 1
10
510.197603
20
207.196166
70
0
0
VERTEX
8
Layer 1
10
511.351711
20
207.892075
70
0
0
VERTEX
8
Layer 1
10
513.020241
20
208.453764
70
0
0
VERTEX
8
Layer 1
10
515.016192
20
208.654958
70
0
0
VERTEX
8
Layer 1
10
517.031988
20
208.492349
70
0
0
VERTEX
8
Layer 1
10
518.760049
20
207.962631
70
0
0
VERTEX
8
Layer 1
10
519.788764
20
207.378075
70
0
0
VERTEX
8
Layer 1
10
520.704255
20
206.691045
70
0
0
VERTEX
8
Layer 1
10
522.189161
20
205.059378
70
0
0
VERTEX
8
Layer 1
10
523.201951
20
203.167262
70
0
0
VERTEX
8
Layer 1
10
523.729809
20
201.114328
70
0
0
VERTEX
8
Layer 1
10
523.759919
20
199.000209
70
0
0
VERTEX
8
Layer 1
10
523.279466
20
196.924538
70
0
0
VERTEX
8
Layer 1
10
522.275633
20
194.986946
70
0
0
VERTEX
8
Layer 1
10
521.573445
20
194.101065
70
0
0
VERTEX
8
Layer 1
10
520.735606
20
193.287066
70
0
0
VERTEX
8
Layer 1
10
519.315399
20
192.299012
70
0
0
VERTEX
8
Layer 1
10
517.741403
20
191.633419
70
0
0
VERTEX
8
Layer 1
10
516.074802
20
191.285327
70
0
0
VERTEX
8
Layer 1
10
514.376782
20
191.249773
70
0
0
VERTEX
8
Layer 1
10
512.708528
20
191.521798
70
0
0
VERTEX
8
Layer 1
10
511.131225
20
192.096440
70
0
0
VERTEX
8
Layer 1
10
509.706057
20
192.968739
70
0
0
VERTEX
8
Layer 1
10
508.494209
20
194.133733
70
0
0
VERTEX
8
Layer 1
10
507.435875
20
195.403734
70
0
0
VERTEX
8
Layer 1
10
503.414206
20
194.027900
70
0
0
VERTEX
8
Layer 1
10
499.793822
20
192.885781
70
0
0
VERTEX
8
Layer 1
10
496.781980
20
192.087621
70
0
0
VERTEX
8
Layer 1
10
494.632790
20
191.541366
70
0
0
VERTEX
8
Layer 1
10
492.923470
20
190.866127
70
0
0
VERTEX
8
Layer 1
10
491.538265
20
189.999065
70
0
0
VERTEX
8
Layer 1
10
490.361420
20
188.877341
70
0
0
VERTEX
8
Layer 1
10
489.349939
20
187.518595
70
0
0
VERTEX
8
Layer 1
10
488.672495
20
186.130083
70
0
0
VERTEX
8
Layer 1
10
488.292708
20
184.615893
70
0
0
VERTEX
8
Layer 1
10
488.174196
20
182.880115
70
0
0
VERTEX
8
Layer 1
10
488.347898
20
181.031545
70
0
0
VERTEX
8
Layer 1
10
488.869279
20
179.296662
70
0
0
VERTEX
8
Layer 1
10
489.699066
20
177.716396
70
0
0
VERTEX
8
Layer 1
10
490.797983
20
176.331674
70
0
0
VERTEX
8
Layer 1
10
492.126757
20
175.183423
70
0
0
VERTEX
8
Layer 1
10
493.646114
20
174.312571
70
0
0
VERTEX
8
Layer 1
10
495.316780
20
173.760046
70
0
0
VERTEX
8
Layer 1
10
497.099480
20
173.566776
70
0
0
VERTEX
8
Layer 1
10
497.952210
20
173.704029
70
0
0
VERTEX
8
Layer 1
10
499.185280
20
174.135631
70
0
0
VERTEX
8
Layer 1
10
503.096706
20
176.000944
70
0
0
VERTEX
8
Layer 1
10
511.704489
20
180.093169
70
0
0
VERTEX
8
Layer 1
10
519.112827
20
183.550393
70
0
0
VERTEX
8
Layer 1
10
521.929814
20
185.199493
70
0
0
VERTEX
8
Layer 1
10
524.636008
20
187.324016
70
0
0
VERTEX
8
Layer 1
10
527.385195
20
190.134802
70
0
0
VERTEX
8
Layer 1
10
530.331167
20
193.842692
70
0
0
VERTEX
8
Layer 1
10
533.627712
20
198.658525
70
0
0
VERTEX
8
Layer 1
10
537.428620
20
204.793141
70
0
0
VERTEX
8
Layer 1
10
541.887679
20
212.457381
70
0
0
VERTEX
8
Layer 1
10
547.158678
20
221.862084
70
0
0
VERTEX
8
Layer 1
10
550.356280
20
227.826788
70
0
0
VERTEX
8
Layer 1
10
551.347572
20
229.962680
70
0
0
VERTEX
8
Layer 1
10
551.996146
20
231.744278
70
0
0
VERTEX
8
Layer 1
10
552.348718
20
233.329092
70
0
0
VERTEX
8
Layer 1
10
552.452002
20
234.874631
70
0
0
VERTEX
8
Layer 1
10
552.097570
20
238.477928
70
0
0
VERTEX
8
Layer 1
10
551.780070
20
240.770985
70
0
0
VERTEX
8
Layer 1
10
553.155904
20
242.182097
70
0
0
VERTEX
8
Layer 1
10
554.178960
20
243.443278
70
0
0
VERTEX
8
Layer 1
10
554.567016
20
244.439876
70
0
0
VERTEX
8
Layer 1
10
554.166282
20
245.413323
70
0
0
VERTEX
8
Layer 1
10
553.213230
20
246.591822
70
0
0
VERTEX
8
Layer 1
10
552.081585
20
247.585113
70
0
0
VERTEX
8
Layer 1
10
551.145069
20
248.002934
70
0
0
VERTEX
8
Layer 1
10
549.156283
20
246.799079
70
0
0
VERTEX
8
Layer 1
10
545.288955
20
243.875431
70
0
0
VERTEX
8
Layer 1
10
542.380190
20
241.554262
70
0
0
VERTEX
8
Layer 1
10
540.830723
20
240.175672
70
0
0
VERTEX
8
Layer 1
10
540.213912
20
239.306405
70
0
0
VERTEX
8
Layer 1
10
540.103118
20
238.513206
70
0
0
VERTEX
8
Layer 1
10
540.177877
20
237.692790
70
0
0
VERTEX
8
Layer 1
10
540.390301
20
236.937280
70
0
0
VERTEX
8
Layer 1
10
541.157042
20
235.695392
70
0
0
VERTEX
8
Layer 1
10
541.675805
20
235.246220
70
0
0
VERTEX
8
Layer 1
10
542.261127
20
234.936368
70
0
0
VERTEX
8
Layer 1
10
542.895232
20
234.784439
70
0
0
VERTEX
8
Layer 1
10
543.560342
20
234.809037
70
0
0
VERTEX
8
Layer 1
10
544.724510
20
234.985426
70
0
0
VERTEX
8
Layer 1
10
544.089509
20
233.997647
70
0
0
VERTEX
8
Layer 1
10
532.906447
20
218.122637
70
0
0
VERTEX
8
Layer 1
10
529.696167
20
213.783468
70
0
0
VERTEX
8
Layer 1
10
530.648668
20
216.535136
70
0
0
VERTEX
8
Layer 1
10
531.926385
20
220.595391
70
0
0
VERTEX
8
Layer 1
10
533.488531
20
227.638824
70
0
0
VERTEX
8
Layer 1
10
535.817968
20
240.040073
70
0
0
VERTEX
8
Layer 1
10
539.397562
20
260.173775
70
0
0
VERTEX
8
Layer 1
10
543.419231
20
283.104345
70
0
0
VERTEX
8
Layer 1
10
551.466979
20
328.612707
70
0
0
VERTEX
8
Layer 1
10
556.154517
20
356.129391
70
0
0
VERTEX
8
Layer 1
10
558.394657
20
369.093982
70
0
0
VERTEX
8
Layer 1
10
559.576464
20
374.967736
70
0
0
VERTEX
8
Layer 1
10
560.930249
20
376.131904
70
0
0
VERTEX
8
Layer 1
10
563.739244
20
377.825238
70
0
0
VERTEX
8
Layer 1
10
571.994249
20
382.340796
70
0
0
VERTEX
8
Layer 1
10
576.615641
20
384.810242
70
0
0
VERTEX
8
Layer 1
10
577.268280
20
383.033123
70
0
0
VERTEX
8
Layer 1
10
577.497586
20
381.070796
70
0
0
VERTEX
8
Layer 1
10
577.572000
20
380.139241
70
0
0
VERTEX
8
Layer 1
10
577.828315
20
379.201072
70
0
0
VERTEX
8
Layer 1
10
579.085087
20
376.696348
70
0
0
VERTEX
8
Layer 1
10
580.217835
20
374.928600
70
0
0
VERTEX
8
Layer 1
10
581.188526
20
373.957909
70
0
0
VERTEX
8
Layer 1
10
582.245206
20
373.615604
70
0
0
VERTEX
8
Layer 1
10
583.635923
20
373.733013
70
0
0
VERTEX
8
Layer 1
10
585.457691
20
374.525110
70
0
0
VERTEX
8
Layer 1
10
588.923183
20
376.444994
70
0
0
VERTEX
8
Layer 1
10
599.898989
20
383.152186
70
0
0
VERTEX
8
Layer 1
10
608.542050
20
388.479134
70
0
0
VERTEX
8
Layer 1
10
611.984392
20
390.593597
70
0
0
VERTEX
8
Layer 1
10
612.983952
20
391.383764
70
0
0
VERTEX
8
Layer 1
10
613.564727
20
392.112747
70
0
0
VERTEX
8
Layer 1
10
613.773431
20
392.868188
70
0
0
VERTEX
8
Layer 1
10
613.656780
20
393.737731
70
0
0
VERTEX
8
Layer 1
10
612.634275
20
396.169694
70
0
0
VERTEX
8
Layer 1
10
611.461839
20
398.423063
70
0
0
VERTEX
8
Layer 1
10
610.425003
20
399.962057
70
0
0
VERTEX
8
Layer 1
10
609.434468
20
400.892509
70
0
0
VERTEX
8
Layer 1
10
608.400939
20
401.320253
70
0
0
VERTEX
8
Layer 1
10
607.569154
20
401.304819
70
0
0
VERTEX
8
Layer 1
10
606.323958
20
400.826364
70
0
0
VERTEX
8
Layer 1
10
600.569267
20
397.474973
70
0
0
VERTEX
8
Layer 1
10
593.945860
20
393.682609
70
0
0
VERTEX
8
Layer 1
10
592.175356
20
392.881142
70
0
0
VERTEX
8
Layer 1
10
591.079539
20
392.641914
70
0
0
VERTEX
8
Layer 1
10
590.496422
20
393.035069
70
0
0
VERTEX
8
Layer 1
10
589.523457
20
394.199649
70
0
0
VERTEX
8
Layer 1
10
586.462557
20
398.753793
70
0
0
VERTEX
8
Layer 1
10
582.005979
20
406.125751
70
0
0
VERTEX
8
Layer 1
10
576.262863
20
416.136929
70
0
0
VERTEX
8
Layer 1
10
572.100083
20
423.474711
70
0
0
VERTEX
8
Layer 1
10
573.123139
20
425.379712
70
0
0
VERTEX
8
Layer 1
10
573.965396
20
426.808463
70
0
0
VERTEX
8
Layer 1
10
574.569529
20
427.602214
70
0
0
VERTEX
8
Layer 1
10
574.913487
20
427.479293
70
0
0
VERTEX
8
Layer 1
10
575.548488
20
426.698220
70
0
0
VERTEX
8
Layer 1
10
577.850364
20
422.910266
70
0
0
VERTEX
8
Layer 1
10
589.015788
20
403.948449
70
0
0
VERTEX
8
Layer 1
10
592.614123
20
398.135329
70
0
0
VERTEX
8
Layer 1
10
594.148708
20
395.993305
70
0
0
VERTEX
8
Layer 1
10
596.053709
20
396.910528
70
0
0
VERTEX
8
Layer 1
10
599.969545
20
399.097751
70
0
0
VERTEX
8
Layer 1
10
604.507152
20
401.884698
70
0
0
VERTEX
8
Layer 1
10
605.044587
20
402.491035
70
0
0
VERTEX
8
Layer 1
10
604.943714
20
402.978309
70
0
0
VERTEX
8
Layer 1
10
600.428156
20
410.809981
70
0
0
VERTEX
8
Layer 1
10
591.608706
20
425.979435
70
0
0
VERTEX
8
Layer 1
10
582.189533
20
442.136667
70
0
0
VERTEX
8
Layer 1
10
577.427030
20
450.144728
70
0
0
VERTEX
8
Layer 1
10
575.416196
20
449.051116
70
0
0
VERTEX
8
Layer 1
10
565.926468
20
443.583057
70
0
0
VERTEX
8
Layer 1
10
569.489525
20
437.162498
70
0
0
VERTEX
8
Layer 1
10
573.158417
20
430.812494
70
0
0
VERTEX
8
Layer 1
10
571.888416
20
428.836937
70
0
0
VERTEX
8
Layer 1
10
570.913867
20
427.465512
70
0
0
VERTEX
8
Layer 1
10
570.336193
20
426.967213
70
0
0
VERTEX
8
Layer 1
10
569.445428
20
428.259263
70
0
0
VERTEX
8
Layer 1
10
567.655080
20
431.271105
70
0
0
VERTEX
8
Layer 1
10
565.758898
20
434.860621
70
0
0
VERTEX
8
Layer 1
10
565.511953
20
435.716108
70
0
0
VERTEX
8
Layer 1
10
565.608967
20
436.280553
70
0
0
VERTEX
8
Layer 1
10
565.717557
20
436.784364
70
0
0
VERTEX
8
Layer 1
10
565.578099
20
437.453539
70
0
0
VERTEX
8
Layer 1
10
564.303689
20
439.949444
70
0
0
VERTEX
8
Layer 1
10
563.179209
20
442.132258
70
0
0
VERTEX
8
Layer 1
10
562.822021
20
443.230279
70
0
0
VERTEX
8
Layer 1
10
564.969557
20
444.698718
70
0
0
VERTEX
8
Layer 1
10
569.948137
20
447.675282
70
0
0
VERTEX
8
Layer 1
10
577.391753
20
452.190840
70
0
0
VERTEX
8
Layer 1
10
577.713663
20
452.878758
70
0
0
VERTEX
8
Layer 1
10
577.850364
20
453.884175
70
0
0
VERTEX
8
Layer 1
10
577.640282
20
455.172435
70
0
0
VERTEX
8
Layer 1
10
577.069291
20
456.609936
70
0
0
VERTEX
8
Layer 1
10
576.226276
20
458.087952
70
0
0
VERTEX
8
Layer 1
10
575.200119
20
459.497755
70
0
0
VERTEX
8
Layer 1
10
574.079705
20
460.730617
70
0
0
VERTEX
8
Layer 1
10
572.953916
20
461.677813
70
0
0
VERTEX
8
Layer 1
10
571.911636
20
462.230613
70
0
0
VERTEX
8
Layer 1
10
571.041749
20
462.280291
70
0
0
VERTEX
8
Layer 1
10
570.327373
20
462.324388
70
0
0
VERTEX
8
Layer 1
10
569.560081
20
462.844736
70
0
0
VERTEX
8
Layer 1
10
568.713414
20
463.620848
70
0
0
VERTEX
8
Layer 1
10
565.538412
20
461.821680
70
0
0
VERTEX
8
Layer 1
10
562.010632
20
460.022512
70
0
0
VERTEX
8
Layer 1
10
561.726618
20
460.190495
70
0
0
VERTEX
8
Layer 1
10
561.511230
20
460.652000
70
0
0
VERTEX
8
Layer 1
10
561.296256
20
462.200916
70
0
0
VERTEX
8
Layer 1
10
561.385553
20
464.159936
70
0
0
VERTEX
8
Layer 1
10
561.798965
20
466.019738
70
0
0
VERTEX
8
Layer 1
10
562.328132
20
467.501406
70
0
0
VERTEX
8
Layer 1
10
559.682297
20
472.193353
70
0
0
VERTEX
8
Layer 1
10
557.843993
20
475.360087
70
0
0
VERTEX
8
Layer 1
10
556.696913
20
477.022002
70
0
0
VERTEX
8
Layer 1
10
556.271995
20
477.409575
70
0
0
VERTEX
8
Layer 1
10
555.887177
20
477.566052
70
0
0
VERTEX
8
Layer 1
10
555.060905
20
477.379190
70
0
0
VERTEX
8
Layer 1
10
554.337710
20
477.145474
70
0
0
VERTEX
8
Layer 1
10
554.148092
20
477.215479
70
0
0
VERTEX
8
Layer 1
10
554.037849
20
477.414467
70
0
0
VERTEX
8
Layer 1
10
551.259722
20
487.049717
70
0
0
VERTEX
8
Layer 1
10
546.947011
20
503.061428
70
0
0
VERTEX
8
Layer 1
10
541.867008
20
521.718974
70
0
0
VERTEX
8
Layer 1
10
540.279507
20
526.739998
70
0
0
VERTEX
8
Layer 1
10
539.009506
20
529.978389
70
0
0
VERTEX
8
Layer 1
10
537.753837
20
532.686512
70
0
0
VERTEX
8
Layer 1
10
537.033949
20
533.916274
70
0
0
VERTEX
8
Layer 1
10
536.814979
20
534.043949
70
0
0
VERTEX
8
Layer 1
10
536.658020
20
533.882650
70
0
0
VERTEX
8
Layer 1
10
536.434227
20
532.800613
70
0
0
VERTEX
8
Layer 1
10
536.434227
20
532.800613
70
0
0
SEQEND
8
Layer 1
0
POLYLINE
8
Layer 1
62
7
70
0
10
0.000000
20
0.000000
66
1
0
VERTEX
8
Layer 1
10
468.136406
20
370.240511
70
0
0
VERTEX
8
Layer 1
10
466.831127
20
368.406065
70
0
0
VERTEX
8
Layer 1
10
465.608531
20
366.517601
70
0
0
VERTEX
8
Layer 1
10
464.405779
20
364.199188
70
0
0
VERTEX
8
Layer 1
10
463.348547
20
361.708796
70
0
0
VERTEX
8
Layer 1
10
462.562514
20
359.304393
70
0
0
VERTEX
8
Layer 1
10
462.221311
20
358.053134
70
0
0
VERTEX
8
Layer 1
10
461.923103
20
357.364114
70
0
0
VERTEX
8
Layer 1
10
461.565365
20
357.071970
70
0
0
VERTEX
8
Layer 1
10
461.045568
20
357.011336
70
0
0
VERTEX
8
Layer 1
10
460.491045
20
357.064253
70
0
0
VERTEX
8
Layer 1
10
460.181262
20
357.381753
70
0
0
VERTEX
8
Layer 1
10
459.846123
20
359.763004
70
0
0
VERTEX
8
Layer 1
10
459.281678
20
365.724953
70
0
0
VERTEX
8
Layer 1
10
458.981266
20
368.675610
70
0
0
VERTEX
8
Layer 1
10
459.004486
20
369.519452
70
0
0
VERTEX
8
Layer 1
10
459.233171
20
370.042073
70
0
0
VERTEX
8
Layer 1
10
459.734709
20
370.318301
70
0
0
VERTEX
8
Layer 1
10
460.576484
20
370.422963
70
0
0
VERTEX
8
Layer 1
10
463.550292
20
370.416900
70
0
0
VERTEX
8
Layer 1
10
466.795850
20
370.368393
70
0
0
VERTEX
8
Layer 1
10
468.136406
20
370.240511
70
0
0
VERTEX
8
Layer 1
10
468.136406
20
370.240511
70
0
0
SEQEND
8
Layer 1
0
POLYLINE
8
Layer 1
62
7
70
0
10
0.000000
20
0.000000
66
1
0
VERTEX
8
Layer 1
10
348.368275
20
359.586615
70
0
0
VERTEX
8
Layer 1
10
348.681365
20
358.598837
70
0
0
VERTEX
8
Layer 1
10
348.650497
20
358.034392
70
0
0
VERTEX
8
Layer 1
10
316.772595
20
340.527784
70
0
0
VERTEX
8
Layer 1
10
279.364898
20
320.216591
70
0
0
VERTEX
8
Layer 1
10
274.919895
20
317.852978
70
0
0
VERTEX
8
Layer 1
10
274.531840
20
318.734923
70
0
0
VERTEX
8
Layer 1
10
274.208827
20
319.543556
70
0
0
VERTEX
8
Layer 1
10
274.143784
20
320.123986
70
0
0
VERTEX
8
Layer 1
10
274.343324
20
320.565510
70
0
0
VERTEX
8
Layer 1
10
274.814062
20
320.957424
70
0
0
VERTEX
8
Layer 1
10
275.279839
20
321.416036
70
0
0
VERTEX
8
Layer 1
10
275.497569
20
322.006939
70
0
0
VERTEX
8
Layer 1
10
275.444101
20
322.584613
70
0
0
VERTEX
8
Layer 1
10
275.096284
20
323.003537
70
0
0
VERTEX
8
Layer 1
10
273.658714
20
323.294579
70
0
0
VERTEX
8
Layer 1
10
270.792393
20
323.638537
70
0
0
VERTEX
8
Layer 1
10
266.876557
20
324.026593
70
0
0
VERTEX
8
Layer 1
10
270.686559
20
324.802705
70
0
0
VERTEX
8
Layer 1
10
273.263492
20
325.393608
70
0
0
VERTEX
8
Layer 1
10
274.977222
20
325.984511
70
0
0
VERTEX
8
Layer 1
10
275.930274
20
326.628331
70
0
0
VERTEX
8
Layer 1
10
276.153585
20
326.986621
70
0
0
VERTEX
8
Layer 1
10
276.225174
20
327.377984
70
0
0
VERTEX
8
Layer 1
10
275.996971
20
328.046057
70
0
0
VERTEX
8
Layer 1
10
275.140382
20
328.515693
70
0
0
VERTEX
8
Layer 1
10
273.397438
20
328.866266
70
0
0
VERTEX
8
Layer 1
10
270.510170
20
329.177152
70
0
0
VERTEX
8
Layer 1
10
266.065168
20
329.635763
70
0
0
VERTEX
8
Layer 1
10
269.698781
20
330.341319
70
0
0
VERTEX
8
Layer 1
10
272.531478
20
330.844579
70
0
0
VERTEX
8
Layer 1
10
274.315763
20
331.298230
70
0
0
VERTEX
8
Layer 1
10
275.299683
20
331.784953
70
0
0
VERTEX
8
Layer 1
10
275.731285
20
332.387432
70
0
0
VERTEX
8
Layer 1
10
275.818377
20
332.838946
70
0
0
VERTEX
8
Layer 1
10
275.746719
20
333.221421
70
0
0
VERTEX
8
Layer 1
10
275.493160
20
333.545191
70
0
0
VERTEX
8
Layer 1
10
275.034548
20
333.820592
70
0
0
VERTEX
8
Layer 1
10
273.409565
20
334.267628
70
0
0
VERTEX
8
Layer 1
10
270.686559
20
334.645211
70
0
0
VERTEX
8
Layer 1
10
266.347390
20
335.139100
70
0
0
VERTEX
8
Layer 1
10
267.414543
20
335.390454
70
0
0
VERTEX
8
Layer 1
10
270.227948
20
335.879934
70
0
0
VERTEX
8
Layer 1
10
273.355545
20
336.528715
70
0
0
VERTEX
8
Layer 1
10
275.219757
20
337.233719
70
0
0
VERTEX
8
Layer 1
10
275.700830
20
337.620742
70
0
0
VERTEX
8
Layer 1
10
275.893342
20
338.037943
70
0
0
VERTEX
8
Layer 1
10
275.806388
20
338.490698
70
0
0
VERTEX
8
Layer 1
10
275.449062
20
338.984380
70
0
0
VERTEX
8
Layer 1
10
275.386224
20
339.191086
70
0
0
VERTEX
8
Layer 1
10
275.872396
20
339.288651
70
0
0
VERTEX
8
Layer 1
10
279.047398
20
339.196047
70
0
0
VERTEX
8
Layer 1
10
282.413947
20
339.133002
70
0
0
VERTEX
8
Layer 1
10
286.076500
20
339.313456
70
0
0
VERTEX
8
Layer 1
10
290.023479
20
339.736169
70
0
0
VERTEX
8
Layer 1
10
294.243310
20
340.399902
70
0
0
VERTEX
8
Layer 1
10
298.724418
20
341.303413
70
0
0
VERTEX
8
Layer 1
10
303.455226
20
342.445463
70
0
0
VERTEX
8
Layer 1
10
308.424159
20
343.824811
70
0
0
VERTEX
8
Layer 1
10
313.619642
20
345.440218
70
0
0
VERTEX
8
Layer 1
10
322.103402
20
348.430562
70
0
0
VERTEX
8
Layer 1
10
330.372187
20
351.794631
70
0
0
VERTEX
8
Layer 1
10
337.893524
20
355.297607
70
0
0
VERTEX
8
Layer 1
10
344.134939
20
358.704670
70
0
0
VERTEX
8
Layer 1
10
347.733275
20
360.891894
70
0
0
VERTEX
8
Layer 1
10
348.368275
20
359.586615
70
0
0
VERTEX
8
Layer 1
10
348.368275
20
359.586615
70
0
0
SEQEND
8
Layer 1
0
POLYLINE
8
Layer 1
62
7
70
0
10
0.000000
20
0.000000
66
1
0
VERTEX
8
Layer 1
10
452.614174
20
350.978832
70
0
0
VERTEX
8
Layer 1
10
456.328816
20
350.093580
70
0
0
VERTEX
8
Layer 1
10
459.947547
20
348.659317
70
0
0
VERTEX
8
Layer 1
10
463.295079
20
346.762033
70
0
0
VERTEX
8
Layer 1
10
466.196127
20
344.487717
70
0
0
VERTEX
8
Layer 1
10
467.713072
20
343.257404
70
0
0
VERTEX
8
Layer 1
10
468.150738
20
343.113536
70
0
0
VERTEX
8
Layer 1
10
468.489184
20
343.217716
70
0
0
VERTEX
8
Layer 1
10
469.546416
20
343.885790
70
0
0
VERTEX
8
Layer 1
10
470.782241
20
344.461259
70
0
0
VERTEX
8
Layer 1
10
471.991608
20
344.864748
70
0
0
VERTEX
8
Layer 1
10
472.969465
20
345.016884
70
0
0
VERTEX
8
Layer 1
10
474.151271
20
344.899475
70
0
0
VERTEX
8
Layer 1
10
475.253702
20
344.527405
70
0
0
VERTEX
8
Layer 1
10
476.342904
20
343.870907
70
0
0
VERTEX
8
Layer 1
10
477.485023
20
342.900216
70
0
0
VERTEX
8
Layer 1
10
478.972754
20
341.793375
70
0
0
VERTEX
8
Layer 1
10
482.163741
20
340.210284
70
0
0
VERTEX
8
Layer 1
10
499.357259
20
333.022432
70
0
0
VERTEX
8
Layer 1
10
517.018208
20
325.662601
70
0
0
VERTEX
8
Layer 1
10
525.074775
20
322.086314
70
0
0
VERTEX
8
Layer 1
10
525.256125
20
321.825822
70
0
0
VERTEX
8
Layer 1
10
525.134858
20
321.707284
70
0
0
VERTEX
8
Layer 1
10
523.961320
20
321.904964
70
0
0
VERTEX
8
Layer 1
10
517.728173
20
324.101558
70
0
0
VERTEX
8
Layer 1
10
506.004919
20
328.818310
70
0
0
VERTEX
8
Layer 1
10
488.421141
20
336.197434
70
0
0
VERTEX
8
Layer 1
10
480.479226
20
339.491499
70
0
0
VERTEX
8
Layer 1
10
479.307893
20
339.813960
70
0
0
VERTEX
8
Layer 1
10
479.116828
20
339.752568
70
0
0
VERTEX
8
Layer 1
10
479.072524
20
339.584103
70
0
0
VERTEX
8
Layer 1
10
478.860857
20
338.102435
70
0
0
VERTEX
8
Layer 1
10
478.789199
20
337.554527
70
0
0
VERTEX
8
Layer 1
10
478.869677
20
337.185212
70
0
0
VERTEX
8
Layer 1
10
479.148592
20
336.921731
70
0
0
VERTEX
8
Layer 1
10
479.672247
20
336.691323
70
0
0
VERTEX
8
Layer 1
10
486.128084
20
333.974933
70
0
0
VERTEX
8
Layer 1
10
507.647542
20
325.084927
70
0
0
VERTEX
8
Layer 1
10
519.121646
20
320.269507
70
0
0
VERTEX
8
Layer 1
10
524.192830
20
317.994089
70
0
0
VERTEX
8
Layer 1
10
524.575374
20
317.472088
70
0
0
VERTEX
8
Layer 1
10
524.511571
20
317.336144
70
0
0
VERTEX
8
Layer 1
10
524.289844
20
317.284123
70
0
0
VERTEX
8
Layer 1
10
523.409002
20
317.433503
70
0
0
VERTEX
8
Layer 1
10
522.005607
20
317.923534
70
0
0
VERTEX
8
Layer 1
10
499.216148
20
327.342706
70
0
0
VERTEX
8
Layer 1
10
478.225857
20
335.844656
70
0
0
VERTEX
8
Layer 1
10
477.833391
20
335.655038
70
0
0
VERTEX
8
Layer 1
10
477.414467
20
335.174378
70
0
0
VERTEX
8
Layer 1
10
476.642766
20
334.477641
70
0
0
VERTEX
8
Layer 1
10
475.368355
20
333.727988
70
0
0
VERTEX
8
Layer 1
10
473.745576
20
332.951876
70
0
0
VERTEX
8
Layer 1
10
474.027799
20
330.235486
70
0
0
VERTEX
8
Layer 1
10
474.242497
20
326.920820
70
0
0
VERTEX
8
Layer 1
10
474.144656
20
323.773585
70
0
0
VERTEX
8
Layer 1
10
473.732623
20
320.789235
70
0
0
VERTEX
8
Layer 1
10
473.004742
20
317.963221
70
0
0
VERTEX
8
Layer 1
10
471.959362
20
315.290997
70
0
0
VERTEX
8
Layer 1
10
470.594828
20
312.768014
70
0
0
VERTEX
8
Layer 1
10
468.909486
20
310.389725
70
0
0
VERTEX
8
Layer 1
10
466.901683
20
308.151583
70
0
0
VERTEX
8
Layer 1
10
464.260258
20
305.787970
70
0
0
VERTEX
8
Layer 1
10
461.856958
20
304.059358
70
0
0
VERTEX
8
Layer 1
10
459.634456
20
302.754080
70
0
0
VERTEX
8
Layer 1
10
460.904457
20
302.013246
70
0
0
VERTEX
8
Layer 1
10
461.830499
20
301.298870
70
0
0
VERTEX
8
Layer 1
10
462.035551
20
300.961526
70
0
0
VERTEX
8
Layer 1
10
462.068624
20
300.637412
70
0
0
VERTEX
8
Layer 1
10
461.741202
20
300.122576
70
0
0
VERTEX
8
Layer 1
10
461.010290
20
299.958314
70
0
0
VERTEX
8
Layer 1
10
459.856045
20
300.151239
70
0
0
VERTEX
8
Layer 1
10
458.258622
20
300.707967
70
0
0
VERTEX
8
Layer 1
10
456.393308
20
301.329738
70
0
0
VERTEX
8
Layer 1
10
455.822800
20
301.367772
70
0
0
VERTEX
8
Layer 1
10
455.401120
20
301.237134
70
0
0
VERTEX
8
Layer 1
10
454.803602
20
300.706865
70
0
0
VERTEX
8
Layer 1
10
454.830612
20
300.424780
70
0
0
VERTEX
8
Layer 1
10
455.092439
20
300.117064
70
0
0
VERTEX
8
Layer 1
10
456.373465
20
299.381742
70
0
0
VERTEX
8
Layer 1
10
458.752511
20
298.414910
70
0
0
VERTEX
8
Layer 1
10
459.946444
20
297.886846
70
0
0
VERTEX
8
Layer 1
10
460.578137
20
297.391854
70
0
0
VERTEX
8
Layer 1
10
460.667434
20
296.896862
70
0
0
VERTEX
8
Layer 1
10
460.234179
20
296.368798
70
0
0
VERTEX
8
Layer 1
10
459.874235
20
296.200126
70
0
0
VERTEX
8
Layer 1
10
459.312546
20
296.236506
70
0
0
VERTEX
8
Layer 1
10
457.200288
20
297.003798
70
0
0
VERTEX
8
Layer 1
10
455.573099
20
297.638799
70
0
0
VERTEX
8
Layer 1
10
454.607370
20
297.850465
70
0
0
VERTEX
8
Layer 1
10
454.144349
20
297.638799
70
0
0
VERTEX
8
Layer 1
10
454.025286
20
297.003798
70
0
0
VERTEX
8
Layer 1
10
454.160885
20
296.611884
70
0
0
VERTEX
8
Layer 1
10
454.607370
20
296.196819
70
0
0
VERTEX
8
Layer 1
10
456.671121
20
295.098797
70
0
0
VERTEX
8
Layer 1
10
458.748101
20
294.000775
70
0
0
VERTEX
8
Layer 1
10
459.186318
20
293.585710
70
0
0
VERTEX
8
Layer 1
10
459.316956
20
293.193796
70
0
0
VERTEX
8
Layer 1
10
459.197893
20
292.550527
70
0
0
VERTEX
8
Layer 1
10
458.761331
20
292.307441
70
0
0
VERTEX
8
Layer 1
10
457.888205
20
292.454616
70
0
0
VERTEX
8
Layer 1
10
456.459454
20
292.982129
70
0
0
VERTEX
8
Layer 1
10
454.870851
20
293.585159
70
0
0
VERTEX
8
Layer 1
10
453.937091
20
293.811157
70
0
0
VERTEX
8
Layer 1
10
453.453124
20
293.666739
70
0
0
VERTEX
8
Layer 1
10
453.213897
20
293.158518
70
0
0
VERTEX
8
Layer 1
10
453.180824
20
292.615019
70
0
0
VERTEX
8
Layer 1
10
453.504938
20
292.170740
70
0
0
VERTEX
8
Layer 1
10
454.344991
20
291.700001
70
0
0
VERTEX
8
Layer 1
10
455.859732
20
291.077128
70
0
0
VERTEX
8
Layer 1
10
457.112094
20
290.512683
70
0
0
VERTEX
8
Layer 1
10
457.835288
20
290.001155
70
0
0
VERTEX
8
Layer 1
10
458.082233
20
289.489627
70
0
0
VERTEX
8
Layer 1
10
457.905844
20
288.925182
70
0
0
VERTEX
8
Layer 1
10
457.662758
20
288.708554
70
0
0
VERTEX
8
Layer 1
10
457.231156
20
288.700286
70
0
0
VERTEX
8
Layer 1
10
455.365842
20
289.348516
70
0
0
VERTEX
8
Layer 1
10
453.566675
20
289.961467
70
0
0
VERTEX
8
Layer 1
10
453.034200
20
290.018243
70
0
0
VERTEX
8
Layer 1
10
452.720007
20
289.912960
70
0
0
VERTEX
8
Layer 1
10
452.302186
20
289.363950
70
0
0
VERTEX
8
Layer 1
10
452.446604
20
288.801710
70
0
0
VERTEX
8
Layer 1
10
453.186336
20
288.186553
70
0
0
VERTEX
8
Layer 1
10
454.554453
20
287.478792
70
0
0
VERTEX
8
Layer 1
10
455.917609
20
286.781504
70
0
0
VERTEX
8
Layer 1
10
456.649072
20
286.186743
70
0
0
VERTEX
8
Layer 1
10
456.791837
20
285.638283
70
0
0
VERTEX
8
Layer 1
10
456.388899
20
285.079902
70
0
0
VERTEX
8
Layer 1
10
456.069745
20
284.942098
70
0
0
VERTEX
8
Layer 1
10
455.608377
20
284.956429
70
0
0
VERTEX
8
Layer 1
10
454.060564
20
285.467958
70
0
0
VERTEX
8
Layer 1
10
452.490702
20
286.019173
70
0
0
VERTEX
8
Layer 1
10
452.125797
20
285.978934
70
0
0
VERTEX
8
Layer 1
10
451.873340
20
285.750180
70
0
0
VERTEX
8
Layer 1
10
451.627498
20
285.074941
70
0
0
VERTEX
8
Layer 1
10
451.811604
20
284.502228
70
0
0
VERTEX
8
Layer 1
10
452.458731
20
283.989046
70
0
0
VERTEX
8
Layer 1
10
453.601952
20
283.492401
70
0
0
VERTEX
8
Layer 1
10
454.720920
20
282.981424
70
0
0
VERTEX
8
Layer 1
10
455.330565
20
282.447296
70
0
0
VERTEX
8
Layer 1
10
455.437500
20
281.880095
70
0
0
VERTEX
8
Layer 1
10
455.048342
20
281.269899
70
0
0
VERTEX
8
Layer 1
10
454.784861
20
281.118866
70
0
0
VERTEX
8
Layer 1
10
454.395703
20
281.093510
70
0
0
VERTEX
8
Layer 1
10
453.108063
20
281.446288
70
0
0
VERTEX
8
Layer 1
10
451.789555
20
281.821115
70
0
0
VERTEX
8
Layer 1
10
451.416382
20
281.778671
70
0
0
VERTEX
8
Layer 1
10
451.132506
20
281.587400
70
0
0
VERTEX
8
Layer 1
10
450.886664
20
281.075320
70
0
0
VERTEX
8
Layer 1
10
451.070770
20
280.533475
70
0
0
VERTEX
8
Layer 1
10
451.638522
20
280.024703
70
0
0
VERTEX
8
Layer 1
10
452.543618
20
279.611843
70
0
0
VERTEX
8
Layer 1
10
453.458085
20
279.221582
70
0
0
VERTEX
8
Layer 1
10
454.038515
20
278.791634
70
0
0
VERTEX
8
Layer 1
10
454.294830
20
278.321998
70
0
0
VERTEX
8
Layer 1
10
454.236953
20
277.812675
70
0
0
VERTEX
8
Layer 1
10
453.971267
20
277.474780
70
0
0
VERTEX
8
Layer 1
10
453.487300
20
277.358473
70
0
0
VERTEX
8
Layer 1
10
452.778436
20
277.460448
70
0
0
VERTEX
8
Layer 1
10
451.838062
20
277.777397
70
0
0
VERTEX
8
Layer 1
10
451.339763
20
277.786217
70
0
0
VERTEX
8
Layer 1
10
451.026673
20
277.212952
70
0
0
VERTEX
8
Layer 1
10
450.069763
20
275.440243
70
0
0
VERTEX
8
Layer 1
10
449.503664
20
274.742404
70
0
0
VERTEX
8
Layer 1
10
449.086394
20
274.461284
70
0
0
VERTEX
8
Layer 1
10
448.566046
20
274.968402
70
0
0
VERTEX
8
Layer 1
10
447.781115
20
276.189896
70
0
0
VERTEX
8
Layer 1
10
446.815386
20
277.556911
70
0
0
VERTEX
8
Layer 1
10
446.436700
20
277.698022
70
0
0
VERTEX
8
Layer 1
10
445.981948
20
277.601008
70
0
0
VERTEX
8
Layer 1
10
445.350806
20
277.442809
70
0
0
VERTEX
8
Layer 1
10
444.888336
20
277.473126
70
0
0
VERTEX
8
Layer 1
10
444.597845
20
277.655579
70
0
0
VERTEX
8
Layer 1
10
444.482641
20
277.953786
70
0
0
VERTEX
8
Layer 1
10
444.546031
20
278.331369
70
0
0
VERTEX
8
Layer 1
10
444.791322
20
278.751946
70
0
0
VERTEX
8
Layer 1
10
445.221821
20
279.179139
70
0
0
VERTEX
8
Layer 1
10
445.840836
20
279.576565
70
0
0
VERTEX
8
Layer 1
10
446.810976
20
280.282121
70
0
0
VERTEX
8
Layer 1
10
447.146115
20
280.987677
70
0
0
VERTEX
8
Layer 1
10
447.026501
20
281.419279
70
0
0
VERTEX
8
Layer 1
10
446.586080
20
281.609448
70
0
0
VERTEX
8
Layer 1
10
445.702481
20
281.568107
70
0
0
VERTEX
8
Layer 1
10
444.253335
20
281.305177
70
0
0
VERTEX
8
Layer 1
10
443.624950
20
281.206510
70
0
0
VERTEX
8
Layer 1
10
443.274376
20
281.256670
70
0
0
VERTEX
8
Layer 1
10
443.122241
20
281.498654
70
0
0
VERTEX
8
Layer 1
10
443.089168
20
281.975455
70
0
0
VERTEX
8
Layer 1
10
443.161377
20
282.436823
70
0
0
VERTEX
8
Layer 1
10
443.428717
20
282.808893
70
0
0
VERTEX
8
Layer 1
10
444.853058
20
283.562956
70
0
0
VERTEX
8
Layer 1
10
446.211253
20
284.286151
70
0
0
VERTEX
8
Layer 1
10
446.519934
20
284.634520
70
0
0
VERTEX
8
Layer 1
10
446.616948
20
285.009346
70
0
0
VERTEX
8
Layer 1
10
446.487964
20
285.660332
70
0
0
VERTEX
8
Layer 1
10
446.061323
20
285.930979
70
0
0
VERTEX
8
Layer 1
10
445.277494
20
285.837823
70
0
0
VERTEX
8
Layer 1
10
444.076946
20
285.397402
70
0
0
VERTEX
8
Layer 1
10
442.661425
20
284.921152
70
0
0
VERTEX
8
Layer 1
10
441.960278
20
284.974068
70
0
0
VERTEX
8
Layer 1
10
441.681363
20
285.526938
70
0
0
VERTEX
8
Layer 1
10
441.898542
20
286.116187
70
0
0
VERTEX
8
Layer 1
10
442.605201
20
286.725280
70
0
0
VERTEX
8
Layer 1
10
443.794724
20
287.337681
70
0
0
VERTEX
8
Layer 1
10
445.138588
20
287.999691
70
0
0
VERTEX
8
Layer 1
10
445.946670
20
288.612092
70
0
0
VERTEX
8
Layer 1
10
446.225585
20
289.178190
70
0
0
VERTEX
8
Layer 1
10
445.981948
20
289.701294
70
0
0
VERTEX
8
Layer 1
10
445.676023
20
289.863902
70
0
0
VERTEX
8
Layer 1
10
445.174968
20
289.864453
70
0
0
VERTEX
8
Layer 1
10
443.230279
20
289.313238
70
0
0
VERTEX
8
Layer 1
10
441.387014
20
288.753203
70
0
0
VERTEX
8
Layer 1
10
440.858950
20
288.722886
70
0
0
VERTEX
8
Layer 1
10
440.549166
20
288.854626
70
0
0
VERTEX
8
Layer 1
10
440.301119
20
289.366154
70
0
0
VERTEX
8
Layer 1
10
440.575625
20
289.904141
70
0
0
VERTEX
8
Layer 1
10
441.392526
20
290.481815
70
0
0
VERTEX
8
Layer 1
10
442.771668
20
291.112406
70
0
0
VERTEX
8
Layer 1
10
444.299086
20
291.806386
70
0
0
VERTEX
8
Layer 1
10
445.201426
20
292.430913
70
0
0
VERTEX
8
Layer 1
10
445.515068
20
293.022368
70
0
0
VERTEX
8
Layer 1
10
445.276392
20
293.617129
70
0
0
VERTEX
8
Layer 1
10
444.956687
20
293.858011
70
0
0
VERTEX
8
Layer 1
10
444.465002
20
293.877303
70
0
0
VERTEX
8
Layer 1
10
442.277779
20
293.158518
70
0
0
VERTEX
8
Layer 1
10
440.240486
20
292.470601
70
0
0
VERTEX
8
Layer 1
10
439.658402
20
292.414377
70
0
0
VERTEX
8
Layer 1
10
439.314443
20
292.523518
70
0
0
VERTEX
8
Layer 1
10
438.904339
20
293.053787
70
0
0
VERTEX
8
Layer 1
10
439.102777
20
293.590671
70
0
0
VERTEX
8
Layer 1
10
439.989131
20
294.220159
70
0
0
VERTEX
8
Layer 1
10
441.642778
20
295.028241
70
0
0
VERTEX
8
Layer 1
10
443.675661
20
296.033659
70
0
0
VERTEX
8
Layer 1
10
444.676669
20
296.721576
70
0
0
VERTEX
8
Layer 1
10
444.681630
20
297.141602
70
0
0
VERTEX
8
Layer 1
10
444.345940
20
297.594701
70
0
0
VERTEX
8
Layer 1
10
443.858114
20
297.902280
70
0
0
VERTEX
8
Layer 1
10
443.406668
20
297.885743
70
0
0
VERTEX
8
Layer 1
10
440.831389
20
296.862687
70
0
0
VERTEX
8
Layer 1
10
438.807325
20
296.218867
70
0
0
VERTEX
8
Layer 1
10
438.345958
20
296.287218
70
0
0
VERTEX
8
Layer 1
10
437.973887
20
296.580465
70
0
0
VERTEX
8
Layer 1
10
437.637094
20
297.084276
70
0
0
VERTEX
8
Layer 1
10
437.898922
20
297.568243
70
0
0
VERTEX
8
Layer 1
10
438.921427
20
298.158044
70
0
0
VERTEX
8
Layer 1
10
440.866667
20
298.979355
70
0
0
VERTEX
8
Layer 1
10
442.806946
20
299.834842
70
0
0
VERTEX
8
Layer 1
10
443.688891
20
300.425745
70
0
0
VERTEX
8
Layer 1
10
443.512502
20
300.813801
70
0
0
VERTEX
8
Layer 1
10
442.912779
20
301.201856
70
0
0
VERTEX
8
Layer 1
10
442.390227
20
301.385962
70
0
0
VERTEX
8
Layer 1
10
441.854445
20
301.404704
70
0
0
VERTEX
8
Layer 1
10
440.266944
20
300.919634
70
0
0
VERTEX
8
Layer 1
10
437.894512
20
300.253766
70
0
0
VERTEX
8
Layer 1
10
437.062176
20
300.190376
70
0
0
VERTEX
8
Layer 1
10
436.739164
20
300.355189
70
0
0
VERTEX
8
Layer 1
10
436.527497
20
301.060745
70
0
0
VERTEX
8
Layer 1
10
436.589233
20
301.572273
70
0
0
VERTEX
8
Layer 1
10
437.233053
20
301.977968
70
0
0
VERTEX
8
Layer 1
10
437.922624
20
302.320273
70
0
0
VERTEX
8
Layer 1
10
438.066491
20
302.705573
70
0
0
VERTEX
8
Layer 1
10
437.634889
20
303.203320
70
0
0
VERTEX
8
Layer 1
10
436.598053
20
303.882969
70
0
0
VERTEX
8
Layer 1
10
433.637474
20
305.961603
70
0
0
VERTEX
8
Layer 1
10
430.852181
20
308.579326
70
0
0
VERTEX
8
Layer 1
10
428.417462
20
311.547622
70
0
0
VERTEX
8
Layer 1
10
426.508602
20
314.677976
70
0
0
VERTEX
8
Layer 1
10
425.667654
20
316.533368
70
0
0
VERTEX
8
Layer 1
10
424.973466
20
318.481364
70
0
0
VERTEX
8
Layer 1
10
424.430588
20
320.492198
70
0
0
VERTEX
8
Layer 1
10
424.043566
20
322.536106
70
0
0
VERTEX
8
Layer 1
10
423.816947
20
324.583321
70
0
0
VERTEX
8
Layer 1
10
423.755280
20
326.604077
70
0
0
VERTEX
8
Layer 1
10
423.863112
20
328.568610
70
0
0
VERTEX
8
Layer 1
10
424.144989
20
330.447153
70
0
0
VERTEX
8
Layer 1
10
424.638879
20
333.022432
70
0
0
VERTEX
8
Layer 1
10
423.086655
20
333.763266
70
0
0
VERTEX
8
Layer 1
10
421.834294
20
334.543787
70
0
0
VERTEX
8
Layer 1
10
421.005265
20
335.350767
70
0
0
VERTEX
8
Layer 1
10
420.440820
20
336.162156
70
0
0
VERTEX
8
Layer 1
10
418.818042
20
335.491878
70
0
0
VERTEX
8
Layer 1
10
408.340535
20
331.152709
70
0
0
VERTEX
8
Layer 1
10
382.772949
20
320.538501
70
0
0
VERTEX
8
Layer 1
10
374.297458
20
317.147422
70
0
0
VERTEX
8
Layer 1
10
374.041694
20
317.284123
70
0
0
VERTEX
8
Layer 1
10
373.944680
20
317.606033
70
0
0
VERTEX
8
Layer 1
10
374.450696
20
318.010626
70
0
0
VERTEX
8
Layer 1
10
375.876140
20
318.752562
70
0
0
VERTEX
8
Layer 1
10
380.929684
20
320.957424
70
0
0
VERTEX
8
Layer 1
10
418.571097
20
336.691323
70
0
0
VERTEX
8
Layer 1
10
419.151527
20
336.984019
70
0
0
VERTEX
8
Layer 1
10
419.457452
20
337.313094
70
0
0
VERTEX
8
Layer 1
10
419.558324
20
337.807535
70
0
0
VERTEX
8
Layer 1
10
419.523598
20
338.596324
70
0
0
VERTEX
8
Layer 1
10
419.382486
20
340.042714
70
0
0
VERTEX
8
Layer 1
10
417.583319
20
339.337158
70
0
0
VERTEX
8
Layer 1
10
391.054413
20
328.259929
70
0
0
VERTEX
8
Layer 1
10
378.663086
20
323.113780
70
0
0
VERTEX
8
Layer 1
10
374.050513
20
321.380758
70
0
0
VERTEX
8
Layer 1
10
373.647024
20
321.531791
70
0
0
VERTEX
8
Layer 1
10
373.627180
20
321.901106
70
0
0
VERTEX
8
Layer 1
10
373.951295
20
322.363024
70
0
0
VERTEX
8
Layer 1
10
374.579680
20
322.791870
70
0
0
VERTEX
8
Layer 1
10
406.223867
20
336.021045
70
0
0
VERTEX
8
Layer 1
10
417.499534
20
340.849694
70
0
0
VERTEX
8
Layer 1
10
419.762274
20
342.028744
70
0
0
VERTEX
8
Layer 1
10
420.864154
20
342.900216
70
0
0
VERTEX
8
Layer 1
10
421.763462
20
343.700237
70
0
0
VERTEX
8
Layer 1
10
422.753721
20
344.299752
70
0
0
VERTEX
8
Layer 1
10
423.813433
20
344.696697
70
0
0
VERTEX
8
Layer 1
10
424.921101
20
344.889002
70
0
0
VERTEX
8
Layer 1
10
426.055227
20
344.874601
70
0
0
VERTEX
8
Layer 1
10
427.194314
20
344.651428
70
0
0
VERTEX
8
Layer 1
10
428.316865
20
344.217415
70
0
0
VERTEX
8
Layer 1
10
429.401382
20
343.570494
70
0
0
VERTEX
8
Layer 1
10
430.424438
20
342.829660
70
0
0
VERTEX
8
Layer 1
10
432.717495
20
344.981606
70
0
0
VERTEX
8
Layer 1
10
435.028191
20
346.801169
70
0
0
VERTEX
8
Layer 1
10
437.841595
20
348.478518
70
0
0
VERTEX
8
Layer 1
10
440.774062
20
349.818523
70
0
0
VERTEX
8
Layer 1
10
443.441946
20
350.626054
70
0
0
VERTEX
8
Layer 1
10
446.087781
20
351.155221
70
0
0
VERTEX
8
Layer 1
10
447.385343
20
351.301293
70
0
0
VERTEX
8
Layer 1
10
449.033477
20
351.318381
70
0
0
VERTEX
8
Layer 1
10
452.614174
20
350.978832
70
0
0
VERTEX
8
Layer 1
10
452.614174
20
350.978832
70
0
0
SEQEND
8
Layer 1
0
POLYLINE
8
Layer 1
62
7
70
0
10
0.000000
20
0.000000
66
1
0
VERTEX
8
Layer 1
10
421.358043
20
332.563821
70
0
0
VERTEX
8
Layer 1
10
420.065994
20
331.756841
70
0
0
VERTEX
8
Layer 1
10
417.159985
20
330.447153
70
0
0
VERTEX
8
Layer 1
10
413.138316
20
328.753818
70
0
0
VERTEX
8
Layer 1
10
414.161372
20
326.390206
70
0
0
VERTEX
8
Layer 1
10
417.900819
20
316.971033
70
0
0
VERTEX
8
Layer 1
10
420.030716
20
311.829294
70
0
0
VERTEX
8
Layer 1
10
421.287488
20
309.386306
70
0
0
VERTEX
8
Layer 1
10
422.183764
20
307.876526
70
0
0
VERTEX
8
Layer 1
10
423.324781
20
305.139741
70
0
0
VERTEX
8
Layer 1
10
424.293818
20
302.277278
70
0
0
VERTEX
8
Layer 1
10
424.674156
20
300.390467
70
0
0
VERTEX
8
Layer 1
10
424.964096
20
299.135900
70
0
0
VERTEX
8
Layer 1
10
425.829504
20
296.492270
70
0
0
VERTEX
8
Layer 1
10
428.942770
20
288.043237
70
0
0
VERTEX
8
Layer 1
10
433.912530
20
275.096284
70
0
0
VERTEX
8
Layer 1
10
434.662735
20
273.348931
70
0
0
VERTEX
8
Layer 1
10
434.939996
20
273.050172
70
0
0
VERTEX
8
Layer 1
10
436.492219
20
273.438228
70
0
0
VERTEX
8
Layer 1
10
437.482203
20
273.605797
70
0
0
VERTEX
8
Layer 1
10
438.353123
20
273.588158
70
0
0
VERTEX
8
Layer 1
10
438.972690
20
273.398540
70
0
0
VERTEX
8
Layer 1
10
439.208610
20
273.050172
70
0
0
VERTEX
8
Layer 1
10
439.464374
20
272.547463
70
0
0
VERTEX
8
Layer 1
10
440.090555
20
271.780171
70
0
0
VERTEX
8
Layer 1
10
440.659410
20
271.072962
70
0
0
VERTEX
8
Layer 1
10
440.937222
20
270.488122
70
0
0
VERTEX
8
Layer 1
10
440.923993
20
270.028959
70
0
0
VERTEX
8
Layer 1
10
440.619722
20
269.698781
70
0
0
VERTEX
8
Layer 1
10
440.184813
20
269.652479
70
0
0
VERTEX
8
Layer 1
10
439.680451
20
269.936906
70
0
0
VERTEX
8
Layer 1
10
439.195932
20
270.472688
70
0
0
VERTEX
8
Layer 1
10
438.820554
20
271.180449
70
0
0
VERTEX
8
Layer 1
10
438.575332
20
271.668757
70
0
0
VERTEX
8
Layer 1
10
438.227997
20
271.991287
70
0
0
VERTEX
8
Layer 1
10
437.726047
20
272.141011
70
0
0
VERTEX
8
Layer 1
10
437.016977
20
272.110901
70
0
0
VERTEX
8
Layer 1
10
434.767466
20
271.483066
70
0
0
VERTEX
8
Layer 1
10
431.059438
20
270.051559
70
0
0
VERTEX
8
Layer 1
10
421.172835
20
265.893188
70
0
0
VERTEX
8
Layer 1
10
419.579822
20
264.986439
70
0
0
VERTEX
8
Layer 1
10
419.064986
20
264.301278
70
0
0
VERTEX
8
Layer 1
10
418.932694
20
263.353187
70
0
0
VERTEX
8
Layer 1
10
419.170820
20
262.219887
70
0
0
VERTEX
8
Layer 1
10
419.426584
20
261.170373
70
0
0
VERTEX
8
Layer 1
10
419.339492
20
260.900277
70
0
0
VERTEX
8
Layer 1
10
419.100264
20
260.702942
70
0
0
VERTEX
8
Layer 1
10
418.324152
20
260.350164
70
0
0
VERTEX
8
Layer 1
10
418.039725
20
260.668215
70
0
0
VERTEX
8
Layer 1
10
417.742069
20
261.386449
70
0
0
VERTEX
8
Layer 1
10
417.550246
20
262.150985
70
0
0
VERTEX
8
Layer 1
10
417.583319
20
262.607943
70
0
0
VERTEX
8
Layer 1
10
417.609777
20
262.894575
70
0
0
VERTEX
8
Layer 1
10
417.371652
20
263.313499
70
0
0
VERTEX
8
Layer 1
10
417.241014
20
263.968895
70
0
0
VERTEX
8
Layer 1
10
417.570089
20
264.852493
70
0
0
VERTEX
8
Layer 1
10
418.249738
20
265.769165
70
0
0
VERTEX
8
Layer 1
10
419.170820
20
266.523779
70
0
0
VERTEX
8
Layer 1
10
420.158598
20
267.088224
70
0
0
VERTEX
8
Layer 1
10
418.853319
20
269.628225
70
0
0
VERTEX
8
Layer 1
10
412.573871
20
282.398789
70
0
0
VERTEX
8
Layer 1
10
408.763869
20
289.855634
70
0
0
VERTEX
8
Layer 1
10
407.503790
20
292.117272
70
0
0
VERTEX
8
Layer 1
10
406.858867
20
293.052685
70
0
0
VERTEX
8
Layer 1
10
406.454620
20
293.506748
70
0
0
VERTEX
8
Layer 1
10
405.893689
20
294.429621
70
0
0
VERTEX
8
Layer 1
10
404.561401
20
297.109632
70
0
0
VERTEX
8
Layer 1
10
403.381248
20
299.948392
70
0
0
VERTEX
8
Layer 1
10
402.872476
20
301.801579
70
0
0
VERTEX
8
Layer 1
10
401.628934
20
304.954532
70
0
0
VERTEX
8
Layer 1
10
398.639140
20
311.361863
70
0
0
VERTEX
8
Layer 1
10
394.299971
20
320.428257
70
0
0
VERTEX
8
Layer 1
10
393.517796
20
320.331795
70
0
0
VERTEX
8
Layer 1
10
391.217573
20
319.524264
70
0
0
VERTEX
8
Layer 1
10
381.388296
20
315.524643
70
0
0
VERTEX
8
Layer 1
10
377.415134
20
313.954781
70
0
0
VERTEX
8
Layer 1
10
376.075128
20
313.530345
70
0
0
VERTEX
8
Layer 1
10
375.426348
20
313.443253
70
0
0
VERTEX
8
Layer 1
10
375.113257
20
313.685788
70
0
0
VERTEX
8
Layer 1
10
375.249959
20
314.007698
70
0
0
VERTEX
8
Layer 1
10
388.681981
20
319.797667
70
0
0
VERTEX
8
Layer 1
10
419.100264
20
332.493265
70
0
0
VERTEX
8
Layer 1
10
420.331128
20
332.970618
70
0
0
VERTEX
8
Layer 1
10
421.089050
20
333.137085
70
0
0
VERTEX
8
Layer 1
10
421.417023
20
332.999281
70
0
0
VERTEX
8
Layer 1
10
421.358043
20
332.563821
70
0
0
VERTEX
8
Layer 1
10
421.358043
20
332.563821
70
0
0
SEQEND
8
Layer 1
0
POLYLINE
8
Layer 1
62
7
70
0
10
0.000000
20
0.000000
66
1
0
VERTEX
8
Layer 1
10
497.593369
20
324.908538
70
0
0
VERTEX
8
Layer 1
10
519.743418
20
315.665754
70
0
0
VERTEX
8
Layer 1
10
522.809830
20
314.252438
70
0
0
VERTEX
8
Layer 1
10
523.297312
20
313.936867
70
0
0
VERTEX
8
Layer 1
10
523.451996
20
313.725475
70
0
0
VERTEX
8
Layer 1
10
523.470600
20
313.477015
70
0
0
VERTEX
8
Layer 1
10
523.323012
20
313.345137
70
0
0
VERTEX
8
Layer 1
10
522.420121
20
313.460892
70
0
0
VERTEX
8
Layer 1
10
517.419493
20
315.418810
70
0
0
VERTEX
8
Layer 1
10
508.675008
20
319.043604
70
0
0
VERTEX
8
Layer 1
10
505.567805
20
320.230922
70
0
0
VERTEX
8
Layer 1
10
504.296151
20
320.604646
70
0
0
VERTEX
8
Layer 1
10
501.650316
20
315.030754
70
0
0
VERTEX
8
Layer 1
10
497.275869
20
305.858526
70
0
0
VERTEX
8
Layer 1
10
496.001458
20
303.071580
70
0
0
VERTEX
8
Layer 1
10
495.547257
20
301.554634
70
0
0
VERTEX
8
Layer 1
10
495.095260
20
299.969338
70
0
0
VERTEX
8
Layer 1
10
493.862742
20
297.153729
70
0
0
VERTEX
8
Layer 1
10
492.431786
20
294.351349
70
0
0
VERTEX
8
Layer 1
10
491.384476
20
292.805740
70
0
0
VERTEX
8
Layer 1
10
489.112365
20
288.688159
70
0
0
VERTEX
8
Layer 1
10
484.664055
20
280.026357
70
0
0
VERTEX
8
Layer 1
10
480.321579
20
271.324867
70
0
0
VERTEX
8
Layer 1
10
478.366968
20
267.088224
70
0
0
VERTEX
8
Layer 1
10
478.688878
20
266.726626
70
0
0
VERTEX
8
Layer 1
10
479.460580
20
266.206279
70
0
0
VERTEX
8
Layer 1
10
480.261496
20
265.556947
70
0
0
VERTEX
8
Layer 1
10
480.814365
20
264.768708
70
0
0
VERTEX
8
Layer 1
10
481.043120
20
263.993699
70
0
0
VERTEX
8
Layer 1
10
480.871692
20
263.384055
70
0
0
VERTEX
8
Layer 1
10
480.664435
20
262.872527
70
0
0
VERTEX
8
Layer 1
10
480.695303
20
262.255165
70
0
0
VERTEX
8
Layer 1
10
480.674908
20
261.514883
70
0
0
VERTEX
8
Layer 1
10
480.346935
20
260.857282
70
0
0
VERTEX
8
Layer 1
10
479.866826
20
260.484109
70
0
0
VERTEX
8
Layer 1
10
479.618296
20
260.467228
70
0
0
VERTEX
8
Layer 1
10
479.390024
20
260.597109
70
0
0
VERTEX
8
Layer 1
10
479.191035
20
260.877126
70
0
0
VERTEX
8
Layer 1
10
479.121031
20
261.223290
70
0
0
VERTEX
8
Layer 1
10
479.354746
20
262.325721
70
0
0
VERTEX
8
Layer 1
10
479.548223
20
263.366416
70
0
0
VERTEX
8
Layer 1
10
479.420892
20
264.195444
70
0
0
VERTEX
8
Layer 1
10
478.942988
20
264.865722
70
0
0
VERTEX
8
Layer 1
10
478.084746
20
265.430167
70
0
0
VERTEX
8
Layer 1
10
469.181511
20
269.129926
70
0
0
VERTEX
8
Layer 1
10
463.960948
20
271.140210
70
0
0
VERTEX
8
Layer 1
10
461.257235
20
272.062394
70
0
0
VERTEX
8
Layer 1
10
460.706571
20
272.058535
70
0
0
VERTEX
8
Layer 1
10
460.265047
20
271.899234
70
0
0
VERTEX
8
Layer 1
10
459.352234
20
270.862948
70
0
0
VERTEX
8
Layer 1
10
458.745897
20
270.049354
70
0
0
VERTEX
8
Layer 1
10
458.205705
20
269.619406
70
0
0
VERTEX
8
Layer 1
10
457.744889
20
269.573104
70
0
0
VERTEX
8
Layer 1
10
457.376677
20
269.910448
70
0
0
VERTEX
8
Layer 1
10
457.430145
20
270.472137
70
0
0
VERTEX
8
Layer 1
10
457.910254
20
271.361247
70
0
0
VERTEX
8
Layer 1
10
458.661561
20
272.336348
70
0
0
VERTEX
8
Layer 1
10
459.528623
20
273.156005
70
0
0
VERTEX
8
Layer 1
10
460.020858
20
273.476262
70
0
0
VERTEX
8
Layer 1
10
460.476714
20
273.601388
70
0
0
VERTEX
8
Layer 1
10
461.821680
20
273.332394
70
0
0
VERTEX
8
Layer 1
10
463.100500
20
273.085450
70
0
0
VERTEX
8
Layer 1
10
463.429025
20
273.193488
70
0
0
VERTEX
8
Layer 1
10
463.691403
20
273.473506
70
0
0
VERTEX
8
Layer 1
10
464.613036
20
275.528437
70
0
0
VERTEX
8
Layer 1
10
466.196127
20
279.647121
70
0
0
VERTEX
8
Layer 1
10
471.135019
20
292.664629
70
0
0
VERTEX
8
Layer 1
10
473.238458
20
298.445778
70
0
0
VERTEX
8
Layer 1
10
473.650216
20
299.942329
70
0
0
VERTEX
8
Layer 1
10
473.675021
20
300.602134
70
0
0
VERTEX
8
Layer 1
10
473.657106
20
301.123928
70
0
0
VERTEX
8
Layer 1
10
473.882278
20
302.090967
70
0
0
VERTEX
8
Layer 1
10
474.830369
20
304.786963
70
0
0
VERTEX
8
Layer 1
10
476.056272
20
307.542490
70
0
0
VERTEX
8
Layer 1
10
477.096967
20
309.209917
70
0
0
VERTEX
8
Layer 1
10
477.934815
20
310.440230
70
0
0
VERTEX
8
Layer 1
10
478.825579
20
312.384919
70
0
0
VERTEX
8
Layer 1
10
484.893361
20
328.189373
70
0
0
VERTEX
8
Layer 1
10
484.968326
20
328.499157
70
0
0
VERTEX
8
Layer 1
10
484.858083
20
328.762638
70
0
0
VERTEX
8
Layer 1
10
483.976138
20
329.282985
70
0
0
VERTEX
8
Layer 1
10
478.274364
20
331.717153
70
0
0
VERTEX
8
Layer 1
10
477.462423
20
332.249628
70
0
0
VERTEX
8
Layer 1
10
477.308634
20
332.669654
70
0
0
VERTEX
8
Layer 1
10
477.372851
20
332.852726
70
0
0
VERTEX
8
Layer 1
10
477.709919
20
332.870848
70
0
0
VERTEX
8
Layer 1
10
480.069122
20
332.083161
70
0
0
VERTEX
8
Layer 1
10
497.593369
20
324.908538
70
0
0
VERTEX
8
Layer 1
10
497.593369
20
324.908538
70
0
0
SEQEND
8
Layer 1
0
POLYLINE
8
Layer 1
62
7
70
0
10
0.000000
20
0.000000
66
1
0
VERTEX
8
Layer 1
10
392.924136
20
316.582977
70
0
0
VERTEX
8
Layer 1
10
392.298851
20
316.152133
70
0
0
VERTEX
8
Layer 1
10
390.706596
20
315.345498
70
0
0
VERTEX
8
Layer 1
10
385.846528
20
313.138982
70
0
0
VERTEX
8
Layer 1
10
380.794637
20
311.031685
70
0
0
VERTEX
8
Layer 1
10
378.001627
20
310.091862
70
0
0
VERTEX
8
Layer 1
10
377.631210
20
310.228563
70
0
0
VERTEX
8
Layer 1
10
377.472460
20
310.550473
70
0
0
VERTEX
8
Layer 1
10
377.734839
20
310.847027
70
0
0
VERTEX
8
Layer 1
10
378.460238
20
311.282488
70
0
0
VERTEX
8
Layer 1
10
380.929684
20
312.384919
70
0
0
VERTEX
8
Layer 1
10
388.232189
20
315.418810
70
0
0
VERTEX
8
Layer 1
10
392.231810
20
317.006311
70
0
0
VERTEX
8
Layer 1
10
392.860747
20
317.016233
70
0
0
VERTEX
8
Layer 1
10
392.924136
20
316.582977
70
0
0
VERTEX
8
Layer 1
10
392.924136
20
316.582977
70
0
0
SEQEND
8
Layer 1
0
POLYLINE
8
Layer 1
62
7
70
0
10
0.000000
20
0.000000
66
1
0
VERTEX
8
Layer 1
10
514.068102
20
313.901864
70
0
0
VERTEX
8
Layer 1
10
519.002584
20
311.710231
70
0
0
VERTEX
8
Layer 1
10
521.053106
20
310.550473
70
0
0
VERTEX
8
Layer 1
10
520.894356
20
310.228563
70
0
0
VERTEX
8
Layer 1
10
520.523939
20
310.091862
70
0
0
VERTEX
8
Layer 1
10
517.690139
20
311.053733
70
0
0
VERTEX
8
Layer 1
10
512.590844
20
313.209538
70
0
0
VERTEX
8
Layer 1
10
507.709829
20
315.464561
70
0
0
VERTEX
8
Layer 1
10
506.127358
20
316.287181
70
0
0
VERTEX
8
Layer 1
10
505.530874
20
316.724088
70
0
0
VERTEX
8
Layer 1
10
505.576487
20
316.951534
70
0
0
VERTEX
8
Layer 1
10
505.763487
20
317.061984
70
0
0
VERTEX
8
Layer 1
10
506.862611
20
316.834332
70
0
0
VERTEX
8
Layer 1
10
514.068102
20
313.901864
70
0
0
VERTEX
8
Layer 1
10
514.068102
20
313.901864
70
0
0
SEQEND
8
Layer 1
0
POLYLINE
8
Layer 1
62
7
70
0
10
0.000000
20
0.000000
66
1
0
VERTEX
8
Layer 1
10
394.758582
20
313.125753
70
0
0
VERTEX
8
Layer 1
10
394.389819
20
312.782345
70
0
0
VERTEX
8
Layer 1
10
393.343060
20
312.204120
70
0
0
VERTEX
8
Layer 1
10
389.572745
20
310.515196
70
0
0
VERTEX
8
Layer 1
10
382.764130
20
307.657694
70
0
0
VERTEX
8
Layer 1
10
381.436803
20
307.194673
70
0
0
VERTEX
8
Layer 1
10
381.022840
20
307.196326
70
0
0
VERTEX
8
Layer 1
10
380.718018
20
307.340194
70
0
0
VERTEX
8
Layer 1
10
380.484302
20
307.701791
70
0
0
VERTEX
8
Layer 1
10
380.541629
20
308.010472
70
0
0
VERTEX
8
Layer 1
10
386.574132
20
310.585751
70
0
0
VERTEX
8
Layer 1
10
392.924136
20
313.266864
70
0
0
VERTEX
8
Layer 1
10
393.582839
20
313.532550
70
0
0
VERTEX
8
Layer 1
10
394.172089
20
313.593184
70
0
0
VERTEX
8
Layer 1
10
394.595973
20
313.455380
70
0
0
VERTEX
8
Layer 1
10
394.758582
20
313.125753
70
0
0
VERTEX
8
Layer 1
10
394.758582
20
313.125753
70
0
0
SEQEND
8
Layer 1
0
POLYLINE
8
Layer 1
62
7
70
0
10
0.000000
20
0.000000
66
1
0
VERTEX
8
Layer 1
10
511.316433
20
310.797418
70
0
0
VERTEX
8
Layer 1
10
518.195604
20
307.798805
70
0
0
VERTEX
8
Layer 1
10
518.218755
20
307.521544
70
0
0
VERTEX
8
Layer 1
10
517.878104
20
307.274048
70
0
0
VERTEX
8
Layer 1
10
517.352244
20
307.139000
70
0
0
VERTEX
8
Layer 1
10
516.819770
20
307.199082
70
0
0
VERTEX
8
Layer 1
10
508.150251
20
310.920890
70
0
0
VERTEX
8
Layer 1
10
505.002809
20
312.417992
70
0
0
VERTEX
8
Layer 1
10
503.766984
20
313.161031
70
0
0
VERTEX
8
Layer 1
10
503.903685
20
313.482941
70
0
0
VERTEX
8
Layer 1
10
504.225595
20
313.619642
70
0
0
VERTEX
8
Layer 1
10
511.316433
20
310.797418
70
0
0
VERTEX
8
Layer 1
10
511.316433
20
310.797418
70
0
0
SEQEND
8
Layer 1
0
POLYLINE
8
Layer 1
62
7
70
0
10
0.000000
20
0.000000
66
1
0
VERTEX
8
Layer 1
10
396.522472
20
309.633251
70
0
0
VERTEX
8
Layer 1
10
395.995028
20
309.229210
70
0
0
VERTEX
8
Layer 1
10
394.598178
20
308.517590
70
0
0
VERTEX
8
Layer 1
10
390.309169
20
306.634638
70
0
0
VERTEX
8
Layer 1
10
385.881254
20
304.910435
70
0
0
VERTEX
8
Layer 1
10
384.310772
20
304.397253
70
0
0
VERTEX
8
Layer 1
10
383.540242
20
304.271025
70
0
0
VERTEX
8
Layer 1
10
383.284202
20
304.412136
70
0
0
VERTEX
8
Layer 1
10
383.231561
20
304.586320
70
0
0
VERTEX
8
Layer 1
10
383.901839
20
305.126512
70
0
0
VERTEX
8
Layer 1
10
389.502190
20
307.622416
70
0
0
VERTEX
8
Layer 1
10
395.248061
20
309.844917
70
0
0
VERTEX
8
Layer 1
10
396.263952
20
309.993746
70
0
0
VERTEX
8
Layer 1
10
396.465352
20
309.870962
70
0
0
VERTEX
8
Layer 1
10
396.522472
20
309.633251
70
0
0
VERTEX
8
Layer 1
10
396.522472
20
309.633251
70
0
0
SEQEND
8
Layer 1
0
POLYLINE
8
Layer 1
62
7
70
0
10
0.000000
20
0.000000
66
1
0
VERTEX
8
Layer 1
10
509.340876
20
307.375471
70
0
0
VERTEX
8
Layer 1
10
513.389004
20
305.554255
70
0
0
VERTEX
8
Layer 1
10
514.609395
20
304.909884
70
0
0
VERTEX
8
Layer 1
10
515.055880
20
304.553247
70
0
0
VERTEX
8
Layer 1
10
514.914769
20
304.231337
70
0
0
VERTEX
8
Layer 1
10
514.561991
20
304.094636
70
0
0
VERTEX
8
Layer 1
10
508.273723
20
306.546443
70
0
0
VERTEX
8
Layer 1
10
502.038372
20
309.209917
70
0
0
VERTEX
8
Layer 1
10
502.179483
20
309.739084
70
0
0
VERTEX
8
Layer 1
10
502.395560
20
309.979965
70
0
0
VERTEX
8
Layer 1
10
503.140803
20
309.840508
70
0
0
VERTEX
8
Layer 1
10
509.340876
20
307.375471
70
0
0
VERTEX
8
Layer 1
10
509.340876
20
307.375471
70
0
0
SEQEND
8
Layer 1
0
POLYLINE
8
Layer 1
62
7
70
0
10
0.000000
20
0.000000
66
1
0
VERTEX
8
Layer 1
10
397.933584
20
306.034915
70
0
0
VERTEX
8
Layer 1
10
397.704278
20
305.541026
70
0
0
VERTEX
8
Layer 1
10
397.157472
20
305.152970
70
0
0
VERTEX
8
Layer 1
10
391.719730
20
302.914483
70
0
0
VERTEX
8
Layer 1
10
388.527641
20
301.744253
70
0
0
VERTEX
8
Layer 1
10
387.022271
20
301.466991
70
0
0
VERTEX
8
Layer 1
10
386.727439
20
301.608447
70
0
0
VERTEX
8
Layer 1
10
386.644688
20
301.907412
70
0
0
VERTEX
8
Layer 1
10
388.223370
20
302.758489
70
0
0
VERTEX
8
Layer 1
10
391.759969
20
304.323942
70
0
0
VERTEX
8
Layer 1
10
395.455319
20
305.836477
70
0
0
VERTEX
8
Layer 1
10
397.510250
20
306.528804
70
0
0
VERTEX
8
Layer 1
10
397.801292
20
306.400922
70
0
0
VERTEX
8
Layer 1
10
397.933584
20
306.034915
70
0
0
VERTEX
8
Layer 1
10
397.933584
20
306.034915
70
0
0
SEQEND
8
Layer 1
0
POLYLINE
8
Layer 1
62
7
70
0
10
0.000000
20
0.000000
66
1
0
VERTEX
8
Layer 1
10
506.271708
20
304.447414
70
0
0
VERTEX
8
Layer 1
10
511.219419
20
302.207274
70
0
0
VERTEX
8
Layer 1
10
511.778352
20
301.728819
70
0
0
VERTEX
8
Layer 1
10
511.709312
20
301.574754
70
0
0
VERTEX
8
Layer 1
10
511.457544
20
301.448801
70
0
0
VERTEX
8
Layer 1
10
509.692001
20
301.895837
70
0
0
VERTEX
8
Layer 1
10
506.249659
20
303.146545
70
0
0
VERTEX
8
Layer 1
10
502.721328
20
304.589076
70
0
0
VERTEX
8
Layer 1
10
500.697815
20
305.611581
70
0
0
VERTEX
8
Layer 1
10
500.462998
20
305.894355
70
0
0
VERTEX
8
Layer 1
10
500.433232
20
306.206894
70
0
0
VERTEX
8
Layer 1
10
500.588675
20
306.459902
70
0
0
VERTEX
8
Layer 1
10
500.909482
20
306.564082
70
0
0
VERTEX
8
Layer 1
10
506.271708
20
304.447414
70
0
0
VERTEX
8
Layer 1
10
506.271708
20
304.447414
70
0
0
SEQEND
8
Layer 1
0
POLYLINE
8
Layer 1
62
7
70
0
10
0.000000
20
0.000000
66
1
0
VERTEX
8
Layer 1
10
399.274140
20
302.436579
70
0
0
VERTEX
8
Layer 1
10
398.843021
20
302.010628
70
0
0
VERTEX
8
Layer 1
10
397.789717
20
301.396987
70
0
0
VERTEX
8
Layer 1
10
394.621881
20
299.940675
70
0
0
VERTEX
8
Layer 1
10
391.381284
20
298.735718
70
0
0
VERTEX
8
Layer 1
10
390.237029
20
298.436270
70
0
0
VERTEX
8
Layer 1
10
389.678579
20
298.450188
70
0
0
VERTEX
8
Layer 1
10
389.502190
20
298.741230
70
0
0
VERTEX
8
Layer 1
10
389.537468
20
298.979355
70
0
0
VERTEX
8
Layer 1
10
394.277922
20
301.100433
70
0
0
VERTEX
8
Layer 1
10
399.097751
20
303.036302
70
0
0
VERTEX
8
Layer 1
10
399.278550
20
302.855503
70
0
0
VERTEX
8
Layer 1
10
399.274140
20
302.436579
70
0
0
VERTEX
8
Layer 1
10
399.274140
20
302.436579
70
0
0
SEQEND
8
Layer 1
0
POLYLINE
8
Layer 1
62
7
70
0
10
0.000000
20
0.000000
66
1
0
VERTEX
8
Layer 1
10
503.943373
20
301.166579
70
0
0
VERTEX
8
Layer 1
10
508.436883
20
299.111647
70
0
0
VERTEX
8
Layer 1
10
508.929118
20
298.696030
70
0
0
VERTEX
8
Layer 1
10
508.776432
20
298.379632
70
0
0
VERTEX
8
Layer 1
10
508.370737
20
298.320652
70
0
0
VERTEX
8
Layer 1
10
507.515250
20
298.516334
70
0
0
VERTEX
8
Layer 1
10
504.401984
20
299.684911
70
0
0
VERTEX
8
Layer 1
10
499.890836
20
301.726614
70
0
0
VERTEX
8
Layer 1
10
499.088817
20
302.289405
70
0
0
VERTEX
8
Layer 1
10
498.968721
20
302.501141
70
0
0
VERTEX
8
Layer 1
10
499.004481
20
302.683524
70
0
0
VERTEX
8
Layer 1
10
499.265206
20
302.952517
70
0
0
VERTEX
8
Layer 1
10
499.873197
20
302.877552
70
0
0
VERTEX
8
Layer 1
10
503.943373
20
301.166579
70
0
0
VERTEX
8
Layer 1
10
503.943373
20
301.166579
70
0
0
SEQEND
8
Layer 1
0
POLYLINE
8
Layer 1
62
7
70
0
10
0.000000
20
0.000000
66
1
0
VERTEX
8
Layer 1
10
152.788152
20
241.194319
70
0
0
VERTEX
8
Layer 1
10
154.142420
20
240.210399
70
0
0
VERTEX
8
Layer 1
10
155.109321
20
238.958588
70
0
0
VERTEX
8
Layer 1
10
155.688442
20
237.528183
70
0
0
VERTEX
8
Layer 1
10
155.879369
20
236.008482
70
0
0
VERTEX
8
Layer 1
10
155.681689
20
234.488781
70
0
0
VERTEX
8
Layer 1
10
155.094989
20
233.058376
70
0
0
VERTEX
8
Layer 1
10
154.118855
20
231.806565
70
0
0
VERTEX
8
Layer 1
10
152.752874
20
230.822645
70
0
0
VERTEX
8
Layer 1
10
151.361606
20
230.246074
70
0
0
VERTEX
8
Layer 1
10
150.010025
20
230.046534
70
0
0
VERTEX
8
Layer 1
10
148.645215
20
230.217411
70
0
0
VERTEX
8
Layer 1
10
147.214259
20
230.752090
70
0
0
VERTEX
8
Layer 1
10
145.764011
20
231.673171
70
0
0
VERTEX
8
Layer 1
10
144.740404
20
232.855529
70
0
0
VERTEX
8
Layer 1
10
144.133515
20
234.309084
70
0
0
VERTEX
8
Layer 1
10
143.933424
20
236.043760
70
0
0
VERTEX
8
Layer 1
10
144.116979
20
237.737094
70
0
0
VERTEX
8
Layer 1
10
144.687487
20
239.139387
70
0
0
VERTEX
8
Layer 1
10
145.674714
20
240.290325
70
0
0
VERTEX
8
Layer 1
10
147.108426
20
241.229596
70
0
0
VERTEX
8
Layer 1
10
148.566391
20
241.784671
70
0
0
VERTEX
8
Layer 1
10
149.961518
20
241.966020
70
0
0
VERTEX
8
Layer 1
10
151.350030
20
241.770339
70
0
0
VERTEX
8
Layer 1
10
152.788152
20
241.194319
70
0
0
VERTEX
8
Layer 1
10
152.788152
20
241.194319
70
0
0
SEQEND
8
Layer 1
0
POLYLINE
8
Layer 1
62
7
70
0
10
0.000000
20
0.000000
66
1
0
VERTEX
8
Layer 1
10
443.971113
20
348.756331
70
0
0
VERTEX
8
Layer 1
10
441.753021
20
348.065658
70
0
0
VERTEX
8
Layer 1
10
439.376180
20
347.093864
70
0
0
VERTEX
8
Layer 1
10
437.144859
20
345.983165
70
0
0
VERTEX
8
Layer 1
10
435.363330
20
344.875773
70
0
0
VERTEX
8
Layer 1
10
433.916802
20
343.702648
70
0
0
VERTEX
8
Layer 1
10
432.548823
20
342.389790
70
0
0
VERTEX
8
Layer 1
10
430.098118
20
339.407714
70
0
0
VERTEX
8
Layer 1
10
429.040198
20
337.769914
70
0
0
VERTEX
8
Layer 1
10
428.110435
20
336.055220
70
0
0
VERTEX
8
Layer 1
10
427.321232
20
334.279341
70
0
0
VERTEX
8
Layer 1
10
426.684991
20
332.457987
70
0
0
VERTEX
8
Layer 1
10
426.064322
20
329.626944
70
0
0
VERTEX
8
Layer 1
10
425.794227
20
326.451942
70
0
0
VERTEX
8
Layer 1
10
425.881319
20
323.290169
70
0
0
VERTEX
8
Layer 1
10
426.332213
20
320.498813
70
0
0
VERTEX
8
Layer 1
10
427.340938
20
317.462648
70
0
0
VERTEX
8
Layer 1
10
428.753152
20
314.598050
70
0
0
VERTEX
8
Layer 1
10
430.529169
20
311.944291
70
0
0
VERTEX
8
Layer 1
10
432.629300
20
309.540646
70
0
0
VERTEX
8
Layer 1
10
435.013859
20
307.426390
70
0
0
VERTEX
8
Layer 1
10
437.643158
20
305.640796
70
0
0
VERTEX
8
Layer 1
10
440.477508
20
304.223138
70
0
0
VERTEX
8
Layer 1
10
443.477224
20
303.212691
70
0
0
VERTEX
8
Layer 1
10
446.371106
20
302.783845
70
0
0
VERTEX
8
Layer 1
10
449.933061
20
302.745260
70
0
0
VERTEX
8
Layer 1
10
453.468558
20
303.063863
70
0
0
VERTEX
8
Layer 1
10
456.283065
20
303.706580
70
0
0
VERTEX
8
Layer 1
10
458.461056
20
304.601892
70
0
0
VERTEX
8
Layer 1
10
460.537347
20
305.689854
70
0
0
VERTEX
8
Layer 1
10
462.492923
20
306.954756
70
0
0
VERTEX
8
Layer 1
10
464.308765
20
308.380889
70
0
0
VERTEX
8
Layer 1
10
465.965857
20
309.952542
70
0
0
VERTEX
8
Layer 1
10
467.445182
20
311.654007
70
0
0
VERTEX
8
Layer 1
10
468.727723
20
313.469574
70
0
0
VERTEX
8
Layer 1
10
469.794463
20
315.383532
70
0
0
VERTEX
8
Layer 1
10
471.241059
20
318.997853
70
0
0
VERTEX
8
Layer 1
10
472.093583
20
322.641939
70
0
0
VERTEX
8
Layer 1
10
472.359889
20
326.272797
70
0
0
VERTEX
8
Layer 1
10
472.047832
20
329.847430
70
0
0
VERTEX
8
Layer 1
10
471.165267
20
333.322845
70
0
0
VERTEX
8
Layer 1
10
469.720048
20
336.656045
70
0
0
VERTEX
8
Layer 1
10
467.720031
20
339.804038
70
0
0
VERTEX
8
Layer 1
10
465.173071
20
342.723827
70
0
0
VERTEX
8
Layer 1
10
463.477394
20
344.251452
70
0
0
VERTEX
8
Layer 1
10
461.675056
20
345.578573
70
0
0
VERTEX
8
Layer 1
10
459.771847
20
346.703121
70
0
0
VERTEX
8
Layer 1
10
457.773552
20
347.623031
70
0
0
VERTEX
8
Layer 1
10
455.685961
20
348.336236
70
0
0
VERTEX
8
Layer 1
10
453.514860
20
348.840667
70
0
0
VERTEX
8
Layer 1
10
451.266038
20
349.134258
70
0
0
VERTEX
8
Layer 1
10
448.945283
20
349.214942
70
0
0
VERTEX
8
Layer 1
10
446.167156
20
349.078241
70
0
0
VERTEX
8
Layer 1
10
443.971113
20
348.756331
70
0
0
VERTEX
8
Layer 1
10
443.971113
20
348.756331
70
0
0
SEQEND
8
Layer 1
0
POLYLINE
8
Layer 1
62
7
70
0
10
0.000000
20
0.000000
66
1
0
VERTEX
8
Layer 1
10
423.474711
20
342.900216
70
0
0
VERTEX
8
Layer 1
10
422.556386
20
342.325849
70
0
0
VERTEX
8
Layer 1
10
421.843113
20
341.453826
70
0
0
VERTEX
8
Layer 1
10
421.381194
20
340.370136
70
0
0
VERTEX
8
Layer 1
10
421.216932
20
339.160769
70
0
0
VERTEX
8
Layer 1
10
421.264888
20
338.327882
70
0
0
VERTEX
8
Layer 1
10
421.441828
20
337.657053
70
0
0
VERTEX
8
Layer 1
10
421.797362
20
337.032526
70
0
0
VERTEX
8
Layer 1
10
422.381099
20
336.338545
70
0
0
VERTEX
8
Layer 1
10
423.465892
20
335.421322
70
0
0
VERTEX
8
Layer 1
10
424.497767
20
335.033267
70
0
0
VERTEX
8
Layer 1
10
425.066071
20
335.082876
70
0
0
VERTEX
8
Layer 1
10
425.578150
20
335.483059
70
0
0
VERTEX
8
Layer 1
10
427.214158
20
338.208269
70
0
0
VERTEX
8
Layer 1
10
428.942770
20
341.453826
70
0
0
VERTEX
8
Layer 1
10
427.884436
20
342.335771
70
0
0
VERTEX
8
Layer 1
10
426.932487
20
342.910138
70
0
0
VERTEX
8
Layer 1
10
425.825095
20
343.200077
70
0
0
VERTEX
8
Layer 1
10
424.644942
20
343.198975
70
0
0
VERTEX
8
Layer 1
10
423.474711
20
342.900216
70
0
0
VERTEX
8
Layer 1
10
423.474711
20
342.900216
70
0
0
SEQEND
8
Layer 1
0
POLYLINE
8
Layer 1
62
7
70
0
10
0.000000
20
0.000000
66
1
0
VERTEX
8
Layer 1
10
470.711685
20
342.547438
70
0
0
VERTEX
8
Layer 1
10
469.891477
20
341.908028
70
0
0
VERTEX
8
Layer 1
10
469.547518
20
341.347993
70
0
0
VERTEX
8
Layer 1
10
469.895886
20
340.435180
70
0
0
VERTEX
8
Layer 1
10
470.746963
20
338.913825
70
0
0
VERTEX
8
Layer 1
10
472.369742
20
335.844656
70
0
0
VERTEX
8
Layer 1
10
472.784256
20
335.103822
70
0
0
VERTEX
8
Layer 1
10
473.145854
20
334.786322
70
0
0
VERTEX
8
Layer 1
10
474.013467
20
334.984208
70
0
0
VERTEX
8
Layer 1
10
475.006758
20
335.496288
70
0
0
VERTEX
8
Layer 1
10
475.933902
20
336.200190
70
0
0
VERTEX
8
Layer 1
10
476.603078
20
336.973546
70
0
0
VERTEX
8
Layer 1
10
477.177582
20
338.414010
70
0
0
VERTEX
8
Layer 1
10
477.210518
20
339.799077
70
0
0
VERTEX
8
Layer 1
10
476.785393
20
341.050199
70
0
0
VERTEX
8
Layer 1
10
475.985716
20
342.088827
70
0
0
VERTEX
8
Layer 1
10
474.894999
20
342.836413
70
0
0
VERTEX
8
Layer 1
10
473.596748
20
343.214409
70
0
0
VERTEX
8
Layer 1
10
472.174474
20
343.144267
70
0
0
VERTEX
8
Layer 1
10
470.711685
20
342.547438
70
0
0
VERTEX
8
Layer 1
10
470.711685
20
342.547438
70
0
0
SEQEND
8
Layer 1
0
POLYLINE
8
Layer 1
62
7
70
0
10
0.000000
20
0.000000
66
1
0
VERTEX
8
Layer 1
10
409.328313
20
326.954650
70
0
0
VERTEX
8
Layer 1
10
407.890743
20
326.240275
70
0
0
VERTEX
8
Layer 1
10
407.562219
20
325.912853
70
0
0
VERTEX
8
Layer 1
10
407.458590
20
325.578816
70
0
0
VERTEX
8
Layer 1
10
407.687344
20
324.544184
70
0
0
VERTEX
8
Layer 1
10
408.468417
20
322.170099
70
0
0
VERTEX
8
Layer 1
10
412.256371
20
311.749919
70
0
0
VERTEX
8
Layer 1
10
413.685122
20
307.587138
70
0
0
VERTEX
8
Layer 1
10
413.903403
20
306.550853
70
0
0
VERTEX
8
Layer 1
10
413.843872
20
306.070193
70
0
0
VERTEX
8
Layer 1
10
413.768562
20
305.564866
70
0
0
VERTEX
8
Layer 1
10
413.929310
20
304.646954
70
0
0
VERTEX
8
Layer 1
10
414.739046
20
302.145538
70
0
0
VERTEX
8
Layer 1
10
415.833209
20
299.710267
70
0
0
VERTEX
8
Layer 1
10
416.349491
20
298.875037
70
0
0
VERTEX
8
Layer 1
10
416.771929
20
298.485466
70
0
0
VERTEX
8
Layer 1
10
417.028520
20
298.303289
70
0
0
VERTEX
8
Layer 1
10
417.349603
20
297.835031
70
0
0
VERTEX
8
Layer 1
10
418.509361
20
295.239908
70
0
0
VERTEX
8
Layer 1
10
425.168046
20
277.812675
70
0
0
VERTEX
8
Layer 1
10
427.990270
20
270.686559
70
0
0
VERTEX
8
Layer 1
10
428.265326
20
270.542141
70
0
0
VERTEX
8
Layer 1
10
428.761971
20
270.589545
70
0
0
VERTEX
8
Layer 1
10
430.671382
20
271.286282
70
0
0
VERTEX
8
Layer 1
10
432.355897
20
272.088852
70
0
0
VERTEX
8
Layer 1
10
433.140828
20
272.626838
70
0
0
VERTEX
8
Layer 1
10
431.734126
20
276.736702
70
0
0
VERTEX
8
Layer 1
10
428.237214
20
286.138236
70
0
0
VERTEX
8
Layer 1
10
424.572733
20
296.214457
70
0
0
VERTEX
8
Layer 1
10
423.549125
20
299.339299
70
0
0
VERTEX
8
Layer 1
10
423.157211
20
300.919634
70
0
0
VERTEX
8
Layer 1
10
422.737736
20
303.038507
70
0
0
VERTEX
8
Layer 1
10
421.891620
20
305.514567
70
0
0
VERTEX
8
Layer 1
10
420.919827
20
307.606982
70
0
0
VERTEX
8
Layer 1
10
420.480852
20
308.277811
70
0
0
VERTEX
8
Layer 1
10
420.123320
20
308.574917
70
0
0
VERTEX
8
Layer 1
10
419.642660
20
308.795403
70
0
0
VERTEX
8
Layer 1
10
419.453042
20
309.068806
70
0
0
VERTEX
8
Layer 1
10
417.548041
20
314.219365
70
0
0
VERTEX
8
Layer 1
10
413.984983
20
323.426870
70
0
0
VERTEX
8
Layer 1
10
412.582690
20
326.765032
70
0
0
VERTEX
8
Layer 1
10
412.119669
20
327.489881
70
0
0
VERTEX
8
Layer 1
10
411.762482
20
327.695484
70
0
0
VERTEX
8
Layer 1
10
410.783523
20
327.470588
70
0
0
VERTEX
8
Layer 1
10
409.328313
20
326.954650
70
0
0
VERTEX
8
Layer 1
10
409.328313
20
326.954650
70
0
0
SEQEND
8
Layer 1
0
POLYLINE
8
Layer 1
62
7
70
0
10
0.000000
20
0.000000
66
1
0
VERTEX
8
Layer 1
10
403.331087
20
324.449927
70
0
0
VERTEX
8
Layer 1
10
402.255114
20
323.836975
70
0
0
VERTEX
8
Layer 1
10
401.814142
20
323.356315
70
0
0
VERTEX
8
Layer 1
10
403.164069
20
320.392980
70
0
0
VERTEX
8
Layer 1
10
406.184179
20
314.519226
70
0
0
VERTEX
8
Layer 1
10
409.329967
20
308.671931
70
0
0
VERTEX
8
Layer 1
10
411.056926
20
305.787970
70
0
0
VERTEX
8
Layer 1
10
411.753524
20
305.276029
70
0
0
VERTEX
8
Layer 1
10
412.197942
20
305.198170
70
0
0
VERTEX
8
Layer 1
10
412.382737
20
305.598214
70
0
0
VERTEX
8
Layer 1
10
412.300468
20
306.519985
70
0
0
VERTEX
8
Layer 1
10
411.304973
20
310.103989
70
0
0
VERTEX
8
Layer 1
10
409.151924
20
316.300755
70
0
0
VERTEX
8
Layer 1
10
406.506089
20
323.184336
70
0
0
VERTEX
8
Layer 1
10
405.768563
20
324.749237
70
0
0
VERTEX
8
Layer 1
10
405.341922
20
325.226038
70
0
0
VERTEX
8
Layer 1
10
404.534942
20
324.996733
70
0
0
VERTEX
8
Layer 1
10
403.331087
20
324.449927
70
0
0
VERTEX
8
Layer 1
10
403.331087
20
324.449927
70
0
0
SEQEND
8
Layer 1
0
POLYLINE
8
Layer 1
62
7
70
0
10
0.000000
20
0.000000
66
1
0
VERTEX
8
Layer 1
10
397.933584
20
322.333259
70
0
0
VERTEX
8
Layer 1
10
396.500423
20
321.601244
70
0
0
VERTEX
8
Layer 1
10
396.073231
20
321.241852
70
0
0
VERTEX
8
Layer 1
10
395.887472
20
320.922147
70
0
0
VERTEX
8
Layer 1
10
397.100146
20
317.835339
70
0
0
VERTEX
8
Layer 1
10
400.191363
20
311.256029
70
0
0
VERTEX
8
Layer 1
10
403.507476
20
304.279844
70
0
0
VERTEX
8
Layer 1
10
404.189881
20
302.524774
70
0
0
VERTEX
8
Layer 1
10
404.283588
20
301.801579
70
0
0
VERTEX
8
Layer 1
10
404.261539
20
301.313615
70
0
0
VERTEX
8
Layer 1
10
404.517303
20
300.378340
70
0
0
VERTEX
8
Layer 1
10
405.571228
20
297.797549
70
0
0
VERTEX
8
Layer 1
10
406.863277
20
295.322591
70
0
0
VERTEX
8
Layer 1
10
407.416698
20
294.519607
70
0
0
VERTEX
8
Layer 1
10
407.811368
20
294.216852
70
0
0
VERTEX
8
Layer 1
10
408.458495
20
293.372390
70
0
0
VERTEX
8
Layer 1
10
409.866300
20
290.847822
70
0
0
VERTEX
8
Layer 1
10
414.937484
20
280.811288
70
0
0
VERTEX
8
Layer 1
10
421.499154
20
267.405724
70
0
0
VERTEX
8
Layer 1
10
423.933323
20
268.428780
70
0
0
VERTEX
8
Layer 1
10
425.648706
20
269.310725
70
0
0
VERTEX
8
Layer 1
10
426.438046
20
269.981003
70
0
0
VERTEX
8
Layer 1
10
424.647698
20
274.152603
70
0
0
VERTEX
8
Layer 1
10
420.158598
20
283.457123
70
0
0
VERTEX
8
Layer 1
10
415.369637
20
293.436331
70
0
0
VERTEX
8
Layer 1
10
414.334454
20
295.884279
70
0
0
VERTEX
8
Layer 1
10
414.126094
20
296.827409
70
0
0
VERTEX
8
Layer 1
10
414.152070
20
297.337146
70
0
0
VERTEX
8
Layer 1
10
413.884111
20
298.285926
70
0
0
VERTEX
8
Layer 1
10
412.772309
20
300.875537
70
0
0
VERTEX
8
Layer 1
10
411.402538
20
303.346085
70
0
0
VERTEX
8
Layer 1
10
410.812117
20
304.146037
70
0
0
VERTEX
8
Layer 1
10
410.386647
20
304.447414
70
0
0
VERTEX
8
Layer 1
10
409.842046
20
304.915947
70
0
0
VERTEX
8
Layer 1
10
408.860883
20
306.475887
70
0
0
VERTEX
8
Layer 1
10
405.059700
20
313.796031
70
0
0
VERTEX
8
Layer 1
10
401.677441
20
320.401799
70
0
0
VERTEX
8
Layer 1
10
400.120808
20
323.144648
70
0
0
VERTEX
8
Layer 1
10
397.933584
20
322.333259
70
0
0
VERTEX
8
Layer 1
10
397.933584
20
322.333259
70
0
0
SEQEND
8
Layer 1
0
POLYLINE
8
Layer 1
62
7
70
0
10
0.000000
20
0.000000
66
1
0
VERTEX
8
Layer 1
10
415.607762
20
295.910186
70
0
0
VERTEX
8
Layer 1
10
416.203075
20
294.456631
70
0
0
VERTEX
8
Layer 1
10
417.512763
20
291.769455
70
0
0
VERTEX
8
Layer 1
10
418.822451
20
289.247643
70
0
0
VERTEX
8
Layer 1
10
419.417764
20
288.290182
70
0
0
VERTEX
8
Layer 1
10
418.403527
20
291.403447
70
0
0
VERTEX
8
Layer 1
10
416.807207
20
295.733797
70
0
0
VERTEX
8
Layer 1
10
416.495770
20
296.133429
70
0
0
VERTEX
8
Layer 1
10
416.088422
20
296.311471
70
0
0
VERTEX
8
Layer 1
10
415.740605
20
296.244774
70
0
0
VERTEX
8
Layer 1
10
415.607762
20
295.910186
70
0
0
VERTEX
8
Layer 1
10
415.607762
20
295.910186
70
0
0
SEQEND
8
Layer 1
0
POLYLINE
8
Layer 1
62
7
70
0
10
0.000000
20
0.000000
66
1
0
VERTEX
8
Layer 1
10
486.057528
20
326.778261
70
0
0
VERTEX
8
Layer 1
10
485.303465
20
325.402427
70
0
0
VERTEX
8
Layer 1
10
484.258361
20
322.968259
70
0
0
VERTEX
8
Layer 1
10
478.931413
20
308.927695
70
0
0
VERTEX
8
Layer 1
10
478.693288
20
308.526410
70
0
0
VERTEX
8
Layer 1
10
478.402246
20
308.469083
70
0
0
VERTEX
8
Layer 1
10
478.018600
20
308.471288
70
0
0
VERTEX
8
Layer 1
10
477.555579
20
307.904638
70
0
0
VERTEX
8
Layer 1
10
476.073911
20
304.482692
70
0
0
VERTEX
8
Layer 1
10
475.187556
20
301.801579
70
0
0
VERTEX
8
Layer 1
10
475.096606
20
301.099330
70
0
0
VERTEX
8
Layer 1
10
475.227244
20
300.707967
70
0
0
VERTEX
8
Layer 1
10
475.342999
20
300.329833
70
0
0
VERTEX
8
Layer 1
10
475.253702
20
299.667272
70
0
0
VERTEX
8
Layer 1
10
474.380577
20
297.144909
70
0
0
VERTEX
8
Layer 1
10
468.749358
20
282.275317
70
0
0
VERTEX
8
Layer 1
10
465.314182
20
272.591561
70
0
0
VERTEX
8
Layer 1
10
465.475137
20
272.310441
70
0
0
VERTEX
8
Layer 1
10
465.940363
20
271.956560
70
0
0
VERTEX
8
Layer 1
10
467.677795
20
271.109893
70
0
0
VERTEX
8
Layer 1
10
469.264193
20
270.549307
70
0
0
VERTEX
8
Layer 1
10
469.797356
20
270.468071
70
0
0
VERTEX
8
Layer 1
10
470.208977
20
270.541038
70
0
0
VERTEX
8
Layer 1
10
470.537915
20
270.784331
70
0
0
VERTEX
8
Layer 1
10
470.823031
20
271.214073
70
0
0
VERTEX
8
Layer 1
10
471.417241
20
272.697394
70
0
0
VERTEX
8
Layer 1
10
476.215022
20
285.432680
70
0
0
VERTEX
8
Layer 1
10
480.695303
20
297.532965
70
0
0
VERTEX
8
Layer 1
10
481.026032
20
298.203243
70
0
0
VERTEX
8
Layer 1
10
481.541970
20
298.450188
70
0
0
VERTEX
8
Layer 1
10
481.921758
20
298.630987
70
0
0
VERTEX
8
Layer 1
10
482.357769
20
299.235119
70
0
0
VERTEX
8
Layer 1
10
483.623360
20
302.083801
70
0
0
VERTEX
8
Layer 1
10
484.690514
20
305.122102
70
0
0
VERTEX
8
Layer 1
10
484.744533
20
305.789624
70
0
0
VERTEX
8
Layer 1
10
484.540583
20
306.176026
70
0
0
VERTEX
8
Layer 1
10
484.218673
20
306.749290
70
0
0
VERTEX
8
Layer 1
10
484.505305
20
307.587138
70
0
0
VERTEX
8
Layer 1
10
486.304473
20
312.208530
70
0
0
VERTEX
8
Layer 1
10
489.338364
20
320.604646
70
0
0
VERTEX
8
Layer 1
10
491.066976
20
325.614094
70
0
0
VERTEX
8
Layer 1
10
490.701520
20
326.142710
70
0
0
VERTEX
8
Layer 1
10
489.810204
20
326.720935
70
0
0
VERTEX
8
Layer 1
10
488.700607
20
327.186712
70
0
0
VERTEX
8
Layer 1
10
487.680307
20
327.377984
70
0
0
VERTEX
8
Layer 1
10
486.749855
20
327.197185
70
0
0
VERTEX
8
Layer 1
10
486.057528
20
326.778261
70
0
0
VERTEX
8
Layer 1
10
486.057528
20
326.778261
70
0
0
SEQEND
8
Layer 1
0
POLYLINE
8
Layer 1
62
7
70
0
10
0.000000
20
0.000000
66
1
0
VERTEX
8
Layer 1
10
492.019477
20
323.779648
70
0
0
VERTEX
8
Layer 1
10
487.146730
20
310.232973
70
0
0
VERTEX
8
Layer 1
10
486.230059
20
307.299404
70
0
0
VERTEX
8
Layer 1
10
485.951695
20
305.787970
70
0
0
VERTEX
8
Layer 1
10
485.845862
20
304.129914
70
0
0
VERTEX
8
Layer 1
10
487.010029
20
305.258803
70
0
0
VERTEX
8
Layer 1
10
488.341766
20
307.097659
70
0
0
VERTEX
8
Layer 1
10
489.938086
20
309.915473
70
0
0
VERTEX
8
Layer 1
10
494.383089
20
318.523256
70
0
0
VERTEX
8
Layer 1
10
496.993646
20
323.709093
70
0
0
VERTEX
8
Layer 1
10
494.969583
20
324.551350
70
0
0
VERTEX
8
Layer 1
10
492.866144
20
325.261316
70
0
0
VERTEX
8
Layer 1
10
492.495727
20
324.824753
70
0
0
VERTEX
8
Layer 1
10
492.019477
20
323.779648
70
0
0
VERTEX
8
Layer 1
10
492.019477
20
323.779648
70
0
0
SEQEND
8
Layer 1
0
POLYLINE
8
Layer 1
62
7
70
0
10
0.000000
20
0.000000
66
1
0
VERTEX
8
Layer 1
10
497.875591
20
322.297981
70
0
0
VERTEX
8
Layer 1
10
496.182257
20
319.246451
70
0
0
VERTEX
8
Layer 1
10
493.007255
20
313.019919
70
0
0
VERTEX
8
Layer 1
10
489.479475
20
306.198075
70
0
0
VERTEX
8
Layer 1
10
488.601940
20
304.859172
70
0
0
VERTEX
8
Layer 1
10
488.068363
20
304.482692
70
0
0
VERTEX
8
Layer 1
10
487.601001
20
304.189238
70
0
0
VERTEX
8
Layer 1
10
486.988532
20
303.431524
70
0
0
VERTEX
8
Layer 1
10
485.620966
20
301.100433
70
0
0
VERTEX
8
Layer 1
10
484.551056
20
298.643665
70
0
0
VERTEX
8
Layer 1
10
484.310657
20
297.728853
70
0
0
VERTEX
8
Layer 1
10
484.364194
20
297.215465
70
0
0
VERTEX
8
Layer 1
10
484.212610
20
296.326354
70
0
0
VERTEX
8
Layer 1
10
483.230895
20
293.965498
70
0
0
VERTEX
8
Layer 1
10
478.155301
20
283.492401
70
0
0
VERTEX
8
Layer 1
10
473.573597
20
273.985034
70
0
0
VERTEX
8
Layer 1
10
471.770019
20
269.769337
70
0
0
VERTEX
8
Layer 1
10
472.588023
20
269.218121
70
0
0
VERTEX
8
Layer 1
10
474.265924
20
268.402322
70
0
0
VERTEX
8
Layer 1
10
475.957053
20
267.705585
70
0
0
VERTEX
8
Layer 1
10
476.814745
20
267.511557
70
0
0
VERTEX
8
Layer 1
10
483.482249
20
280.811288
70
0
0
VERTEX
8
Layer 1
10
488.271210
20
290.177544
70
0
0
VERTEX
8
Layer 1
10
489.852097
20
293.054889
70
0
0
VERTEX
8
Layer 1
10
490.573087
20
294.146296
70
0
0
VERTEX
8
Layer 1
10
490.982502
20
294.502726
70
0
0
VERTEX
8
Layer 1
10
491.553148
20
295.337473
70
0
0
VERTEX
8
Layer 1
10
492.883783
20
297.828417
70
0
0
VERTEX
8
Layer 1
10
493.976292
20
300.392121
70
0
0
VERTEX
8
Layer 1
10
494.249282
20
301.317818
70
0
0
VERTEX
8
Layer 1
10
494.241978
20
301.801579
70
0
0
VERTEX
8
Layer 1
10
494.310329
20
302.469101
70
0
0
VERTEX
8
Layer 1
10
494.947534
20
304.125504
70
0
0
VERTEX
8
Layer 1
10
498.298925
20
311.185474
70
0
0
VERTEX
8
Layer 1
10
501.416601
20
317.698638
70
0
0
VERTEX
8
Layer 1
10
502.708650
20
320.745758
70
0
0
VERTEX
8
Layer 1
10
502.565334
20
321.216496
70
0
0
VERTEX
8
Layer 1
10
502.091288
20
321.654161
70
0
0
VERTEX
8
Layer 1
10
499.886426
20
322.615481
70
0
0
VERTEX
8
Layer 1
10
499.105905
20
322.868489
70
0
0
VERTEX
8
Layer 1
10
498.616425
20
322.919752
70
0
0
VERTEX
8
Layer 1
10
498.259237
20
322.739505
70
0
0
VERTEX
8
Layer 1
10
497.875591
20
322.297981
70
0
0
VERTEX
8
Layer 1
10
497.875591
20
322.297981
70
0
0
SEQEND
8
Layer 1
0
POLYLINE
8
Layer 1
62
7
70
0
10
0.000000
20
0.000000
66
1
0
VERTEX
8
Layer 1
10
481.718359
20
296.262964
70
0
0
VERTEX
8
Layer 1
10
480.002976
20
291.240288
70
0
0
VERTEX
8
Layer 1
10
479.531135
20
289.419071
70
0
0
VERTEX
8
Layer 1
10
480.070224
20
290.295504
70
0
0
VERTEX
8
Layer 1
10
481.118636
20
292.435323
70
0
0
VERTEX
8
Layer 1
10
482.140590
20
294.707434
70
0
0
VERTEX
8
Layer 1
10
482.600304
20
295.980742
70
0
0
VERTEX
8
Layer 1
10
482.487305
20
296.317535
70
0
0
VERTEX
8
Layer 1
10
482.225477
20
296.505499
70
0
0
VERTEX
8
Layer 1
10
481.930577
20
296.501641
70
0
0
VERTEX
8
Layer 1
10
481.718359
20
296.262964
70
0
0
VERTEX
8
Layer 1
10
481.718359
20
296.262964
70
0
0
SEQEND
8
Layer 1
0
POLYLINE
8
Layer 1
62
7
70
0
10
0.000000
20
0.000000
66
1
0
VERTEX
8
Layer 1
10
470.217796
20
532.941725
70
0
0
VERTEX
8
Layer 1
10
469.214928
20
532.093197
70
0
0
VERTEX
8
Layer 1
10
468.432409
20
531.028455
70
0
0
VERTEX
8
Layer 1
10
467.875612
20
529.785946
70
0
0
VERTEX
8
Layer 1
10
467.549913
20
528.404118
70
0
0
VERTEX
8
Layer 1
10
467.460685
20
526.921416
70
0
0
VERTEX
8
Layer 1
10
467.613302
20
525.376290
70
0
0
VERTEX
8
Layer 1
10
468.013140
20
523.807186
70
0
0
VERTEX
8
Layer 1
10
468.665573
20
522.252551
70
0
0
VERTEX
8
Layer 1
10
469.826984
20
520.456139
70
0
0
VERTEX
8
Layer 1
10
471.183526
20
519.152515
70
0
0
VERTEX
8
Layer 1
10
472.718661
20
518.358213
70
0
0
VERTEX
8
Layer 1
10
474.415854
20
518.089771
70
0
0
VERTEX
8
Layer 1
10
475.489622
20
518.187818
70
0
0
VERTEX
8
Layer 1
10
476.457557
20
518.477275
70
0
0
VERTEX
8
Layer 1
10
477.313044
20
518.951114
70
0
0
VERTEX
8
Layer 1
10
478.049468
20
519.602306
70
0
0
VERTEX
8
Layer 1
10
478.660215
20
520.423824
70
0
0
VERTEX
8
Layer 1
10
479.138670
20
521.408640
70
0
0
VERTEX
8
Layer 1
10
479.478219
20
522.549725
70
0
0
VERTEX
8
Layer 1
10
479.672247
20
523.840052
70
0
0
VERTEX
8
Layer 1
10
479.656813
20
525.860809
70
0
0
VERTEX
8
Layer 1
10
479.231274
20
527.755888
70
0
0
VERTEX
8
Layer 1
10
478.382402
20
529.545134
70
0
0
VERTEX
8
Layer 1
10
477.096967
20
531.248390
70
0
0
VERTEX
8
Layer 1
10
475.357331
20
532.787935
70
0
0
VERTEX
8
Layer 1
10
474.480071
20
533.281756
70
0
0
VERTEX
8
Layer 1
10
473.604465
20
533.589954
70
0
0
VERTEX
8
Layer 1
10
472.735474
20
533.711291
70
0
0
VERTEX
8
Layer 1
10
471.878058
20
533.644525
70
0
0
VERTEX
8
Layer 1
10
471.037178
20
533.388416
70
0
0
VERTEX
8
Layer 1
10
470.217796
20
532.941725
70
0
0
VERTEX
8
Layer 1
10
470.217796
20
532.941725
70
0
0
SEQEND
8
Layer 1
0
POLYLINE
8
Layer 1
62
7
70
0
10
0.000000
20
0.000000
66
1
0
VERTEX
8
Layer 1
10
522.287829
20
525.251164
70
0
0
VERTEX
8
Layer 1
10
519.359772
20
524.624983
70
0
0
VERTEX
8
Layer 1
10
518.527436
20
524.239132
70
0
0
VERTEX
8
Layer 1
10
518.230882
20
523.840052
70
0
0
VERTEX
8
Layer 1
10
519.536161
20
522.287829
70
0
0
VERTEX
8
Layer 1
10
520.841439
20
520.982550
70
0
0
VERTEX
8
Layer 1
10
523.169774
20
521.723384
70
0
0
VERTEX
8
Layer 1
10
524.784836
20
522.130733
70
0
0
VERTEX
8
Layer 1
10
526.168387
20
522.230503
70
0
0
VERTEX
8
Layer 1
10
527.446105
20
522.006158
70
0
0
VERTEX
8
Layer 1
10
528.743666
20
521.441162
70
0
0
VERTEX
8
Layer 1
10
529.519778
20
521.017828
70
0
0
VERTEX
8
Layer 1
10
528.920055
20
522.534774
70
0
0
VERTEX
8
Layer 1
10
527.826444
20
524.863108
70
0
0
VERTEX
8
Layer 1
10
527.328145
20
525.355344
70
0
0
VERTEX
8
Layer 1
10
526.459429
20
525.573074
70
0
0
VERTEX
8
Layer 1
10
524.889567
20
525.532835
70
0
0
VERTEX
8
Layer 1
10
522.287829
20
525.251164
70
0
0
VERTEX
8
Layer 1
10
522.287829
20
525.251164
70
0
0
SEQEND
8
Layer 1
0
POLYLINE
8
Layer 1
62
7
70
0
10
0.000000
20
0.000000
66
1
0
VERTEX
8
Layer 1
10
507.118375
20
522.393662
70
0
0
VERTEX
8
Layer 1
10
503.061428
20
520.911995
70
0
0
VERTEX
8
Layer 1
10
502.135937
20
520.467715
70
0
0
VERTEX
8
Layer 1
10
501.504795
20
520.294633
70
0
0
VERTEX
8
Layer 1
10
500.893497
20
520.386135
70
0
0
VERTEX
8
Layer 1
10
500.027537
20
520.735606
70
0
0
VERTEX
8
Layer 1
10
499.175358
20
521.079564
70
0
0
VERTEX
8
Layer 1
10
498.528231
20
521.211856
70
0
0
VERTEX
8
Layer 1
10
497.854645
20
521.132481
70
0
0
VERTEX
8
Layer 1
10
496.923091
20
520.841439
70
0
0
VERTEX
8
Layer 1
10
495.471189
20
520.151317
70
0
0
VERTEX
8
Layer 1
10
494.409548
20
519.209841
70
0
0
VERTEX
8
Layer 1
10
493.758011
20
518.043469
70
0
0
VERTEX
8
Layer 1
10
493.536422
20
516.678659
70
0
0
VERTEX
8
Layer 1
10
493.536422
20
515.196991
70
0
0
VERTEX
8
Layer 1
10
483.870305
20
508.247265
70
0
0
VERTEX
8
Layer 1
10
476.827974
20
503.343650
70
0
0
VERTEX
8
Layer 1
10
474.518932
20
501.847651
70
0
0
VERTEX
8
Layer 1
10
473.463354
20
501.297538
70
0
0
VERTEX
8
Layer 1
10
472.290505
20
501.102959
70
0
0
VERTEX
8
Layer 1
10
471.396295
20
500.554499
70
0
0
VERTEX
8
Layer 1
10
470.788167
20
499.705076
70
0
0
VERTEX
8
Layer 1
10
470.473560
20
498.607606
70
0
0
VERTEX
8
Layer 1
10
470.459918
20
497.315005
70
0
0
VERTEX
8
Layer 1
10
470.754680
20
495.880191
70
0
0
VERTEX
8
Layer 1
10
471.365289
20
494.356080
70
0
0
VERTEX
8
Layer 1
10
472.299186
20
492.795588
70
0
0
VERTEX
8
Layer 1
10
473.341604
20
491.481283
70
0
0
VERTEX
8
Layer 1
10
474.434045
20
490.430322
70
0
0
VERTEX
8
Layer 1
10
475.540541
20
489.654693
70
0
0
VERTEX
8
Layer 1
10
476.625127
20
489.166385
70
0
0
VERTEX
8
Layer 1
10
477.651835
20
488.977386
70
0
0
VERTEX
8
Layer 1
10
478.584698
20
489.099687
70
0
0
VERTEX
8
Layer 1
10
479.387750
20
489.545276
70
0
0
VERTEX
8
Layer 1
10
480.025025
20
490.326142
70
0
0
VERTEX
8
Layer 1
10
481.017213
20
491.410935
70
0
0
VERTEX
8
Layer 1
10
482.565026
20
492.654477
70
0
0
VERTEX
8
Layer 1
10
491.596143
20
499.004481
70
0
0
VERTEX
8
Layer 1
10
497.034436
20
502.862990
70
0
0
VERTEX
8
Layer 1
10
499.701218
20
504.631290
70
0
0
VERTEX
8
Layer 1
10
500.369429
20
504.946585
70
0
0
VERTEX
8
Layer 1
10
500.793727
20
504.997297
70
0
0
VERTEX
8
Layer 1
10
501.509205
20
504.648929
70
0
0
VERTEX
8
Layer 1
10
502.444066
20
504.278512
70
0
0
VERTEX
8
Layer 1
10
503.273095
20
504.119762
70
0
0
VERTEX
8
Layer 1
10
503.874195
20
504.245232
70
0
0
VERTEX
8
Layer 1
10
504.629085
20
504.587744
70
0
0
VERTEX
8
Layer 1
10
506.342263
20
505.720492
70
0
0
VERTEX
8
Layer 1
10
507.896691
20
507.111209
70
0
0
VERTEX
8
Layer 1
10
508.776432
20
508.353098
70
0
0
VERTEX
8
Layer 1
10
509.666645
20
508.329396
70
0
0
VERTEX
8
Layer 1
10
511.585426
20
507.925355
70
0
0
VERTEX
8
Layer 1
10
513.643114
20
507.355949
70
0
0
VERTEX
8
Layer 1
10
514.950047
20
506.836153
70
0
0
VERTEX
8
Layer 1
10
515.192581
20
506.408409
70
0
0
VERTEX
8
Layer 1
10
514.985324
20
505.530874
70
0
0
VERTEX
8
Layer 1
10
514.693731
20
504.961468
70
0
0
VERTEX
8
Layer 1
10
514.160706
20
504.388755
70
0
0
VERTEX
8
Layer 1
10
512.198378
20
503.061428
70
0
0
VERTEX
8
Layer 1
10
509.909180
20
501.428176
70
0
0
VERTEX
8
Layer 1
10
508.994231
20
500.498482
70
0
0
VERTEX
8
Layer 1
10
508.198758
20
499.441044
70
0
0
VERTEX
8
Layer 1
10
507.497542
20
498.216587
70
0
0
VERTEX
8
Layer 1
10
506.865367
20
496.785838
70
0
0
VERTEX
8
Layer 1
10
505.707263
20
493.148366
70
0
0
VERTEX
8
Layer 1
10
504.710665
20
489.174102
70
0
0
VERTEX
8
Layer 1
10
504.137401
20
486.330931
70
0
0
VERTEX
8
Layer 1
10
503.961012
20
484.427033
70
0
0
VERTEX
8
Layer 1
10
504.155040
20
483.270582
70
0
0
VERTEX
8
Layer 1
10
504.561079
20
482.547043
70
0
0
VERTEX
8
Layer 1
10
505.094862
20
481.993416
70
0
0
VERTEX
8
Layer 1
10
505.722077
20
481.614248
70
0
0
VERTEX
8
Layer 1
10
506.408409
20
481.414088
70
0
0
VERTEX
8
Layer 1
10
507.119546
20
481.397483
70
0
0
VERTEX
8
Layer 1
10
507.821175
20
481.568980
70
0
0
VERTEX
8
Layer 1
10
508.478982
20
481.933126
70
0
0
VERTEX
8
Layer 1
10
509.058654
20
482.494471
70
0
0
VERTEX
8
Layer 1
10
509.640186
20
483.552805
70
0
0
VERTEX
8
Layer 1
10
509.742161
20
484.611139
70
0
0
VERTEX
8
Layer 1
10
509.361271
20
485.669473
70
0
0
VERTEX
8
Layer 1
10
508.494209
20
486.727807
70
0
0
VERTEX
8
Layer 1
10
507.224208
20
487.927252
70
0
0
VERTEX
8
Layer 1
10
508.035598
20
490.114475
70
0
0
VERTEX
8
Layer 1
10
509.091176
20
492.748184
70
0
0
VERTEX
8
Layer 1
10
510.236051
20
495.176840
70
0
0
VERTEX
8
Layer 1
10
511.294936
20
497.049870
70
0
0
VERTEX
8
Layer 1
10
512.092545
20
498.016703
70
0
0
VERTEX
8
Layer 1
10
513.671226
20
498.704620
70
0
0
VERTEX
8
Layer 1
10
516.466992
20
499.710037
70
0
0
VERTEX
8
Layer 1
10
519.373001
20
500.838927
70
0
0
VERTEX
8
Layer 1
10
521.300051
20
501.861983
70
0
0
VERTEX
8
Layer 1
10
523.130086
20
503.731706
70
0
0
VERTEX
8
Layer 1
10
525.886165
20
506.977264
70
0
0
VERTEX
8
Layer 1
10
528.637833
20
510.632926
70
0
0
VERTEX
8
Layer 1
10
529.051245
20
511.526446
70
0
0
VERTEX
8
Layer 1
10
529.061167
20
512.198378
70
0
0
VERTEX
8
Layer 1
10
528.999982
20
512.725892
70
0
0
VERTEX
8
Layer 1
10
529.100854
20
513.190566
70
0
0
VERTEX
8
Layer 1
10
529.907834
20
514.209213
70
0
0
VERTEX
8
Layer 1
10
530.580868
20
515.047612
70
0
0
VERTEX
8
Layer 1
10
530.900022
20
515.942235
70
0
0
VERTEX
8
Layer 1
10
530.855373
20
516.843472
70
0
0
VERTEX
8
Layer 1
10
530.437001
20
517.701715
70
0
0
VERTEX
8
Layer 1
10
530.137691
20
518.046776
70
0
0
VERTEX
8
Layer 1
10
529.815230
20
518.107410
70
0
0
VERTEX
8
Layer 1
10
528.426166
20
517.243104
70
0
0
VERTEX
8
Layer 1
10
527.217902
20
516.479670
70
0
0
VERTEX
8
Layer 1
10
526.141929
20
516.189179
70
0
0
VERTEX
8
Layer 1
10
524.893976
20
516.355095
70
0
0
VERTEX
8
Layer 1
10
523.169774
20
516.960881
70
0
0
VERTEX
8
Layer 1
10
521.088384
20
517.807548
70
0
0
VERTEX
8
Layer 1
10
520.453383
20
516.537548
70
0
0
VERTEX
8
Layer 1
10
519.727984
20
515.472048
70
0
0
VERTEX
8
Layer 1
10
518.724771
20
514.548762
70
0
0
VERTEX
8
Layer 1
10
517.536350
20
513.843757
70
0
0
VERTEX
8
Layer 1
10
516.255325
20
513.433101
70
0
0
VERTEX
8
Layer 1
10
514.963276
20
513.490979
70
0
0
VERTEX
8
Layer 1
10
513.486018
20
514.001956
70
0
0
VERTEX
8
Layer 1
10
512.088135
20
514.837047
70
0
0
VERTEX
8
Layer 1
10
511.034211
20
515.867269
70
0
0
VERTEX
8
Layer 1
10
510.650565
20
516.502821
70
0
0
VERTEX
8
Layer 1
10
510.425669
20
517.273972
70
0
0
VERTEX
8
Layer 1
10
510.293377
20
520.030050
70
0
0
VERTEX
8
Layer 1
10
510.209592
20
522.323107
70
0
0
VERTEX
8
Layer 1
10
510.099900
20
522.937161
70
0
0
VERTEX
8
Layer 1
10
509.940599
20
523.134496
70
0
0
VERTEX
8
Layer 1
10
507.118375
20
522.393662
70
0
0
VERTEX
8
Layer 1
10
507.118375
20
522.393662
70
0
0
SEQEND
8
Layer 1
0
POLYLINE
8
Layer 1
62
7
70
0
10
0.000000
20
0.000000
66
1
0
VERTEX
8
Layer 1
10
480.836414
20
463.585570
70
0
0
VERTEX
8
Layer 1
10
478.037341
20
462.843634
70
0
0
VERTEX
8
Layer 1
10
475.218424
20
461.830499
70
0
0
VERTEX
8
Layer 1
10
472.571487
20
460.618927
70
0
0
VERTEX
8
Layer 1
10
470.288352
20
459.281678
70
0
0
VERTEX
8
Layer 1
10
468.468789
20
458.016087
70
0
0
VERTEX
8
Layer 1
10
467.585190
20
457.120913
70
0
0
VERTEX
8
Layer 1
10
467.431332
20
456.708879
70
0
0
VERTEX
8
Layer 1
10
467.435811
20
456.265426
70
0
0
VERTEX
8
Layer 1
10
467.818906
20
455.118898
70
0
0
VERTEX
8
Layer 1
10
468.524462
20
453.897404
70
0
0
VERTEX
8
Layer 1
10
468.870625
20
453.754639
70
0
0
VERTEX
8
Layer 1
10
469.335851
20
453.813619
70
0
0
VERTEX
8
Layer 1
10
470.067866
20
453.826848
70
0
0
VERTEX
8
Layer 1
10
470.429463
20
453.284452
70
0
0
VERTEX
8
Layer 1
10
470.513248
20
452.684730
70
0
0
VERTEX
8
Layer 1
10
470.358907
20
452.296674
70
0
0
VERTEX
8
Layer 1
10
466.196127
20
450.497506
70
0
0
VERTEX
8
Layer 1
10
460.523567
20
448.117495
70
0
0
VERTEX
8
Layer 1
10
454.768325
20
445.354664
70
0
0
VERTEX
8
Layer 1
10
448.956858
20
442.226378
70
0
0
VERTEX
8
Layer 1
10
443.115626
20
438.749999
70
0
0
VERTEX
8
Layer 1
10
437.271087
20
434.942890
70
0
0
VERTEX
8
Layer 1
10
431.449699
20
430.822415
70
0
0
VERTEX
8
Layer 1
10
425.677920
20
426.405938
70
0
0
VERTEX
8
Layer 1
10
419.982209
20
421.710821
70
0
0
VERTEX
8
Layer 1
10
414.584706
20
416.841382
70
0
0
VERTEX
8
Layer 1
10
408.525743
20
410.986370
70
0
0
VERTEX
8
Layer 1
10
402.876886
20
405.210733
70
0
0
VERTEX
8
Layer 1
10
398.709696
20
400.579419
70
0
0
VERTEX
8
Layer 1
10
393.607093
20
394.036490
70
0
0
VERTEX
8
Layer 1
10
391.757557
20
391.288817
70
0
0
VERTEX
8
Layer 1
10
390.326808
20
388.796634
70
0
0
VERTEX
8
Layer 1
10
389.278052
20
386.489659
70
0
0
VERTEX
8
Layer 1
10
388.574494
20
384.297612
70
0
0
VERTEX
8
Layer 1
10
388.179341
20
382.150214
70
0
0
VERTEX
8
Layer 1
10
388.055800
20
379.977184
70
0
0
VERTEX
8
Layer 1
10
388.034303
20
378.784353
70
0
0
VERTEX
8
Layer 1
10
387.883821
20
378.107460
70
0
0
VERTEX
8
Layer 1
10
387.475370
20
377.695151
70
0
0
VERTEX
8
Layer 1
10
386.679966
20
377.296071
70
0
0
VERTEX
8
Layer 1
10
385.387916
20
376.868328
70
0
0
VERTEX
8
Layer 1
10
384.968441
20
376.963688
70
0
0
VERTEX
8
Layer 1
10
384.492742
20
377.260793
70
0
0
VERTEX
8
Layer 1
10
383.314105
20
377.769634
70
0
0
VERTEX
8
Layer 1
10
382.042038
20
377.812560
70
0
0
VERTEX
8
Layer 1
10
380.778238
20
377.466052
70
0
0
VERTEX
8
Layer 1
10
379.624406
20
376.806592
70
0
0
VERTEX
8
Layer 1
10
378.682240
20
375.910659
70
0
0
VERTEX
8
Layer 1
10
378.053441
20
374.854737
70
0
0
VERTEX
8
Layer 1
10
377.839707
20
373.715305
70
0
0
VERTEX
8
Layer 1
10
378.142738
20
372.568846
70
0
0
VERTEX
8
Layer 1
10
378.459136
20
372.214965
70
0
0
VERTEX
8
Layer 1
10
378.954128
20
371.973533
70
0
0
VERTEX
8
Layer 1
10
380.453434
20
371.828012
70
0
0
VERTEX
8
Layer 1
10
382.587741
20
372.132283
70
0
0
VERTEX
8
Layer 1
10
385.304132
20
372.886346
70
0
0
VERTEX
8
Layer 1
10
388.113126
20
373.675687
70
0
0
VERTEX
8
Layer 1
10
388.652767
20
373.645370
70
0
0
VERTEX
8
Layer 1
10
388.937745
20
373.380235
70
0
0
VERTEX
8
Layer 1
10
390.415003
20
371.484053
70
0
0
VERTEX
8
Layer 1
10
391.234661
20
370.780702
70
0
0
VERTEX
8
Layer 1
10
392.077469
20
370.275789
70
0
0
VERTEX
8
Layer 1
10
392.798184
20
369.927972
70
0
0
VERTEX
8
Layer 1
10
393.590005
20
369.722368
70
0
0
VERTEX
8
Layer 1
10
394.897764
20
369.725124
70
0
0
VERTEX
8
Layer 1
10
397.166292
20
370.002386
70
0
0
VERTEX
8
Layer 1
10
406.364978
20
371.645008
70
0
0
VERTEX
8
Layer 1
10
424.744712
20
375.179403
70
0
0
VERTEX
8
Layer 1
10
495.794201
20
389.065627
70
0
0
VERTEX
8
Layer 1
10
510.807110
20
392.230156
70
0
0
VERTEX
8
Layer 1
10
514.638334
20
393.161504
70
0
0
VERTEX
8
Layer 1
10
516.572825
20
393.770804
70
0
0
VERTEX
8
Layer 1
10
518.184029
20
394.738187
70
0
0
VERTEX
8
Layer 1
10
519.646404
20
396.112368
70
0
0
VERTEX
8
Layer 1
10
520.824352
20
397.744517
70
0
0
VERTEX
8
Layer 1
10
521.582273
20
399.485807
70
0
0
VERTEX
8
Layer 1
10
522.110338
20
404.325480
70
0
0
VERTEX
8
Layer 1
10
522.684704
20
413.544010
70
0
0
VERTEX
8
Layer 1
10
523.140008
20
424.032541
70
0
0
VERTEX
8
Layer 1
10
523.310885
20
432.682217
70
0
0
VERTEX
8
Layer 1
10
523.160955
20
438.225241
70
0
0
VERTEX
8
Layer 1
10
522.864401
20
439.880542
70
0
0
VERTEX
8
Layer 1
10
522.323107
20
441.678056
70
0
0
VERTEX
8
Layer 1
10
521.422420
20
444.209789
70
0
0
VERTEX
8
Layer 1
10
520.541578
20
446.189205
70
0
0
VERTEX
8
Layer 1
10
519.475527
20
448.003255
70
0
0
VERTEX
8
Layer 1
10
518.019215
20
450.038895
70
0
0
VERTEX
8
Layer 1
10
516.483460
20
451.847640
70
0
0
VERTEX
8
Layer 1
10
514.788540
20
453.462495
70
0
0
VERTEX
8
Layer 1
10
512.937352
20
454.881393
70
0
0
VERTEX
8
Layer 1
10
510.932787
20
456.102266
70
0
0
VERTEX
8
Layer 1
10
508.777741
20
457.123049
70
0
0
VERTEX
8
Layer 1
10
506.475106
20
457.941673
70
0
0
VERTEX
8
Layer 1
10
504.027778
20
458.556072
70
0
0
VERTEX
8
Layer 1
10
501.438649
20
458.964178
70
0
0
VERTEX
8
Layer 1
10
499.605857
20
459.124582
70
0
0
VERTEX
8
Layer 1
10
497.756529
20
459.109699
70
0
0
VERTEX
8
Layer 1
10
492.090032
20
458.435011
70
0
0
VERTEX
8
Layer 1
10
490.683330
20
458.337997
70
0
0
VERTEX
8
Layer 1
10
490.408273
20
458.534230
70
0
0
VERTEX
8
Layer 1
10
490.255587
20
458.928900
70
0
0
VERTEX
8
Layer 1
10
490.295274
20
459.607998
70
0
0
VERTEX
8
Layer 1
10
490.890587
20
460.128345
70
0
0
VERTEX
8
Layer 1
10
491.332111
20
460.408363
70
0
0
VERTEX
8
Layer 1
10
491.512358
20
460.728068
70
0
0
VERTEX
8
Layer 1
10
491.208087
20
462.174458
70
0
0
VERTEX
8
Layer 1
10
490.907123
20
463.101602
70
0
0
VERTEX
8
Layer 1
10
490.573087
20
463.612028
70
0
0
VERTEX
8
Layer 1
10
490.027383
20
463.871099
70
0
0
VERTEX
8
Layer 1
10
489.091419
20
464.044181
70
0
0
VERTEX
8
Layer 1
10
487.151691
20
464.215609
70
0
0
VERTEX
8
Layer 1
10
485.188813
20
464.198522
70
0
0
VERTEX
8
Layer 1
10
483.113486
20
463.989611
70
0
0
VERTEX
8
Layer 1
10
480.836414
20
463.585570
70
0
0
VERTEX
8
Layer 1
10
480.836414
20
463.585570
70
0
0
SEQEND
8
Layer 1
0
POLYLINE
8
Layer 1
62
7
70
0
10
0.000000
20
0.000000
66
1
0
VERTEX
8
Layer 1
10
611.505385
20
459.775567
70
0
0
VERTEX
8
Layer 1
10
610.925506
20
459.269551
70
0
0
VERTEX
8
Layer 1
10
610.147190
20
458.875983
70
0
0
VERTEX
8
Layer 1
10
607.413160
20
458.188066
70
0
0
VERTEX
8
Layer 1
10
604.549595
20
457.479754
70
0
0
VERTEX
8
Layer 1
10
601.729025
20
456.543239
70
0
0
VERTEX
8
Layer 1
10
599.034132
20
455.414901
70
0
0
VERTEX
8
Layer 1
10
596.547598
20
454.131119
70
0
0
VERTEX
8
Layer 1
10
593.934836
20
452.225016
70
0
0
VERTEX
8
Layer 1
10
590.911969
20
449.465630
70
0
0
VERTEX
8
Layer 1
10
588.113999
20
446.481349
70
0
0
VERTEX
8
Layer 1
10
586.175925
20
443.900557
70
0
0
VERTEX
8
Layer 1
10
584.870646
20
441.713334
70
0
0
VERTEX
8
Layer 1
10
592.878707
20
428.025547
70
0
0
VERTEX
8
Layer 1
10
603.885380
20
409.222480
70
0
0
VERTEX
8
Layer 1
10
607.130938
20
403.824977
70
0
0
VERTEX
8
Layer 1
10
607.252757
20
403.849781
70
0
0
VERTEX
8
Layer 1
10
607.391112
20
404.155706
70
0
0
VERTEX
8
Layer 1
10
607.624827
20
405.412478
70
0
0
VERTEX
8
Layer 1
10
607.931303
20
407.600252
70
0
0
VERTEX
8
Layer 1
10
608.224550
20
408.733001
70
0
0
VERTEX
8
Layer 1
10
608.676547
20
409.157988
70
0
0
VERTEX
8
Layer 1
10
609.459273
20
409.222480
70
0
0
VERTEX
8
Layer 1
10
610.592572
20
408.988765
70
0
0
VERTEX
8
Layer 1
10
611.540663
20
408.199424
70
0
0
VERTEX
8
Layer 1
10
612.275640
20
407.578273
70
0
0
VERTEX
8
Layer 1
10
613.140842
20
407.165895
70
0
0
VERTEX
8
Layer 1
10
614.071363
20
406.956088
70
0
0
VERTEX
8
Layer 1
10
615.002297
20
406.942652
70
0
0
VERTEX
8
Layer 1
10
615.868739
20
407.119386
70
0
0
VERTEX
8
Layer 1
10
616.605783
20
407.480087
70
0
0
VERTEX
8
Layer 1
10
617.148524
20
408.018556
70
0
0
VERTEX
8
Layer 1
10
617.432056
20
408.728591
70
0
0
VERTEX
8
Layer 1
10
617.493792
20
433.872843
70
0
0
VERTEX
8
Layer 1
10
617.396778
20
459.387512
70
0
0
VERTEX
8
Layer 1
10
617.120619
20
459.939278
70
0
0
VERTEX
8
Layer 1
10
616.483965
20
460.362061
70
0
0
VERTEX
8
Layer 1
10
615.536425
20
460.632708
70
0
0
VERTEX
8
Layer 1
10
614.327609
20
460.728068
70
0
0
VERTEX
8
Layer 1
10
612.572539
20
460.556089
70
0
0
VERTEX
8
Layer 1
10
612.025733
20
460.266701
70
0
0
VERTEX
8
Layer 1
10
611.505385
20
459.775567
70
0
0
VERTEX
8
Layer 1
10
611.505385
20
459.775567
70
0
0
SEQEND
8
Layer 1
0
POLYLINE
8
Layer 1
62
7
70
0
10
0.000000
20
0.000000
66
1
0
VERTEX
8
Layer 1
10
619.125390
20
433.916940
70
0
0
VERTEX
8
Layer 1
10
619.266501
20
411.691926
70
0
0
VERTEX
8
Layer 1
10
620.254280
20
413.208871
70
0
0
VERTEX
8
Layer 1
10
621.872649
20
416.653418
70
0
0
VERTEX
8
Layer 1
10
623.173518
20
420.656897
70
0
0
VERTEX
8
Layer 1
10
624.143657
20
425.169699
70
0
0
VERTEX
8
Layer 1
10
624.769838
20
430.142215
70
0
0
VERTEX
8
Layer 1
10
624.919217
20
434.838573
70
0
0
VERTEX
8
Layer 1
10
624.589039
20
439.720138
70
0
0
VERTEX
8
Layer 1
10
623.802455
20
444.548787
70
0
0
VERTEX
8
Layer 1
10
622.582614
20
449.086394
70
0
0
VERTEX
8
Layer 1
10
620.783447
20
453.474070
70
0
0
VERTEX
8
Layer 1
10
619.844175
20
455.361984
70
0
0
VERTEX
8
Layer 1
10
619.301779
20
456.141954
70
0
0
VERTEX
8
Layer 1
10
619.173897
20
449.619971
70
0
0
VERTEX
8
Layer 1
10
619.125390
20
433.916940
70
0
0
VERTEX
8
Layer 1
10
619.125390
20
433.916940
70
0
0
SEQEND
8
Layer 1
0
POLYLINE
8
Layer 1
62
7
70
0
10
0.000000
20
0.000000
66
1
0
VERTEX
8
Layer 1
10
607.660105
20
385.939132
70
0
0
VERTEX
8
Layer 1
10
603.903019
20
383.628436
70
0
0
VERTEX
8
Layer 1
10
602.262602
20
382.481908
70
0
0
VERTEX
8
Layer 1
10
603.462047
20
380.091837
70
0
0
VERTEX
8
Layer 1
10
606.460660
20
374.791347
70
0
0
VERTEX
8
Layer 1
10
615.703443
20
358.951615
70
0
0
VERTEX
8
Layer 1
10
620.527683
20
350.798033
70
0
0
VERTEX
8
Layer 1
10
622.864837
20
347.168830
70
0
0
VERTEX
8
Layer 1
10
623.380775
20
347.349629
70
0
0
VERTEX
8
Layer 1
10
624.452338
20
347.980219
70
0
0
VERTEX
8
Layer 1
10
630.061508
20
351.331610
70
0
0
VERTEX
8
Layer 1
10
634.189011
20
353.695223
70
0
0
VERTEX
8
Layer 1
10
627.521506
20
365.160508
70
0
0
VERTEX
8
Layer 1
10
616.391360
20
384.122325
70
0
0
VERTEX
8
Layer 1
10
614.027748
20
387.990757
70
0
0
VERTEX
8
Layer 1
10
613.198720
20
389.114134
70
0
0
VERTEX
8
Layer 1
10
607.660105
20
385.939132
70
0
0
VERTEX
8
Layer 1
10
607.660105
20
385.939132
70
0
0
SEQEND
8
Layer 1
0
POLYLINE
8
Layer 1
62
7
70
0
10
0.000000
20
0.000000
66
1
0
VERTEX
8
Layer 1
10
629.320674
20
348.650497
70
0
0
VERTEX
8
Layer 1
10
623.111781
20
344.911051
70
0
0
VERTEX
8
Layer 1
10
622.900115
20
341.700771
70
0
0
VERTEX
8
Layer 1
10
622.653170
20
338.490491
70
0
0
VERTEX
8
Layer 1
10
624.275949
20
335.315489
70
0
0
VERTEX
8
Layer 1
10
625.504057
20
333.014715
70
0
0
VERTEX
8
Layer 1
10
626.374978
20
331.699514
70
0
0
VERTEX
8
Layer 1
10
627.192982
20
331.019314
70
0
0
VERTEX
8
Layer 1
10
628.262340
20
330.623542
70
0
0
VERTEX
8
Layer 1
10
629.581399
20
330.046419
70
0
0
VERTEX
8
Layer 1
10
630.771474
20
328.996353
70
0
0
VERTEX
8
Layer 1
10
632.126913
20
327.145922
70
0
0
VERTEX
8
Layer 1
10
633.942066
20
324.167704
70
0
0
VERTEX
8
Layer 1
10
643.043738
20
308.751306
70
0
0
VERTEX
8
Layer 1
10
649.534854
20
297.709354
70
0
0
VERTEX
8
Layer 1
10
648.088464
20
296.439353
70
0
0
VERTEX
8
Layer 1
10
646.519153
20
294.790116
70
0
0
VERTEX
8
Layer 1
10
646.024092
20
293.976246
70
0
0
VERTEX
8
Layer 1
10
645.720441
20
293.167337
70
0
0
VERTEX
8
Layer 1
10
645.606960
20
292.361736
70
0
0
VERTEX
8
Layer 1
10
645.682408
20
291.557788
70
0
0
VERTEX
8
Layer 1
10
645.945544
20
290.753840
70
0
0
VERTEX
8
Layer 1
10
646.395129
20
289.948238
70
0
0
VERTEX
8
Layer 1
10
647.318416
20
288.983611
70
0
0
VERTEX
8
Layer 1
10
648.489749
20
288.422473
70
0
0
VERTEX
8
Layer 1
10
649.892593
20
288.271440
70
0
0
VERTEX
8
Layer 1
10
651.510410
20
288.537126
70
0
0
VERTEX
8
Layer 1
10
653.349817
20
289.037079
70
0
0
VERTEX
8
Layer 1
10
653.940651
20
289.105774
70
0
0
VERTEX
8
Layer 1
10
654.398780
20
289.017786
70
0
0
VERTEX
8
Layer 1
10
654.789110
20
288.746244
70
0
0
VERTEX
8
Layer 1
10
655.176546
20
288.264274
70
0
0
VERTEX
8
Layer 1
10
656.202358
20
286.561569
70
0
0
VERTEX
8
Layer 1
10
664.633752
20
272.168227
70
0
0
VERTEX
8
Layer 1
10
676.980982
20
251.177936
70
0
0
VERTEX
8
Layer 1
10
687.564322
20
233.186258
70
0
0
VERTEX
8
Layer 1
10
691.090448
20
227.206120
70
0
0
VERTEX
8
Layer 1
10
693.151444
20
223.921426
70
0
0
VERTEX
8
Layer 1
10
694.306240
20
222.535118
70
0
0
VERTEX
8
Layer 1
10
694.718481
20
222.304779
70
0
0
VERTEX
8
Layer 1
10
695.113771
20
222.250140
70
0
0
VERTEX
8
Layer 1
10
697.204532
20
223.204845
70
0
0
VERTEX
8
Layer 1
10
701.256518
20
225.389864
70
0
0
VERTEX
8
Layer 1
10
705.447411
20
227.786550
70
0
0
VERTEX
8
Layer 1
10
707.954890
20
229.376256
70
0
0
VERTEX
8
Layer 1
10
708.245932
20
229.830457
70
0
0
VERTEX
8
Layer 1
10
708.378224
20
230.364034
70
0
0
VERTEX
8
Layer 1
10
706.354160
20
234.193880
70
0
0
VERTEX
8
Layer 1
10
700.678844
20
244.095918
70
0
0
VERTEX
8
Layer 1
10
680.755707
20
277.989064
70
0
0
VERTEX
8
Layer 1
10
671.089589
20
294.393241
70
0
0
VERTEX
8
Layer 1
10
668.831810
20
298.273799
70
0
0
VERTEX
8
Layer 1
10
670.384033
20
299.684911
70
0
0
VERTEX
8
Layer 1
10
671.557020
20
300.857347
70
0
0
VERTEX
8
Layer 1
10
672.280215
20
301.841267
70
0
0
VERTEX
8
Layer 1
10
672.646222
20
302.805343
70
0
0
VERTEX
8
Layer 1
10
672.747646
20
303.918247
70
0
0
VERTEX
8
Layer 1
10
672.689217
20
304.612227
70
0
0
VERTEX
8
Layer 1
10
672.491882
20
305.210296
70
0
0
VERTEX
8
Layer 1
10
671.548201
20
306.422971
70
0
0
VERTEX
8
Layer 1
10
670.869103
20
307.041986
70
0
0
VERTEX
8
Layer 1
10
670.269381
20
307.406339
70
0
0
VERTEX
8
Layer 1
10
669.603512
20
307.578870
70
0
0
VERTEX
8
Layer 1
10
668.725977
20
307.622416
70
0
0
VERTEX
8
Layer 1
10
667.182573
20
307.463666
70
0
0
VERTEX
8
Layer 1
10
665.797919
20
307.093249
70
0
0
VERTEX
8
Layer 1
10
664.457363
20
306.564082
70
0
0
VERTEX
8
Layer 1
10
662.889155
20
308.931002
70
0
0
VERTEX
8
Layer 1
10
659.161283
20
315.101310
70
0
0
VERTEX
8
Layer 1
10
648.547075
20
333.269377
70
0
0
VERTEX
8
Layer 1
10
645.654296
20
338.314102
70
0
0
VERTEX
8
Layer 1
10
645.830685
20
340.571881
70
0
0
VERTEX
8
Layer 1
10
645.916674
20
341.934486
70
0
0
VERTEX
8
Layer 1
10
645.751310
20
342.979591
70
0
0
VERTEX
8
Layer 1
10
645.175840
20
344.223134
70
0
0
VERTEX
8
Layer 1
10
644.031517
20
346.181051
70
0
0
VERTEX
8
Layer 1
10
642.448426
20
348.685775
70
0
0
VERTEX
8
Layer 1
10
641.420960
20
350.026332
70
0
0
VERTEX
8
Layer 1
10
640.380265
20
350.604006
70
0
0
VERTEX
8
Layer 1
10
638.704569
20
351.261055
70
0
0
VERTEX
8
Layer 1
10
636.058734
20
352.178277
70
0
0
VERTEX
8
Layer 1
10
635.392866
20
351.999132
70
0
0
VERTEX
8
Layer 1
10
633.959705
20
351.300742
70
0
0
VERTEX
8
Layer 1
10
629.320674
20
348.650497
70
0
0
VERTEX
8
Layer 1
10
629.320674
20
348.650497
70
0
0
SEQEND
8
Layer 1
0
POLYLINE
8
Layer 1
62
7
70
0
10
0.000000
20
0.000000
66
1
0
VERTEX
8
Layer 1
10
699.558774
20
237.842928
70
0
0
VERTEX
8
Layer 1
10
700.387802
20
236.983031
70
0
0
VERTEX
8
Layer 1
10
701.110997
20
235.832093
70
0
0
VERTEX
8
Layer 1
10
701.456058
20
235.059289
70
0
0
VERTEX
8
Layer 1
10
701.596067
20
234.465078
70
0
0
VERTEX
8
Layer 1
10
701.537638
20
233.857639
70
0
0
VERTEX
8
Layer 1
10
701.287386
20
233.045147
70
0
0
VERTEX
8
Layer 1
10
700.574940
20
231.724021
70
0
0
VERTEX
8
Layer 1
10
699.563184
20
230.777446
70
0
0
VERTEX
8
Layer 1
10
698.352990
20
230.206249
70
0
0
VERTEX
8
Layer 1
10
697.045231
20
230.011256
70
0
0
VERTEX
8
Layer 1
10
695.740779
20
230.193295
70
0
0
VERTEX
8
Layer 1
10
694.540507
20
230.753192
70
0
0
VERTEX
8
Layer 1
10
693.545287
20
231.691775
70
0
0
VERTEX
8
Layer 1
10
692.855992
20
233.009869
70
0
0
VERTEX
8
Layer 1
10
692.643361
20
234.418501
70
0
0
VERTEX
8
Layer 1
10
692.901192
20
235.719645
70
0
0
VERTEX
8
Layer 1
10
693.544323
20
236.852118
70
0
0
VERTEX
8
Layer 1
10
694.487590
20
237.754733
70
0
0
VERTEX
8
Layer 1
10
695.645832
20
238.366307
70
0
0
VERTEX
8
Layer 1
10
696.933885
20
238.625654
70
0
0
VERTEX
8
Layer 1
10
698.266587
20
238.471589
70
0
0
VERTEX
8
Layer 1
10
699.558774
20
237.842928
70
0
0
VERTEX
8
Layer 1
10
699.558774
20
237.842928
70
0
0
SEQEND
8
Layer 1
0
POLYLINE
8
Layer 1
62
7
70
0
10
0.000000
20
0.000000
66
1
0
VERTEX
8
Layer 1
10
113.418127
20
347.521608
70
0
0
VERTEX
8
Layer 1
10
107.584061
20
345.194927
70
0
0
VERTEX
8
Layer 1
10
102.411453
20
342.878167
70
0
0
VERTEX
8
Layer 1
10
97.582805
20
340.422502
70
0
0
VERTEX
8
Layer 1
10
92.780614
20
337.679102
70
0
0
VERTEX
8
Layer 1
10
86.291704
20
333.553804
70
0
0
VERTEX
8
Layer 1
10
80.318731
20
329.203610
70
0
0
VERTEX
8
Layer 1
10
74.623571
20
324.443312
70
0
0
VERTEX
8
Layer 1
10
68.968099
20
319.087701
70
0
0
VERTEX
8
Layer 1
10
65.490264
20
315.462511
70
0
0
VERTEX
8
Layer 1
10
62.176502
20
311.696037
70
0
0
VERTEX
8
Layer 1
10
59.030482
20
307.795825
70
0
0
VERTEX
8
Layer 1
10
56.055873
20
303.769419
70
0
0
VERTEX
8
Layer 1
10
53.256344
20
299.624363
70
0
0
VERTEX
8
Layer 1
10
50.635563
20
295.368204
70
0
0
VERTEX
8
Layer 1
10
48.197200
20
291.008484
70
0
0
VERTEX
8
Layer 1
10
45.944925
20
286.552750
70
0
0
VERTEX
8
Layer 1
10
43.882405
20
282.008546
70
0
0
VERTEX
8
Layer 1
10
42.013310
20
277.383416
70
0
0
VERTEX
8
Layer 1
10
40.341310
20
272.684906
70
0
0
VERTEX
8
Layer 1
10
38.870072
20
267.920559
70
0
0
VERTEX
8
Layer 1
10
37.603267
20
263.097922
70
0
0
VERTEX
8
Layer 1
10
36.544562
20
258.224539
70
0
0
VERTEX
8
Layer 1
10
35.697628
20
253.307954
70
0
0
VERTEX
8
Layer 1
10
35.066133
20
248.355712
70
0
0
VERTEX
8
Layer 1
10
34.705087
20
242.152331
70
0
0
VERTEX
8
Layer 1
10
34.664848
20
234.606189
70
0
0
VERTEX
8
Layer 1
10
34.922266
20
227.152652
70
0
0
VERTEX
8
Layer 1
10
35.454189
20
221.227084
70
0
0
VERTEX
8
Layer 1
10
36.253589
20
216.224621
70
0
0
VERTEX
8
Layer 1
10
37.235718
20
211.312024
70
0
0
VERTEX
8
Layer 1
10
38.399747
20
206.490687
70
0
0
VERTEX
8
Layer 1
10
39.744851
20
201.762006
70
0
0
VERTEX
8
Layer 1
10
41.270203
20
197.127377
70
0
0
VERTEX
8
Layer 1
10
42.974975
20
192.588194
70
0
0
VERTEX
8
Layer 1
10
44.858341
20
188.145852
70
0
0
VERTEX
8
Layer 1
10
46.919474
20
183.801748
70
0
0
VERTEX
8
Layer 1
10
49.157547
20
179.557275
70
0
0
VERTEX
8
Layer 1
10
51.571734
20
175.413831
70
0
0
VERTEX
8
Layer 1
10
54.161207
20
171.372809
70
0
0
VERTEX
8
Layer 1
10
56.925140
20
167.435605
70
0
0
VERTEX
8
Layer 1
10
59.862706
20
163.603614
70
0
0
VERTEX
8
Layer 1
10
62.973078
20
159.878232
70
0
0
VERTEX
8
Layer 1
10
66.255429
20
156.260853
70
0
0
VERTEX
8
Layer 1
10
69.708933
20
152.752874
70
0
0
VERTEX
8
Layer 1
10
73.339101
20
149.335406
70
0
0
VERTEX
8
Layer 1
10
76.908911
20
146.202779
70
0
0
VERTEX
8
Layer 1
10
80.470453
20
143.319025
70
0
0
VERTEX
8
Layer 1
10
84.075817
20
140.648179
70
0
0
VERTEX
8
Layer 1
10
87.777092
20
138.154273
70
0
0
VERTEX
8
Layer 1
10
91.626368
20
135.801340
70
0
0
VERTEX
8
Layer 1
10
95.675736
20
133.553414
70
0
0
VERTEX
8
Layer 1
10
99.977285
20
131.374527
70
0
0
VERTEX
8
Layer 1
10
104.377226
20
129.346881
70
0
0
VERTEX
8
Layer 1
10
108.738306
20
127.542476
70
0
0
VERTEX
8
Layer 1
10
113.097733
20
125.949739
70
0
0
VERTEX
8
Layer 1
10
117.492713
20
124.557092
70
0
0
VERTEX
8
Layer 1
10
121.960453
20
123.352962
70
0
0
VERTEX
8
Layer 1
10
126.538161
20
122.325771
70
0
0
VERTEX
8
Layer 1
10
131.263044
20
121.463946
70
0
0
VERTEX
8
Layer 1
10
136.172308
20
120.755909
70
0
0
VERTEX
8
Layer 1
10
142.296865
20
120.300054
70
0
0
VERTEX
8
Layer 1
10
149.820407
20
120.151777
70
0
0
VERTEX
8
Layer 1
10
157.390251
20
120.314386
70
0
0
VERTEX
8
Layer 1
10
163.653714
20
120.791187
70
0
0
VERTEX
8
Layer 1
10
168.400499
20
121.465875
70
0
0
VERTEX
8
Layer 1
10
173.099276
20
122.337347
70
0
0
VERTEX
8
Layer 1
10
177.745034
20
123.403122
70
0
0
VERTEX
8
Layer 1
10
182.332758
20
124.660721
70
0
0
VERTEX
8
Layer 1
10
186.857437
20
126.107662
70
0
0
VERTEX
8
Layer 1
10
191.314059
20
127.741465
70
0
0
VERTEX
8
Layer 1
10
195.697610
20
129.559650
70
0
0
VERTEX
8
Layer 1
10
200.003077
20
131.559736
70
0
0
VERTEX
8
Layer 1
10
204.225449
20
133.739242
70
0
0
VERTEX
8
Layer 1
10
208.359713
20
136.095689
70
0
0
VERTEX
8
Layer 1
10
212.400856
20
138.626596
70
0
0
VERTEX
8
Layer 1
10
216.343865
20
141.329481
70
0
0
VERTEX
8
Layer 1
10
220.183727
20
144.201866
70
0
0
VERTEX
8
Layer 1
10
223.915431
20
147.241269
70
0
0
VERTEX
8
Layer 1
10
227.533964
20
150.445210
70
0
0
VERTEX
8
Layer 1
10
231.034312
20
153.811208
70
0
0
VERTEX
8
Layer 1
10
235.638616
20
158.705452
70
0
0
VERTEX
8
Layer 1
10
240.193311
20
164.072638
70
0
0
VERTEX
8
Layer 1
10
244.304828
20
169.433210
70
0
0
VERTEX
8
Layer 1
10
247.579600
20
174.307610
70
0
0
VERTEX
8
Layer 1
10
248.355712
20
175.577611
70
0
0
VERTEX
8
Layer 1
10
235.726260
20
181.610114
70
0
0
VERTEX
8
Layer 1
10
221.544584
20
188.312896
70
0
0
VERTEX
8
Layer 1
10
217.946248
20
189.935675
70
0
0
VERTEX
8
Layer 1
10
215.970692
20
190.817620
70
0
0
VERTEX
8
Layer 1
10
213.465968
20
187.501507
70
0
0
VERTEX
8
Layer 1
10
210.687841
20
184.097199
70
0
0
VERTEX
8
Layer 1
10
207.539297
20
180.587058
70
0
0
VERTEX
8
Layer 1
10
202.780171
20
175.990678
70
0
0
VERTEX
8
Layer 1
10
197.743645
20
171.835408
70
0
0
VERTEX
8
Layer 1
10
192.440054
20
168.125795
70
0
0
VERTEX
8
Layer 1
10
186.879736
20
164.866389
70
0
0
VERTEX
8
Layer 1
10
181.073024
20
162.061735
70
0
0
VERTEX
8
Layer 1
10
175.030253
20
159.716381
70
0
0
VERTEX
8
Layer 1
10
168.761760
20
157.834875
70
0
0
VERTEX
8
Layer 1
10
162.277880
20
156.421765
70
0
0
VERTEX
8
Layer 1
10
159.915301
20
156.109157
70
0
0
VERTEX
8
Layer 1
10
156.871006
20
155.885432
70
0
0
VERTEX
8
Layer 1
10
149.661657
20
155.702980
70
0
0
VERTEX
8
Layer 1
10
142.498610
20
155.871101
70
0
0
VERTEX
8
Layer 1
10
139.512192
20
156.085593
70
0
0
VERTEX
8
Layer 1
10
137.230642
20
156.386487
70
0
0
VERTEX
8
Layer 1
10
130.631902
20
157.853823
70
0
0
VERTEX
8
Layer 1
10
124.366372
20
159.724649
70
0
0
VERTEX
8
Layer 1
10
118.410074
20
162.012194
70
0
0
VERTEX
8
Layer 1
10
112.739029
20
164.729687
70
0
0
VERTEX
8
Layer 1
10
107.329261
20
167.890357
70
0
0
VERTEX
8
Layer 1
10
102.156792
20
171.507434
70
0
0
VERTEX
8
Layer 1
10
97.197643
20
175.594147
70
0
0
VERTEX
8
Layer 1
10
92.427836
20
180.163725
70
0
0
VERTEX
8
Layer 1
10
88.226815
20
184.793867
70
0
0
VERTEX
8
Layer 1
10
84.457809
20
189.641877
70
0
0
VERTEX
8
Layer 1
10
81.116271
20
194.717264
70
0
0
VERTEX
8
Layer 1
10
78.197653
20
200.029536
70
0
0
VERTEX
8
Layer 1
10
75.697408
20
205.588201
70
0
0
VERTEX
8
Layer 1
10
73.610988
20
211.402768
70
0
0
VERTEX
8
Layer 1
10
71.933846
20
217.482745
70
0
0
VERTEX
8
Layer 1
10
70.661433
20
223.837641
70
0
0
VERTEX
8
Layer 1
10
70.165339
20
229.150808
70
0
0
VERTEX
8
Layer 1
10
69.999975
20
235.968794
70
0
0
VERTEX
8
Layer 1
10
70.165339
20
242.833083
70
0
0
VERTEX
8
Layer 1
10
70.661433
20
248.285156
70
0
0
VERTEX
8
Layer 1
10
71.883203
20
254.545106
70
0
0
VERTEX
8
Layer 1
10
73.536574
20
260.595455
70
0
0
VERTEX
8
Layer 1
10
75.619894
20
266.431657
70
0
0
VERTEX
8
Layer 1
10
78.131508
20
272.049164
70
0
0
VERTEX
8
Layer 1
10
81.069762
20
277.443429
70
0
0
VERTEX
8
Layer 1
10
84.433005
20
282.609905
70
0
0
VERTEX
8
Layer 1
10
88.219580
20
287.544042
70
0
0
VERTEX
8
Layer 1
10
92.427836
20
292.241295
70
0
0
VERTEX
8
Layer 1
10
97.186343
20
296.776697
70
0
0
VERTEX
8
Layer 1
10
102.264830
20
300.875537
70
0
0
VERTEX
8
Layer 1
10
107.639320
20
304.524584
70
0
0
VERTEX
8
Layer 1
10
113.285835
20
307.710610
70
0
0
VERTEX
8
Layer 1
10
119.180397
20
310.420387
70
0
0
VERTEX
8
Layer 1
10
125.299029
20
312.640683
70
0
0
VERTEX
8
Layer 1
10
131.617751
20
314.358271
70
0
0
VERTEX
8
Layer 1
10
138.112587
20
315.559921
70
0
0
VERTEX
8
Layer 1
10
142.063701
20
316.194921
70
0
0
VERTEX
8
Layer 1
10
141.463978
20
328.083540
70
0
0
VERTEX
8
Layer 1
10
140.758422
20
340.818826
70
0
0
VERTEX
8
Layer 1
10
140.700544
20
341.352403
70
0
0
VERTEX
8
Layer 1
10
140.295401
20
341.647854
70
0
0
VERTEX
8
Layer 1
10
137.054253
20
341.947715
70
0
0
VERTEX
8
Layer 1
10
132.177648
20
342.481843
70
0
0
VERTEX
8
Layer 1
10
130.028941
20
342.911998
70
0
0
VERTEX
8
Layer 1
10
128.018726
20
343.469071
70
0
0
VERTEX
8
Layer 1
10
126.106077
20
344.166703
70
0
0
VERTEX
8
Layer 1
10
124.250065
20
345.018538
70
0
0
VERTEX
8
Layer 1
10
120.544243
20
347.239385
70
0
0
VERTEX
8
Layer 1
10
118.687748
20
348.412372
70
0
0
VERTEX
8
Layer 1
10
117.545630
20
348.897442
70
0
0
VERTEX
8
Layer 1
10
116.090420
20
348.487338
70
0
0
VERTEX
8
Layer 1
10
113.418127
20
347.521608
70
0
0
VERTEX
8
Layer 1
10
113.418127
20
347.521608
70
0
0
SEQEND
8
Layer 1
0
POLYLINE
8
Layer 1
62
7
70
0
10
0.000000
20
0.000000
66
1
0
VERTEX
8
Layer 1
10
687.917100
20
348.544664
70
0
0
VERTEX
8
Layer 1
10
680.955247
20
347.702958
70
0
0
VERTEX
8
Layer 1
10
673.814799
20
346.441225
70
0
0
VERTEX
8
Layer 1
10
666.872790
20
344.828919
70
0
0
VERTEX
8
Layer 1
10
660.506249
20
342.935494
70
0
0
VERTEX
8
Layer 1
10
653.437460
20
340.276430
70
0
0
VERTEX
8
Layer 1
10
648.511797
20
338.172991
70
0
0
VERTEX
8
Layer 1
10
648.590621
20
337.659258
70
0
0
VERTEX
8
Layer 1
10
649.380513
20
336.100420
70
0
0
VERTEX
8
Layer 1
10
654.191523
20
327.836595
70
0
0
VERTEX
8
Layer 1
10
657.542914
20
322.275932
70
0
0
VERTEX
8
Layer 1
10
659.095137
20
319.969646
70
0
0
VERTEX
8
Layer 1
10
664.034029
20
321.698258
70
0
0
VERTEX
8
Layer 1
10
670.567106
20
323.877351
70
0
0
VERTEX
8
Layer 1
10
677.213044
20
325.571099
70
0
0
VERTEX
8
Layer 1
10
683.949105
20
326.777021
70
0
0
VERTEX
8
Layer 1
10
690.752553
20
327.492637
70
0
0
VERTEX
8
Layer 1
10
697.600649
20
327.715466
70
0
0
VERTEX
8
Layer 1
10
704.470656
20
327.443027
70
0
0
VERTEX
8
Layer 1
10
711.339837
20
326.672841
70
0
0
VERTEX
8
Layer 1
10
718.185452
20
325.402427
70
0
0
VERTEX
8
Layer 1
10
722.618061
20
324.302804
70
0
0
VERTEX
8
Layer 1
10
726.981269
20
322.978594
70
0
0
VERTEX
8
Layer 1
10
731.267685
20
321.435070
70
0
0
VERTEX
8
Layer 1
10
735.469921
20
319.677502
70
0
0
VERTEX
8
Layer 1
10
739.580585
20
317.711161
70
0
0
VERTEX
8
Layer 1
10
743.592290
20
315.541317
70
0
0
VERTEX
8
Layer 1
10
747.497644
20
313.173243
70
0
0
VERTEX
8
Layer 1
10
751.289258
20
310.612210
70
0
0
VERTEX
8
Layer 1
10
754.959743
20
307.863487
70
0
0
VERTEX
8
Layer 1
10
758.501708
20
304.932346
70
0
0
VERTEX
8
Layer 1
10
761.907764
20
301.824058
70
0
0
VERTEX
8
Layer 1
10
765.170521
20
298.543895
70
0
0
VERTEX
8
Layer 1
10
768.282590
20
295.097126
70
0
0
VERTEX
8
Layer 1
10
771.236580
20
291.489024
70
0
0
VERTEX
8
Layer 1
10
774.025102
20
287.724858
70
0
0
VERTEX
8
Layer 1
10
776.640767
20
283.809901
70
0
0
VERTEX
8
Layer 1
10
778.802083
20
280.052815
70
0
0
VERTEX
8
Layer 1
10
781.204832
20
275.369687
70
0
0
VERTEX
8
Layer 1
10
783.442217
20
270.593955
70
0
0
VERTEX
8
Layer 1
10
785.107439
20
266.559057
70
0
0
VERTEX
8
Layer 1
10
786.485271
20
262.504452
70
0
0
VERTEX
8
Layer 1
10
787.656811
20
258.424217
70
0
0
VERTEX
8
Layer 1
10
788.624126
20
254.299332
70
0
0
VERTEX
8
Layer 1
10
789.389282
20
250.110783
70
0
0
VERTEX
8
Layer 1
10
789.954347
20
245.839550
70
0
0
VERTEX
8
Layer 1
10
790.321388
20
241.466619
70
0
0
VERTEX
8
Layer 1
10
790.492471
20
236.972972
70
0
0
VERTEX
8
Layer 1
10
790.469665
20
232.339591
70
0
0
VERTEX
8
Layer 1
10
790.248627
20
226.417330
70
0
0
VERTEX
8
Layer 1
10
789.786157
20
221.474028
70
0
0
VERTEX
8
Layer 1
10
788.986343
20
216.742393
70
0
0
VERTEX
8
Layer 1
10
787.753274
20
211.455133
70
0
0
VERTEX
8
Layer 1
10
786.420435
20
206.649635
70
0
0
VERTEX
8
Layer 1
10
784.975147
20
202.379919
70
0
0
VERTEX
8
Layer 1
10
783.199131
20
198.070515
70
0
0
VERTEX
8
Layer 1
10
780.874103
20
193.145955
70
0
0
VERTEX
8
Layer 1
10
777.334747
20
186.523650
70
0
0
VERTEX
8
Layer 1
10
775.469778
20
183.500646
70
0
0
VERTEX
8
Layer 1
10
773.487814
20
180.595878
70
0
0
VERTEX
8
Layer 1
10
771.348752
20
177.753948
70
0
0
VERTEX
8
Layer 1
10
769.012494
20
174.919459
70
0
0
VERTEX
8
Layer 1
10
763.587981
20
169.051218
70
0
0
VERTEX
8
Layer 1
10
760.647383
20
166.137285
70
0
0
VERTEX
8
Layer 1
10
757.724149
20
163.460238
70
0
0
VERTEX
8
Layer 1
10
754.776110
20
160.989069
70
0
0
VERTEX
8
Layer 1
10
751.761099
20
158.692774
70
0
0
VERTEX
8
Layer 1
10
748.636946
20
156.540345
70
0
0
VERTEX
8
Layer 1
10
745.361485
20
154.500779
70
0
0
VERTEX
8
Layer 1
10
741.892547
20
152.543068
70
0
0
VERTEX
8
Layer 1
10
738.187965
20
150.636206
70
0
0
VERTEX
8
Layer 1
10
731.395886
20
147.548296
70
0
0
VERTEX
8
Layer 1
10
724.808859
20
145.141689
70
0
0
VERTEX
8
Layer 1
10
718.076312
20
143.303936
70
0
0
VERTEX
8
Layer 1
10
710.847670
20
141.922589
70
0
0
VERTEX
8
Layer 1
10
708.288100
20
141.623142
70
0
0
VERTEX
8
Layer 1
10
705.088569
20
141.412164
70
0
0
VERTEX
8
Layer 1
10
697.609676
20
141.252311
70
0
0
VERTEX
8
Layer 1
10
690.091094
20
141.436417
70
0
0
VERTEX
8
Layer 1
10
684.212931
20
141.957867
70
0
0
VERTEX
8
Layer 1
10
677.971241
20
143.117418
70
0
0
VERTEX
8
Layer 1
10
671.916413
20
144.639531
70
0
0
VERTEX
8
Layer 1
10
666.043486
20
146.526273
70
0
0
VERTEX
8
Layer 1
10
660.347499
20
148.779712
70
0
0
VERTEX
8
Layer 1
10
654.823492
20
151.401913
70
0
0
VERTEX
8
Layer 1
10
649.466503
20
154.394945
70
0
0
VERTEX
8
Layer 1
10
644.271571
20
157.760875
70
0
0
VERTEX
8
Layer 1
10
639.233736
20
161.501768
70
0
0
VERTEX
8
Layer 1
10
635.707058
20
164.566527
70
0
0
VERTEX
8
Layer 1
10
631.657828
20
168.451495
70
0
0
VERTEX
8
Layer 1
10
627.754119
20
172.495213
70
0
0
VERTEX
8
Layer 1
10
624.664005
20
176.036222
70
0
0
VERTEX
8
Layer 1
10
620.558439
20
181.527734
70
0
0
VERTEX
8
Layer 1
10
616.895378
20
187.231067
70
0
0
VERTEX
8
Layer 1
10
613.677459
20
193.122399
70
0
0
VERTEX
8
Layer 1
10
610.907316
20
199.177908
70
0
0
VERTEX
8
Layer 1
10
608.587586
20
205.373769
70
0
0
VERTEX
8
Layer 1
10
606.720902
20
211.686161
70
0
0
VERTEX
8
Layer 1
10
605.309902
20
218.091261
70
0
0
VERTEX
8
Layer 1
10
604.357221
20
224.565246
70
0
0
VERTEX
8
Layer 1
10
603.865494
20
231.084292
70
0
0
VERTEX
8
Layer 1
10
603.837356
20
237.624577
70
0
0
VERTEX
8
Layer 1
10
604.275443
20
244.162279
70
0
0
VERTEX
8
Layer 1
10
605.182391
20
250.673574
70
0
0
VERTEX
8
Layer 1
10
606.560835
20
257.134639
70
0
0
VERTEX
8
Layer 1
10
608.413410
20
263.521652
70
0
0
VERTEX
8
Layer 1
10
610.742753
20
269.810790
70
0
0
VERTEX
8
Layer 1
10
613.551498
20
275.978229
70
0
0
VERTEX
8
Layer 1
10
615.477652
20
279.665586
70
0
0
VERTEX
8
Layer 1
10
617.464577
20
283.133008
70
0
0
VERTEX
8
Layer 1
10
619.539973
20
286.418529
70
0
0
VERTEX
8
Layer 1
10
621.731537
20
289.560182
70
0
0
VERTEX
8
Layer 1
10
624.066969
20
292.596002
70
0
0
VERTEX
8
Layer 1
10
626.573967
20
295.564023
70
0
0
VERTEX
8
Layer 1
10
629.280229
20
298.502278
70
0
0
VERTEX
8
Layer 1
10
632.213454
20
301.448801
70
0
0
VERTEX
8
Layer 1
10
635.697137
20
304.698768
70
0
0
VERTEX
8
Layer 1
10
638.387069
20
307.022693
70
0
0
VERTEX
8
Layer 1
10
640.574292
20
308.716028
70
0
0
VERTEX
8
Layer 1
10
637.822624
20
313.372697
70
0
0
VERTEX
8
Layer 1
10
632.566232
20
322.368536
70
0
0
VERTEX
8
Layer 1
10
630.674460
20
325.406837
70
0
0
VERTEX
8
Layer 1
10
629.708730
20
326.672428
70
0
0
VERTEX
8
Layer 1
10
626.957062
20
324.837982
70
0
0
VERTEX
8
Layer 1
10
623.246760
20
321.861074
70
0
0
VERTEX
8
Layer 1
10
619.506280
20
318.524910
70
0
0
VERTEX
8
Layer 1
10
615.788124
20
314.886956
70
0
0
VERTEX
8
Layer 1
10
612.144795
20
311.004675
70
0
0
VERTEX
8
Layer 1
10
608.628798
20
306.935532
70
0
0
VERTEX
8
Layer 1
10
605.292634
20
302.736992
70
0
0
VERTEX
8
Layer 1
10
602.188808
20
298.466518
70
0
0
VERTEX
8
Layer 1
10
599.369822
20
294.181574
70
0
0
VERTEX
8
Layer 1
10
596.843050
20
289.810986
70
0
0
VERTEX
8
Layer 1
10
594.078152
20
284.484589
70
0
0
VERTEX
8
Layer 1
10
591.551380
20
279.164807
70
0
0
VERTEX
8
Layer 1
10
589.738983
20
274.814062
70
0
0
VERTEX
8
Layer 1
10
587.583730
20
268.448073
70
0
0
VERTEX
8
Layer 1
10
585.779050
20
261.959714
70
0
0
VERTEX
8
Layer 1
10
584.331557
20
255.372136
70
0
0
VERTEX
8
Layer 1
10
583.247867
20
248.708490
70
0
0
VERTEX
8
Layer 1
10
582.794217
20
242.894819
70
0
0
VERTEX
8
Layer 1
10
582.608457
20
235.404350
70
0
0
VERTEX
8
Layer 1
10
582.707125
20
227.907266
70
0
0
VERTEX
8
Layer 1
10
583.106756
20
222.073751
70
0
0
VERTEX
8
Layer 1
10
584.166744
20
215.040240
70
0
0
VERTEX
8
Layer 1
10
585.659987
20
207.927353
70
0
0
VERTEX
8
Layer 1
10
587.517032
20
200.999675
70
0
0
VERTEX
8
Layer 1
10
589.668427
20
194.521789
70
0
0
VERTEX
8
Layer 1
10
592.007648
20
188.869004
70
0
0
VERTEX
8
Layer 1
10
594.828908
20
183.113279
70
0
0
VERTEX
8
Layer 1
10
598.068540
20
177.350113
70
0
0
VERTEX
8
Layer 1
10
601.662879
20
171.675004
70
0
0
VERTEX
8
Layer 1
10
605.548260
20
166.183449
70
0
0
VERTEX
8
Layer 1
10
609.661018
20
160.970948
70
0
0
VERTEX
8
Layer 1
10
613.937486
20
156.132997
70
0
0
VERTEX
8
Layer 1
10
618.314001
20
151.765096
70
0
0
VERTEX
8
Layer 1
10
621.943351
20
148.499978
70
0
0
VERTEX
8
Layer 1
10
625.611613
20
145.423429
70
0
0
VERTEX
8
Layer 1
10
629.323801
20
142.533018
70
0
0
VERTEX
8
Layer 1
10
633.084926
20
139.826316
70
0
0
VERTEX
8
Layer 1
10
636.900001
20
137.300896
70
0
0
VERTEX
8
Layer 1
10
640.774039
20
134.954328
70
0
0
VERTEX
8
Layer 1
10
644.712053
20
132.784184
70
0
0
VERTEX
8
Layer 1
10
648.719054
20
130.788034
70
0
0
VERTEX
8
Layer 1
10
652.800057
20
128.963450
70
0
0
VERTEX
8
Layer 1
10
656.960073
20
127.308003
70
0
0
VERTEX
8
Layer 1
10
661.204114
20
125.819264
70
0
0
VERTEX
8
Layer 1
10
665.537194
20
124.494805
70
0
0
VERTEX
8
Layer 1
10
669.964326
20
123.332196
70
0
0
VERTEX
8
Layer 1
10
674.490521
20
122.329010
70
0
0
VERTEX
8
Layer 1
10
679.120792
20
121.482816
70
0
0
VERTEX
8
Layer 1
10
683.860153
20
120.791187
70
0
0
VERTEX
8
Layer 1
10
689.429084
20
120.361790
70
0
0
VERTEX
8
Layer 1
10
696.661585
20
120.187055
70
0
0
VERTEX
8
Layer 1
10
703.887470
20
120.270288
70
0
0
VERTEX
8
Layer 1
10
709.436558
20
120.614798
70
0
0
VERTEX
8
Layer 1
10
714.476779
20
121.295420
70
0
0
VERTEX
8
Layer 1
10
719.412252
20
122.160476
70
0
0
VERTEX
8
Layer 1
10
724.244888
20
123.210843
70
0
0
VERTEX
8
Layer 1
10
728.976601
20
124.447400
70
0
0
VERTEX
8
Layer 1
10
733.609301
20
125.871027
70
0
0
VERTEX
8
Layer 1
10
738.144901
20
127.482600
70
0
0
VERTEX
8
Layer 1
10
742.585313
20
129.283000
70
0
0
VERTEX
8
Layer 1
10
746.932450
20
131.273104
70
0
0
VERTEX
8
Layer 1
10
751.188222
20
133.453790
70
0
0
VERTEX
8
Layer 1
10
755.354542
20
135.825938
70
0
0
VERTEX
8
Layer 1
10
759.433322
20
138.390426
70
0
0
VERTEX
8
Layer 1
10
763.426475
20
141.148131
70
0
0
VERTEX
8
Layer 1
10
767.335911
20
144.099934
70
0
0
VERTEX
8
Layer 1
10
771.163544
20
147.246712
70
0
0
VERTEX
8
Layer 1
10
774.911285
20
150.589344
70
0
0
VERTEX
8
Layer 1
10
778.581046
20
154.128708
70
0
0
VERTEX
8
Layer 1
10
781.919837
20
157.608179
70
0
0
VERTEX
8
Layer 1
10
785.083806
20
161.168214
70
0
0
VERTEX
8
Layer 1
10
788.073418
20
164.810001
70
0
0
VERTEX
8
Layer 1
10
790.889140
20
168.534729
70
0
0
VERTEX
8
Layer 1
10
793.531435
20
172.343585
70
0
0
VERTEX
8
Layer 1
10
796.000769
20
176.237760
70
0
0
VERTEX
8
Layer 1
10
798.297607
20
180.218441
70
0
0
VERTEX
8
Layer 1
10
800.422414
20
184.286817
70
0
0
VERTEX
8
Layer 1
10
802.375655
20
188.444077
70
0
0
VERTEX
8
Layer 1
10
804.157796
20
192.691409
70
0
0
VERTEX
8
Layer 1
10
805.769300
20
197.030001
70
0
0
VERTEX
8
Layer 1
10
807.210634
20
201.461043
70
0
0
VERTEX
8
Layer 1
10
808.482263
20
205.985722
70
0
0
VERTEX
8
Layer 1
10
809.584651
20
210.605228
70
0
0
VERTEX
8
Layer 1
10
810.518264
20
215.320748
70
0
0
VERTEX
8
Layer 1
10
811.283567
20
220.133472
70
0
0
VERTEX
8
Layer 1
10
811.779661
20
226.384808
70
0
0
VERTEX
8
Layer 1
10
811.945025
20
234.478307
70
0
0
VERTEX
8
Layer 1
10
811.779661
20
242.631338
70
0
0
VERTEX
8
Layer 1
10
811.283567
20
249.061268
70
0
0
VERTEX
8
Layer 1
10
810.330515
20
255.031002
70
0
0
VERTEX
8
Layer 1
10
809.083114
20
260.882087
70
0
0
VERTEX
8
Layer 1
10
807.538056
20
266.624858
70
0
0
VERTEX
8
Layer 1
10
805.692035
20
272.269651
70
0
0
VERTEX
8
Layer 1
10
803.541743
20
277.826800
70
0
0
VERTEX
8
Layer 1
10
801.083873
20
283.306641
70
0
0
VERTEX
8
Layer 1
10
798.315117
20
288.719510
70
0
0
VERTEX
8
Layer 1
10
795.232168
20
294.075741
70
0
0
VERTEX
8
Layer 1
10
792.589984
20
298.217782
70
0
0
VERTEX
8
Layer 1
10
789.744816
20
302.255229
70
0
0
VERTEX
8
Layer 1
10
786.698730
20
306.186017
70
0
0
VERTEX
8
Layer 1
10
783.453792
20
310.008077
70
0
0
VERTEX
8
Layer 1
10
780.012071
20
313.719343
70
0
0
VERTEX
8
Layer 1
10
776.375632
20
317.317748
70
0
0
VERTEX
8
Layer 1
10
772.546544
20
320.801224
70
0
0
VERTEX
8
Layer 1
10
768.526873
20
324.167704
70
0
0
VERTEX
8
Layer 1
10
764.054861
20
327.609495
70
0
0
VERTEX
8
Layer 1
10
759.685374
20
330.614722
70
0
0
VERTEX
8
Layer 1
10
755.097607
20
333.395054
70
0
0
VERTEX
8
Layer 1
10
749.970750
20
336.162156
70
0
0
VERTEX
8
Layer 1
10
745.324623
20
338.445429
70
0
0
VERTEX
8
Layer 1
10
740.708674
20
340.484789
70
0
0
VERTEX
8
Layer 1
10
736.096860
20
342.287678
70
0
0
VERTEX
8
Layer 1
10
731.463134
20
343.861536
70
0
0
VERTEX
8
Layer 1
10
726.781453
20
345.213806
70
0
0
VERTEX
8
Layer 1
10
722.025772
20
346.351928
70
0
0
VERTEX
8
Layer 1
10
717.170044
20
347.283345
70
0
0
VERTEX
8
Layer 1
10
712.188226
20
348.015497
70
0
0
VERTEX
8
Layer 1
10
706.917503
20
348.440484
70
0
0
VERTEX
8
Layer 1
10
700.026205
20
348.690185
70
0
0
VERTEX
8
Layer 1
10
693.148136
20
348.734833
70
0
0
VERTEX
8
Layer 1
10
687.917100
20
348.544664
70
0
0
VERTEX
8
Layer 1
10
687.917100
20
348.544664
70
0
0
SEQEND
8
Layer 1
0
POLYLINE
8
Layer 1
62
7
70
0
10
0.000000
20
0.000000
66
1
0
VERTEX
8
Layer 1
10
150.918428
20
342.653271
70
0
0
VERTEX
8
Layer 1
10
151.377040
20
332.286008
70
0
0
VERTEX
8
Layer 1
10
152.258985
20
318.664367
70
0
0
VERTEX
8
Layer 1
10
152.435374
20
316.477144
70
0
0
VERTEX
8
Layer 1
10
154.798986
20
316.265477
70
0
0
VERTEX
8
Layer 1
10
161.451057
20
315.475034
70
0
0
VERTEX
8
Layer 1
10
167.401980
20
314.386934
70
0
0
VERTEX
8
Layer 1
10
172.916342
20
312.941647
70
0
0
VERTEX
8
Layer 1
10
178.258723
20
311.079640
70
0
0
VERTEX
8
Layer 1
10
184.585025
20
308.326318
70
0
0
VERTEX
8
Layer 1
10
190.557446
20
305.139741
70
0
0
VERTEX
8
Layer 1
10
196.192524
20
301.509986
70
0
0
VERTEX
8
Layer 1
10
201.506794
20
297.427132
70
0
0
VERTEX
8
Layer 1
10
205.616657
20
293.643588
70
0
0
VERTEX
8
Layer 1
10
211.525689
20
287.267125
70
0
0
VERTEX
8
Layer 1
10
212.548745
20
286.173514
70
0
0
VERTEX
8
Layer 1
10
224.649030
20
292.805740
70
0
0
VERTEX
8
Layer 1
10
236.925705
20
299.614355
70
0
0
VERTEX
8
Layer 1
10
236.807400
20
299.989595
70
0
0
VERTEX
8
Layer 1
10
236.263695
20
300.817108
70
0
0
VERTEX
8
Layer 1
10
234.196085
20
303.468455
70
0
0
VERTEX
8
Layer 1
10
231.314881
20
306.847407
70
0
0
VERTEX
8
Layer 1
10
228.212088
20
310.232973
70
0
0
VERTEX
8
Layer 1
10
225.399622
20
313.064628
70
0
0
VERTEX
8
Layer 1
10
222.493571
20
315.777582
70
0
0
VERTEX
8
Layer 1
10
219.496258
20
318.370544
70
0
0
VERTEX
8
Layer 1
10
216.410010
20
320.842220
70
0
0
VERTEX
8
Layer 1
10
209.980011
20
325.416552
70
0
0
VERTEX
8
Layer 1
10
203.222177
20
329.490242
70
0
0
VERTEX
8
Layer 1
10
196.155110
20
333.052956
70
0
0
VERTEX
8
Layer 1
10
188.797415
20
336.094357
70
0
0
VERTEX
8
Layer 1
10
181.167695
20
338.604110
70
0
0
VERTEX
8
Layer 1
10
173.284554
20
340.571881
70
0
0
VERTEX
8
Layer 1
10
167.016681
20
341.601552
70
0
0
VERTEX
8
Layer 1
10
159.733469
20
342.432785
70
0
0
VERTEX
8
Layer 1
10
153.634268
20
342.853914
70
0
0
VERTEX
8
Layer 1
10
151.715969
20
342.844543
70
0
0
VERTEX
8
Layer 1
10
150.918428
20
342.653271
70
0
0
VERTEX
8
Layer 1
10
150.918428
20
342.653271
70
0
0
SEQEND
8
Layer 1
0
POLYLINE
8
Layer 1
62
7
70
0
10
0.000000
20
0.000000
66
1
0
VERTEX
8
Layer 1
10
322.862426
20
329.247707
70
0
0
VERTEX
8
Layer 1
10
322.183328
20
328.304026
70
0
0
VERTEX
8
Layer 1
10
321.768814
20
326.672428
70
0
0
VERTEX
8
Layer 1
10
321.363119
20
324.957045
70
0
0
VERTEX
8
Layer 1
10
320.745758
20
323.532704
70
0
0
VERTEX
8
Layer 1
10
320.004924
20
322.333259
70
0
0
VERTEX
8
Layer 1
10
314.960198
20
322.262703
70
0
0
VERTEX
8
Layer 1
10
311.313356
20
322.114977
70
0
0
VERTEX
8
Layer 1
10
308.486722
20
321.662980
70
0
0
VERTEX
8
Layer 1
10
305.792380
20
320.734733
70
0
0
VERTEX
8
Layer 1
10
302.542413
20
319.158257
70
0
0
VERTEX
8
Layer 1
10
299.820510
20
317.372869
70
0
0
VERTEX
8
Layer 1
10
296.959701
20
314.929330
70
0
0
VERTEX
8
Layer 1
10
294.376705
20
312.227823
70
0
0
VERTEX
8
Layer 1
10
292.488240
20
309.668528
70
0
0
VERTEX
8
Layer 1
10
291.372631
20
307.571377
70
0
0
VERTEX
8
Layer 1
10
290.445848
20
305.427613
70
0
0
VERTEX
8
Layer 1
10
289.706547
20
303.247676
70
0
0
VERTEX
8
Layer 1
10
289.153385
20
301.042004
70
0
0
VERTEX
8
Layer 1
10
288.785018
20
298.821036
70
0
0
VERTEX
8
Layer 1
10
288.600103
20
296.595210
70
0
0
VERTEX
8
Layer 1
10
288.597295
20
294.374965
70
0
0
VERTEX
8
Layer 1
10
288.775251
20
292.170740
70
0
0
VERTEX
8
Layer 1
10
289.132629
20
289.992973
70
0
0
VERTEX
8
Layer 1
10
289.668083
20
287.852103
70
0
0
VERTEX
8
Layer 1
10
290.380271
20
285.758569
70
0
0
VERTEX
8
Layer 1
10
291.267848
20
283.722809
70
0
0
VERTEX
8
Layer 1
10
292.329472
20
281.755262
70
0
0
VERTEX
8
Layer 1
10
293.563799
20
279.866367
70
0
0
VERTEX
8
Layer 1
10
294.969485
20
278.066561
70
0
0
VERTEX
8
Layer 1
10
296.545187
20
276.366285
70
0
0
VERTEX
8
Layer 1
10
298.449154
20
274.624788
70
0
0
VERTEX
8
Layer 1
10
300.406452
20
273.103640
70
0
0
VERTEX
8
Layer 1
10
302.420801
20
271.801600
70
0
0
VERTEX
8
Layer 1
10
304.495921
20
270.717427
70
0
0
VERTEX
8
Layer 1
10
306.635533
20
269.849883
70
0
0
VERTEX
8
Layer 1
10
308.843359
20
269.197726
70
0
0
VERTEX
8
Layer 1
10
311.123118
20
268.759716
70
0
0
VERTEX
8
Layer 1
10
313.478531
20
268.534614
70
0
0
VERTEX
8
Layer 1
10
316.163433
20
268.520006
70
0
0
VERTEX
8
Layer 1
10
318.745396
20
268.741871
70
0
0
VERTEX
8
Layer 1
10
321.230621
20
269.201860
70
0
0
VERTEX
8
Layer 1
10
323.625308
20
269.901628
70
0
0
VERTEX
8
Layer 1
10
325.935659
20
270.842829
70
0
0
VERTEX
8
Layer 1
10
328.167876
20
272.027116
70
0
0
VERTEX
8
Layer 1
10
330.328159
20
273.456142
70
0
0
VERTEX
8
Layer 1
10
332.422709
20
275.131562
70
0
0
VERTEX
8
Layer 1
10
334.778674
20
277.429098
70
0
0
VERTEX
8
Layer 1
10
336.810937
20
279.985016
70
0
0
VERTEX
8
Layer 1
10
338.506683
20
282.763349
70
0
0
VERTEX
8
Layer 1
10
339.853096
20
285.728131
70
0
0
VERTEX
8
Layer 1
10
340.837360
20
288.843395
70
0
0
VERTEX
8
Layer 1
10
341.446660
20
292.073174
70
0
0
VERTEX
8
Layer 1
10
341.668180
20
295.381502
70
0
0
VERTEX
8
Layer 1
10
341.489104
20
298.732410
70
0
0
VERTEX
8
Layer 1
10
341.160028
20
300.926662
70
0
0
VERTEX
8
Layer 1
10
340.675510
20
303.037404
70
0
0
VERTEX
8
Layer 1
10
340.035548
20
305.063811
70
0
0
VERTEX
8
Layer 1
10
339.240144
20
307.005054
70
0
0
VERTEX
8
Layer 1
10
338.289297
20
308.860308
70
0
0
VERTEX
8
Layer 1
10
337.183008
20
310.628746
70
0
0
VERTEX
8
Layer 1
10
335.921275
20
312.309540
70
0
0
VERTEX
8
Layer 1
10
334.504100
20
313.901864
70
0
0
VERTEX
8
Layer 1
10
333.260006
20
315.235806
70
0
0
VERTEX
8
Layer 1
10
332.647605
20
316.053810
70
0
0
VERTEX
8
Layer 1
10
332.504841
20
316.660147
70
0
0
VERTEX
8
Layer 1
10
332.669654
20
317.359089
70
0
0
VERTEX
8
Layer 1
10
333.066529
20
318.258673
70
0
0
VERTEX
8
Layer 1
10
333.410488
20
318.734923
70
0
0
VERTEX
8
Layer 1
10
333.953986
20
318.711221
70
0
0
VERTEX
8
Layer 1
10
334.636391
20
318.254263
70
0
0
VERTEX
8
Layer 1
10
335.226192
20
317.579024
70
0
0
VERTEX
8
Layer 1
10
335.491878
20
316.900477
70
0
0
VERTEX
8
Layer 1
10
336.021045
20
315.705442
70
0
0
VERTEX
8
Layer 1
10
337.291046
20
313.901864
70
0
0
VERTEX
8
Layer 1
10
338.861459
20
311.812757
70
0
0
VERTEX
8
Layer 1
10
340.117680
20
309.783181
70
0
0
VERTEX
8
Layer 1
10
341.195306
20
307.581626
70
0
0
VERTEX
8
Layer 1
10
342.229938
20
304.976581
70
0
0
VERTEX
8
Layer 1
10
342.845646
20
303.120087
70
0
0
VERTEX
8
Layer 1
10
343.213306
20
301.501718
70
0
0
VERTEX
8
Layer 1
10
343.415603
20
299.539390
70
0
0
VERTEX
8
Layer 1
10
343.535216
20
296.651020
70
0
0
VERTEX
8
Layer 1
10
343.513168
20
291.892927
70
0
0
VERTEX
8
Layer 1
10
343.311974
20
290.256368
70
0
0
VERTEX
8
Layer 1
10
342.935494
20
288.537126
70
0
0
VERTEX
8
Layer 1
10
341.954881
20
285.477879
70
0
0
VERTEX
8
Layer 1
10
340.567471
20
282.319414
70
0
0
VERTEX
8
Layer 1
10
338.961780
20
279.438761
70
0
0
VERTEX
8
Layer 1
10
337.326324
20
277.212952
70
0
0
VERTEX
8
Layer 1
10
335.139100
20
274.672951
70
0
0
VERTEX
8
Layer 1
10
334.852468
20
274.143784
70
0
0
VERTEX
8
Layer 1
10
335.703545
20
274.249617
70
0
0
VERTEX
8
Layer 1
10
336.425086
20
274.281036
70
0
0
VERTEX
8
Layer 1
10
337.321914
20
273.733679
70
0
0
VERTEX
8
Layer 1
10
338.873586
20
272.200749
70
0
0
VERTEX
8
Layer 1
10
341.559660
20
269.275447
70
0
0
VERTEX
8
Layer 1
10
345.253356
20
265.226769
70
0
0
VERTEX
8
Layer 1
10
347.217337
20
263.397284
70
0
0
VERTEX
8
Layer 1
10
347.890716
20
263.090464
70
0
0
VERTEX
8
Layer 1
10
348.539703
20
263.069311
70
0
0
VERTEX
8
Layer 1
10
350.308554
20
263.525166
70
0
0
VERTEX
8
Layer 1
10
353.602619
20
264.142527
70
0
0
VERTEX
8
Layer 1
10
357.822725
20
264.654056
70
0
0
VERTEX
8
Layer 1
10
361.359325
20
265.072979
70
0
0
VERTEX
8
Layer 1
10
362.257806
20
265.274173
70
0
0
VERTEX
8
Layer 1
10
362.514673
20
265.465445
70
0
0
VERTEX
8
Layer 1
10
361.385783
20
268.816836
70
0
0
VERTEX
8
Layer 1
10
360.327449
20
271.921282
70
0
0
VERTEX
8
Layer 1
10
359.123594
20
271.608192
70
0
0
VERTEX
8
Layer 1
10
356.490988
20
270.686559
70
0
0
VERTEX
8
Layer 1
10
351.543277
20
268.711003
70
0
0
VERTEX
8
Layer 1
10
350.167443
20
268.005447
70
0
0
VERTEX
8
Layer 1
10
348.015497
20
270.298504
70
0
0
VERTEX
8
Layer 1
10
343.464661
20
275.272673
70
0
0
VERTEX
8
Layer 1
10
341.065770
20
277.989064
70
0
0
VERTEX
8
Layer 1
10
343.076605
20
280.176288
70
0
0
VERTEX
8
Layer 1
10
344.456918
20
281.810986
70
0
0
VERTEX
8
Layer 1
10
345.665665
20
283.470903
70
0
0
VERTEX
8
Layer 1
10
346.709874
20
285.171335
70
0
0
VERTEX
8
Layer 1
10
347.596573
20
286.927577
70
0
0
VERTEX
8
Layer 1
10
348.332790
20
288.754925
70
0
0
VERTEX
8
Layer 1
10
348.925554
20
290.668677
70
0
0
VERTEX
8
Layer 1
10
349.381892
20
292.684128
70
0
0
VERTEX
8
Layer 1
10
349.708831
20
294.816575
70
0
0
VERTEX
8
Layer 1
10
349.863930
20
297.995917
70
0
0
VERTEX
8
Layer 1
10
349.626700
20
301.254222
70
0
0
VERTEX
8
Layer 1
10
349.014920
20
304.538158
70
0
0
VERTEX
8
Layer 1
10
348.046365
20
307.794395
70
0
0
VERTEX
8
Layer 1
10
346.738813
20
310.969604
70
0
0
VERTEX
8
Layer 1
10
345.110039
20
314.010454
70
0
0
VERTEX
8
Layer 1
10
343.177822
20
316.863615
70
0
0
VERTEX
8
Layer 1
10
340.959937
20
319.475757
70
0
0
VERTEX
8
Layer 1
10
339.302432
20
321.115623
70
0
0
VERTEX
8
Layer 1
10
338.071567
20
321.931974
70
0
0
VERTEX
8
Layer 1
10
337.534476
20
322.067504
70
0
0
VERTEX
8
Layer 1
10
337.006067
20
322.040563
70
0
0
VERTEX
8
Layer 1
10
335.844656
20
321.557147
70
0
0
VERTEX
8
Layer 1
10
335.033267
20
321.199959
70
0
0
VERTEX
8
Layer 1
10
334.327711
20
321.027980
70
0
0
VERTEX
8
Layer 1
10
333.991469
20
321.052233
70
0
0
VERTEX
8
Layer 1
10
333.886738
20
321.169091
70
0
0
VERTEX
8
Layer 1
10
334.398266
20
321.945203
70
0
0
VERTEX
8
Layer 1
10
334.927433
20
322.955030
70
0
0
VERTEX
8
Layer 1
10
335.139100
20
324.097149
70
0
0
VERTEX
8
Layer 1
10
334.919716
20
325.175326
70
0
0
VERTEX
8
Layer 1
10
334.177780
20
326.160900
70
0
0
VERTEX
8
Layer 1
10
332.787614
20
327.172932
70
0
0
VERTEX
8
Layer 1
10
330.623542
20
328.330485
70
0
0
VERTEX
8
Layer 1
10
328.225202
20
329.312200
70
0
0
VERTEX
8
Layer 1
10
326.015379
20
329.807742
70
0
0
VERTEX
8
Layer 1
10
324.169358
20
329.793962
70
0
0
VERTEX
8
Layer 1
10
323.437550
20
329.588841
70
0
0
VERTEX
8
Layer 1
10
322.862426
20
329.247707
70
0
0
VERTEX
8
Layer 1
10
322.862426
20
329.247707
70
0
0
SEQEND
8
Layer 1
0
POLYLINE
8
Layer 1
62
7
70
0
10
0.000000
20
0.000000
66
1
0
VERTEX
8
Layer 1
10
690.633491
20
324.873260
70
0
0
VERTEX
8
Layer 1
10
684.727766
20
324.269128
70
0
0
VERTEX
8
Layer 1
10
678.947719
20
323.294579
70
0
0
VERTEX
8
Layer 1
10
673.260277
20
321.936383
70
0
0
VERTEX
8
Layer 1
10
667.632365
20
320.181313
70
0
0
VERTEX
8
Layer 1
10
661.895313
20
318.091103
70
0
0
VERTEX
8
Layer 1
10
660.741618
20
317.542092
70
0
0
VERTEX
8
Layer 1
10
660.470972
20
317.217978
70
0
0
VERTEX
8
Layer 1
10
662.446528
20
313.725475
70
0
0
VERTEX
8
Layer 1
10
664.351530
20
310.515196
70
0
0
VERTEX
8
Layer 1
10
666.820976
20
311.573530
70
0
0
VERTEX
8
Layer 1
10
668.383672
20
312.200262
70
0
0
VERTEX
8
Layer 1
10
669.268373
20
312.301134
70
0
0
VERTEX
8
Layer 1
10
669.583599
20
312.114065
70
0
0
VERTEX
8
Layer 1
10
669.881876
20
311.747163
70
0
0
VERTEX
8
Layer 1
10
670.630978
20
310.409362
70
0
0
VERTEX
8
Layer 1
10
671.332124
20
309.425994
70
0
0
VERTEX
8
Layer 1
10
672.112646
20
308.786583
70
0
0
VERTEX
8
Layer 1
10
672.593857
20
308.406796
70
0
0
VERTEX
8
Layer 1
10
673.184209
20
307.653284
70
0
0
VERTEX
8
Layer 1
10
674.652647
20
305.117692
70
0
0
VERTEX
8
Layer 1
10
677.532198
20
300.125883
70
0
0
VERTEX
8
Layer 1
10
682.025707
20
292.805740
70
0
0
VERTEX
8
Layer 1
10
687.670155
20
283.809901
70
0
0
VERTEX
8
Layer 1
10
686.541266
20
279.223787
70
0
0
VERTEX
8
Layer 1
10
685.814764
20
276.099497
70
0
0
VERTEX
8
Layer 1
10
685.518210
20
274.364270
70
0
0
VERTEX
8
Layer 1
10
685.618531
20
273.488940
70
0
0
VERTEX
8
Layer 1
10
686.082654
20
272.944339
70
0
0
VERTEX
8
Layer 1
10
686.453071
20
272.691331
70
0
0
VERTEX
8
Layer 1
10
686.744113
20
272.931109
70
0
0
VERTEX
8
Layer 1
10
687.564322
20
275.801840
70
0
0
VERTEX
8
Layer 1
10
688.693212
20
280.423232
70
0
0
VERTEX
8
Layer 1
10
689.045990
20
281.622677
70
0
0
VERTEX
8
Layer 1
10
690.598213
20
278.976842
70
0
0
VERTEX
8
Layer 1
10
692.185714
20
276.295730
70
0
0
VERTEX
8
Layer 1
10
690.562935
20
272.238783
70
0
0
VERTEX
8
Layer 1
10
689.231198
20
268.583121
70
0
0
VERTEX
8
Layer 1
10
689.223481
20
267.838428
70
0
0
VERTEX
8
Layer 1
10
689.539879
20
267.229335
70
0
0
VERTEX
8
Layer 1
10
690.210157
20
266.417946
70
0
0
VERTEX
8
Layer 1
10
691.727102
20
270.227948
70
0
0
VERTEX
8
Layer 1
10
692.794256
20
272.847325
70
0
0
VERTEX
8
Layer 1
10
693.385159
20
273.932117
70
0
0
VERTEX
8
Layer 1
10
694.468849
20
272.464781
70
0
0
VERTEX
8
Layer 1
10
696.577800
20
269.204892
70
0
0
VERTEX
8
Layer 1
10
698.633834
20
265.865628
70
0
0
VERTEX
8
Layer 1
10
699.558774
20
264.160166
70
0
0
VERTEX
8
Layer 1
10
699.042285
20
263.529025
70
0
0
VERTEX
8
Layer 1
10
697.808113
20
262.391867
70
0
0
VERTEX
8
Layer 1
10
695.078493
20
260.279608
70
0
0
VERTEX
8
Layer 1
10
693.984882
20
259.609330
70
0
0
VERTEX
8
Layer 1
10
697.230439
20
254.070716
70
0
0
VERTEX
8
Layer 1
10
708.215064
20
235.280877
70
0
0
VERTEX
8
Layer 1
10
710.054471
20
231.880428
70
0
0
VERTEX
8
Layer 1
10
710.494892
20
230.646256
70
0
0
VERTEX
8
Layer 1
10
710.422958
20
229.958546
70
0
0
VERTEX
8
Layer 1
10
710.177392
20
229.298534
70
0
0
VERTEX
8
Layer 1
10
709.713544
20
228.627774
70
0
0
VERTEX
8
Layer 1
10
708.986766
20
227.907817
70
0
0
VERTEX
8
Layer 1
10
706.565827
20
226.166527
70
0
0
VERTEX
8
Layer 1
10
702.557387
20
223.767085
70
0
0
VERTEX
8
Layer 1
10
696.926168
20
220.667049
70
0
0
VERTEX
8
Layer 1
10
695.666640
20
220.249778
70
0
0
VERTEX
8
Layer 1
10
694.655160
20
220.239305
70
0
0
VERTEX
8
Layer 1
10
693.393978
20
220.552396
70
0
0
VERTEX
8
Layer 1
10
692.503214
20
221.050695
70
0
0
VERTEX
8
Layer 1
10
689.707448
20
225.517746
70
0
0
VERTEX
8
Layer 1
10
683.895431
20
235.302926
70
0
0
VERTEX
8
Layer 1
10
677.444003
20
246.097933
70
0
0
VERTEX
8
Layer 1
10
675.913277
20
248.340278
70
0
0
VERTEX
8
Layer 1
10
675.146536
20
249.061268
70
0
0
VERTEX
8
Layer 1
10
674.736983
20
249.223325
70
0
0
VERTEX
8
Layer 1
10
674.489487
20
249.484602
70
0
0
VERTEX
8
Layer 1
10
674.335147
20
250.542936
70
0
0
VERTEX
8
Layer 1
10
674.141119
20
251.645367
70
0
0
VERTEX
8
Layer 1
10
673.735424
20
252.483215
70
0
0
VERTEX
8
Layer 1
10
671.724590
20
255.587661
70
0
0
VERTEX
8
Layer 1
10
670.790279
20
257.120040
70
0
0
VERTEX
8
Layer 1
10
670.361985
20
257.580857
70
0
0
VERTEX
8
Layer 1
10
670.429784
20
256.956881
70
0
0
VERTEX
8
Layer 1
10
670.983756
20
255.234883
70
0
0
VERTEX
8
Layer 1
10
671.522845
20
253.522256
70
0
0
VERTEX
8
Layer 1
10
671.618756
20
252.619916
70
0
0
VERTEX
8
Layer 1
10
671.481917
20
252.399223
70
0
0
VERTEX
8
Layer 1
10
671.211959
20
252.293045
70
0
0
VERTEX
8
Layer 1
10
670.242922
20
252.306826
70
0
0
VERTEX
8
Layer 1
10
668.761255
20
252.412659
70
0
0
VERTEX
8
Layer 1
10
665.833197
20
259.432941
70
0
0
VERTEX
8
Layer 1
10
662.869862
20
266.735446
70
0
0
VERTEX
8
Layer 1
10
663.240279
20
266.770724
70
0
0
VERTEX
8
Layer 1
10
664.139863
20
266.488501
70
0
0
VERTEX
8
Layer 1
10
665.087954
20
266.166591
70
0
0
VERTEX
8
Layer 1
10
665.586253
20
266.135723
70
0
0
VERTEX
8
Layer 1
10
665.631521
20
266.336641
70
0
0
VERTEX
8
Layer 1
10
665.498609
20
266.651661
70
0
0
VERTEX
8
Layer 1
10
664.832190
20
267.485099
70
0
0
VERTEX
8
Layer 1
10
663.854884
20
268.358225
70
0
0
VERTEX
8
Layer 1
10
662.834584
20
268.993225
70
0
0
VERTEX
8
Layer 1
10
662.059024
20
269.429788
70
0
0
VERTEX
8
Layer 1
10
661.445521
20
270.104476
70
0
0
VERTEX
8
Layer 1
10
660.785716
20
271.334789
70
0
0
VERTEX
8
Layer 1
10
659.871249
20
273.438228
70
0
0
VERTEX
8
Layer 1
10
658.407220
20
277.115938
70
0
0
VERTEX
8
Layer 1
10
658.353201
20
277.555809
70
0
0
VERTEX
8
Layer 1
10
658.636526
20
277.459897
70
0
0
VERTEX
8
Layer 1
10
658.923709
20
277.372805
70
0
0
VERTEX
8
Layer 1
10
658.949616
20
277.609828
70
0
0
VERTEX
8
Layer 1
10
658.283748
20
278.871009
70
0
0
VERTEX
8
Layer 1
10
655.602635
20
283.210178
70
0
0
VERTEX
8
Layer 1
10
654.143016
20
285.494416
70
0
0
VERTEX
8
Layer 1
10
653.344856
20
286.455736
70
0
0
VERTEX
8
Layer 1
10
653.092399
20
286.412741
70
0
0
VERTEX
8
Layer 1
10
653.044995
20
286.164694
70
0
0
VERTEX
8
Layer 1
10
653.697634
20
284.339068
70
0
0
VERTEX
8
Layer 1
10
654.125377
20
283.099935
70
0
0
VERTEX
8
Layer 1
10
654.156245
20
282.575178
70
0
0
VERTEX
8
Layer 1
10
652.019734
20
283.723360
70
0
0
VERTEX
8
Layer 1
10
647.859158
20
286.283757
70
0
0
VERTEX
8
Layer 1
10
643.777958
20
288.930143
70
0
0
VERTEX
8
Layer 1
10
641.879571
20
290.336294
70
0
0
VERTEX
8
Layer 1
10
641.288668
20
290.962475
70
0
0
VERTEX
8
Layer 1
10
640.115681
20
291.747406
70
0
0
VERTEX
8
Layer 1
10
638.991201
20
292.426504
70
0
0
VERTEX
8
Layer 1
10
638.528180
20
292.841018
70
0
0
VERTEX
8
Layer 1
10
640.666897
20
295.081158
70
0
0
VERTEX
8
Layer 1
10
644.419573
20
298.485466
70
0
0
VERTEX
8
Layer 1
10
645.901240
20
299.720189
70
0
0
VERTEX
8
Layer 1
10
644.172628
20
302.648246
70
0
0
VERTEX
8
Layer 1
10
642.091238
20
305.964359
70
0
0
VERTEX
8
Layer 1
10
641.845628
20
305.986813
70
0
0
VERTEX
8
Layer 1
10
641.401323
20
305.790106
70
0
0
VERTEX
8
Layer 1
10
640.004887
20
304.821689
70
0
0
VERTEX
8
Layer 1
10
635.798560
20
301.162169
70
0
0
VERTEX
8
Layer 1
10
630.884473
20
296.305408
70
0
0
VERTEX
8
Layer 1
10
626.674839
20
291.571017
70
0
0
VERTEX
8
Layer 1
10
623.825606
20
287.719122
70
0
0
VERTEX
8
Layer 1
10
620.867231
20
283.245456
70
0
0
VERTEX
8
Layer 1
10
618.087451
20
278.613040
70
0
0
VERTEX
8
Layer 1
10
615.773999
20
274.284895
70
0
0
VERTEX
8
Layer 1
10
613.842221
20
270.083297
70
0
0
VERTEX
8
Layer 1
10
612.135080
20
265.805890
70
0
0
VERTEX
8
Layer 1
10
610.653146
20
261.462026
70
0
0
VERTEX
8
Layer 1
10
609.396985
20
257.061060
70
0
0
VERTEX
8
Layer 1
10
608.367168
20
252.612345
70
0
0
VERTEX
8
Layer 1
10
607.564262
20
248.125235
70
0
0
VERTEX
8
Layer 1
10
606.988836
20
243.609082
70
0
0
VERTEX
8
Layer 1
10
606.641459
20
239.073241
70
0
0
VERTEX
8
Layer 1
10
606.522697
20
234.527064
70
0
0
VERTEX
8
Layer 1
10
606.633121
20
229.979906
70
0
0
VERTEX
8
Layer 1
10
606.973299
20
225.441119
70
0
0
VERTEX
8
Layer 1
10
607.543799
20
220.920057
70
0
0
VERTEX
8
Layer 1
10
608.345189
20
216.426073
70
0
0
VERTEX
8
Layer 1
10
609.378037
20
211.968522
70
0
0
VERTEX
8
Layer 1
10
610.642914
20
207.556755
70
0
0
VERTEX
8
Layer 1
10
612.140386
20
203.200128
70
0
0
VERTEX
8
Layer 1
10
613.518769
20
199.733361
70
0
0
VERTEX
8
Layer 1
10
615.044741
20
196.321784
70
0
0
VERTEX
8
Layer 1
10
616.713753
20
192.970978
70
0
0
VERTEX
8
Layer 1
10
618.521258
20
189.686526
70
0
0
VERTEX
8
Layer 1
10
620.462708
20
186.474007
70
0
0
VERTEX
8
Layer 1
10
622.533556
20
183.339002
70
0
0
VERTEX
8
Layer 1
10
627.045256
20
177.323862
70
0
0
VERTEX
8
Layer 1
10
632.019977
20
171.685753
70
0
0
VERTEX
8
Layer 1
10
634.669602
20
169.022038
70
0
0
VERTEX
8
Layer 1
10
637.421339
20
166.469324
70
0
0
VERTEX
8
Layer 1
10
640.270641
20
164.033192
70
0
0
VERTEX
8
Layer 1
10
643.212962
20
161.719223
70
0
0
VERTEX
8
Layer 1
10
646.243752
20
159.532998
70
0
0
VERTEX
8
Layer 1
10
649.358465
20
157.480099
70
0
0
VERTEX
8
Layer 1
10
653.322256
20
155.198618
70
0
0
VERTEX
8
Layer 1
10
658.102949
20
152.774923
70
0
0
VERTEX
8
Layer 1
10
662.956403
20
150.569509
70
0
0
VERTEX
8
Layer 1
10
667.138476
20
148.942872
70
0
0
VERTEX
8
Layer 1
10
674.107908
20
146.799607
70
0
0
VERTEX
8
Layer 1
10
681.050056
20
145.211142
70
0
0
VERTEX
8
Layer 1
10
687.970706
20
144.176648
70
0
0
VERTEX
8
Layer 1
10
694.875646
20
143.695299
70
0
0
VERTEX
8
Layer 1
10
701.770664
20
143.766268
70
0
0
VERTEX
8
Layer 1
10
708.661549
20
144.388728
70
0
0
VERTEX
8
Layer 1
10
715.554087
20
145.561853
70
0
0
VERTEX
8
Layer 1
10
722.454066
20
147.284815
70
0
0
VERTEX
8
Layer 1
10
726.267428
20
148.487800
70
0
0
VERTEX
8
Layer 1
10
730.029836
20
149.870774
70
0
0
VERTEX
8
Layer 1
10
733.734160
20
151.428518
70
0
0
VERTEX
8
Layer 1
10
737.373268
20
153.155813
70
0
0
VERTEX
8
Layer 1
10
740.940030
20
155.047438
70
0
0
VERTEX
8
Layer 1
10
744.427312
20
157.098176
70
0
0
VERTEX
8
Layer 1
10
747.827986
20
159.302806
70
0
0
VERTEX
8
Layer 1
10
751.134918
20
161.656109
70
0
0
VERTEX
8
Layer 1
10
754.340977
20
164.152866
70
0
0
VERTEX
8
Layer 1
10
757.439033
20
166.787857
70
0
0
VERTEX
8
Layer 1
10
760.421953
20
169.555864
70
0
0
VERTEX
8
Layer 1
10
763.282608
20
172.451667
70
0
0
VERTEX
8
Layer 1
10
766.013864
20
175.470046
70
0
0
VERTEX
8
Layer 1
10
768.608591
20
178.605783
70
0
0
VERTEX
8
Layer 1
10
771.059657
20
181.853657
70
0
0
VERTEX
8
Layer 1
10
773.359932
20
185.208450
70
0
0
VERTEX
8
Layer 1
10
775.777563
20
189.268153
70
0
0
VERTEX
8
Layer 1
10
778.413476
20
194.270435
70
0
0
VERTEX
8
Layer 1
10
780.850952
20
199.371935
70
0
0
VERTEX
8
Layer 1
10
782.673271
20
203.729295
70
0
0
VERTEX
8
Layer 1
10
784.024852
20
207.895934
70
0
0
VERTEX
8
Layer 1
10
785.336745
20
212.800099
70
0
0
VERTEX
8
Layer 1
10
786.463429
20
217.843171
70
0
0
VERTEX
8
Layer 1
10
787.259385
20
222.426529
70
0
0
VERTEX
8
Layer 1
10
787.755479
20
227.946402
70
0
0
VERTEX
8
Layer 1
10
787.920844
20
234.517995
70
0
0
VERTEX
8
Layer 1
10
787.755479
20
241.129275
70
0
0
VERTEX
8
Layer 1
10
787.259385
20
246.768211
70
0
0
VERTEX
8
Layer 1
10
786.495331
20
251.306645
70
0
0
VERTEX
8
Layer 1
10
785.459666
20
255.916186
70
0
0
VERTEX
8
Layer 1
10
784.171819
20
260.542263
70
0
0
VERTEX
8
Layer 1
10
782.651222
20
265.130306
70
0
0
VERTEX
8
Layer 1
10
780.917305
20
269.625745
70
0
0
VERTEX
8
Layer 1
10
778.989497
20
273.974009
70
0
0
VERTEX
8
Layer 1
10
776.887229
20
278.120529
70
0
0
VERTEX
8
Layer 1
10
774.629932
20
282.010733
70
0
0
VERTEX
8
Layer 1
10
770.990325
20
287.437796
70
0
0
VERTEX
8
Layer 1
10
767.076625
20
292.506430
70
0
0
VERTEX
8
Layer 1
10
762.879324
20
297.225318
70
0
0
VERTEX
8
Layer 1
10
758.388915
20
301.603141
70
0
0
VERTEX
8
Layer 1
10
753.595889
20
305.648582
70
0
0
VERTEX
8
Layer 1
10
748.490736
20
309.370321
70
0
0
VERTEX
8
Layer 1
10
743.063950
20
312.777040
70
0
0
VERTEX
8
Layer 1
10
737.306020
20
315.877421
70
0
0
VERTEX
8
Layer 1
10
733.237291
20
317.778908
70
0
0
VERTEX
8
Layer 1
10
729.183858
20
319.441030
70
0
0
VERTEX
8
Layer 1
10
725.111408
20
320.872468
70
0
0
VERTEX
8
Layer 1
10
720.985628
20
322.081904
70
0
0
VERTEX
8
Layer 1
10
716.772204
20
323.078020
70
0
0
VERTEX
8
Layer 1
10
712.436825
20
323.869497
70
0
0
VERTEX
8
Layer 1
10
707.945175
20
324.465016
70
0
0
VERTEX
8
Layer 1
10
703.262943
20
324.873260
70
0
0
VERTEX
8
Layer 1
10
696.789467
20
325.190760
70
0
0
VERTEX
8
Layer 1
10
690.633491
20
324.873260
70
0
0
VERTEX
8
Layer 1
10
690.633491
20
324.873260
70
0
0
SEQEND
8
Layer 1
0
POLYLINE
8
Layer 1
62
7
70
0
10
0.000000
20
0.000000
66
1
0
VERTEX
8
Layer 1
10
695.149049
20
316.371310
70
0
0
VERTEX
8
Layer 1
10
694.760993
20
313.443253
70
0
0
VERTEX
8
Layer 1
10
694.288050
20
310.586302
70
0
0
VERTEX
8
Layer 1
10
693.279326
20
305.880575
70
0
0
VERTEX
8
Layer 1
10
692.191226
20
301.313753
70
0
0
VERTEX
8
Layer 1
10
691.480158
20
298.873522
70
0
0
VERTEX
8
Layer 1
10
691.158248
20
299.220236
70
0
0
VERTEX
8
Layer 1
10
690.465921
20
300.509530
70
0
0
VERTEX
8
Layer 1
10
688.340434
20
305.188248
70
0
0
VERTEX
8
Layer 1
10
686.347238
20
310.034536
70
0
0
VERTEX
8
Layer 1
10
685.624043
20
312.208530
70
0
0
VERTEX
8
Layer 1
10
685.496161
20
312.958183
70
0
0
VERTEX
8
Layer 1
10
684.918487
20
314.289920
70
0
0
VERTEX
8
Layer 1
10
684.036542
20
316.230199
70
0
0
VERTEX
8
Layer 1
10
684.580592
20
316.423125
70
0
0
VERTEX
8
Layer 1
10
686.060606
20
316.662352
70
0
0
VERTEX
8
Layer 1
10
690.915713
20
317.147422
70
0
0
VERTEX
8
Layer 1
10
694.760993
20
317.429644
70
0
0
VERTEX
8
Layer 1
10
695.089518
20
317.432952
70
0
0
VERTEX
8
Layer 1
10
695.246063
20
317.297353
70
0
0
VERTEX
8
Layer 1
10
695.149049
20
316.371310
70
0
0
VERTEX
8
Layer 1
10
695.149049
20
316.371310
70
0
0
SEQEND
8
Layer 1
0
POLYLINE
8
Layer 1
62
7
70
0
10
0.000000
20
0.000000
66
1
0
VERTEX
8
Layer 1
10
706.508501
20
316.935755
70
0
0
VERTEX
8
Layer 1
10
707.954890
20
316.724088
70
0
0
VERTEX
8
Layer 1
10
707.284612
20
315.101310
70
0
0
VERTEX
8
Layer 1
10
706.830411
20
313.800441
70
0
0
VERTEX
8
Layer 1
10
706.720167
20
312.949364
70
0
0
VERTEX
8
Layer 1
10
705.608917
20
309.646480
70
0
0
VERTEX
8
Layer 1
10
702.804332
20
302.507135
70
0
0
VERTEX
8
Layer 1
10
697.724328
20
289.912960
70
0
0
VERTEX
8
Layer 1
10
696.886481
20
287.968272
70
0
0
VERTEX
8
Layer 1
10
696.419050
20
287.161292
70
0
0
VERTEX
8
Layer 1
10
694.372937
20
291.500461
70
0
0
VERTEX
8
Layer 1
10
692.538492
20
295.804353
70
0
0
VERTEX
8
Layer 1
10
694.549326
20
304.129914
70
0
0
VERTEX
8
Layer 1
10
696.110369
20
310.166827
70
0
0
VERTEX
8
Layer 1
10
696.983495
20
312.949364
70
0
0
VERTEX
8
Layer 1
10
697.327453
20
313.716656
70
0
0
VERTEX
8
Layer 1
10
697.618495
20
314.854365
70
0
0
VERTEX
8
Layer 1
10
697.919459
20
316.515729
70
0
0
VERTEX
8
Layer 1
10
698.103427
20
316.998732
70
0
0
VERTEX
8
Layer 1
10
698.385787
20
317.297353
70
0
0
VERTEX
8
Layer 1
10
698.823590
20
317.447145
70
0
0
VERTEX
8
Layer 1
10
699.473887
20
317.483664
70
0
0
VERTEX
8
Layer 1
10
701.640164
20
317.359089
70
0
0
VERTEX
8
Layer 1
10
706.508501
20
316.935755
70
0
0
VERTEX
8
Layer 1
10
706.508501
20
316.935755
70
0
0
SEQEND
8
Layer 1
0
POLYLINE
8
Layer 1
62
7
70
0
10
0.000000
20
0.000000
66
1
0
VERTEX
8
Layer 1
10
713.846283
20
315.736310
70
0
0
VERTEX
8
Layer 1
10
718.361841
20
314.607420
70
0
0
VERTEX
8
Layer 1
10
720.544655
20
313.915094
70
0
0
VERTEX
8
Layer 1
10
720.896882
20
313.630115
70
0
0
VERTEX
8
Layer 1
10
720.901843
20
313.302142
70
0
0
VERTEX
8
Layer 1
10
720.681357
20
311.657314
70
0
0
VERTEX
8
Layer 1
10
720.513787
20
308.504361
70
0
0
VERTEX
8
Layer 1
10
719.490731
20
292.664629
70
0
0
VERTEX
8
Layer 1
10
718.608786
20
280.670177
70
0
0
VERTEX
8
Layer 1
10
716.845998
20
278.928887
70
0
0
VERTEX
8
Layer 1
10
712.787949
20
275.312361
70
0
0
VERTEX
8
Layer 1
10
708.280108
20
271.437866
70
0
0
VERTEX
8
Layer 1
10
705.167944
20
268.922669
70
0
0
VERTEX
8
Layer 1
10
704.977499
20
268.844948
70
0
0
VERTEX
8
Layer 1
10
704.755635
20
268.942513
70
0
0
VERTEX
8
Layer 1
10
704.091971
20
269.901628
70
0
0
VERTEX
8
Layer 1
10
701.005164
20
276.542674
70
0
0
VERTEX
8
Layer 1
10
697.442106
20
284.621290
70
0
0
VERTEX
8
Layer 1
10
701.181553
20
293.722963
70
0
0
VERTEX
8
Layer 1
10
706.508501
20
306.916860
70
0
0
VERTEX
8
Layer 1
10
707.866696
20
310.144779
70
0
0
VERTEX
8
Layer 1
10
708.907391
20
312.208530
70
0
0
VERTEX
8
Layer 1
10
709.604128
20
313.518218
70
0
0
VERTEX
8
Layer 1
10
710.142114
20
314.960198
70
0
0
VERTEX
8
Layer 1
10
710.591906
20
316.142005
70
0
0
VERTEX
8
Layer 1
10
710.886255
20
316.299652
70
0
0
VERTEX
8
Layer 1
10
711.306281
20
316.265477
70
0
0
VERTEX
8
Layer 1
10
713.846283
20
315.736310
70
0
0
VERTEX
8
Layer 1
10
713.846283
20
315.736310
70
0
0
SEQEND
8
Layer 1
0
POLYLINE
8
Layer 1
62
7
70
0
10
0.000000
20
0.000000
66
1
0
VERTEX
8
Layer 1
10
682.096263
20
313.901864
70
0
0
VERTEX
8
Layer 1
10
682.757722
20
312.455475
70
0
0
VERTEX
8
Layer 1
10
683.366264
20
311.538252
70
0
0
VERTEX
8
Layer 1
10
684.759737
20
308.835090
70
0
0
VERTEX
8
Layer 1
10
687.317377
20
303.142135
70
0
0
VERTEX
8
Layer 1
10
690.668768
20
295.310464
70
0
0
VERTEX
8
Layer 1
10
689.504601
20
290.971294
70
0
0
VERTEX
8
Layer 1
10
688.631475
20
287.924174
70
0
0
VERTEX
8
Layer 1
10
688.128767
20
286.702681
70
0
0
VERTEX
8
Layer 1
10
687.331020
20
287.723601
70
0
0
VERTEX
8
Layer 1
10
685.622941
20
290.312592
70
0
0
VERTEX
8
Layer 1
10
680.729248
20
298.145917
70
0
0
VERTEX
8
Layer 1
10
675.954619
20
306.104919
70
0
0
VERTEX
8
Layer 1
10
674.395367
20
308.851007
70
0
0
VERTEX
8
Layer 1
10
673.805980
20
310.091862
70
0
0
VERTEX
8
Layer 1
10
673.488480
20
310.938529
70
0
0
VERTEX
8
Layer 1
10
672.747646
20
311.996863
70
0
0
VERTEX
8
Layer 1
10
672.050909
20
312.944954
70
0
0
VERTEX
8
Layer 1
10
671.953895
20
313.261903
70
0
0
VERTEX
8
Layer 1
10
672.042090
20
313.443253
70
0
0
VERTEX
8
Layer 1
10
676.345982
20
314.682386
70
0
0
VERTEX
8
Layer 1
10
680.861540
20
315.736310
70
0
0
VERTEX
8
Layer 1
10
681.143762
20
315.608428
70
0
0
VERTEX
8
Layer 1
10
681.452443
20
315.242421
70
0
0
VERTEX
8
Layer 1
10
682.096263
20
313.901864
70
0
0
VERTEX
8
Layer 1
10
682.096263
20
313.901864
70
0
0
SEQEND
8
Layer 1
0
POLYLINE
8
Layer 1
62
7
70
0
10
0.000000
20
0.000000
66
1
0
VERTEX
8
Layer 1
10
728.310181
20
311.432418
70
0
0
VERTEX
8
Layer 1
10
730.889870
20
310.360855
70
0
0
VERTEX
8
Layer 1
10
732.120183
20
309.739084
70
0
0
VERTEX
8
Layer 1
10
732.181920
20
309.082035
70
0
0
VERTEX
8
Layer 1
10
731.873239
20
307.869361
70
0
0
VERTEX
8
Layer 1
10
731.507232
20
306.383283
70
0
0
VERTEX
8
Layer 1
10
731.379350
20
305.082414
70
0
0
VERTEX
8
Layer 1
10
730.889870
20
301.938280
70
0
0
VERTEX
8
Layer 1
10
729.686015
20
296.016020
70
0
0
VERTEX
8
Layer 1
10
727.992681
20
288.149070
70
0
0
VERTEX
8
Layer 1
10
724.288512
20
285.009346
70
0
0
VERTEX
8
Layer 1
10
720.513787
20
281.975455
70
0
0
VERTEX
8
Layer 1
10
720.748605
20
286.304152
70
0
0
VERTEX
8
Layer 1
10
721.492746
20
295.623554
70
0
0
VERTEX
8
Layer 1
10
722.329491
20
304.989259
70
0
0
VERTEX
8
Layer 1
10
722.842122
20
309.456862
70
0
0
VERTEX
8
Layer 1
10
723.097886
20
310.374084
70
0
0
VERTEX
8
Layer 1
10
723.194900
20
311.714641
70
0
0
VERTEX
8
Layer 1
10
723.220256
20
312.766911
70
0
0
VERTEX
8
Layer 1
10
723.362332
20
313.023709
70
0
0
VERTEX
8
Layer 1
10
723.688789
20
313.094885
70
0
0
VERTEX
8
Layer 1
10
725.189198
20
312.662180
70
0
0
VERTEX
8
Layer 1
10
728.310181
20
311.432418
70
0
0
VERTEX
8
Layer 1
10
728.310181
20
311.432418
70
0
0
SEQEND
8
Layer 1
0
POLYLINE
8
Layer 1
62
7
70
0
10
0.000000
20
0.000000
66
1
0
VERTEX
8
Layer 1
10
736.706297
20
307.587138
70
0
0
VERTEX
8
Layer 1
10
740.705918
20
305.201477
70
0
0
VERTEX
8
Layer 1
10
744.255747
20
302.895191
70
0
0
VERTEX
8
Layer 1
10
743.531449
20
301.908515
70
0
0
VERTEX
8
Layer 1
10
741.345328
20
299.711369
70
0
0
VERTEX
8
Layer 1
10
735.048241
20
294.040463
70
0
0
VERTEX
8
Layer 1
10
731.220599
20
290.927197
70
0
0
VERTEX
8
Layer 1
10
730.484175
20
290.508273
70
0
0
VERTEX
8
Layer 1
10
730.352435
20
290.542724
70
0
0
VERTEX
8
Layer 1
10
730.356293
20
290.724350
70
0
0
VERTEX
8
Layer 1
10
731.873239
20
297.744632
70
0
0
VERTEX
8
Layer 1
10
732.931573
20
302.264600
70
0
0
VERTEX
8
Layer 1
10
733.672407
20
304.482692
70
0
0
VERTEX
8
Layer 1
10
734.060462
20
305.351408
70
0
0
VERTEX
8
Layer 1
10
734.342685
20
306.669915
70
0
0
VERTEX
8
Layer 1
10
734.611678
20
307.842902
70
0
0
VERTEX
8
Layer 1
10
734.907130
20
308.327972
70
0
0
VERTEX
8
Layer 1
10
736.706297
20
307.587138
70
0
0
VERTEX
8
Layer 1
10
736.706297
20
307.587138
70
0
0
SEQEND
8
Layer 1
0
POLYLINE
8
Layer 1
62
7
70
0
10
0.000000
20
0.000000
66
1
0
VERTEX
8
Layer 1
10
752.087418
20
296.721576
70
0
0
VERTEX
8
Layer 1
10
754.309920
20
294.781297
70
0
0
VERTEX
8
Layer 1
10
752.969363
20
294.146296
70
0
0
VERTEX
8
Layer 1
10
751.734640
20
293.370185
70
0
0
VERTEX
8
Layer 1
10
750.711584
20
292.488240
70
0
0
VERTEX
8
Layer 1
10
747.294047
20
290.062891
70
0
0
VERTEX
8
Layer 1
10
740.304633
20
285.573791
70
0
0
VERTEX
8
Layer 1
10
729.474348
20
278.835731
70
0
0
VERTEX
8
Layer 1
10
728.416014
20
278.210653
70
0
0
VERTEX
8
Layer 1
10
727.833931
20
278.041981
70
0
0
VERTEX
8
Layer 1
10
727.648722
20
278.349559
70
0
0
VERTEX
8
Layer 1
10
727.781014
20
279.153231
70
0
0
VERTEX
8
Layer 1
10
728.839348
20
283.704068
70
0
0
VERTEX
8
Layer 1
10
729.615460
20
287.161292
70
0
0
VERTEX
8
Layer 1
10
736.247686
20
292.805740
70
0
0
VERTEX
8
Layer 1
10
741.120432
20
296.792131
70
0
0
VERTEX
8
Layer 1
10
743.479635
20
298.450188
70
0
0
VERTEX
8
Layer 1
10
744.264566
20
298.864702
70
0
0
VERTEX
8
Layer 1
10
745.314081
20
299.861300
70
0
0
VERTEX
8
Layer 1
10
746.584081
20
301.272412
70
0
0
VERTEX
8
Layer 1
10
748.206860
20
299.967133
70
0
0
VERTEX
8
Layer 1
10
752.087418
20
296.721576
70
0
0
VERTEX
8
Layer 1
10
752.087418
20
296.721576
70
0
0
SEQEND
8
Layer 1
0
POLYLINE
8
Layer 1
62
7
70
0
10
0.000000
20
0.000000
66
1
0
VERTEX
8
Layer 1
10
695.325438
20
284.550735
70
0
0
VERTEX
8
Layer 1
10
694.973762
20
283.286797
70
0
0
VERTEX
8
Layer 1
10
694.178909
20
281.344865
70
0
0
VERTEX
8
Layer 1
10
693.331140
20
279.594755
70
0
0
VERTEX
8
Layer 1
10
692.820714
20
278.906287
70
0
0
VERTEX
8
Layer 1
10
691.056824
20
281.552122
70
0
0
VERTEX
8
Layer 1
10
689.575157
20
284.056846
70
0
0
VERTEX
8
Layer 1
10
690.210157
20
286.737958
70
0
0
VERTEX
8
Layer 1
10
691.339047
20
291.182961
70
0
0
VERTEX
8
Layer 1
10
691.868214
20
292.946851
70
0
0
VERTEX
8
Layer 1
10
693.596826
20
288.925182
70
0
0
VERTEX
8
Layer 1
10
695.325438
20
284.550735
70
0
0
VERTEX
8
Layer 1
10
695.325438
20
284.550735
70
0
0
SEQEND
8
Layer 1
0
POLYLINE
8
Layer 1
62
7
70
0
10
0.000000
20
0.000000
66
1
0
VERTEX
8
Layer 1
10
758.155200
20
290.794905
70
0
0
VERTEX
8
Layer 1
10
761.400757
20
287.126014
70
0
0
VERTEX
8
Layer 1
10
762.706036
20
285.503235
70
0
0
VERTEX
8
Layer 1
10
761.294924
20
284.021568
70
0
0
VERTEX
8
Layer 1
10
760.302736
20
282.755977
70
0
0
VERTEX
8
Layer 1
10
759.813256
20
281.834344
70
0
0
VERTEX
8
Layer 1
10
756.840551
20
277.859528
70
0
0
VERTEX
8
Layer 1
10
750.398494
20
269.906038
70
0
0
VERTEX
8
Layer 1
10
743.883676
20
262.104683
70
0
0
VERTEX
8
Layer 1
10
740.692689
20
258.586274
70
0
0
VERTEX
8
Layer 1
10
731.943794
20
257.986551
70
0
0
VERTEX
8
Layer 1
10
725.946568
20
257.638183
70
0
0
VERTEX
8
Layer 1
10
723.336011
20
257.633773
70
0
0
VERTEX
8
Layer 1
10
723.719657
20
260.035420
70
0
0
VERTEX
8
Layer 1
10
724.791220
20
265.337563
70
0
0
VERTEX
8
Layer 1
10
726.934347
20
274.814062
70
0
0
VERTEX
8
Layer 1
10
727.370910
20
275.400555
70
0
0
VERTEX
8
Layer 1
10
728.204348
20
276.013507
70
0
0
VERTEX
8
Layer 1
10
740.128244
20
283.386567
70
0
0
VERTEX
8
Layer 1
10
747.889360
20
288.131431
70
0
0
VERTEX
8
Layer 1
10
751.417140
20
290.124627
70
0
0
VERTEX
8
Layer 1
10
752.360821
20
290.547961
70
0
0
VERTEX
8
Layer 1
10
753.886586
20
291.500461
70
0
0
VERTEX
8
Layer 1
10
756.038532
20
292.805740
70
0
0
VERTEX
8
Layer 1
10
758.155200
20
290.794905
70
0
0
VERTEX
8
Layer 1
10
758.155200
20
290.794905
70
0
0
SEQEND
8
Layer 1
0
POLYLINE
8
Layer 1
62
7
70
0
10
0.000000
20
0.000000
66
1
0
VERTEX
8
Layer 1
10
638.422347
20
289.560182
70
0
0
VERTEX
8
Layer 1
10
639.736445
20
288.788481
70
0
0
VERTEX
8
Layer 1
10
640.574292
20
288.466571
70
0
0
VERTEX
8
Layer 1
10
643.034919
20
287.152473
70
0
0
VERTEX
8
Layer 1
10
648.300131
20
283.986290
70
0
0
VERTEX
8
Layer 1
10
655.532080
20
279.541287
70
0
0
VERTEX
8
Layer 1
10
657.260692
20
275.378507
70
0
0
VERTEX
8
Layer 1
10
658.989304
20
270.933504
70
0
0
VERTEX
8
Layer 1
10
657.564963
20
271.339199
70
0
0
VERTEX
8
Layer 1
10
654.156245
20
272.697394
70
0
0
VERTEX
8
Layer 1
10
641.879571
20
277.812675
70
0
0
VERTEX
8
Layer 1
10
636.376234
20
280.215975
70
0
0
VERTEX
8
Layer 1
10
633.518732
20
281.693233
70
0
0
VERTEX
8
Layer 1
10
632.522135
20
282.341463
70
0
0
VERTEX
8
Layer 1
10
631.472620
20
282.751567
70
0
0
VERTEX
8
Layer 1
10
630.687689
20
282.998512
70
0
0
VERTEX
8
Layer 1
10
630.273175
20
283.245456
70
0
0
VERTEX
8
Layer 1
10
631.084013
20
284.542467
70
0
0
VERTEX
8
Layer 1
10
633.108628
20
287.086327
70
0
0
VERTEX
8
Layer 1
10
635.258920
20
289.570655
70
0
0
VERTEX
8
Layer 1
10
636.446790
20
290.689072
70
0
0
VERTEX
8
Layer 1
10
637.183214
20
290.362752
70
0
0
VERTEX
8
Layer 1
10
638.422347
20
289.560182
70
0
0
VERTEX
8
Layer 1
10
638.422347
20
289.560182
70
0
0
SEQEND
8
Layer 1
0
POLYLINE
8
Layer 1
62
7
70
0
10
0.000000
20
0.000000
66
1
0
VERTEX
8
Layer 1
10
726.369902
20
280.740732
70
0
0
VERTEX
8
Layer 1
10
725.417401
20
276.436841
70
0
0
VERTEX
8
Layer 1
10
722.559900
20
274.567117
70
0
0
VERTEX
8
Layer 1
10
719.667120
20
272.732672
70
0
0
VERTEX
8
Layer 1
10
719.878787
20
274.919895
70
0
0
VERTEX
8
Layer 1
10
720.141165
20
277.509506
70
0
0
VERTEX
8
Layer 1
10
720.601982
20
279.100315
70
0
0
VERTEX
8
Layer 1
10
721.644882
20
280.426539
70
0
0
VERTEX
8
Layer 1
10
723.653511
20
282.222400
70
0
0
VERTEX
8
Layer 1
10
727.110736
20
285.044624
70
0
0
VERTEX
8
Layer 1
10
726.978444
20
283.779033
70
0
0
VERTEX
8
Layer 1
10
726.369902
20
280.740732
70
0
0
VERTEX
8
Layer 1
10
726.369902
20
280.740732
70
0
0
SEQEND
8
Layer 1
0
POLYLINE
8
Layer 1
62
7
70
0
10
0.000000
20
0.000000
66
1
0
VERTEX
8
Layer 1
10
767.644928
20
278.341842
70
0
0
VERTEX
8
Layer 1
10
769.761596
20
274.990451
70
0
0
VERTEX
8
Layer 1
10
768.315206
20
273.791006
70
0
0
VERTEX
8
Layer 1
10
767.221594
20
272.754720
70
0
0
VERTEX
8
Layer 1
10
766.657150
20
271.956560
70
0
0
VERTEX
8
Layer 1
10
764.588989
20
269.831073
70
0
0
VERTEX
8
Layer 1
10
759.954368
20
265.536001
70
0
0
VERTEX
8
Layer 1
10
755.837889
20
261.848368
70
0
0
VERTEX
8
Layer 1
10
754.479970
20
260.764816
70
0
0
VERTEX
8
Layer 1
10
753.322141
20
260.059122
70
0
0
VERTEX
8
Layer 1
10
752.164313
20
259.634548
70
0
0
VERTEX
8
Layer 1
10
750.806393
20
259.394356
70
0
0
VERTEX
8
Layer 1
10
746.689915
20
259.080163
70
0
0
VERTEX
8
Layer 1
10
743.585468
20
258.833219
70
0
0
VERTEX
8
Layer 1
10
749.335750
20
265.853501
70
0
0
VERTEX
8
Layer 1
10
759.257631
20
277.874411
70
0
0
VERTEX
8
Layer 1
10
761.152710
20
280.002103
70
0
0
VERTEX
8
Layer 1
10
761.929924
20
280.634899
70
0
0
VERTEX
8
Layer 1
10
762.600203
20
281.133198
70
0
0
VERTEX
8
Layer 1
10
763.376314
20
282.081289
70
0
0
VERTEX
8
Layer 1
10
764.258259
20
283.351290
70
0
0
VERTEX
8
Layer 1
10
764.893260
20
282.504622
70
0
0
VERTEX
8
Layer 1
10
767.644928
20
278.341842
70
0
0
VERTEX
8
Layer 1
10
767.644928
20
278.341842
70
0
0
SEQEND
8
Layer 1
0
POLYLINE
8
Layer 1
62
7
70
0
10
0.000000
20
0.000000
66
1
0
VERTEX
8
Layer 1
10
700.087941
20
274.355451
70
0
0
VERTEX
8
Layer 1
10
703.192387
20
267.335168
70
0
0
VERTEX
8
Layer 1
10
702.134053
20
266.276834
70
0
0
VERTEX
8
Layer 1
10
701.075719
20
265.218500
70
0
0
VERTEX
8
Layer 1
10
697.689051
20
270.757115
70
0
0
VERTEX
8
Layer 1
10
695.263702
20
274.787604
70
0
0
VERTEX
8
Layer 1
10
694.267104
20
276.648508
70
0
0
VERTEX
8
Layer 1
10
695.360716
20
279.647121
70
0
0
VERTEX
8
Layer 1
10
696.260300
20
281.508025
70
0
0
VERTEX
8
Layer 1
10
696.551342
20
281.869622
70
0
0
VERTEX
8
Layer 1
10
696.736550
20
281.834344
70
0
0
VERTEX
8
Layer 1
10
700.087941
20
274.355451
70
0
0
VERTEX
8
Layer 1
10
700.087941
20
274.355451
70
0
0
SEQEND
8
Layer 1
0
POLYLINE
8
Layer 1
62
7
70
0
10
0.000000
20
0.000000
66
1
0
VERTEX
8
Layer 1
10
630.802342
20
279.929343
70
0
0
VERTEX
8
Layer 1
10
632.138488
20
279.351669
70
0
0
VERTEX
8
Layer 1
10
632.919010
20
279.223787
70
0
0
VERTEX
8
Layer 1
10
635.757219
20
278.238765
70
0
0
VERTEX
8
Layer 1
10
642.448426
20
275.603403
70
0
0
VERTEX
8
Layer 1
10
658.671804
20
268.887392
70
0
0
VERTEX
8
Layer 1
10
659.639187
20
268.403424
70
0
0
VERTEX
8
Layer 1
10
660.325451
20
267.687946
70
0
0
VERTEX
8
Layer 1
10
661.058016
20
266.258093
70
0
0
VERTEX
8
Layer 1
10
662.164306
20
263.630999
70
0
0
VERTEX
8
Layer 1
10
665.586253
20
255.622939
70
0
0
VERTEX
8
Layer 1
10
666.997365
20
252.024603
70
0
0
VERTEX
8
Layer 1
10
658.107359
20
250.930991
70
0
0
VERTEX
8
Layer 1
10
650.751938
20
250.256303
70
0
0
VERTEX
8
Layer 1
10
649.286807
20
250.281108
70
0
0
VERTEX
8
Layer 1
10
648.582353
20
250.507658
70
0
0
VERTEX
8
Layer 1
10
644.469182
20
253.816605
70
0
0
VERTEX
8
Layer 1
10
637.161165
20
260.072351
70
0
0
VERTEX
8
Layer 1
10
630.157420
20
266.228879
70
0
0
VERTEX
8
Layer 1
10
626.957062
20
269.240170
70
0
0
VERTEX
8
Layer 1
10
626.335290
20
270.055969
70
0
0
VERTEX
8
Layer 1
10
625.052060
20
271.109893
70
0
0
VERTEX
8
Layer 1
10
623.323448
20
272.379894
70
0
0
VERTEX
8
Layer 1
10
623.993726
20
273.508783
70
0
0
VERTEX
8
Layer 1
10
626.498450
20
277.742119
70
0
0
VERTEX
8
Layer 1
10
627.909562
20
279.911704
70
0
0
VERTEX
8
Layer 1
10
628.685674
20
280.811288
70
0
0
VERTEX
8
Layer 1
10
630.802342
20
279.929343
70
0
0
VERTEX
8
Layer 1
10
630.802342
20
279.929343
70
0
0
SEQEND
8
Layer 1
0
POLYLINE
8
Layer 1
62
7
70
0
10
0.000000
20
0.000000
66
1
0
VERTEX
8
Layer 1
10
718.079619
20
274.461284
70
0
0
VERTEX
8
Layer 1
10
717.915908
20
272.627390
70
0
0
VERTEX
8
Layer 1
10
717.700727
20
271.987635
70
0
0
VERTEX
8
Layer 1
10
717.246181
20
271.378886
70
0
0
VERTEX
8
Layer 1
10
715.167547
20
269.793039
70
0
0
VERTEX
8
Layer 1
10
710.777114
20
266.947113
70
0
0
VERTEX
8
Layer 1
10
706.614334
20
264.266000
70
0
0
VERTEX
8
Layer 1
10
706.049889
20
265.324334
70
0
0
VERTEX
8
Layer 1
10
705.705931
20
266.188640
70
0
0
VERTEX
8
Layer 1
10
705.626556
20
266.735446
70
0
0
VERTEX
8
Layer 1
10
707.629122
20
268.609028
70
0
0
VERTEX
8
Layer 1
10
711.910414
20
272.304928
70
0
0
VERTEX
8
Layer 1
10
716.198320
20
275.888381
70
0
0
VERTEX
8
Layer 1
10
718.220730
20
277.424619
70
0
0
VERTEX
8
Layer 1
10
718.079619
20
274.461284
70
0
0
VERTEX
8
Layer 1
10
718.079619
20
274.461284
70
0
0
SEQEND
8
Layer 1
0
POLYLINE
8
Layer 1
62
7
70
0
10
0.000000
20
0.000000
66
1
0
VERTEX
8
Layer 1
10
724.182678
20
270.686559
70
0
0
VERTEX
8
Layer 1
10
722.348233
20
262.466832
70
0
0
VERTEX
8
Layer 1
10
721.184065
20
257.351551
70
0
0
VERTEX
8
Layer 1
10
719.914065
20
257.245718
70
0
0
VERTEX
8
Layer 1
10
718.608786
20
257.139884
70
0
0
VERTEX
8
Layer 1
10
718.644064
20
258.833219
70
0
0
VERTEX
8
Layer 1
10
719.067397
20
265.465445
70
0
0
VERTEX
8
Layer 1
10
719.490731
20
270.404337
70
0
0
VERTEX
8
Layer 1
10
721.924899
20
272.062394
70
0
0
VERTEX
8
Layer 1
10
724.641290
20
273.755728
70
0
0
VERTEX
8
Layer 1
10
724.610422
20
272.856144
70
0
0
VERTEX
8
Layer 1
10
724.182678
20
270.686559
70
0
0
VERTEX
8
Layer 1
10
724.182678
20
270.686559
70
0
0
SEQEND
8
Layer 1
0
POLYLINE
8
Layer 1
62
7
70
0
10
0.000000
20
0.000000
66
1
0
VERTEX
8
Layer 1
10
774.065488
20
266.029890
70
0
0
VERTEX
8
Layer 1
10
775.406044
20
262.325721
70
0
0
VERTEX
8
Layer 1
10
774.916565
20
262.025860
70
0
0
VERTEX
8
Layer 1
10
773.712710
20
261.831832
70
0
0
VERTEX
8
Layer 1
10
772.332466
20
261.686311
70
0
0
VERTEX
8
Layer 1
10
771.349097
20
261.408498
70
0
0
VERTEX
8
Layer 1
10
764.756558
20
260.610338
70
0
0
VERTEX
8
Layer 1
10
757.026310
20
259.997386
70
0
0
VERTEX
8
Layer 1
10
756.836692
20
260.151726
70
0
0
VERTEX
8
Layer 1
10
757.096866
20
260.597109
70
0
0
VERTEX
8
Layer 1
10
759.199202
20
262.622826
70
0
0
VERTEX
8
Layer 1
10
762.855967
20
265.875549
70
0
0
VERTEX
8
Layer 1
10
766.393669
20
268.896762
70
0
0
VERTEX
8
Layer 1
10
768.138817
20
270.227948
70
0
0
VERTEX
8
Layer 1
10
768.791456
20
270.593955
70
0
0
VERTEX
8
Layer 1
10
769.761596
20
271.462671
70
0
0
VERTEX
8
Layer 1
10
770.961041
20
272.697394
70
0
0
VERTEX
8
Layer 1
10
771.842986
20
271.039337
70
0
0
VERTEX
8
Layer 1
10
774.065488
20
266.029890
70
0
0
VERTEX
8
Layer 1
10
774.065488
20
266.029890
70
0
0
SEQEND
8
Layer 1
0
POLYLINE
8
Layer 1
62
7
70
0
10
0.000000
20
0.000000
66
1
0
VERTEX
8
Layer 1
10
623.711504
20
268.640447
70
0
0
VERTEX
8
Layer 1
10
624.681644
20
267.771731
70
0
0
VERTEX
8
Layer 1
10
625.334283
20
267.405724
70
0
0
VERTEX
8
Layer 1
10
626.442777
20
266.670402
70
0
0
VERTEX
8
Layer 1
10
629.386820
20
264.301278
70
0
0
VERTEX
8
Layer 1
10
641.985404
20
253.682660
70
0
0
VERTEX
8
Layer 1
10
645.129538
20
250.851616
70
0
0
VERTEX
8
Layer 1
10
645.800368
20
250.090939
70
0
0
VERTEX
8
Layer 1
10
645.865962
20
249.766824
70
0
0
VERTEX
8
Layer 1
10
644.179243
20
249.436646
70
0
0
VERTEX
8
Layer 1
10
641.156376
20
249.109775
70
0
0
VERTEX
8
Layer 1
10
638.186426
20
248.908581
70
0
0
VERTEX
8
Layer 1
10
636.658457
20
248.955435
70
0
0
VERTEX
8
Layer 1
10
627.737583
20
254.502869
70
0
0
VERTEX
8
Layer 1
10
624.003097
20
257.002080
70
0
0
VERTEX
8
Layer 1
10
622.124003
20
258.409885
70
0
0
VERTEX
8
Layer 1
10
620.964245
20
259.388844
70
0
0
VERTEX
8
Layer 1
10
619.725113
20
260.103219
70
0
0
VERTEX
8
Layer 1
10
618.419834
20
260.667664
70
0
0
VERTEX
8
Layer 1
10
619.478168
20
263.525166
70
0
0
VERTEX
8
Layer 1
10
621.308204
20
268.181836
70
0
0
VERTEX
8
Layer 1
10
621.913990
20
269.438607
70
0
0
VERTEX
8
Layer 1
10
622.265114
20
269.875170
70
0
0
VERTEX
8
Layer 1
10
623.711504
20
268.640447
70
0
0
VERTEX
8
Layer 1
10
623.711504
20
268.640447
70
0
0
SEQEND
8
Layer 1
0
POLYLINE
8
Layer 1
62
7
70
0
10
0.000000
20
0.000000
66
1
0
VERTEX
8
Layer 1
10
717.550452
20
268.428780
70
0
0
VERTEX
8
Layer 1
10
717.118299
20
262.109644
70
0
0
VERTEX
8
Layer 1
10
716.527396
20
257.139884
70
0
0
VERTEX
8
Layer 1
10
715.464652
20
256.910578
70
0
0
VERTEX
8
Layer 1
10
713.211283
20
256.681273
70
0
0
VERTEX
8
Layer 1
10
710.106836
20
256.469606
70
0
0
VERTEX
8
Layer 1
10
708.695724
20
259.538775
70
0
0
VERTEX
8
Layer 1
10
707.663849
20
262.003811
70
0
0
VERTEX
8
Layer 1
10
707.584474
20
262.579831
70
0
0
VERTEX
8
Layer 1
10
707.743224
20
262.854888
70
0
0
VERTEX
8
Layer 1
10
712.611560
20
266.135723
70
0
0
VERTEX
8
Layer 1
10
717.303507
20
269.134336
70
0
0
VERTEX
8
Layer 1
10
717.479896
20
268.953537
70
0
0
VERTEX
8
Layer 1
10
717.550452
20
268.428780
70
0
0
VERTEX
8
Layer 1
10
717.550452
20
268.428780
70
0
0
SEQEND
8
Layer 1
0
POLYLINE
8
Layer 1
62
7
70
0
10
0.000000
20
0.000000
66
1
0
VERTEX
8
Layer 1
10
704.497666
20
264.618778
70
0
0
VERTEX
8
Layer 1
10
704.788708
20
263.895032
70
0
0
VERTEX
8
Layer 1
10
704.815166
20
263.300270
70
0
0
VERTEX
8
Layer 1
10
704.577041
20
262.817956
70
0
0
VERTEX
8
Layer 1
10
704.074332
20
262.431554
70
0
0
VERTEX
8
Layer 1
10
703.665330
20
262.249102
70
0
0
VERTEX
8
Layer 1
10
703.342318
20
262.241936
70
0
0
VERTEX
8
Layer 1
10
702.663220
20
262.819610
70
0
0
VERTEX
8
Layer 1
10
702.307686
20
263.306885
70
0
0
VERTEX
8
Layer 1
10
702.200199
20
263.648638
70
0
0
VERTEX
8
Layer 1
10
702.350681
20
263.990392
70
0
0
VERTEX
8
Layer 1
10
702.769054
20
264.477667
70
0
0
VERTEX
8
Layer 1
10
703.371532
20
265.040458
70
0
0
VERTEX
8
Layer 1
10
703.805339
20
265.249368
70
0
0
VERTEX
8
Layer 1
10
704.153156
20
265.107706
70
0
0
VERTEX
8
Layer 1
10
704.497666
20
264.618778
70
0
0
VERTEX
8
Layer 1
10
704.497666
20
264.618778
70
0
0
SEQEND
8
Layer 1
0
POLYLINE
8
Layer 1
62
7
70
0
10
0.000000
20
0.000000
66
1
0
VERTEX
8
Layer 1
10
701.252108
20
261.725998
70
0
0
VERTEX
8
Layer 1
10
701.516141
20
260.948233
70
0
0
VERTEX
8
Layer 1
10
701.247699
20
260.398671
70
0
0
VERTEX
8
Layer 1
10
700.522850
20
260.133536
70
0
0
VERTEX
8
Layer 1
10
699.417663
20
260.209053
70
0
0
VERTEX
8
Layer 1
10
698.112384
20
260.420720
70
0
0
VERTEX
8
Layer 1
10
699.276552
20
261.443776
70
0
0
VERTEX
8
Layer 1
10
700.101170
20
262.122873
70
0
0
VERTEX
8
Layer 1
10
700.581830
20
262.378637
70
0
0
VERTEX
8
Layer 1
10
700.903740
20
262.237526
70
0
0
VERTEX
8
Layer 1
10
701.252108
20
261.725998
70
0
0
VERTEX
8
Layer 1
10
701.252108
20
261.725998
70
0
0
SEQEND
8
Layer 1
0
POLYLINE
8
Layer 1
62
7
70
0
10
0.000000
20
0.000000
66
1
0
VERTEX
8
Layer 1
10
706.614334
20
259.785719
70
0
0
VERTEX
8
Layer 1
10
707.319890
20
258.021829
70
0
0
VERTEX
8
Layer 1
10
707.221980
20
257.936529
70
0
0
VERTEX
8
Layer 1
10
706.959946
20
257.981039
70
0
0
VERTEX
8
Layer 1
10
706.133674
20
258.356968
70
0
0
VERTEX
8
Layer 1
10
705.221412
20
258.944564
70
0
0
VERTEX
8
Layer 1
10
704.603499
20
259.538775
70
0
0
VERTEX
8
Layer 1
10
704.233082
20
260.328115
70
0
0
VERTEX
8
Layer 1
10
704.365374
20
260.585533
70
0
0
VERTEX
8
Layer 1
10
704.709333
20
260.879331
70
0
0
VERTEX
8
Layer 1
10
705.309607
20
261.269040
70
0
0
VERTEX
8
Layer 1
10
705.727979
20
261.271797
70
0
0
VERTEX
8
Layer 1
10
706.113279
20
260.804917
70
0
0
VERTEX
8
Layer 1
10
706.614334
20
259.785719
70
0
0
VERTEX
8
Layer 1
10
706.614334
20
259.785719
70
0
0
SEQEND
8
Layer 1
0
POLYLINE
8
Layer 1
62
7
70
0
10
0.000000
20
0.000000
66
1
0
VERTEX
8
Layer 1
10
777.099378
20
257.104606
70
0
0
VERTEX
8
Layer 1
10
778.378199
20
252.236270
70
0
0
VERTEX
8
Layer 1
10
778.863268
20
249.590435
70
0
0
VERTEX
8
Layer 1
10
776.993545
20
249.837380
70
0
0
VERTEX
8
Layer 1
10
775.520697
20
250.018178
70
0
0
VERTEX
8
Layer 1
10
774.629932
20
249.802102
70
0
0
VERTEX
8
Layer 1
10
774.152028
20
249.642800
70
0
0
VERTEX
8
Layer 1
10
773.320244
20
249.586025
70
0
0
VERTEX
8
Layer 1
10
770.396596
20
249.766824
70
0
0
VERTEX
8
Layer 1
10
757.096866
20
250.825158
70
0
0
VERTEX
8
Layer 1
10
747.324915
20
251.636547
70
0
0
VERTEX
8
Layer 1
10
749.975160
20
254.238285
70
0
0
VERTEX
8
Layer 1
10
753.710197
20
257.422107
70
0
0
VERTEX
8
Layer 1
10
754.530406
20
257.824494
70
0
0
VERTEX
8
Layer 1
10
755.959157
20
258.127663
70
0
0
VERTEX
8
Layer 1
10
762.706036
20
258.727385
70
0
0
VERTEX
8
Layer 1
10
768.681213
20
259.075753
70
0
0
VERTEX
8
Layer 1
10
771.878264
20
259.080163
70
0
0
VERTEX
8
Layer 1
10
773.112987
20
259.044885
70
0
0
VERTEX
8
Layer 1
10
774.347710
20
259.221274
70
0
0
VERTEX
8
Layer 1
10
775.970489
20
259.609330
70
0
0
VERTEX
8
Layer 1
10
776.468788
20
258.886135
70
0
0
VERTEX
8
Layer 1
10
777.099378
20
257.104606
70
0
0
VERTEX
8
Layer 1
10
777.099378
20
257.104606
70
0
0
SEQEND
8
Layer 1
0
POLYLINE
8
Layer 1
62
7
70
0
10
0.000000
20
0.000000
66
1
0
VERTEX
8
Layer 1
10
621.171502
20
256.116828
70
0
0
VERTEX
8
Layer 1
10
623.432589
20
254.950456
70
0
0
VERTEX
8
Layer 1
10
627.803729
20
252.368562
70
0
0
VERTEX
8
Layer 1
10
632.016119
20
249.746980
70
0
0
VERTEX
8
Layer 1
10
633.800955
20
248.461545
70
0
0
VERTEX
8
Layer 1
10
626.815950
20
247.614878
70
0
0
VERTEX
8
Layer 1
10
621.308204
20
247.156267
70
0
0
VERTEX
8
Layer 1
10
619.954970
20
247.168394
70
0
0
VERTEX
8
Layer 1
10
619.266501
20
247.332656
70
0
0
VERTEX
8
Layer 1
10
618.305181
20
247.548732
70
0
0
VERTEX
8
Layer 1
10
616.867611
20
247.367934
70
0
0
VERTEX
8
Layer 1
10
615.527054
20
247.200364
70
0
0
VERTEX
8
Layer 1
10
615.299954
20
247.328246
70
0
0
VERTEX
8
Layer 1
10
615.244832
20
247.614878
70
0
0
VERTEX
8
Layer 1
10
616.122367
20
252.037832
70
0
0
VERTEX
8
Layer 1
10
617.396778
20
257.069329
70
0
0
VERTEX
8
Layer 1
10
617.749556
20
258.198218
70
0
0
VERTEX
8
Layer 1
10
619.195946
20
257.175162
70
0
0
VERTEX
8
Layer 1
10
620.382162
20
256.421099
70
0
0
VERTEX
8
Layer 1
10
621.171502
20
256.116828
70
0
0
VERTEX
8
Layer 1
10
621.171502
20
256.116828
70
0
0
SEQEND
8
Layer 1
0
POLYLINE
8
Layer 1
62
7
70
0
10
0.000000
20
0.000000
66
1
0
VERTEX
8
Layer 1
10
750.323528
20
256.963495
70
0
0
VERTEX
8
Layer 1
10
747.042693
20
253.894327
70
0
0
VERTEX
8
Layer 1
10
744.643802
20
251.742381
70
0
0
VERTEX
8
Layer 1
10
741.609912
20
251.848214
70
0
0
VERTEX
8
Layer 1
10
738.399632
20
252.059881
70
0
0
VERTEX
8
Layer 1
10
738.458061
20
252.445732
70
0
0
VERTEX
8
Layer 1
10
738.919979
20
253.188771
70
0
0
VERTEX
8
Layer 1
10
740.869078
20
255.481828
70
0
0
VERTEX
8
Layer 1
10
742.421301
20
257.175162
70
0
0
VERTEX
8
Layer 1
10
746.654637
20
257.457384
70
0
0
VERTEX
8
Layer 1
10
751.029084
20
257.845440
70
0
0
VERTEX
8
Layer 1
10
750.901202
20
257.589676
70
0
0
VERTEX
8
Layer 1
10
750.323528
20
256.963495
70
0
0
VERTEX
8
Layer 1
10
750.323528
20
256.963495
70
0
0
SEQEND
8
Layer 1
0
POLYLINE
8
Layer 1
62
7
70
0
10
0.000000
20
0.000000
66
1
0
VERTEX
8
Layer 1
10
739.105188
20
256.152106
70
0
0
VERTEX
8
Layer 1
10
737.235464
20
253.859049
70
0
0
VERTEX
8
Layer 1
10
735.718519
20
252.200992
70
0
0
VERTEX
8
Layer 1
10
729.015737
20
252.589048
70
0
0
VERTEX
8
Layer 1
10
722.207122
20
253.118215
70
0
0
VERTEX
8
Layer 1
10
722.418788
20
254.388216
70
0
0
VERTEX
8
Layer 1
10
722.701011
20
255.587661
70
0
0
VERTEX
8
Layer 1
10
729.756571
20
256.152106
70
0
0
VERTEX
8
Layer 1
10
738.333486
20
256.760648
70
0
0
VERTEX
8
Layer 1
10
739.227006
20
256.608512
70
0
0
VERTEX
8
Layer 1
10
739.234517
20
256.418343
70
0
0
VERTEX
8
Layer 1
10
739.105188
20
256.152106
70
0
0
VERTEX
8
Layer 1
10
739.105188
20
256.152106
70
0
0
SEQEND
8
Layer 1
0
POLYLINE
8
Layer 1
62
7
70
0
10
0.000000
20
0.000000
66
1
0
VERTEX
8
Layer 1
10
720.725454
20
255.093772
70
0
0
VERTEX
8
Layer 1
10
720.372676
20
253.823771
70
0
0
VERTEX
8
Layer 1
10
719.927294
20
253.127034
70
0
0
VERTEX
8
Layer 1
10
719.623574
20
253.000255
70
0
0
VERTEX
8
Layer 1
10
719.243786
20
253.012382
70
0
0
VERTEX
8
Layer 1
10
718.719580
20
253.225702
70
0
0
VERTEX
8
Layer 1
10
718.383890
20
253.660611
70
0
0
VERTEX
8
Layer 1
10
718.266481
20
254.247656
70
0
0
VERTEX
8
Layer 1
10
718.397119
20
254.917383
70
0
0
VERTEX
8
Layer 1
10
718.850218
20
255.242600
70
0
0
VERTEX
8
Layer 1
10
719.640662
20
255.402453
70
0
0
VERTEX
8
Layer 1
10
720.391417
20
255.363867
70
0
0
VERTEX
8
Layer 1
10
720.634090
20
255.259826
70
0
0
VERTEX
8
Layer 1
10
720.725454
20
255.093772
70
0
0
VERTEX
8
Layer 1
10
720.725454
20
255.093772
70
0
0
SEQEND
8
Layer 1
0
POLYLINE
8
Layer 1
62
7
70
0
10
0.000000
20
0.000000
66
1
0
VERTEX
8
Layer 1
10
716.492118
20
254.176549
70
0
0
VERTEX
8
Layer 1
10
716.311319
20
253.470993
70
0
0
VERTEX
8
Layer 1
10
715.574895
20
253.294604
70
0
0
VERTEX
8
Layer 1
10
714.677516
20
253.491939
70
0
0
VERTEX
8
Layer 1
10
713.819825
20
253.947243
70
0
0
VERTEX
8
Layer 1
10
713.292863
20
254.455464
70
0
0
VERTEX
8
Layer 1
10
713.244356
20
254.665339
70
0
0
VERTEX
8
Layer 1
10
713.387672
20
254.811549
70
0
0
VERTEX
8
Layer 1
10
715.186839
20
255.023216
70
0
0
VERTEX
8
Layer 1
10
716.276041
20
254.904154
70
0
0
VERTEX
8
Layer 1
10
716.451879
20
254.641224
70
0
0
VERTEX
8
Layer 1
10
716.492118
20
254.176549
70
0
0
VERTEX
8
Layer 1
10
716.492118
20
254.176549
70
0
0
SEQEND
8
Layer 1
0
POLYLINE
8
Layer 1
62
7
70
0
10
0.000000
20
0.000000
66
1
0
VERTEX
8
Layer 1
10
719.561287
20
249.343490
70
0
0
VERTEX
8
Layer 1
10
719.208509
20
247.544323
70
0
0
VERTEX
8
Layer 1
10
718.538230
20
248.355712
70
0
0
VERTEX
8
Layer 1
10
718.088438
20
249.202379
70
0
0
VERTEX
8
Layer 1
10
717.903230
20
250.154880
70
0
0
VERTEX
8
Layer 1
10
717.939059
20
250.686803
70
0
0
VERTEX
8
Layer 1
10
718.084029
20
250.997137
70
0
0
VERTEX
8
Layer 1
10
718.394363
20
251.142107
70
0
0
VERTEX
8
Layer 1
10
718.926286
20
251.177936
70
0
0
VERTEX
8
Layer 1
10
719.914065
20
251.177936
70
0
0
VERTEX
8
Layer 1
10
719.561287
20
249.343490
70
0
0
VERTEX
8
Layer 1
10
719.561287
20
249.343490
70
0
0
SEQEND
8
Layer 1
0
POLYLINE
8
Layer 1
62
7
70
0
10
0.000000
20
0.000000
66
1
0
VERTEX
8
Layer 1
10
733.390184
20
250.507658
70
0
0
VERTEX
8
Layer 1
10
733.756191
20
250.276698
70
0
0
VERTEX
8
Layer 1
10
733.540115
20
249.665400
70
0
0
VERTEX
8
Layer 1
10
730.462127
20
245.886266
70
0
0
VERTEX
8
Layer 1
10
726.369902
20
241.370708
70
0
0
VERTEX
8
Layer 1
10
725.459845
20
241.668364
70
0
0
VERTEX
8
Layer 1
10
723.799032
20
242.508417
70
0
0
VERTEX
8
Layer 1
10
722.118376
20
243.493990
70
0
0
VERTEX
8
Layer 1
10
721.148788
20
244.228209
70
0
0
VERTEX
8
Layer 1
10
720.945940
20
245.207168
70
0
0
VERTEX
8
Layer 1
10
721.113510
20
247.297378
70
0
0
VERTEX
8
Layer 1
10
721.421639
20
249.726034
70
0
0
VERTEX
8
Layer 1
10
721.647431
20
250.424011
70
0
0
VERTEX
8
Layer 1
10
722.043962
20
250.851616
70
0
0
VERTEX
8
Layer 1
10
722.703422
20
251.064248
70
0
0
VERTEX
8
Layer 1
10
723.718004
20
251.117302
70
0
0
VERTEX
8
Layer 1
10
727.181291
20
250.966269
70
0
0
VERTEX
8
Layer 1
10
733.390184
20
250.507658
70
0
0
VERTEX
8
Layer 1
10
733.390184
20
250.507658
70
0
0
SEQEND
8
Layer 1
0
POLYLINE
8
Layer 1
62
7
70
0
10
0.000000
20
0.000000
66
1
0
VERTEX
8
Layer 1
10
672.535979
20
249.696268
70
0
0
VERTEX
8
Layer 1
10
672.602125
20
249.093790
70
0
0
VERTEX
8
Layer 1
10
672.456604
20
248.686441
70
0
0
VERTEX
8
Layer 1
10
672.059729
20
248.431229
70
0
0
VERTEX
8
Layer 1
10
671.371812
20
248.285156
70
0
0
VERTEX
8
Layer 1
10
670.934147
20
248.291771
70
0
0
VERTEX
8
Layer 1
10
670.595700
20
248.443906
70
0
0
VERTEX
8
Layer 1
10
670.031255
20
249.343490
70
0
0
VERTEX
8
Layer 1
10
669.572644
20
250.472380
70
0
0
VERTEX
8
Layer 1
10
670.948478
20
250.472380
70
0
0
VERTEX
8
Layer 1
10
672.099416
20
250.322449
70
0
0
VERTEX
8
Layer 1
10
672.372268
20
250.085427
70
0
0
VERTEX
8
Layer 1
10
672.535979
20
249.696268
70
0
0
VERTEX
8
Layer 1
10
672.535979
20
249.696268
70
0
0
SEQEND
8
Layer 1
0
POLYLINE
8
Layer 1
62
7
70
0
10
0.000000
20
0.000000
66
1
0
VERTEX
8
Layer 1
10
742.491857
20
249.978491
70
0
0
VERTEX
8
Layer 1
10
736.931193
20
244.713279
70
0
0
VERTEX
8
Layer 1
10
730.709071
20
239.183484
70
0
0
VERTEX
8
Layer 1
10
730.325977
20
238.972920
70
0
0
VERTEX
8
Layer 1
10
729.972647
20
238.927720
70
0
0
VERTEX
8
Layer 1
10
729.051015
20
239.359873
70
0
0
VERTEX
8
Layer 1
10
728.424834
20
239.946366
70
0
0
VERTEX
8
Layer 1
10
728.274903
20
240.453485
70
0
0
VERTEX
8
Layer 1
10
732.614073
20
245.709877
70
0
0
VERTEX
8
Layer 1
10
736.741575
20
250.472380
70
0
0
VERTEX
8
Layer 1
10
739.599077
20
250.260713
70
0
0
VERTEX
8
Layer 1
10
742.491857
20
249.978491
70
0
0
VERTEX
8
Layer 1
10
742.491857
20
249.978491
70
0
0
SEQEND
8
Layer 1
0
POLYLINE
8
Layer 1
62
7
70
0
10
0.000000
20
0.000000
66
1
0
VERTEX
8
Layer 1
10
668.337921
20
248.990712
70
0
0
VERTEX
8
Layer 1
10
668.589275
20
248.095538
70
0
0
VERTEX
8
Layer 1
10
668.549588
20
247.544323
70
0
0
VERTEX
8
Layer 1
10
666.534343
20
246.935781
70
0
0
VERTEX
8
Layer 1
10
662.058473
20
245.850988
70
0
0
VERTEX
8
Layer 1
10
655.814302
20
244.404598
70
0
0
VERTEX
8
Layer 1
10
653.521245
20
246.274322
70
0
0
VERTEX
8
Layer 1
10
651.946973
20
247.641337
70
0
0
VERTEX
8
Layer 1
10
651.404577
20
248.320434
70
0
0
VERTEX
8
Layer 1
10
658.301387
20
249.228838
70
0
0
VERTEX
8
Layer 1
10
666.679864
20
250.084324
70
0
0
VERTEX
8
Layer 1
10
667.296123
20
250.062276
70
0
0
VERTEX
8
Layer 1
10
667.720559
20
249.907935
70
0
0
VERTEX
8
Layer 1
10
668.039162
20
249.568386
70
0
0
VERTEX
8
Layer 1
10
668.337921
20
248.990712
70
0
0
VERTEX
8
Layer 1
10
668.337921
20
248.990712
70
0
0
SEQEND
8
Layer 1
0
POLYLINE
8
Layer 1
62
7
70
0
10
0.000000
20
0.000000
66
1
0
VERTEX
8
Layer 1
10
752.404918
20
249.414046
70
0
0
VERTEX
8
Layer 1
10
765.351871
20
248.320434
70
0
0
VERTEX
8
Layer 1
10
771.693056
20
247.707482
70
0
0
VERTEX
8
Layer 1
10
774.594655
20
247.226822
70
0
0
VERTEX
8
Layer 1
10
775.525107
20
247.001926
70
0
0
VERTEX
8
Layer 1
10
777.169934
20
247.015156
70
0
0
VERTEX
8
Layer 1
10
778.593173
20
247.087916
70
0
0
VERTEX
8
Layer 1
10
779.024086
20
246.968027
70
0
0
VERTEX
8
Layer 1
10
779.321880
20
246.644739
70
0
0
VERTEX
8
Layer 1
10
779.680170
20
245.090311
70
0
0
VERTEX
8
Layer 1
10
779.992158
20
241.829319
70
0
0
VERTEX
8
Layer 1
10
780.265561
20
238.782750
70
0
0
VERTEX
8
Layer 1
10
780.300839
20
237.274073
70
0
0
VERTEX
8
Layer 1
10
780.208510
20
236.927979
70
0
0
VERTEX
8
Layer 1
10
780.031846
20
236.764199
70
0
0
VERTEX
8
Layer 1
10
779.392435
20
236.714038
70
0
0
VERTEX
8
Layer 1
10
778.274019
20
236.603795
70
0
0
VERTEX
8
Layer 1
10
777.086149
20
236.334802
70
0
0
VERTEX
8
Layer 1
10
776.143019
20
235.999663
70
0
0
VERTEX
8
Layer 1
10
775.758822
20
235.690982
70
0
0
VERTEX
8
Layer 1
10
771.525486
20
234.420981
70
0
0
VERTEX
8
Layer 1
10
761.365480
20
231.775146
70
0
0
VERTEX
8
Layer 1
10
746.972137
20
228.176810
70
0
0
VERTEX
8
Layer 1
10
739.457966
20
232.868758
70
0
0
VERTEX
8
Layer 1
10
734.210393
20
236.220149
70
0
0
VERTEX
8
Layer 1
10
732.084906
20
237.772372
70
0
0
VERTEX
8
Layer 1
10
738.540743
20
243.910709
70
0
0
VERTEX
8
Layer 1
10
744.890747
20
249.766824
70
0
0
VERTEX
8
Layer 1
10
746.584081
20
249.766824
70
0
0
VERTEX
8
Layer 1
10
752.404918
20
249.414046
70
0
0
VERTEX
8
Layer 1
10
752.404918
20
249.414046
70
0
0
SEQEND
8
Layer 1
0
POLYLINE
8
Layer 1
62
7
70
0
10
0.000000
20
0.000000
66
1
0
VERTEX
8
Layer 1
10
651.016521
20
246.168488
70
0
0
VERTEX
8
Layer 1
10
653.344856
20
244.087098
70
0
0
VERTEX
8
Layer 1
10
652.445272
20
243.703452
70
0
0
VERTEX
8
Layer 1
10
650.275687
20
243.134598
70
0
0
VERTEX
8
Layer 1
10
647.171241
20
242.393764
70
0
0
VERTEX
8
Layer 1
10
645.054573
20
243.663765
70
0
0
VERTEX
8
Layer 1
10
641.244571
20
246.097933
70
0
0
VERTEX
8
Layer 1
10
639.515958
20
247.226822
70
0
0
VERTEX
8
Layer 1
10
642.302905
20
247.473767
70
0
0
VERTEX
8
Layer 1
10
645.407351
20
247.826545
70
0
0
VERTEX
8
Layer 1
10
647.241797
20
247.967656
70
0
0
VERTEX
8
Layer 1
10
648.069722
20
247.924661
70
0
0
VERTEX
8
Layer 1
10
648.838117
20
247.676614
70
0
0
VERTEX
8
Layer 1
10
651.016521
20
246.168488
70
0
0
VERTEX
8
Layer 1
10
651.016521
20
246.168488
70
0
0
SEQEND
8
Layer 1
0
POLYLINE
8
Layer 1
62
7
70
0
10
0.000000
20
0.000000
66
1
0
VERTEX
8
Layer 1
10
640.609570
20
244.404598
70
0
0
VERTEX
8
Layer 1
10
643.740475
20
242.309979
70
0
0
VERTEX
8
Layer 1
10
644.141760
20
241.849714
70
0
0
VERTEX
8
Layer 1
10
643.960961
20
241.617652
70
0
0
VERTEX
8
Layer 1
10
639.140581
20
240.241267
70
0
0
VERTEX
8
Layer 1
10
630.639182
20
238.120740
70
0
0
VERTEX
8
Layer 1
10
622.395752
20
236.205266
70
0
0
VERTEX
8
Layer 1
10
618.349278
20
235.444037
70
0
0
VERTEX
8
Layer 1
10
617.238028
20
235.430808
70
0
0
VERTEX
8
Layer 1
10
615.915110
20
235.126537
70
0
0
VERTEX
8
Layer 1
10
614.257054
20
234.597370
70
0
0
VERTEX
8
Layer 1
10
614.210751
20
235.855795
70
0
0
VERTEX
8
Layer 1
10
614.336429
20
238.711643
70
0
0
VERTEX
8
Layer 1
10
614.786221
20
243.699042
70
0
0
VERTEX
8
Layer 1
10
614.949380
20
244.117966
70
0
0
VERTEX
8
Layer 1
10
615.271290
20
244.351682
70
0
0
VERTEX
8
Layer 1
10
616.973444
20
244.475154
70
0
0
VERTEX
8
Layer 1
10
618.503619
20
244.589807
70
0
0
VERTEX
8
Layer 1
10
619.372335
20
244.863210
70
0
0
VERTEX
8
Layer 1
10
622.062267
20
245.370328
70
0
0
VERTEX
8
Layer 1
10
627.980118
20
246.062655
70
0
0
VERTEX
8
Layer 1
10
636.376234
20
246.909322
70
0
0
VERTEX
8
Layer 1
10
640.609570
20
244.404598
70
0
0
VERTEX
8
Layer 1
10
640.609570
20
244.404598
70
0
0
SEQEND
8
Layer 1
0
POLYLINE
8
Layer 1
62
7
70
0
10
0.000000
20
0.000000
66
1
0
VERTEX
8
Layer 1
10
673.488480
20
245.886266
70
0
0
VERTEX
8
Layer 1
10
673.290042
20
244.386959
70
0
0
VERTEX
8
Layer 1
10
673.027112
20
243.703452
70
0
0
VERTEX
8
Layer 1
10
672.747646
20
243.416820
70
0
0
VERTEX
8
Layer 1
10
672.408097
20
243.835744
70
0
0
VERTEX
8
Layer 1
10
671.936257
20
244.863210
70
0
0
VERTEX
8
Layer 1
10
671.565840
20
246.119981
70
0
0
VERTEX
8
Layer 1
10
671.727897
20
246.366375
70
0
0
VERTEX
8
Layer 1
10
672.147923
20
246.556544
70
0
0
VERTEX
8
Layer 1
10
672.694729
20
246.714743
70
0
0
VERTEX
8
Layer 1
10
673.082785
20
246.657968
70
0
0
VERTEX
8
Layer 1
10
673.338549
20
246.382911
70
0
0
VERTEX
8
Layer 1
10
673.488480
20
245.886266
70
0
0
VERTEX
8
Layer 1
10
673.488480
20
245.886266
70
0
0
SEQEND
8
Layer 1
0
POLYLINE
8
Layer 1
62
7
70
0
10
0.000000
20
0.000000
66
1
0
VERTEX
8
Layer 1
10
670.736811
20
243.134598
70
0
0
VERTEX
8
Layer 1
10
671.362992
20
241.101714
70
0
0
VERTEX
8
Layer 1
10
671.512923
20
239.889040
70
0
0
VERTEX
8
Layer 1
10
670.741221
20
238.843935
70
0
0
VERTEX
8
Layer 1
10
669.149310
20
237.243205
70
0
0
VERTEX
8
Layer 1
10
667.288406
20
235.695392
70
0
0
VERTEX
8
Layer 1
10
666.817668
20
235.571368
70
0
0
VERTEX
8
Layer 1
10
666.432920
20
235.761537
70
0
0
VERTEX
8
Layer 1
10
661.740972
20
239.536262
70
0
0
VERTEX
8
Layer 1
10
658.843783
20
241.895465
70
0
0
VERTEX
8
Layer 1
10
657.719303
20
242.958209
70
0
0
VERTEX
8
Layer 1
10
663.363751
20
244.470744
70
0
0
VERTEX
8
Layer 1
10
669.219866
20
245.745155
70
0
0
VERTEX
8
Layer 1
10
669.496576
20
245.545615
70
0
0
VERTEX
8
Layer 1
10
669.872505
20
244.995502
70
0
0
VERTEX
8
Layer 1
10
670.736811
20
243.134598
70
0
0
VERTEX
8
Layer 1
10
670.736811
20
243.134598
70
0
0
SEQEND
8
Layer 1
0
POLYLINE
8
Layer 1
62
7
70
0
10
0.000000
20
0.000000
66
1
0
VERTEX
8
Layer 1
10
660.753194
20
238.125150
70
0
0
VERTEX
8
Layer 1
10
665.727364
20
234.068203
70
0
0
VERTEX
8
Layer 1
10
664.633752
20
233.080425
70
0
0
VERTEX
8
Layer 1
10
663.540140
20
232.092646
70
0
0
VERTEX
8
Layer 1
10
662.411251
20
232.798202
70
0
0
VERTEX
8
Layer 1
10
655.390968
20
237.137372
70
0
0
VERTEX
8
Layer 1
10
649.464298
20
240.982652
70
0
0
VERTEX
8
Layer 1
10
650.195761
20
241.310074
70
0
0
VERTEX
8
Layer 1
10
651.876418
20
241.749944
70
0
0
VERTEX
8
Layer 1
10
653.735668
20
242.123668
70
0
0
VERTEX
8
Layer 1
10
655.002913
20
242.252653
70
0
0
VERTEX
8
Layer 1
10
656.991699
20
241.009110
70
0
0
VERTEX
8
Layer 1
10
660.753194
20
238.125150
70
0
0
VERTEX
8
Layer 1
10
660.753194
20
238.125150
70
0
0
SEQEND
8
Layer 1
0
POLYLINE
8
Layer 1
62
7
70
0
10
0.000000
20
0.000000
66
1
0
VERTEX
8
Layer 1
10
724.429623
20
240.100707
70
0
0
VERTEX
8
Layer 1
10
724.825947
20
239.783207
70
0
0
VERTEX
8
Layer 1
10
724.954380
20
239.545081
70
0
0
VERTEX
8
Layer 1
10
724.394345
20
238.830706
70
0
0
VERTEX
8
Layer 1
10
723.688789
20
238.125150
70
0
0
VERTEX
8
Layer 1
10
722.947955
20
238.901262
70
0
0
VERTEX
8
Layer 1
10
722.379101
20
239.774387
70
0
0
VERTEX
8
Layer 1
10
721.995455
20
240.700429
70
0
0
VERTEX
8
Layer 1
10
721.873085
20
241.263221
70
0
0
VERTEX
8
Layer 1
10
721.916080
20
241.498590
70
0
0
VERTEX
8
Layer 1
10
722.736289
20
241.159041
70
0
0
VERTEX
8
Layer 1
10
724.429623
20
240.100707
70
0
0
VERTEX
8
Layer 1
10
724.429623
20
240.100707
70
0
0
SEQEND
8
Layer 1
0
POLYLINE
8
Layer 1
62
7
70
0
10
0.000000
20
0.000000
66
1
0
VERTEX
8
Layer 1
10
655.567357
20
235.091259
70
0
0
VERTEX
8
Layer 1
10
662.234862
20
230.963757
70
0
0
VERTEX
8
Layer 1
10
661.388194
20
230.187645
70
0
0
VERTEX
8
Layer 1
10
656.167080
20
225.425142
70
0
0
VERTEX
8
Layer 1
10
650.522632
20
220.274583
70
0
0
VERTEX
8
Layer 1
10
649.287909
20
219.110416
70
0
0
VERTEX
8
Layer 1
10
638.704569
20
219.780694
70
0
0
VERTEX
8
Layer 1
10
624.769838
20
220.697917
70
0
0
VERTEX
8
Layer 1
10
621.850600
20
220.984549
70
0
0
VERTEX
8
Layer 1
10
619.513446
20
221.403473
70
0
0
VERTEX
8
Layer 1
10
617.895077
20
221.720973
70
0
0
VERTEX
8
Layer 1
10
616.620666
20
221.720973
70
0
0
VERTEX
8
Layer 1
10
615.738721
20
221.676876
70
0
0
VERTEX
8
Layer 1
10
615.489572
20
221.899567
70
0
0
VERTEX
8
Layer 1
10
615.280110
20
222.320696
70
0
0
VERTEX
8
Layer 1
10
614.958751
20
224.140810
70
0
0
VERTEX
8
Layer 1
10
614.614241
20
227.277226
70
0
0
VERTEX
8
Layer 1
10
614.382180
20
230.307810
70
0
0
VERTEX
8
Layer 1
10
614.398165
20
231.810424
70
0
0
VERTEX
8
Layer 1
10
614.980249
20
232.057368
70
0
0
VERTEX
8
Layer 1
10
616.197333
20
232.304313
70
0
0
VERTEX
8
Layer 1
10
617.542299
20
232.595355
70
0
0
VERTEX
8
Layer 1
10
618.384556
20
232.939313
70
0
0
VERTEX
8
Layer 1
10
622.825149
20
234.284280
70
0
0
VERTEX
8
Layer 1
10
632.848454
20
236.925705
70
0
0
VERTEX
8
Layer 1
10
646.818463
20
240.488763
70
0
0
VERTEX
8
Layer 1
10
647.876797
20
239.818484
70
0
0
VERTEX
8
Layer 1
10
655.567357
20
235.091259
70
0
0
VERTEX
8
Layer 1
10
655.567357
20
235.091259
70
0
0
SEQEND
8
Layer 1
0
POLYLINE
8
Layer 1
62
7
70
0
10
0.000000
20
0.000000
66
1
0
VERTEX
8
Layer 1
10
727.957403
20
237.913483
70
0
0
VERTEX
8
Layer 1
10
728.804070
20
237.349038
70
0
0
VERTEX
8
Layer 1
10
727.745736
20
236.467093
70
0
0
VERTEX
8
Layer 1
10
726.687402
20
235.549871
70
0
0
VERTEX
8
Layer 1
10
725.911291
20
236.290704
70
0
0
VERTEX
8
Layer 1
10
725.513313
20
236.735535
70
0
0
VERTEX
8
Layer 1
10
725.373304
20
237.044767
70
0
0
VERTEX
8
Layer 1
10
725.484650
20
237.347385
70
0
0
VERTEX
8
Layer 1
10
725.840735
20
237.772372
70
0
0
VERTEX
8
Layer 1
10
726.345097
20
238.255788
70
0
0
VERTEX
8
Layer 1
10
726.780006
20
238.438240
70
0
0
VERTEX
8
Layer 1
10
727.274447
20
238.323036
70
0
0
VERTEX
8
Layer 1
10
727.957403
20
237.913483
70
0
0
VERTEX
8
Layer 1
10
727.957403
20
237.913483
70
0
0
SEQEND
8
Layer 1
0
POLYLINE
8
Layer 1
62
7
70
0
10
0.000000
20
0.000000
66
1
0
VERTEX
8
Layer 1
10
670.807367
20
234.279870
70
0
0
VERTEX
8
Layer 1
10
670.376316
20
233.584787
70
0
0
VERTEX
8
Layer 1
10
669.925422
20
233.243584
70
0
0
VERTEX
8
Layer 1
10
669.448069
20
233.252955
70
0
0
VERTEX
8
Layer 1
10
668.937644
20
233.609592
70
0
0
VERTEX
8
Layer 1
10
668.797635
20
233.875829
70
0
0
VERTEX
8
Layer 1
10
668.875907
20
234.231363
70
0
0
VERTEX
8
Layer 1
10
669.819589
20
235.408759
70
0
0
VERTEX
8
Layer 1
10
670.939659
20
236.414177
70
0
0
VERTEX
8
Layer 1
10
671.159043
20
236.381104
70
0
0
VERTEX
8
Layer 1
10
671.265978
20
236.043760
70
0
0
VERTEX
8
Layer 1
10
671.182194
20
235.241190
70
0
0
VERTEX
8
Layer 1
10
670.807367
20
234.279870
70
0
0
VERTEX
8
Layer 1
10
670.807367
20
234.279870
70
0
0
SEQEND
8
Layer 1
0
POLYLINE
8
Layer 1
62
7
70
0
10
0.000000
20
0.000000
66
1
0
VERTEX
8
Layer 1
10
737.306020
20
232.163202
70
0
0
VERTEX
8
Layer 1
10
742.059704
20
229.085214
70
0
0
VERTEX
8
Layer 1
10
744.008802
20
227.647643
70
0
0
VERTEX
8
Layer 1
10
743.333012
20
227.311402
70
0
0
VERTEX
8
Layer 1
10
741.777481
20
226.809796
70
0
0
VERTEX
8
Layer 1
10
738.858243
20
226.130698
70
0
0
VERTEX
8
Layer 1
10
737.111992
20
227.334553
70
0
0
VERTEX
8
Layer 1
10
733.460740
20
230.258201
70
0
0
VERTEX
8
Layer 1
10
728.451292
20
234.350425
70
0
0
VERTEX
8
Layer 1
10
729.439071
20
235.373482
70
0
0
VERTEX
8
Layer 1
10
730.462127
20
236.361260
70
0
0
VERTEX
8
Layer 1
10
737.306020
20
232.163202
70
0
0
VERTEX
8
Layer 1
10
737.306020
20
232.163202
70
0
0
SEQEND
8
Layer 1
0
POLYLINE
8
Layer 1
62
7
70
0
10
0.000000
20
0.000000
66
1
0
VERTEX
8
Layer 1
10
724.817679
20
234.914870
70
0
0
VERTEX
8
Layer 1
10
725.166047
20
234.486024
70
0
0
VERTEX
8
Layer 1
10
725.223373
20
234.156397
70
0
0
VERTEX
8
Layer 1
10
724.936741
20
233.773854
70
0
0
VERTEX
8
Layer 1
10
724.253234
20
233.186258
70
0
0
VERTEX
8
Layer 1
10
723.186081
20
232.423376
70
0
0
VERTEX
8
Layer 1
10
723.003077
20
232.516531
70
0
0
VERTEX
8
Layer 1
10
722.912678
20
232.904036
70
0
0
VERTEX
8
Layer 1
10
722.947955
20
233.661406
70
0
0
VERTEX
8
Layer 1
10
723.194900
20
234.570912
70
0
0
VERTEX
8
Layer 1
10
723.547678
20
235.334897
70
0
0
VERTEX
8
Layer 1
10
723.900456
20
235.655704
70
0
0
VERTEX
8
Layer 1
10
724.817679
20
234.914870
70
0
0
VERTEX
8
Layer 1
10
724.817679
20
234.914870
70
0
0
SEQEND
8
Layer 1
0
POLYLINE
8
Layer 1
62
7
70
0
10
0.000000
20
0.000000
66
1
0
VERTEX
8
Layer 1
10
780.203825
20
230.646256
70
0
0
VERTEX
8
Layer 1
10
779.960739
20
226.988941
70
0
0
VERTEX
8
Layer 1
10
779.634970
20
225.147329
70
0
0
VERTEX
8
Layer 1
10
779.357364
20
224.697606
70
0
0
VERTEX
8
Layer 1
10
778.958629
20
224.450042
70
0
0
VERTEX
8
Layer 1
10
777.663823
20
224.225697
70
0
0
VERTEX
8
Layer 1
10
776.129239
20
223.969933
70
0
0
VERTEX
8
Layer 1
10
775.123822
20
223.661252
70
0
0
VERTEX
8
Layer 1
10
772.217813
20
223.180592
70
0
0
VERTEX
8
Layer 1
10
766.057427
20
222.461807
70
0
0
VERTEX
8
Layer 1
10
757.590755
20
221.615140
70
0
0
VERTEX
8
Layer 1
10
753.463252
20
224.155141
70
0
0
VERTEX
8
Layer 1
10
749.300472
20
226.836254
70
0
0
VERTEX
8
Layer 1
10
753.442857
20
228.040109
70
0
0
VERTEX
8
Layer 1
10
762.595793
20
230.328756
70
0
0
VERTEX
8
Layer 1
10
771.847947
20
232.511570
70
0
0
VERTEX
8
Layer 1
10
776.287989
20
233.397925
70
0
0
VERTEX
8
Layer 1
10
777.161115
20
233.459661
70
0
0
VERTEX
8
Layer 1
10
778.510490
20
233.891814
70
0
0
VERTEX
8
Layer 1
10
780.309658
20
234.562092
70
0
0
VERTEX
8
Layer 1
10
780.203825
20
230.646256
70
0
0
VERTEX
8
Layer 1
10
780.203825
20
230.646256
70
0
0
SEQEND
8
Layer 1
0
POLYLINE
8
Layer 1
62
7
70
0
10
0.000000
20
0.000000
66
1
0
VERTEX
8
Layer 1
10
731.696850
20
229.446811
70
0
0
VERTEX
8
Layer 1
10
736.141853
20
225.566253
70
0
0
VERTEX
8
Layer 1
10
734.259451
20
224.997399
70
0
0
VERTEX
8
Layer 1
10
730.343064
20
224.031669
70
0
0
VERTEX
8
Layer 1
10
724.570734
20
222.814585
70
0
0
VERTEX
8
Layer 1
10
724.081806
20
223.664008
70
0
0
VERTEX
8
Layer 1
10
723.384518
20
225.350177
70
0
0
VERTEX
8
Layer 1
10
722.759991
20
227.135564
70
0
0
VERTEX
8
Layer 1
10
722.489344
20
228.282644
70
0
0
VERTEX
8
Layer 1
10
722.647543
20
228.723616
70
0
0
VERTEX
8
Layer 1
10
723.093476
20
229.376256
70
0
0
VERTEX
8
Layer 1
10
724.676568
20
231.104868
70
0
0
VERTEX
8
Layer 1
10
727.004902
20
233.186258
70
0
0
VERTEX
8
Layer 1
10
731.696850
20
229.446811
70
0
0
VERTEX
8
Layer 1
10
731.696850
20
229.446811
70
0
0
SEQEND
8
Layer 1
0
POLYLINE
8
Layer 1
62
7
70
0
10
0.000000
20
0.000000
66
1
0
VERTEX
8
Layer 1
10
668.161532
20
232.198480
70
0
0
VERTEX
8
Layer 1
10
668.902366
20
231.598757
70
0
0
VERTEX
8
Layer 1
10
668.055699
20
230.787368
70
0
0
VERTEX
8
Layer 1
10
667.541414
20
230.327654
70
0
0
VERTEX
8
Layer 1
10
667.169344
20
230.152367
70
0
0
VERTEX
8
Layer 1
10
666.790659
20
230.241664
70
0
0
VERTEX
8
Layer 1
10
666.256531
20
230.575701
70
0
0
VERTEX
8
Layer 1
10
665.304030
20
231.175423
70
0
0
VERTEX
8
Layer 1
10
666.080142
20
231.986813
70
0
0
VERTEX
8
Layer 1
10
666.668289
20
232.565589
70
0
0
VERTEX
8
Layer 1
10
667.107608
20
232.780563
70
0
0
VERTEX
8
Layer 1
10
667.553541
20
232.651579
70
0
0
VERTEX
8
Layer 1
10
668.161532
20
232.198480
70
0
0
VERTEX
8
Layer 1
10
668.161532
20
232.198480
70
0
0
SEQEND
8
Layer 1
0
POLYLINE
8
Layer 1
62
7
70
0
10
0.000000
20
0.000000
66
1
0
VERTEX
8
Layer 1
10
671.124867
20
229.905423
70
0
0
VERTEX
8
Layer 1
10
671.591196
20
229.247271
70
0
0
VERTEX
8
Layer 1
10
671.997993
20
228.212088
70
0
0
VERTEX
8
Layer 1
10
672.206352
20
227.256280
70
0
0
VERTEX
8
Layer 1
10
672.192710
20
226.950769
70
0
0
VERTEX
8
Layer 1
10
672.077368
20
226.836254
70
0
0
VERTEX
8
Layer 1
10
668.902366
20
228.811811
70
0
0
VERTEX
8
Layer 1
10
668.998277
20
229.128760
70
0
0
VERTEX
8
Layer 1
10
669.405074
20
229.654068
70
0
0
VERTEX
8
Layer 1
10
669.904476
20
230.146304
70
0
0
VERTEX
8
Layer 1
10
670.278200
20
230.364034
70
0
0
VERTEX
8
Layer 1
10
671.124867
20
229.905423
70
0
0
VERTEX
8
Layer 1
10
671.124867
20
229.905423
70
0
0
SEQEND
8
Layer 1
0
POLYLINE
8
Layer 1
62
7
70
0
10
0.000000
20
0.000000
66
1
0
VERTEX
8
Layer 1
10
665.762642
20
228.423755
70
0
0
VERTEX
8
Layer 1
10
661.917361
20
223.414307
70
0
0
VERTEX
8
Layer 1
10
658.107359
20
218.757638
70
0
0
VERTEX
8
Layer 1
10
655.461524
20
218.757638
70
0
0
VERTEX
8
Layer 1
10
653.481557
20
218.814964
70
0
0
VERTEX
8
Layer 1
10
652.427633
20
219.004582
70
0
0
VERTEX
8
Layer 1
10
652.642056
20
219.469257
70
0
0
VERTEX
8
Layer 1
10
653.666766
20
220.605313
70
0
0
VERTEX
8
Layer 1
10
657.895692
20
224.613753
70
0
0
VERTEX
8
Layer 1
10
663.751807
20
229.975978
70
0
0
VERTEX
8
Layer 1
10
664.774863
20
229.376256
70
0
0
VERTEX
8
Layer 1
10
665.480419
20
228.860318
70
0
0
VERTEX
8
Layer 1
10
665.762642
20
228.423755
70
0
0
VERTEX
8
Layer 1
10
665.762642
20
228.423755
70
0
0
SEQEND
8
Layer 1
0
POLYLINE
8
Layer 1
62
7
70
0
10
0.000000
20
0.000000
66
1
0
VERTEX
8
Layer 1
10
671.512923
20
225.072364
70
0
0
VERTEX
8
Layer 1
10
672.489677
20
224.303418
70
0
0
VERTEX
8
Layer 1
10
672.976952
20
223.392259
70
0
0
VERTEX
8
Layer 1
10
673.040893
20
222.051151
70
0
0
VERTEX
8
Layer 1
10
672.747646
20
219.992361
70
0
0
VERTEX
8
Layer 1
10
672.324312
20
217.593470
70
0
0
VERTEX
8
Layer 1
10
667.667643
20
217.840415
70
0
0
VERTEX
8
Layer 1
10
661.564583
20
218.334304
70
0
0
VERTEX
8
Layer 1
10
660.082916
20
218.545971
70
0
0
VERTEX
8
Layer 1
10
663.787085
20
223.061529
70
0
0
VERTEX
8
Layer 1
10
667.526532
20
227.577088
70
0
0
VERTEX
8
Layer 1
10
668.796532
20
226.800976
70
0
0
VERTEX
8
Layer 1
10
671.512923
20
225.072364
70
0
0
VERTEX
8
Layer 1
10
671.512923
20
225.072364
70
0
0
SEQEND
8
Layer 1
0
POLYLINE
8
Layer 1
62
7
70
0
10
0.000000
20
0.000000
66
1
0
VERTEX
8
Layer 1
10
750.676306
20
223.943474
70
0
0
VERTEX
8
Layer 1
10
754.239364
20
221.509306
70
0
0
VERTEX
8
Layer 1
10
753.867293
20
221.322444
70
0
0
VERTEX
8
Layer 1
10
752.718009
20
221.125660
70
0
0
VERTEX
8
Layer 1
10
747.889360
20
220.662639
70
0
0
VERTEX
8
Layer 1
10
745.243525
20
220.415694
70
0
0
VERTEX
8
Layer 1
10
742.844635
20
222.426529
70
0
0
VERTEX
8
Layer 1
10
741.221856
20
223.925836
70
0
0
VERTEX
8
Layer 1
10
740.657411
20
224.684308
70
0
0
VERTEX
8
Layer 1
10
743.223871
20
225.456010
70
0
0
VERTEX
8
Layer 1
10
746.372415
20
226.095420
70
0
0
VERTEX
8
Layer 1
10
747.955506
20
225.469239
70
0
0
VERTEX
8
Layer 1
10
750.676306
20
223.943474
70
0
0
VERTEX
8
Layer 1
10
750.676306
20
223.943474
70
0
0
SEQEND
8
Layer 1
0
POLYLINE
8
Layer 1
62
7
70
0
10
0.000000
20
0.000000
66
1
0
VERTEX
8
Layer 1
10
722.242399
20
223.625974
70
0
0
VERTEX
8
Layer 1
10
722.612816
20
222.369203
70
0
0
VERTEX
8
Layer 1
10
722.450759
20
222.122809
70
0
0
VERTEX
8
Layer 1
10
722.030733
20
221.932640
70
0
0
VERTEX
8
Layer 1
10
721.413371
20
221.756251
70
0
0
VERTEX
8
Layer 1
10
721.007676
20
221.791529
70
0
0
VERTEX
8
Layer 1
10
720.827636
20
222.023659
70
0
0
VERTEX
8
Layer 1
10
720.731517
20
222.438105
70
0
0
VERTEX
8
Layer 1
10
720.756322
20
223.551009
70
0
0
VERTEX
8
Layer 1
10
721.012637
20
224.604382
70
0
0
VERTEX
8
Layer 1
10
721.205907
20
224.944413
70
0
0
VERTEX
8
Layer 1
10
721.431010
20
225.072364
70
0
0
VERTEX
8
Layer 1
10
721.770559
20
224.653440
70
0
0
VERTEX
8
Layer 1
10
722.242399
20
223.625974
70
0
0
VERTEX
8
Layer 1
10
722.242399
20
223.625974
70
0
0
SEQEND
8
Layer 1
0
POLYLINE
8
Layer 1
62
7
70
0
10
0.000000
20
0.000000
66
1
0
VERTEX
8
Layer 1
10
740.481022
20
222.214862
70
0
0
VERTEX
8
Layer 1
10
741.949460
20
220.896354
70
0
0
VERTEX
8
Layer 1
10
742.491857
20
220.239305
70
0
0
VERTEX
8
Layer 1
10
734.302997
20
219.251527
70
0
0
VERTEX
8
Layer 1
10
726.193513
20
218.475415
70
0
0
VERTEX
8
Layer 1
10
725.624658
20
219.860069
70
0
0
VERTEX
8
Layer 1
10
725.346846
20
220.980139
70
0
0
VERTEX
8
Layer 1
10
730.956016
20
222.426529
70
0
0
VERTEX
8
Layer 1
10
736.776853
20
223.837641
70
0
0
VERTEX
8
Layer 1
10
737.494536
20
223.951191
70
0
0
VERTEX
8
Layer 1
10
738.258521
20
223.767085
70
0
0
VERTEX
8
Layer 1
10
739.207714
20
223.212562
70
0
0
VERTEX
8
Layer 1
10
740.481022
20
222.214862
70
0
0
VERTEX
8
Layer 1
10
740.481022
20
222.214862
70
0
0
SEQEND
8
Layer 1
0
POLYLINE
8
Layer 1
62
7
70
0
10
0.000000
20
0.000000
66
1
0
VERTEX
8
Layer 1
10
779.110213
20
220.309861
70
0
0
VERTEX
8
Layer 1
10
776.605489
20
210.290966
70
0
0
VERTEX
8
Layer 1
10
775.229655
20
211.172911
70
0
0
VERTEX
8
Layer 1
10
774.122814
20
211.869647
70
0
0
VERTEX
8
Layer 1
10
773.254098
20
212.195967
70
0
0
VERTEX
8
Layer 1
10
770.891037
20
213.425729
70
0
0
VERTEX
8
Layer 1
10
766.467531
20
216.080935
70
0
0
VERTEX
8
Layer 1
10
762.235849
20
218.769213
70
0
0
VERTEX
8
Layer 1
10
760.448257
20
220.098194
70
0
0
VERTEX
8
Layer 1
10
762.454682
20
220.470816
70
0
0
VERTEX
8
Layer 1
10
766.789441
20
220.909584
70
0
0
VERTEX
8
Layer 1
10
771.719514
20
221.268976
70
0
0
VERTEX
8
Layer 1
10
775.511877
20
221.403473
70
0
0
VERTEX
8
Layer 1
10
779.286602
20
221.368195
70
0
0
VERTEX
8
Layer 1
10
779.110213
20
220.309861
70
0
0
VERTEX
8
Layer 1
10
779.110213
20
220.309861
70
0
0
SEQEND
8
Layer 1
0
POLYLINE
8
Layer 1
62
7
70
0
10
0.000000
20
0.000000
66
1
0
VERTEX
8
Layer 1
10
675.922648
20
218.510693
70
0
0
VERTEX
8
Layer 1
10
675.772717
20
217.514095
70
0
0
VERTEX
8
Layer 1
10
675.505929
20
217.349833
70
0
0
VERTEX
8
Layer 1
10
675.040703
20
217.311248
70
0
0
VERTEX
8
Layer 1
10
674.485078
20
217.391725
70
0
0
VERTEX
8
Layer 1
10
674.220494
20
217.743401
70
0
0
VERTEX
8
Layer 1
10
674.207265
20
218.531639
70
0
0
VERTEX
8
Layer 1
10
674.405703
20
219.921805
70
0
0
VERTEX
8
Layer 1
10
674.617369
20
221.297639
70
0
0
VERTEX
8
Layer 1
10
675.287648
20
220.521528
70
0
0
VERTEX
8
Layer 1
10
675.737440
20
219.595486
70
0
0
VERTEX
8
Layer 1
10
675.922648
20
218.510693
70
0
0
VERTEX
8
Layer 1
10
675.922648
20
218.510693
70
0
0
SEQEND
8
Layer 1
0
POLYLINE
8
Layer 1
62
7
70
0
10
0.000000
20
0.000000
66
1
0
VERTEX
8
Layer 1
10
723.829900
20
219.604305
70
0
0
VERTEX
8
Layer 1
10
724.159527
20
218.775828
70
0
0
VERTEX
8
Layer 1
10
724.165039
20
218.294617
70
0
0
VERTEX
8
Layer 1
10
723.800135
20
218.071374
70
0
0
VERTEX
8
Layer 1
10
723.018511
20
218.016804
70
0
0
VERTEX
8
Layer 1
10
722.149795
20
218.109408
70
0
0
VERTEX
8
Layer 1
10
721.783788
20
218.334304
70
0
0
VERTEX
8
Layer 1
10
721.572121
20
219.216249
70
0
0
VERTEX
8
Layer 1
10
721.620628
20
219.723368
70
0
0
VERTEX
8
Layer 1
10
722.171844
20
220.098194
70
0
0
VERTEX
8
Layer 1
10
722.877400
20
220.368290
70
0
0
VERTEX
8
Layer 1
10
723.291914
20
220.406875
70
0
0
VERTEX
8
Layer 1
10
723.560907
20
220.167647
70
0
0
VERTEX
8
Layer 1
10
723.829900
20
219.604305
70
0
0
VERTEX
8
Layer 1
10
723.829900
20
219.604305
70
0
0
SEQEND
8
Layer 1
0
POLYLINE
8
Layer 1
62
7
70
0
10
0.000000
20
0.000000
66
1
0
VERTEX
8
Layer 1
10
764.399370
20
215.370969
70
0
0
VERTEX
8
Layer 1
10
769.466144
20
212.037217
70
0
0
VERTEX
8
Layer 1
10
771.913542
20
210.290966
70
0
0
VERTEX
8
Layer 1
10
772.746980
20
209.594229
70
0
0
VERTEX
8
Layer 1
10
774.030210
20
208.844576
70
0
0
VERTEX
8
Layer 1
10
775.688266
20
207.962631
70
0
0
VERTEX
8
Layer 1
10
775.278713
20
206.517344
70
0
0
VERTEX
8
Layer 1
10
774.131633
20
203.464711
70
0
0
VERTEX
8
Layer 1
10
772.845647
20
200.332704
70
0
0
VERTEX
8
Layer 1
10
772.019375
20
198.649292
70
0
0
VERTEX
8
Layer 1
10
770.572985
20
199.531237
70
0
0
VERTEX
8
Layer 1
10
768.315206
20
201.083460
70
0
0
VERTEX
8
Layer 1
10
764.441814
20
204.161448
70
0
0
VERTEX
8
Layer 1
10
757.383498
20
210.123396
70
0
0
VERTEX
8
Layer 1
10
750.649297
20
215.966282
70
0
0
VERTEX
8
Layer 1
10
747.748249
20
218.687082
70
0
0
VERTEX
8
Layer 1
10
751.174605
20
219.255937
70
0
0
VERTEX
8
Layer 1
10
756.109087
20
219.745416
70
0
0
VERTEX
8
Layer 1
10
757.042295
20
219.607612
70
0
0
VERTEX
8
Layer 1
10
758.441832
20
218.986943
70
0
0
VERTEX
8
Layer 1
10
764.399370
20
215.370969
70
0
0
VERTEX
8
Layer 1
10
764.399370
20
215.370969
70
0
0
SEQEND
8
Layer 1
0
POLYLINE
8
Layer 1
62
7
70
0
10
0.000000
20
0.000000
66
1
0
VERTEX
8
Layer 1
10
635.670678
20
218.263749
70
0
0
VERTEX
8
Layer 1
10
647.488741
20
217.487637
70
0
0
VERTEX
8
Layer 1
10
643.749294
20
214.100968
70
0
0
VERTEX
8
Layer 1
10
640.009848
20
210.714299
70
0
0
VERTEX
8
Layer 1
10
633.695121
20
210.255688
70
0
0
VERTEX
8
Layer 1
10
623.358726
20
209.726521
70
0
0
VERTEX
8
Layer 1
10
620.333655
20
209.607458
70
0
0
VERTEX
8
Layer 1
10
618.737334
20
209.409021
70
0
0
VERTEX
8
Layer 1
10
618.416527
20
209.416738
70
0
0
VERTEX
8
Layer 1
10
618.102334
20
209.841174
70
0
0
VERTEX
8
Layer 1
10
617.255667
20
212.442912
70
0
0
VERTEX
8
Layer 1
10
616.126777
20
216.782081
70
0
0
VERTEX
8
Layer 1
10
615.738721
20
218.475415
70
0
0
VERTEX
8
Layer 1
10
615.686356
20
218.824335
70
0
0
VERTEX
8
Layer 1
10
615.875423
20
218.991353
70
0
0
VERTEX
8
Layer 1
10
617.467333
20
218.898749
70
0
0
VERTEX
8
Layer 1
10
618.896084
20
218.814964
70
0
0
VERTEX
8
Layer 1
10
619.584001
20
218.969305
70
0
0
VERTEX
8
Layer 1
10
620.329245
20
219.163332
70
0
0
VERTEX
8
Layer 1
10
621.841781
20
219.145694
70
0
0
VERTEX
8
Layer 1
10
635.670678
20
218.263749
70
0
0
VERTEX
8
Layer 1
10
635.670678
20
218.263749
70
0
0
SEQEND
8
Layer 1
0
POLYLINE
8
Layer 1
62
7
70
0
10
0.000000
20
0.000000
66
1
0
VERTEX
8
Layer 1
10
719.843509
20
218.687082
70
0
0
VERTEX
8
Layer 1
10
719.909655
20
218.038853
70
0
0
VERTEX
8
Layer 1
10
719.631842
20
217.628748
70
0
0
VERTEX
8
Layer 1
10
718.928491
20
217.404955
70
0
0
VERTEX
8
Layer 1
10
718.000244
20
217.320067
70
0
0
VERTEX
8
Layer 1
10
717.191059
20
217.380701
70
0
0
VERTEX
8
Layer 1
10
716.844896
20
217.593470
70
0
0
VERTEX
8
Layer 1
10
717.107826
20
218.097833
70
0
0
VERTEX
8
Layer 1
10
717.757709
20
218.665034
70
0
0
VERTEX
8
Layer 1
10
718.586186
20
219.146245
70
0
0
VERTEX
8
Layer 1
10
719.384898
20
219.392638
70
0
0
VERTEX
8
Layer 1
10
719.627432
20
219.198610
70
0
0
VERTEX
8
Layer 1
10
719.843509
20
218.687082
70
0
0
VERTEX
8
Layer 1
10
719.843509
20
218.687082
70
0
0
SEQEND
8
Layer 1
0
POLYLINE
8
Layer 1
62
7
70
0
10
0.000000
20
0.000000
66
1
0
VERTEX
8
Layer 1
10
756.003254
20
209.020965
70
0
0
VERTEX
8
Layer 1
10
766.974650
20
199.742904
70
0
0
VERTEX
8
Layer 1
10
767.455310
20
199.279882
70
0
0
VERTEX
8
Layer 1
10
767.644928
20
198.790403
70
0
0
VERTEX
8
Layer 1
10
768.059442
20
198.128944
70
0
0
VERTEX
8
Layer 1
10
769.056040
20
197.202902
70
0
0
VERTEX
8
Layer 1
10
770.052638
20
196.320957
70
0
0
VERTEX
8
Layer 1
10
770.467152
20
195.756512
70
0
0
VERTEX
8
Layer 1
10
768.562151
20
192.268420
70
0
0
VERTEX
8
Layer 1
10
765.916316
20
188.065952
70
0
0
VERTEX
8
Layer 1
10
765.281315
20
187.254562
70
0
0
VERTEX
8
Layer 1
10
763.834926
20
187.995396
70
0
0
VERTEX
8
Layer 1
10
762.600203
20
188.524563
70
0
0
VERTEX
8
Layer 1
10
761.682980
20
188.736230
70
0
0
VERTEX
8
Layer 1
10
757.202699
20
190.350189
70
0
0
VERTEX
8
Layer 1
10
747.430749
20
194.239567
70
0
0
VERTEX
8
Layer 1
10
733.884073
20
199.778181
70
0
0
VERTEX
8
Layer 1
10
730.462127
20
208.068464
70
0
0
VERTEX
8
Layer 1
10
728.427590
20
213.128624
70
0
0
VERTEX
8
Layer 1
10
727.573757
20
215.767844
70
0
0
VERTEX
8
Layer 1
10
727.545163
20
216.427649
70
0
0
VERTEX
8
Layer 1
10
727.758414
20
216.779876
70
0
0
VERTEX
8
Layer 1
10
728.195735
20
216.923743
70
0
0
VERTEX
8
Layer 1
10
728.839348
20
216.958470
70
0
0
VERTEX
8
Layer 1
10
737.129631
20
217.805137
70
0
0
VERTEX
8
Layer 1
10
742.968107
20
218.321075
70
0
0
VERTEX
8
Layer 1
10
744.442057
20
218.345880
70
0
0
VERTEX
8
Layer 1
10
745.102414
20
218.228471
70
0
0
VERTEX
8
Layer 1
10
756.003254
20
209.020965
70
0
0
VERTEX
8
Layer 1
10
756.003254
20
209.020965
70
0
0
SEQEND
8
Layer 1
0
POLYLINE
8
Layer 1
62
7
70
0
10
0.000000
20
0.000000
66
1
0
VERTEX
8
Layer 1
10
654.509023
20
217.029026
70
0
0
VERTEX
8
Layer 1
10
656.202358
20
216.782081
70
0
0
VERTEX
8
Layer 1
10
654.085690
20
214.242079
70
0
0
VERTEX
8
Layer 1
10
652.680641
20
212.645759
70
0
0
VERTEX
8
Layer 1
10
652.087051
20
212.156004
70
0
0
VERTEX
8
Layer 1
10
651.417806
20
211.816731
70
0
0
VERTEX
8
Layer 1
10
649.407523
20
211.424265
70
0
0
VERTEX
8
Layer 1
10
645.760129
20
211.137633
70
0
0
VERTEX
8
Layer 1
10
642.937905
20
210.925966
70
0
0
VERTEX
8
Layer 1
10
646.289296
20
214.100968
70
0
0
VERTEX
8
Layer 1
10
648.511246
20
216.116213
70
0
0
VERTEX
8
Layer 1
10
649.345856
20
216.720345
70
0
0
VERTEX
8
Layer 1
10
650.121347
20
217.099581
70
0
0
VERTEX
8
Layer 1
10
650.931565
20
217.286995
70
0
0
VERTEX
8
Layer 1
10
651.870354
20
217.315658
70
0
0
VERTEX
8
Layer 1
10
654.509023
20
217.029026
70
0
0
VERTEX
8
Layer 1
10
654.509023
20
217.029026
70
0
0
SEQEND
8
Layer 1
0
POLYLINE
8
Layer 1
62
7
70
0
10
0.000000
20
0.000000
66
1
0
VERTEX
8
Layer 1
10
666.362364
20
216.217636
70
0
0
VERTEX
8
Layer 1
10
671.654034
20
215.688469
70
0
0
VERTEX
8
Layer 1
10
671.548201
20
214.347913
70
0
0
VERTEX
8
Layer 1
10
671.381734
20
213.660547
70
0
0
VERTEX
8
Layer 1
10
671.089589
20
213.267530
70
0
0
VERTEX
8
Layer 1
10
670.506403
20
213.053107
70
0
0
VERTEX
8
Layer 1
10
669.466811
20
212.901523
70
0
0
VERTEX
8
Layer 1
10
660.920764
20
212.218016
70
0
0
VERTEX
8
Layer 1
10
654.438468
20
211.878467
70
0
0
VERTEX
8
Layer 1
10
654.941176
20
212.645759
70
0
0
VERTEX
8
Layer 1
10
656.343469
20
214.312635
70
0
0
VERTEX
8
Layer 1
10
657.735288
20
215.815800
70
0
0
VERTEX
8
Layer 1
10
658.356991
20
216.245541
70
0
0
VERTEX
8
Layer 1
10
659.117186
20
216.495449
70
0
0
VERTEX
8
Layer 1
10
661.616949
20
216.559941
70
0
0
VERTEX
8
Layer 1
10
666.362364
20
216.217636
70
0
0
VERTEX
8
Layer 1
10
666.362364
20
216.217636
70
0
0
SEQEND
8
Layer 1
0
POLYLINE
8
Layer 1
62
7
70
0
10
0.000000
20
0.000000
66
1
0
VERTEX
8
Layer 1
10
728.451292
20
208.491798
70
0
0
VERTEX
8
Layer 1
10
731.520461
20
200.836515
70
0
0
VERTEX
8
Layer 1
10
728.707056
20
201.828704
70
0
0
VERTEX
8
Layer 1
10
725.734902
20
203.059017
70
0
0
VERTEX
8
Layer 1
10
724.059206
20
209.254680
70
0
0
VERTEX
8
Layer 1
10
722.489344
20
215.794303
70
0
0
VERTEX
8
Layer 1
10
722.821727
20
216.094164
70
0
0
VERTEX
8
Layer 1
10
723.587366
20
216.314650
70
0
0
VERTEX
8
Layer 1
10
724.438994
20
216.389615
70
0
0
VERTEX
8
Layer 1
10
725.029346
20
216.252914
70
0
0
VERTEX
8
Layer 1
10
726.158235
20
213.880482
70
0
0
VERTEX
8
Layer 1
10
728.451292
20
208.491798
70
0
0
VERTEX
8
Layer 1
10
728.451292
20
208.491798
70
0
0
SEQEND
8
Layer 1
0
POLYLINE
8
Layer 1
62
7
70
0
10
0.000000
20
0.000000
66
1
0
VERTEX
8
Layer 1
10
675.781537
20
214.947635
70
0
0
VERTEX
8
Layer 1
10
675.569870
20
213.924579
70
0
0
VERTEX
8
Layer 1
10
675.496007
20
213.713464
70
0
0
VERTEX
8
Layer 1
10
675.270009
20
213.558572
70
0
0
VERTEX
8
Layer 1
10
674.335147
20
213.430690
70
0
0
VERTEX
8
Layer 1
10
673.639513
20
213.451085
70
0
0
VERTEX
8
Layer 1
10
673.294452
20
213.567391
70
0
0
VERTEX
8
Layer 1
10
673.213974
20
213.862292
70
0
0
VERTEX
8
Layer 1
10
673.312091
20
214.418468
70
0
0
VERTEX
8
Layer 1
10
673.534782
20
215.211116
70
0
0
VERTEX
8
Layer 1
10
673.770702
20
215.600275
70
0
0
VERTEX
8
Layer 1
10
674.165373
20
215.698391
70
0
0
VERTEX
8
Layer 1
10
674.864314
20
215.617914
70
0
0
VERTEX
8
Layer 1
10
675.666884
20
215.375379
70
0
0
VERTEX
8
Layer 1
10
675.806893
20
215.186312
70
0
0
VERTEX
8
Layer 1
10
675.781537
20
214.947635
70
0
0
VERTEX
8
Layer 1
10
675.781537
20
214.947635
70
0
0
SEQEND
8
Layer 1
0
POLYLINE
8
Layer 1
62
7
70
0
10
0.000000
20
0.000000
66
1
0
VERTEX
8
Layer 1
10
722.066010
20
210.185132
70
0
0
VERTEX
8
Layer 1
10
723.547678
20
204.187906
70
0
0
VERTEX
8
Layer 1
10
722.123337
20
204.615650
70
0
0
VERTEX
8
Layer 1
10
718.714619
20
205.916519
70
0
0
VERTEX
8
Layer 1
10
713.070171
20
208.139020
70
0
0
VERTEX
8
Layer 1
10
712.329338
20
208.456520
70
0
0
VERTEX
8
Layer 1
10
713.034894
20
211.384578
70
0
0
VERTEX
8
Layer 1
10
713.678713
20
213.593850
70
0
0
VERTEX
8
Layer 1
10
714.163783
20
214.771246
70
0
0
VERTEX
8
Layer 1
10
714.880364
20
215.090951
70
0
0
VERTEX
8
Layer 1
10
716.245173
20
215.423886
70
0
0
VERTEX
8
Layer 1
10
719.702398
20
215.864858
70
0
0
VERTEX
8
Layer 1
10
720.225501
20
215.771152
70
0
0
VERTEX
8
Layer 1
10
720.659308
20
215.115205
70
0
0
VERTEX
8
Layer 1
10
722.066010
20
210.185132
70
0
0
VERTEX
8
Layer 1
10
722.066010
20
210.185132
70
0
0
SEQEND
8
Layer 1
0
POLYLINE
8
Layer 1
62
7
70
0
10
0.000000
20
0.000000
66
1
0
VERTEX
8
Layer 1
10
680.085428
20
214.982913
70
0
0
VERTEX
8
Layer 1
10
680.719326
20
214.438312
70
0
0
VERTEX
8
Layer 1
10
680.764526
20
214.065690
70
0
0
VERTEX
8
Layer 1
10
680.214413
20
213.851819
70
0
0
VERTEX
8
Layer 1
10
679.062372
20
213.783468
70
0
0
VERTEX
8
Layer 1
10
677.633621
20
213.893711
70
0
0
VERTEX
8
Layer 1
10
677.435184
20
214.066242
70
0
0
VERTEX
8
Layer 1
10
677.474871
20
214.347913
70
0
0
VERTEX
8
Layer 1
10
677.686538
20
215.229858
70
0
0
VERTEX
8
Layer 1
10
677.942302
20
215.498851
70
0
0
VERTEX
8
Layer 1
10
678.568483
20
215.529719
70
0
0
VERTEX
8
Layer 1
10
679.353414
20
215.348920
70
0
0
VERTEX
8
Layer 1
10
680.085428
20
214.982913
70
0
0
VERTEX
8
Layer 1
10
680.085428
20
214.982913
70
0
0
SEQEND
8
Layer 1
0
POLYLINE
8
Layer 1
62
7
70
0
10
0.000000
20
0.000000
66
1
0
VERTEX
8
Layer 1
10
711.306281
20
211.243466
70
0
0
VERTEX
8
Layer 1
10
710.688920
20
209.404611
70
0
0
VERTEX
8
Layer 1
10
710.393468
20
209.303739
70
0
0
VERTEX
8
Layer 1
10
709.859892
20
209.444299
70
0
0
VERTEX
8
Layer 1
10
709.313086
20
209.730931
70
0
0
VERTEX
8
Layer 1
10
709.083780
20
210.149855
70
0
0
VERTEX
8
Layer 1
10
709.426636
20
210.815723
70
0
0
VERTEX
8
Layer 1
10
710.212670
20
211.799092
70
0
0
VERTEX
8
Layer 1
10
711.078078
20
212.689856
70
0
0
VERTEX
8
Layer 1
10
711.659059
20
213.077912
70
0
0
VERTEX
8
Layer 1
10
711.628191
20
212.531106
70
0
0
VERTEX
8
Layer 1
10
711.306281
20
211.243466
70
0
0
VERTEX
8
Layer 1
10
711.306281
20
211.243466
70
0
0
SEQEND
8
Layer 1
0
POLYLINE
8
Layer 1
62
7
70
0
10
0.000000
20
0.000000
66
1
0
VERTEX
8
Layer 1
10
684.812654
20
209.902910
70
0
0
VERTEX
8
Layer 1
10
685.915085
20
207.618121
70
0
0
VERTEX
8
Layer 1
10
686.112420
20
206.872395
70
0
0
VERTEX
8
Layer 1
10
686.012099
20
206.256067
70
0
0
VERTEX
8
Layer 1
10
685.567819
20
205.667851
70
0
0
VERTEX
8
Layer 1
10
684.733279
20
205.006462
70
0
0
VERTEX
8
Layer 1
10
681.708207
20
203.059017
70
0
0
VERTEX
8
Layer 1
10
676.734037
20
200.025126
70
0
0
VERTEX
8
Layer 1
10
676.656867
20
200.840374
70
0
0
VERTEX
8
Layer 1
10
676.725218
20
203.001690
70
0
0
VERTEX
8
Layer 1
10
677.192649
20
209.655965
70
0
0
VERTEX
8
Layer 1
10
677.439593
20
212.054856
70
0
0
VERTEX
8
Layer 1
10
680.649873
20
211.949022
70
0
0
VERTEX
8
Layer 1
10
683.860153
20
211.843189
70
0
0
VERTEX
8
Layer 1
10
684.812654
20
209.902910
70
0
0
VERTEX
8
Layer 1
10
684.812654
20
209.902910
70
0
0
SEQEND
8
Layer 1
0
POLYLINE
8
Layer 1
62
7
70
0
10
0.000000
20
0.000000
66
1
0
VERTEX
8
Layer 1
10
675.428759
20
209.479576
70
0
0
VERTEX
8
Layer 1
10
675.005425
20
203.129572
70
0
0
VERTEX
8
Layer 1
10
674.776119
20
200.144189
70
0
0
VERTEX
8
Layer 1
10
674.546814
20
198.719847
70
0
0
VERTEX
8
Layer 1
10
672.015632
20
196.973596
70
0
0
VERTEX
8
Layer 1
10
669.431533
20
195.439012
70
0
0
VERTEX
8
Layer 1
10
672.712368
20
211.596244
70
0
0
VERTEX
8
Layer 1
10
674.194036
20
211.666800
70
0
0
VERTEX
8
Layer 1
10
675.640426
20
211.666800
70
0
0
VERTEX
8
Layer 1
10
675.428759
20
209.479576
70
0
0
VERTEX
8
Layer 1
10
675.428759
20
209.479576
70
0
0
SEQEND
8
Layer 1
0
POLYLINE
8
Layer 1
62
7
70
0
10
0.000000
20
0.000000
66
1
0
VERTEX
8
Layer 1
10
669.149310
20
202.776794
70
0
0
VERTEX
8
Layer 1
10
667.350143
20
194.169011
70
0
0
VERTEX
8
Layer 1
10
659.518471
20
189.194841
70
0
0
VERTEX
8
Layer 1
10
647.241797
20
181.363170
70
0
0
VERTEX
8
Layer 1
10
643.846308
20
179.277370
70
0
0
VERTEX
8
Layer 1
10
641.985404
20
178.329279
70
0
0
VERTEX
8
Layer 1
10
641.143147
20
177.958862
70
0
0
VERTEX
8
Layer 1
10
640.115681
20
177.270945
70
0
0
VERTEX
8
Layer 1
10
639.123493
20
176.644764
70
0
0
VERTEX
8
Layer 1
10
638.422347
20
176.389000
70
0
0
VERTEX
8
Layer 1
10
637.324325
20
177.292994
70
0
0
VERTEX
8
Layer 1
10
635.353178
20
179.493446
70
0
0
VERTEX
8
Layer 1
10
632.213454
20
183.197615
70
0
0
VERTEX
8
Layer 1
10
631.980290
20
183.572993
70
0
0
VERTEX
8
Layer 1
10
632.015016
20
183.951678
70
0
0
VERTEX
8
Layer 1
10
633.165954
20
185.314283
70
0
0
VERTEX
8
Layer 1
10
634.211059
20
186.549006
70
0
0
VERTEX
8
Layer 1
10
634.647622
20
187.360396
70
0
0
VERTEX
8
Layer 1
10
634.970083
20
188.063747
70
0
0
VERTEX
8
Layer 1
10
636.486477
20
190.076786
70
0
0
VERTEX
8
Layer 1
10
646.395129
20
202.212350
70
0
0
VERTEX
8
Layer 1
10
651.739716
20
208.527076
70
0
0
VERTEX
8
Layer 1
10
652.993180
20
209.693448
70
0
0
VERTEX
8
Layer 1
10
653.803467
20
210.079299
70
0
0
VERTEX
8
Layer 1
10
669.431533
20
211.278744
70
0
0
VERTEX
8
Layer 1
10
670.913200
20
211.314022
70
0
0
VERTEX
8
Layer 1
10
669.149310
20
202.776794
70
0
0
VERTEX
8
Layer 1
10
669.149310
20
202.776794
70
0
0
SEQEND
8
Layer 1
0
POLYLINE
8
Layer 1
62
7
70
0
10
0.000000
20
0.000000
66
1
0
VERTEX
8
Layer 1
10
687.881822
20
210.255688
70
0
0
VERTEX
8
Layer 1
10
688.494774
20
209.775028
70
0
0
VERTEX
8
Layer 1
10
689.081267
20
209.056243
70
0
0
VERTEX
8
Layer 1
10
689.374514
20
208.567866
70
0
0
VERTEX
8
Layer 1
10
689.442865
20
208.244853
70
0
0
VERTEX
8
Layer 1
10
689.259861
20
207.974758
70
0
0
VERTEX
8
Layer 1
10
688.799045
20
207.645131
70
0
0
VERTEX
8
Layer 1
10
688.297990
20
207.349128
70
0
0
VERTEX
8
Layer 1
10
687.965607
20
207.367318
70
0
0
VERTEX
8
Layer 1
10
687.653068
20
207.788998
70
0
0
VERTEX
8
Layer 1
10
687.211544
20
208.703465
70
0
0
VERTEX
8
Layer 1
10
686.505988
20
210.467355
70
0
0
VERTEX
8
Layer 1
10
686.631665
20
210.588071
70
0
0
VERTEX
8
Layer 1
10
686.955780
20
210.586417
70
0
0
VERTEX
8
Layer 1
10
687.881822
20
210.255688
70
0
0
VERTEX
8
Layer 1
10
687.881822
20
210.255688
70
0
0
SEQEND
8
Layer 1
0
POLYLINE
8
Layer 1
62
7
70
0
10
0.000000
20
0.000000
66
1
0
VERTEX
8
Layer 1
10
650.169854
20
209.691243
70
0
0
VERTEX
8
Layer 1
10
648.441242
20
207.468742
70
0
0
VERTEX
8
Layer 1
10
640.115681
20
197.379291
70
0
0
VERTEX
8
Layer 1
10
635.269393
20
191.584912
70
0
0
VERTEX
8
Layer 1
10
632.883732
20
189.018452
70
0
0
VERTEX
8
Layer 1
10
632.156127
20
188.476056
70
0
0
VERTEX
8
Layer 1
10
631.296231
20
187.536785
70
0
0
VERTEX
8
Layer 1
10
630.550987
20
186.637201
70
0
0
VERTEX
8
Layer 1
10
630.096786
20
186.266784
70
0
0
VERTEX
8
Layer 1
10
627.786090
20
189.415328
70
0
0
VERTEX
8
Layer 1
10
625.157894
20
193.569289
70
0
0
VERTEX
8
Layer 1
10
625.000797
20
194.008056
70
0
0
VERTEX
8
Layer 1
10
625.118206
20
194.407136
70
0
0
VERTEX
8
Layer 1
10
626.533728
20
195.615401
70
0
0
VERTEX
8
Layer 1
10
627.786090
20
196.669325
70
0
0
VERTEX
8
Layer 1
10
628.297618
20
197.379291
70
0
0
VERTEX
8
Layer 1
10
629.823383
20
199.094674
70
0
0
VERTEX
8
Layer 1
10
633.518732
20
202.529850
70
0
0
VERTEX
8
Layer 1
10
639.762903
20
208.174298
70
0
0
VERTEX
8
Layer 1
10
640.453025
20
208.725513
70
0
0
VERTEX
8
Layer 1
10
641.288668
20
209.065062
70
0
0
VERTEX
8
Layer 1
10
644.878184
20
209.479576
70
0
0
VERTEX
8
Layer 1
10
649.570131
20
209.867632
70
0
0
VERTEX
8
Layer 1
10
649.989055
20
209.819125
70
0
0
VERTEX
8
Layer 1
10
650.169854
20
209.691243
70
0
0
VERTEX
8
Layer 1
10
650.169854
20
209.691243
70
0
0
SEQEND
8
Layer 1
0
POLYLINE
8
Layer 1
62
7
70
0
10
0.000000
20
0.000000
66
1
0
VERTEX
8
Layer 1
10
705.697111
20
209.197354
70
0
0
VERTEX
8
Layer 1
10
706.295180
20
208.915683
70
0
0
VERTEX
8
Layer 1
10
706.565827
20
208.610861
70
0
0
VERTEX
8
Layer 1
10
706.525588
20
208.220049
70
0
0
VERTEX
8
Layer 1
10
706.191000
20
207.680409
70
0
0
VERTEX
8
Layer 1
10
705.896651
20
207.408108
70
0
0
VERTEX
8
Layer 1
10
705.556000
20
207.354089
70
0
0
VERTEX
8
Layer 1
10
704.180166
20
208.033187
70
0
0
VERTEX
8
Layer 1
10
703.024818
20
208.857805
70
0
0
VERTEX
8
Layer 1
10
703.009384
20
209.070023
70
0
0
VERTEX
8
Layer 1
10
703.298221
20
209.232632
70
0
0
VERTEX
8
Layer 1
10
704.471208
20
209.506035
70
0
0
VERTEX
8
Layer 1
10
705.697111
20
209.197354
70
0
0
VERTEX
8
Layer 1
10
705.697111
20
209.197354
70
0
0
SEQEND
8
Layer 1
0
POLYLINE
8
Layer 1
62
7
70
0
10
0.000000
20
0.000000
66
1
0
VERTEX
8
Layer 1
10
637.469846
20
208.703465
70
0
0
VERTEX
8
Layer 1
10
635.805726
20
207.048164
70
0
0
VERTEX
8
Layer 1
10
632.120850
20
203.716066
70
0
0
VERTEX
8
Layer 1
10
628.376442
20
200.443499
70
0
0
VERTEX
8
Layer 1
10
626.533728
20
198.966792
70
0
0
VERTEX
8
Layer 1
10
625.885498
20
198.600785
70
0
0
VERTEX
8
Layer 1
10
624.840394
20
197.732069
70
0
0
VERTEX
8
Layer 1
10
623.464559
20
196.497346
70
0
0
VERTEX
8
Layer 1
10
622.018170
20
199.601792
70
0
0
VERTEX
8
Layer 1
10
619.989696
20
204.209955
70
0
0
VERTEX
8
Layer 1
10
619.125390
20
206.727908
70
0
0
VERTEX
8
Layer 1
10
619.628099
20
206.983672
70
0
0
VERTEX
8
Layer 1
10
620.818724
20
207.080686
70
0
0
VERTEX
8
Layer 1
10
622.124003
20
207.195339
70
0
0
VERTEX
8
Layer 1
10
622.900115
20
207.468742
70
0
0
VERTEX
8
Layer 1
10
625.370112
20
207.914675
70
0
0
VERTEX
8
Layer 1
10
630.356960
20
208.416833
70
0
0
VERTEX
8
Layer 1
10
635.257818
20
208.753625
70
0
0
VERTEX
8
Layer 1
10
636.862613
20
208.790764
70
0
0
VERTEX
8
Layer 1
10
637.469846
20
208.703465
70
0
0
VERTEX
8
Layer 1
10
637.469846
20
208.703465
70
0
0
SEQEND
8
Layer 1
0
POLYLINE
8
Layer 1
62
7
70
0
10
0.000000
20
0.000000
66
1
0
VERTEX
8
Layer 1
10
694.796271
20
207.257075
70
0
0
VERTEX
8
Layer 1
10
693.724708
20
206.388359
70
0
0
VERTEX
8
Layer 1
10
693.102937
20
206.022352
70
0
0
VERTEX
8
Layer 1
10
692.794256
20
206.295755
70
0
0
VERTEX
8
Layer 1
10
692.432658
20
206.939575
70
0
0
VERTEX
8
Layer 1
10
692.243591
20
207.672692
70
0
0
VERTEX
8
Layer 1
10
692.507624
20
208.147839
70
0
0
VERTEX
8
Layer 1
10
693.280979
20
208.398091
70
0
0
VERTEX
8
Layer 1
10
694.619882
20
208.456520
70
0
0
VERTEX
8
Layer 1
10
696.207383
20
208.456520
70
0
0
VERTEX
8
Layer 1
10
694.796271
20
207.257075
70
0
0
VERTEX
8
Layer 1
10
694.796271
20
207.257075
70
0
0
SEQEND
8
Layer 1
0
POLYLINE
8
Layer 1
62
7
70
0
10
0.000000
20
0.000000
66
1
0
VERTEX
8
Layer 1
10
702.486831
20
207.045408
70
0
0
VERTEX
8
Layer 1
10
705.167944
20
205.493185
70
0
0
VERTEX
8
Layer 1
10
703.038047
20
199.694397
70
0
0
VERTEX
8
Layer 1
10
701.452200
20
195.794546
70
0
0
VERTEX
8
Layer 1
10
700.617108
20
194.027900
70
0
0
VERTEX
8
Layer 1
10
697.450925
20
198.843320
70
0
0
VERTEX
8
Layer 1
10
694.337660
20
204.082073
70
0
0
VERTEX
8
Layer 1
10
694.992504
20
204.979452
70
0
0
VERTEX
8
Layer 1
10
696.586619
20
206.472144
70
0
0
VERTEX
8
Layer 1
10
698.326256
20
207.872232
70
0
0
VERTEX
8
Layer 1
10
699.417663
20
208.491798
70
0
0
VERTEX
8
Layer 1
10
700.528913
20
208.072874
70
0
0
VERTEX
8
Layer 1
10
702.486831
20
207.045408
70
0
0
VERTEX
8
Layer 1
10
702.486831
20
207.045408
70
0
0
SEQEND
8
Layer 1
0
POLYLINE
8
Layer 1
62
7
70
0
10
0.000000
20
0.000000
66
1
0
VERTEX
8
Layer 1
10
709.577669
20
207.680409
70
0
0
VERTEX
8
Layer 1
10
710.009822
20
207.120374
70
0
0
VERTEX
8
Layer 1
10
709.965725
20
206.269297
70
0
0
VERTEX
8
Layer 1
10
709.710512
20
205.646423
70
0
0
VERTEX
8
Layer 1
10
709.352773
20
205.360893
70
0
0
VERTEX
8
Layer 1
10
708.869357
20
205.406093
70
0
0
VERTEX
8
Layer 1
10
708.237113
20
205.775407
70
0
0
VERTEX
8
Layer 1
10
707.804960
20
206.335442
70
0
0
VERTEX
8
Layer 1
10
707.849057
20
207.186519
70
0
0
VERTEX
8
Layer 1
10
708.104270
20
207.809393
70
0
0
VERTEX
8
Layer 1
10
708.462009
20
208.094923
70
0
0
VERTEX
8
Layer 1
10
708.945425
20
208.049723
70
0
0
VERTEX
8
Layer 1
10
709.577669
20
207.680409
70
0
0
VERTEX
8
Layer 1
10
709.577669
20
207.680409
70
0
0
SEQEND
8
Layer 1
0
POLYLINE
8
Layer 1
62
7
70
0
10
0.000000
20
0.000000
66
1
0
VERTEX
8
Layer 1
10
718.079619
20
204.293740
70
0
0
VERTEX
8
Layer 1
10
724.076845
20
201.859572
70
0
0
VERTEX
8
Layer 1
10
724.852957
20
199.002070
70
0
0
VERTEX
8
Layer 1
10
725.452679
20
196.144568
70
0
0
VERTEX
8
Layer 1
10
720.628440
20
198.697799
70
0
0
VERTEX
8
Layer 1
10
711.306281
20
204.082073
70
0
0
VERTEX
8
Layer 1
10
711.579684
20
205.418220
70
0
0
VERTEX
8
Layer 1
10
712.011837
20
206.727908
70
0
0
VERTEX
8
Layer 1
10
718.079619
20
204.293740
70
0
0
VERTEX
8
Layer 1
10
718.079619
20
204.293740
70
0
0
SEQEND
8
Layer 1
0
POLYLINE
8
Layer 1
62
7
70
0
10
0.000000
20
0.000000
66
1
0
VERTEX
8
Layer 1
10
691.162658
20
205.493185
70
0
0
VERTEX
8
Layer 1
10
691.329125
20
205.022447
70
0
0
VERTEX
8
Layer 1
10
691.330227
20
204.664157
70
0
0
VERTEX
8
Layer 1
10
690.704046
20
203.940962
70
0
0
VERTEX
8
Layer 1
10
689.857379
20
203.235406
70
0
0
VERTEX
8
Layer 1
10
689.328212
20
204.329018
70
0
0
VERTEX
8
Layer 1
10
689.006302
20
205.303567
70
0
0
VERTEX
8
Layer 1
10
689.144657
20
205.584136
70
0
0
VERTEX
8
Layer 1
10
689.504601
20
205.881241
70
0
0
VERTEX
8
Layer 1
10
690.086133
20
206.247248
70
0
0
VERTEX
8
Layer 1
10
690.505609
20
206.322213
70
0
0
VERTEX
8
Layer 1
10
690.839094
20
206.079678
70
0
0
VERTEX
8
Layer 1
10
691.162658
20
205.493185
70
0
0
VERTEX
8
Layer 1
10
691.162658
20
205.493185
70
0
0
SEQEND
8
Layer 1
0
POLYLINE
8
Layer 1
62
7
70
0
10
0.000000
20
0.000000
66
1
0
VERTEX
8
Layer 1
10
687.881822
20
203.164850
70
0
0
VERTEX
8
Layer 1
10
688.269878
20
201.930127
70
0
0
VERTEX
8
Layer 1
10
682.025707
20
196.638457
70
0
0
VERTEX
8
Layer 1
10
675.816815
20
191.452621
70
0
0
VERTEX
8
Layer 1
10
676.028481
20
194.098456
70
0
0
VERTEX
8
Layer 1
10
676.451815
20
197.238180
70
0
0
VERTEX
8
Layer 1
10
678.111525
20
198.552829
70
0
0
VERTEX
8
Layer 1
10
681.606784
20
200.929120
70
0
0
VERTEX
8
Layer 1
10
685.188031
20
203.206191
70
0
0
VERTEX
8
Layer 1
10
687.105711
20
204.223184
70
0
0
VERTEX
8
Layer 1
10
687.493766
20
203.932142
70
0
0
VERTEX
8
Layer 1
10
687.881822
20
203.164850
70
0
0
VERTEX
8
Layer 1
10
687.881822
20
203.164850
70
0
0
SEQEND
8
Layer 1
0
POLYLINE
8
Layer 1
62
7
70
0
10
0.000000
20
0.000000
66
1
0
VERTEX
8
Layer 1
10
708.201835
20
203.835128
70
0
0
VERTEX
8
Layer 1
10
708.828016
20
203.473531
70
0
0
VERTEX
8
Layer 1
10
709.083780
20
203.164850
70
0
0
VERTEX
8
Layer 1
10
707.319890
20
195.721234
70
0
0
VERTEX
8
Layer 1
10
705.379611
20
187.748452
70
0
0
VERTEX
8
Layer 1
10
705.159125
20
187.232514
70
0
0
VERTEX
8
Layer 1
10
704.885722
20
187.113451
70
0
0
VERTEX
8
Layer 1
10
703.298221
20
189.499112
70
0
0
VERTEX
8
Layer 1
10
702.415173
20
191.097087
70
0
0
VERTEX
8
Layer 1
10
702.028220
20
192.017065
70
0
0
VERTEX
8
Layer 1
10
702.765747
20
194.227440
70
0
0
VERTEX
8
Layer 1
10
704.409471
20
198.402347
70
0
0
VERTEX
8
Layer 1
10
706.106113
20
202.444963
70
0
0
VERTEX
8
Layer 1
10
707.002390
20
204.258462
70
0
0
VERTEX
8
Layer 1
10
708.201835
20
203.835128
70
0
0
VERTEX
8
Layer 1
10
708.201835
20
203.835128
70
0
0
SEQEND
8
Layer 1
0
POLYLINE
8
Layer 1
62
7
70
0
10
0.000000
20
0.000000
66
1
0
VERTEX
8
Layer 1
10
696.242661
20
197.555680
70
0
0
VERTEX
8
Layer 1
10
699.664607
20
191.734843
70
0
0
VERTEX
8
Layer 1
10
698.663600
20
188.775918
70
0
0
VERTEX
8
Layer 1
10
697.923317
20
187.036832
70
0
0
VERTEX
8
Layer 1
10
697.477384
20
186.266784
70
0
0
VERTEX
8
Layer 1
10
694.677208
20
192.069982
70
0
0
VERTEX
8
Layer 1
10
691.162658
20
200.095682
70
0
0
VERTEX
8
Layer 1
10
690.851772
20
200.930222
70
0
0
VERTEX
8
Layer 1
10
690.792241
20
201.453877
70
0
0
VERTEX
8
Layer 1
10
691.023751
20
201.871698
70
0
0
VERTEX
8
Layer 1
10
691.585991
20
202.388739
70
0
0
VERTEX
8
Layer 1
10
692.679603
20
203.129572
70
0
0
VERTEX
8
Layer 1
10
696.242661
20
197.555680
70
0
0
VERTEX
8
Layer 1
10
696.242661
20
197.555680
70
0
0
SEQEND
8
Layer 1
0
POLYLINE
8
Layer 1
62
7
70
0
10
0.000000
20
0.000000
66
1
0
VERTEX
8
Layer 1
10
715.892395
20
199.425403
70
0
0
VERTEX
8
Layer 1
10
723.336011
20
195.121512
70
0
0
VERTEX
8
Layer 1
10
726.122957
20
193.498733
70
0
0
VERTEX
8
Layer 1
10
729.827126
20
178.682057
70
0
0
VERTEX
8
Layer 1
10
733.778240
20
162.630658
70
0
0
VERTEX
8
Layer 1
10
734.272129
20
160.831490
70
0
0
VERTEX
8
Layer 1
10
734.282464
20
160.608317
70
0
0
VERTEX
8
Layer 1
10
734.103457
20
160.349177
70
0
0
VERTEX
8
Layer 1
10
733.028587
20
159.645274
70
0
0
VERTEX
8
Layer 1
10
726.969625
20
156.950932
70
0
0
VERTEX
8
Layer 1
10
724.606012
20
155.963154
70
0
0
VERTEX
8
Layer 1
10
723.865178
20
157.444821
70
0
0
VERTEX
8
Layer 1
10
723.067018
20
158.745690
70
0
0
VERTEX
8
Layer 1
10
722.242399
20
159.808434
70
0
0
VERTEX
8
Layer 1
10
719.367259
20
164.032399
70
0
0
VERTEX
8
Layer 1
10
714.005033
20
172.407018
70
0
0
VERTEX
8
Layer 1
10
708.828016
20
180.708877
70
0
0
VERTEX
8
Layer 1
10
706.508501
20
184.714561
70
0
0
VERTEX
8
Layer 1
10
707.147911
20
187.854285
70
0
0
VERTEX
8
Layer 1
10
708.607530
20
193.798594
70
0
0
VERTEX
8
Layer 1
10
710.120065
20
199.557695
70
0
0
VERTEX
8
Layer 1
10
710.918226
20
202.141794
70
0
0
VERTEX
8
Layer 1
10
715.892395
20
199.425403
70
0
0
VERTEX
8
Layer 1
10
715.892395
20
199.425403
70
0
0
SEQEND
8
Layer 1
0
POLYLINE
8
Layer 1
62
7
70
0
10
0.000000
20
0.000000
66
1
0
VERTEX
8
Layer 1
10
730.144627
20
199.354848
70
0
0
VERTEX
8
Layer 1
10
732.508239
20
198.402347
70
0
0
VERTEX
8
Layer 1
10
734.166296
20
194.345400
70
0
0
VERTEX
8
Layer 1
10
735.718519
20
190.182620
70
0
0
VERTEX
8
Layer 1
10
731.591016
20
192.369843
70
0
0
VERTEX
8
Layer 1
10
727.604625
20
194.698178
70
0
0
VERTEX
8
Layer 1
10
726.969625
20
197.449847
70
0
0
VERTEX
8
Layer 1
10
726.369902
20
200.483737
70
0
0
VERTEX
8
Layer 1
10
726.528101
20
200.634770
70
0
0
VERTEX
8
Layer 1
10
727.106326
20
200.527835
70
0
0
VERTEX
8
Layer 1
10
730.144627
20
199.354848
70
0
0
VERTEX
8
Layer 1
10
730.144627
20
199.354848
70
0
0
SEQEND
8
Layer 1
0
POLYLINE
8
Layer 1
62
7
70
0
10
0.000000
20
0.000000
66
1
0
VERTEX
8
Layer 1
10
692.855992
20
191.981788
70
0
0
VERTEX
8
Layer 1
10
696.383772
20
183.762060
70
0
0
VERTEX
8
Layer 1
10
691.418422
20
170.969448
70
0
0
VERTEX
8
Layer 1
10
685.447654
20
156.457043
70
0
0
VERTEX
8
Layer 1
10
684.071820
20
153.387874
70
0
0
VERTEX
8
Layer 1
10
683.719042
20
152.470652
70
0
0
VERTEX
8
Layer 1
10
680.614595
20
153.140930
70
0
0
VERTEX
8
Layer 1
10
675.640426
20
154.375653
70
0
0
VERTEX
8
Layer 1
10
674.606896
20
154.691499
70
0
0
VERTEX
8
Layer 1
10
674.066154
20
154.970966
70
0
0
VERTEX
8
Layer 1
10
673.889214
20
155.323192
70
0
0
VERTEX
8
Layer 1
10
673.947091
20
155.857320
70
0
0
VERTEX
8
Layer 1
10
674.123480
20
157.868155
70
0
0
VERTEX
8
Layer 1
10
674.194036
20
163.472915
70
0
0
VERTEX
8
Layer 1
10
674.899592
20
175.930389
70
0
0
VERTEX
8
Layer 1
10
675.710981
20
189.089008
70
0
0
VERTEX
8
Layer 1
10
682.237374
20
194.557067
70
0
0
VERTEX
8
Layer 1
10
686.942551
20
198.389118
70
0
0
VERTEX
8
Layer 1
10
689.081267
20
199.919293
70
0
0
VERTEX
8
Layer 1
10
690.307171
20
197.564499
70
0
0
VERTEX
8
Layer 1
10
692.855992
20
191.981788
70
0
0
VERTEX
8
Layer 1
10
692.855992
20
191.981788
70
0
0
SEQEND
8
Layer 1
0
POLYLINE
8
Layer 1
62
7
70
0
10
0.000000
20
0.000000
66
1
0
VERTEX
8
Layer 1
10
753.181030
20
190.006231
70
0
0
VERTEX
8
Layer 1
10
757.987630
20
187.907202
70
0
0
VERTEX
8
Layer 1
10
760.412979
20
186.654840
70
0
0
VERTEX
8
Layer 1
10
761.303743
20
186.068346
70
0
0
VERTEX
8
Layer 1
10
762.459091
20
185.561228
70
0
0
VERTEX
8
Layer 1
10
763.764370
20
185.032061
70
0
0
VERTEX
8
Layer 1
10
761.127354
20
181.715948
70
0
0
VERTEX
8
Layer 1
10
758.014089
20
178.188168
70
0
0
VERTEX
8
Layer 1
10
757.640916
20
177.989730
70
0
0
VERTEX
8
Layer 1
10
757.224748
20
178.002959
70
0
0
VERTEX
8
Layer 1
10
755.721032
20
178.823168
70
0
0
VERTEX
8
Layer 1
10
754.340788
20
179.594870
70
0
0
VERTEX
8
Layer 1
10
753.463252
20
179.916780
70
0
0
VERTEX
8
Layer 1
10
750.940890
20
181.177961
70
0
0
VERTEX
8
Layer 1
10
745.666859
20
184.185394
70
0
0
VERTEX
8
Layer 1
10
738.399632
20
188.489285
70
0
0
VERTEX
8
Layer 1
10
736.741575
20
192.581510
70
0
0
VERTEX
8
Layer 1
10
734.942407
20
197.061791
70
0
0
VERTEX
8
Layer 1
10
735.167579
20
197.084184
70
0
0
VERTEX
8
Layer 1
10
735.956644
20
196.857290
70
0
0
VERTEX
8
Layer 1
10
739.272757
20
195.637450
70
0
0
VERTEX
8
Layer 1
10
753.181030
20
190.006231
70
0
0
VERTEX
8
Layer 1
10
753.181030
20
190.006231
70
0
0
SEQEND
8
Layer 1
0
POLYLINE
8
Layer 1
62
7
70
0
10
0.000000
20
0.000000
66
1
0
VERTEX
8
Layer 1
10
674.264591
20
193.040122
70
0
0
VERTEX
8
Layer 1
10
674.052925
20
189.759286
70
0
0
VERTEX
8
Layer 1
10
672.606535
20
188.630397
70
0
0
VERTEX
8
Layer 1
10
669.255144
20
185.808173
70
0
0
VERTEX
8
Layer 1
10
667.209031
20
184.255949
70
0
0
VERTEX
8
Layer 1
10
667.716150
20
187.378035
70
0
0
VERTEX
8
Layer 1
10
668.725977
20
192.087621
70
0
0
VERTEX
8
Layer 1
10
668.985048
20
192.615134
70
0
0
VERTEX
8
Layer 1
10
669.528547
20
193.212101
70
0
0
VERTEX
8
Layer 1
10
671.654034
20
194.733456
70
0
0
VERTEX
8
Layer 1
10
674.405703
20
196.391513
70
0
0
VERTEX
8
Layer 1
10
674.264591
20
193.040122
70
0
0
VERTEX
8
Layer 1
10
674.264591
20
193.040122
70
0
0
SEQEND
8
Layer 1
0
POLYLINE
8
Layer 1
62
7
70
0
10
0.000000
20
0.000000
66
1
0
VERTEX
8
Layer 1
10
735.224630
20
188.418730
70
0
0
VERTEX
8
Layer 1
10
736.882686
20
187.536785
70
0
0
VERTEX
8
Layer 1
10
740.092966
20
179.564002
70
0
0
VERTEX
8
Layer 1
10
742.359565
20
173.725526
70
0
0
VERTEX
8
Layer 1
10
743.303246
20
170.850385
70
0
0
VERTEX
8
Layer 1
10
743.510503
20
169.836149
70
0
0
VERTEX
8
Layer 1
10
744.008802
20
168.451495
70
0
0
VERTEX
8
Layer 1
10
744.454184
20
167.185904
70
0
0
VERTEX
8
Layer 1
10
744.502691
20
166.475938
70
0
0
VERTEX
8
Layer 1
10
743.186388
20
165.467765
70
0
0
VERTEX
8
Layer 1
10
740.586855
20
163.781596
70
0
0
VERTEX
8
Layer 1
10
738.013781
20
162.234334
70
0
0
VERTEX
8
Layer 1
10
736.776853
20
161.642880
70
0
0
VERTEX
8
Layer 1
10
736.247686
20
163.442047
70
0
0
VERTEX
8
Layer 1
10
735.850811
20
164.615034
70
0
0
VERTEX
8
Layer 1
10
735.506852
20
165.100104
70
0
0
VERTEX
8
Layer 1
10
735.356577
20
165.180926
70
0
0
VERTEX
8
Layer 1
10
735.171162
20
165.515169
70
0
0
VERTEX
8
Layer 1
10
734.541122
20
167.494585
70
0
0
VERTEX
8
Layer 1
10
731.167683
20
180.551780
70
0
0
VERTEX
8
Layer 1
10
728.169070
20
192.299288
70
0
0
VERTEX
8
Layer 1
10
730.885460
20
190.817620
70
0
0
VERTEX
8
Layer 1
10
735.224630
20
188.418730
70
0
0
VERTEX
8
Layer 1
10
735.224630
20
188.418730
70
0
0
SEQEND
8
Layer 1
0
POLYLINE
8
Layer 1
62
7
70
0
10
0.000000
20
0.000000
66
1
0
VERTEX
8
Layer 1
10
666.044864
20
187.430951
70
0
0
VERTEX
8
Layer 1
10
665.092363
20
182.809560
70
0
0
VERTEX
8
Layer 1
10
664.487818
20
182.073893
70
0
0
VERTEX
8
Layer 1
10
663.014280
20
180.635014
70
0
0
VERTEX
8
Layer 1
10
658.548331
20
176.605077
70
0
0
VERTEX
8
Layer 1
10
653.870716
20
172.634670
70
0
0
VERTEX
8
Layer 1
10
651.157632
20
170.638719
70
0
0
VERTEX
8
Layer 1
10
649.217353
20
169.333440
70
0
0
VERTEX
8
Layer 1
10
648.304540
20
168.579377
70
0
0
VERTEX
8
Layer 1
10
647.735686
20
168.275106
70
0
0
VERTEX
8
Layer 1
10
646.464031
20
169.156500
70
0
0
VERTEX
8
Layer 1
10
644.044746
20
171.119379
70
0
0
VERTEX
8
Layer 1
10
641.698221
20
173.141789
70
0
0
VERTEX
8
Layer 1
10
640.644848
20
174.201776
70
0
0
VERTEX
8
Layer 1
10
640.922661
20
174.545735
70
0
0
VERTEX
8
Layer 1
10
641.597349
20
174.942610
70
0
0
VERTEX
8
Layer 1
10
642.624815
20
175.617298
70
0
0
VERTEX
8
Layer 1
10
643.784572
20
176.635945
70
0
0
VERTEX
8
Layer 1
10
647.858056
20
179.521007
70
0
0
VERTEX
8
Layer 1
10
655.602635
20
184.608727
70
0
0
VERTEX
8
Layer 1
10
663.162006
20
189.405406
70
0
0
VERTEX
8
Layer 1
10
666.679864
20
191.417343
70
0
0
VERTEX
8
Layer 1
10
666.044864
20
187.430951
70
0
0
VERTEX
8
Layer 1
10
666.044864
20
187.430951
70
0
0
SEQEND
8
Layer 1
0
POLYLINE
8
Layer 1
62
7
70
0
10
0.000000
20
0.000000
66
1
0
VERTEX
8
Layer 1
10
703.615721
20
180.375391
70
0
0
VERTEX
8
Layer 1
10
702.486831
20
175.895111
70
0
0
VERTEX
8
Layer 1
10
702.420548
20
175.808088
70
0
0
VERTEX
8
Layer 1
10
702.300521
20
175.866999
70
0
0
VERTEX
8
Layer 1
10
701.895928
20
176.437507
70
0
0
VERTEX
8
Layer 1
10
700.405441
20
179.493446
70
0
0
VERTEX
8
Layer 1
10
698.500440
20
183.691505
70
0
0
VERTEX
8
Layer 1
10
699.417663
20
185.949284
70
0
0
VERTEX
8
Layer 1
10
700.687664
20
189.053730
70
0
0
VERTEX
8
Layer 1
10
700.898779
20
189.463835
70
0
0
VERTEX
8
Layer 1
10
701.212421
20
189.371230
70
0
0
VERTEX
8
Layer 1
10
702.769054
20
187.042896
70
0
0
VERTEX
8
Layer 1
10
704.532944
20
184.185394
70
0
0
VERTEX
8
Layer 1
10
703.615721
20
180.375391
70
0
0
VERTEX
8
Layer 1
10
703.615721
20
180.375391
70
0
0
SEQEND
8
Layer 1
0
POLYLINE
8
Layer 1
62
7
70
0
10
0.000000
20
0.000000
66
1
0
VERTEX
8
Layer 1
10
673.135702
20
174.519277
70
0
0
VERTEX
8
Layer 1
10
672.249347
20
162.105901
70
0
0
VERTEX
8
Layer 1
10
671.959959
20
159.929150
70
0
0
VERTEX
8
Layer 1
10
671.654034
20
159.243989
70
0
0
VERTEX
8
Layer 1
10
671.429138
20
158.608989
70
0
0
VERTEX
8
Layer 1
10
671.336534
20
157.338988
70
0
0
VERTEX
8
Layer 1
10
671.336534
20
155.610376
70
0
0
VERTEX
8
Layer 1
10
668.620143
20
156.598154
70
0
0
VERTEX
8
Layer 1
10
664.139863
20
158.362044
70
0
0
VERTEX
8
Layer 1
10
662.446528
20
159.102878
70
0
0
VERTEX
8
Layer 1
10
662.693473
20
160.619823
70
0
0
VERTEX
8
Layer 1
10
663.081529
20
163.724270
70
0
0
VERTEX
8
Layer 1
10
663.666369
20
167.500648
70
0
0
VERTEX
8
Layer 1
10
664.849829
20
173.403616
70
0
0
VERTEX
8
Layer 1
10
666.092820
20
178.929553
70
0
0
VERTEX
8
Layer 1
10
666.856253
20
181.574837
70
0
0
VERTEX
8
Layer 1
10
670.454589
20
184.679283
70
0
0
VERTEX
8
Layer 1
10
672.928445
20
186.628381
70
0
0
VERTEX
8
Layer 1
10
673.515489
20
186.931550
70
0
0
VERTEX
8
Layer 1
10
673.735424
20
186.831229
70
0
0
VERTEX
8
Layer 1
10
673.135702
20
174.519277
70
0
0
VERTEX
8
Layer 1
10
673.135702
20
174.519277
70
0
0
SEQEND
8
Layer 1
0
POLYLINE
8
Layer 1
62
7
70
0
10
0.000000
20
0.000000
66
1
0
VERTEX
8
Layer 1
10
745.984359
20
182.033448
70
0
0
VERTEX
8
Layer 1
10
750.252973
20
179.396432
70
0
0
VERTEX
8
Layer 1
10
752.193252
20
177.976501
70
0
0
VERTEX
8
Layer 1
10
752.876759
20
177.345910
70
0
0
VERTEX
8
Layer 1
10
754.062975
20
176.530111
70
0
0
VERTEX
8
Layer 1
10
755.650476
20
175.471777
70
0
0
VERTEX
8
Layer 1
10
754.356773
20
174.221620
70
0
0
VERTEX
8
Layer 1
10
751.492105
20
171.794067
70
0
0
VERTEX
8
Layer 1
10
748.581136
20
169.459117
70
0
0
VERTEX
8
Layer 1
10
747.148526
20
168.486773
70
0
0
VERTEX
8
Layer 1
10
746.839845
20
168.976252
70
0
0
VERTEX
8
Layer 1
10
746.478248
20
169.968440
70
0
0
VERTEX
8
Layer 1
10
745.988769
20
171.044413
70
0
0
VERTEX
8
Layer 1
10
745.419914
20
171.802886
70
0
0
VERTEX
8
Layer 1
10
744.260156
20
174.038617
70
0
0
VERTEX
8
Layer 1
10
742.280190
20
178.682057
70
0
0
VERTEX
8
Layer 1
10
740.079737
20
184.397061
70
0
0
VERTEX
8
Layer 1
10
739.814602
20
185.339639
70
0
0
VERTEX
8
Layer 1
10
739.916577
20
185.561228
70
0
0
VERTEX
8
Layer 1
10
745.984359
20
182.033448
70
0
0
VERTEX
8
Layer 1
10
745.984359
20
182.033448
70
0
0
SEQEND
8
Layer 1
0
POLYLINE
8
Layer 1
62
7
70
0
10
0.000000
20
0.000000
66
1
0
VERTEX
8
Layer 1
10
707.425723
20
179.669835
70
0
0
VERTEX
8
Layer 1
10
715.663090
20
166.475938
70
0
0
VERTEX
8
Layer 1
10
720.196287
20
158.785378
70
0
0
VERTEX
8
Layer 1
10
720.522607
20
157.841697
70
0
0
VERTEX
8
Layer 1
10
721.113510
20
156.633432
70
0
0
VERTEX
8
Layer 1
10
721.642677
20
155.592737
70
0
0
VERTEX
8
Layer 1
10
721.748510
20
155.081209
70
0
0
VERTEX
8
Layer 1
10
718.000244
20
154.005236
70
0
0
VERTEX
8
Layer 1
10
713.564061
20
153.035096
70
0
0
VERTEX
8
Layer 1
10
712.996309
20
153.026277
70
0
0
VERTEX
8
Layer 1
10
712.593921
20
153.229124
70
0
0
VERTEX
8
Layer 1
10
712.244450
20
153.749472
70
0
0
VERTEX
8
Layer 1
10
711.835448
20
154.693153
70
0
0
VERTEX
8
Layer 1
10
711.156351
20
156.152772
70
0
0
VERTEX
8
Layer 1
10
710.530170
20
157.162599
70
0
0
VERTEX
8
Layer 1
10
709.136697
20
159.821663
70
0
0
VERTEX
8
Layer 1
10
706.684890
20
165.205937
70
0
0
VERTEX
8
Layer 1
10
703.474610
20
172.543720
70
0
0
VERTEX
8
Layer 1
10
704.603499
20
177.306223
70
0
0
VERTEX
8
Layer 1
10
705.802945
20
182.033448
70
0
0
VERTEX
8
Layer 1
10
707.425723
20
179.669835
70
0
0
VERTEX
8
Layer 1
10
707.425723
20
179.669835
70
0
0
SEQEND
8
Layer 1
0
POLYLINE
8
Layer 1
62
7
70
0
10
0.000000
20
0.000000
66
1
0
VERTEX
8
Layer 1
10
699.735163
20
176.812334
70
0
0
VERTEX
8
Layer 1
10
701.640164
20
172.508442
70
0
0
VERTEX
8
Layer 1
10
699.699885
20
164.465104
70
0
0
VERTEX
8
Layer 1
10
698.191759
20
158.503155
70
0
0
VERTEX
8
Layer 1
10
697.265717
20
155.398709
70
0
0
VERTEX
8
Layer 1
10
696.560161
20
152.999819
70
0
0
VERTEX
8
Layer 1
10
696.295578
20
152.034089
70
0
0
VERTEX
8
Layer 1
10
696.030994
20
151.518151
70
0
0
VERTEX
8
Layer 1
10
694.489244
20
151.509883
70
0
0
VERTEX
8
Layer 1
10
691.422831
20
151.716589
70
0
0
VERTEX
8
Layer 1
10
688.376263
20
152.009284
70
0
0
VERTEX
8
Layer 1
10
686.894044
20
152.258985
70
0
0
VERTEX
8
Layer 1
10
686.951370
20
152.880756
70
0
0
VERTEX
8
Layer 1
10
687.352655
20
154.163986
70
0
0
VERTEX
8
Layer 1
10
687.736301
20
155.495723
70
0
0
VERTEX
8
Layer 1
10
687.775989
20
156.245376
70
0
0
VERTEX
8
Layer 1
10
688.975434
20
159.878990
70
0
0
VERTEX
8
Layer 1
10
692.185714
20
168.169273
70
0
0
VERTEX
8
Layer 1
10
697.124606
20
180.587058
70
0
0
VERTEX
8
Layer 1
10
697.411238
20
181.133864
70
0
0
VERTEX
8
Layer 1
10
697.618495
20
181.257336
70
0
0
VERTEX
8
Layer 1
10
699.735163
20
176.812334
70
0
0
VERTEX
8
Layer 1
10
699.735163
20
176.812334
70
0
0
SEQEND
8
Layer 1
0
POLYLINE
8
Layer 1
62
7
70
0
10
0.000000
20
0.000000
66
1
0
VERTEX
8
Layer 1
10
662.869862
20
172.120386
70
0
0
VERTEX
8
Layer 1
10
661.714514
20
167.009515
70
0
0
VERTEX
8
Layer 1
10
660.929583
20
164.359270
70
0
0
VERTEX
8
Layer 1
10
660.506249
20
163.283297
70
0
0
VERTEX
8
Layer 1
10
660.188749
20
161.995658
70
0
0
VERTEX
8
Layer 1
10
659.963853
20
160.950553
70
0
0
VERTEX
8
Layer 1
10
659.765416
20
160.513990
70
0
0
VERTEX
8
Layer 1
10
657.741352
20
161.572324
70
0
0
VERTEX
8
Layer 1
10
653.203745
20
164.323992
70
0
0
VERTEX
8
Layer 1
10
650.064021
20
166.264271
70
0
0
VERTEX
8
Layer 1
10
651.192910
20
167.181494
70
0
0
VERTEX
8
Layer 1
10
652.101314
20
168.059029
70
0
0
VERTEX
8
Layer 1
10
652.745133
20
168.910106
70
0
0
VERTEX
8
Layer 1
10
654.679900
20
170.854795
70
0
0
VERTEX
8
Layer 1
10
658.539512
20
174.360526
70
0
0
VERTEX
8
Layer 1
10
662.359436
20
177.681049
70
0
0
VERTEX
8
Layer 1
10
664.175141
20
179.070113
70
0
0
VERTEX
8
Layer 1
10
662.869862
20
172.120386
70
0
0
VERTEX
8
Layer 1
10
662.869862
20
172.120386
70
0
0
SEQEND
8
Layer 1
0
POLYLINE
8
Layer 1
62
7
70
0
10
0.000000
20
0.000000
66
1
0
VERTEX
8
Layer 1
10
705.767667
20
163.159825
70
0
0
VERTEX
8
Layer 1
10
707.690307
20
158.485517
70
0
0
VERTEX
8
Layer 1
10
708.448780
20
156.139543
70
0
0
VERTEX
8
Layer 1
10
708.638398
20
155.275237
70
0
0
VERTEX
8
Layer 1
10
709.119058
20
154.093430
70
0
0
VERTEX
8
Layer 1
10
709.555621
20
153.052735
70
0
0
VERTEX
8
Layer 1
10
709.648225
20
152.435374
70
0
0
VERTEX
8
Layer 1
10
708.603120
20
152.157561
70
0
0
VERTEX
8
Layer 1
10
706.367389
20
151.906207
70
0
0
VERTEX
8
Layer 1
10
701.181553
20
151.482873
70
0
0
VERTEX
8
Layer 1
10
699.135440
20
151.271206
70
0
0
VERTEX
8
Layer 1
10
699.417663
20
152.788152
70
0
0
VERTEX
8
Layer 1
10
699.629330
20
155.222320
70
0
0
VERTEX
8
Layer 1
10
700.097312
20
157.858233
70
0
0
VERTEX
8
Layer 1
10
701.177143
20
162.815866
70
0
0
VERTEX
8
Layer 1
10
702.303277
20
167.575062
70
0
0
VERTEX
8
Layer 1
10
702.910165
20
169.615662
70
0
0
VERTEX
8
Layer 1
10
705.767667
20
163.159825
70
0
0
VERTEX
8
Layer 1
10
705.767667
20
163.159825
70
0
0
SEQEND
8
Layer 1
0
POLYLINE
8
Layer 1
62
7
70
0
10
0.000000
20
0.000000
66
1
0
VERTEX
8
Layer 1
10
137.689253
20
312.702419
70
0
0
VERTEX
8
Layer 1
10
132.142586
20
311.623234
70
0
0
VERTEX
8
Layer 1
10
126.732809
20
310.142781
70
0
0
VERTEX
8
Layer 1
10
121.477752
20
308.277338
70
0
0
VERTEX
8
Layer 1
10
116.395243
20
306.043183
70
0
0
VERTEX
8
Layer 1
10
111.503109
20
303.456595
70
0
0
VERTEX
8
Layer 1
10
106.819180
20
300.533852
70
0
0
VERTEX
8
Layer 1
10
102.361284
20
297.291231
70
0
0
VERTEX
8
Layer 1
10
98.147249
20
293.745011
70
0
0
VERTEX
8
Layer 1
10
94.194904
20
289.911470
70
0
0
VERTEX
8
Layer 1
10
90.522077
20
285.806886
70
0
0
VERTEX
8
Layer 1
10
87.146596
20
281.447537
70
0
0
VERTEX
8
Layer 1
10
84.086290
20
276.849701
70
0
0
VERTEX
8
Layer 1
10
81.358987
20
272.029657
70
0
0
VERTEX
8
Layer 1
10
78.982516
20
267.003681
70
0
0
VERTEX
8
Layer 1
10
76.974704
20
261.788053
70
0
0
VERTEX
8
Layer 1
10
75.353381
20
256.399050
70
0
0
VERTEX
8
Layer 1
10
74.163857
20
251.273848
70
0
0
VERTEX
8
Layer 1
10
73.404282
20
246.644739
70
0
0
VERTEX
8
Layer 1
10
73.001895
20
241.883338
70
0
0
VERTEX
8
Layer 1
10
72.883935
20
236.361260
70
0
0
VERTEX
8
Layer 1
10
72.971027
20
230.687046
70
0
0
VERTEX
8
Layer 1
10
73.342546
20
225.945490
70
0
0
VERTEX
8
Layer 1
10
74.084482
20
221.349454
70
0
0
VERTEX
8
Layer 1
10
75.282825
20
216.111803
70
0
0
VERTEX
8
Layer 1
10
76.741962
20
211.155203
70
0
0
VERTEX
8
Layer 1
10
78.588465
20
206.237877
70
0
0
VERTEX
8
Layer 1
10
80.796291
20
201.405714
70
0
0
VERTEX
8
Layer 1
10
83.339393
20
196.704603
70
0
0
VERTEX
8
Layer 1
10
86.191727
20
192.180432
70
0
0
VERTEX
8
Layer 1
10
89.327248
20
187.879090
70
0
0
VERTEX
8
Layer 1
10
92.719911
20
183.846465
70
0
0
VERTEX
8
Layer 1
10
96.343672
20
180.128447
70
0
0
VERTEX
8
Layer 1
10
99.305672
20
177.440384
70
0
0
VERTEX
8
Layer 1
10
102.367149
20
174.920630
70
0
0
VERTEX
8
Layer 1
10
105.522575
20
172.571306
70
0
0
VERTEX
8
Layer 1
10
108.766418
20
170.394530
70
0
0
VERTEX
8
Layer 1
10
112.093151
20
168.392420
70
0
0
VERTEX
8
Layer 1
10
115.497243
20
166.567095
70
0
0
VERTEX
8
Layer 1
10
118.973166
20
164.920675
70
0
0
VERTEX
8
Layer 1
10
122.515390
20
163.455277
70
0
0
VERTEX
8
Layer 1
10
126.118385
20
162.173020
70
0
0
VERTEX
8
Layer 1
10
129.776622
20
161.076023
70
0
0
VERTEX
8
Layer 1
10
133.484572
20
160.166405
70
0
0
VERTEX
8
Layer 1
10
137.236705
20
159.446285
70
0
0
VERTEX
8
Layer 1
10
141.027493
20
158.917782
70
0
0
VERTEX
8
Layer 1
10
144.851405
20
158.583013
70
0
0
VERTEX
8
Layer 1
10
148.702912
20
158.444098
70
0
0
VERTEX
8
Layer 1
10
152.576485
20
158.503155
70
0
0
VERTEX
8
Layer 1
10
156.150705
20
158.729834
70
0
0
VERTEX
8
Layer 1
10
159.664567
20
159.106116
70
0
0
VERTEX
8
Layer 1
10
163.119724
20
159.632777
70
0
0
VERTEX
8
Layer 1
10
166.517831
20
160.310591
70
0
0
VERTEX
8
Layer 1
10
169.860540
20
161.140335
70
0
0
VERTEX
8
Layer 1
10
173.149506
20
162.122782
70
0
0
VERTEX
8
Layer 1
10
176.386382
20
163.258708
70
0
0
VERTEX
8
Layer 1
10
179.572821
20
164.548888
70
0
0
VERTEX
8
Layer 1
10
182.710479
20
165.994098
70
0
0
VERTEX
8
Layer 1
10
185.801007
20
167.595113
70
0
0
VERTEX
8
Layer 1
10
188.846060
20
169.352707
70
0
0
VERTEX
8
Layer 1
10
191.847291
20
171.267656
70
0
0
VERTEX
8
Layer 1
10
194.806354
20
173.340735
70
0
0
VERTEX
8
Layer 1
10
197.724903
20
175.572719
70
0
0
VERTEX
8
Layer 1
10
203.447073
20
180.516503
70
0
0
VERTEX
8
Layer 1
10
206.400486
20
183.564725
70
0
0
VERTEX
8
Layer 1
10
209.770618
20
187.439771
70
0
0
VERTEX
8
Layer 1
10
212.466063
20
190.825337
70
0
0
VERTEX
8
Layer 1
10
213.219712
20
191.923221
70
0
0
VERTEX
8
Layer 1
10
213.395412
20
192.405121
70
0
0
VERTEX
8
Layer 1
10
206.798464
20
195.544845
70
0
0
VERTEX
8
Layer 1
10
200.342626
20
198.614014
70
0
0
VERTEX
8
Layer 1
10
199.460681
20
197.555680
70
0
0
VERTEX
8
Layer 1
10
198.600785
20
196.770749
70
0
0
VERTEX
8
Layer 1
10
198.255173
20
196.732164
70
0
0
VERTEX
8
Layer 1
10
197.873180
20
196.885402
70
0
0
VERTEX
8
Layer 1
10
196.841305
20
197.105888
70
0
0
VERTEX
8
Layer 1
10
195.333179
20
197.167624
70
0
0
VERTEX
8
Layer 1
10
194.261064
20
197.209517
70
0
0
VERTEX
8
Layer 1
10
193.185643
20
197.449847
70
0
0
VERTEX
8
Layer 1
10
189.900397
20
198.896236
70
0
0
VERTEX
8
Layer 1
10
187.710969
20
200.033394
70
0
0
VERTEX
8
Layer 1
10
186.407895
20
200.982036
70
0
0
VERTEX
8
Layer 1
10
185.554613
20
202.175418
70
0
0
VERTEX
8
Layer 1
10
184.714561
20
204.046795
70
0
0
VERTEX
8
Layer 1
10
184.150116
20
205.387352
70
0
0
VERTEX
8
Layer 1
10
185.490672
20
205.175685
70
0
0
VERTEX
8
Layer 1
10
186.162053
20
205.096310
70
0
0
VERTEX
8
Layer 1
10
186.284423
20
205.175685
70
0
0
VERTEX
8
Layer 1
10
184.644005
20
206.128185
70
0
0
VERTEX
8
Layer 1
10
177.319452
20
209.805896
70
0
0
VERTEX
8
Layer 1
10
174.935444
20
210.801391
70
0
0
VERTEX
8
Layer 1
10
173.460943
20
211.208189
70
0
0
VERTEX
8
Layer 1
10
172.049831
20
211.446314
70
0
0
VERTEX
8
Layer 1
10
170.744552
20
211.843189
70
0
0
VERTEX
8
Layer 1
10
168.028161
20
212.760412
70
0
0
VERTEX
8
Layer 1
10
166.952188
20
213.188155
70
0
0
VERTEX
8
Layer 1
10
166.511216
20
213.642357
70
0
0
VERTEX
8
Layer 1
10
166.280257
20
214.146719
70
0
0
VERTEX
8
Layer 1
10
165.748334
20
214.528712
70
0
0
VERTEX
8
Layer 1
10
165.156879
20
214.679193
70
0
0
VERTEX
8
Layer 1
10
164.747326
20
214.489024
70
0
0
VERTEX
8
Layer 1
10
164.335568
20
214.303816
70
0
0
VERTEX
8
Layer 1
10
163.755138
20
214.515482
70
0
0
VERTEX
8
Layer 1
10
163.194552
20
215.004962
70
0
0
VERTEX
8
Layer 1
10
162.842325
20
215.653191
70
0
0
VERTEX
8
Layer 1
10
162.520415
20
216.147081
70
0
0
VERTEX
8
Layer 1
10
161.748713
20
216.111803
70
0
0
VERTEX
8
Layer 1
10
160.959372
20
216.058886
70
0
0
VERTEX
8
Layer 1
10
160.751564
20
216.220943
70
0
0
VERTEX
8
Layer 1
10
160.619823
20
216.535136
70
0
0
VERTEX
8
Layer 1
10
160.337188
20
216.914648
70
0
0
VERTEX
8
Layer 1
10
159.675040
20
217.441335
70
0
0
VERTEX
8
Layer 1
10
157.533016
20
218.757638
70
0
0
VERTEX
8
Layer 1
10
154.835367
20
220.126857
70
0
0
VERTEX
8
Layer 1
10
152.223707
20
221.191806
70
0
0
VERTEX
8
Layer 1
10
149.529365
20
221.835626
70
0
0
VERTEX
8
Layer 1
10
145.908981
20
222.426529
70
0
0
VERTEX
8
Layer 1
10
142.385611
20
222.938057
70
0
0
VERTEX
8
Layer 1
10
139.947033
20
223.449585
70
0
0
VERTEX
8
Layer 1
10
137.382226
20
224.515085
70
0
0
VERTEX
8
Layer 1
10
135.118384
20
226.046913
70
0
0
VERTEX
8
Layer 1
10
133.205114
20
228.008690
70
0
0
VERTEX
8
Layer 1
10
131.692027
20
230.364034
70
0
0
VERTEX
8
Layer 1
10
131.165616
20
231.501192
70
0
0
VERTEX
8
Layer 1
10
130.867409
20
232.555667
70
0
0
VERTEX
8
Layer 1
10
130.704249
20
235.832093
70
0
0
VERTEX
8
Layer 1
10
130.858589
20
239.007095
70
0
0
VERTEX
8
Layer 1
10
131.106085
20
240.029049
70
0
0
VERTEX
8
Layer 1
10
131.515638
20
241.017930
70
0
0
VERTEX
8
Layer 1
10
132.260537
20
242.331614
70
0
0
VERTEX
8
Layer 1
10
133.148890
20
243.550214
70
0
0
VERTEX
8
Layer 1
10
134.185245
20
244.677864
70
0
0
VERTEX
8
Layer 1
10
135.374148
20
245.718696
70
0
0
VERTEX
8
Layer 1
10
136.720147
20
246.676847
70
0
0
VERTEX
8
Layer 1
10
138.227791
20
247.556449
70
0
0
VERTEX
8
Layer 1
10
141.746200
20
249.096546
70
0
0
VERTEX
8
Layer 1
10
143.642382
20
249.943213
70
0
0
VERTEX
8
Layer 1
10
145.062314
20
250.895714
70
0
0
VERTEX
8
Layer 1
10
145.691251
20
251.532368
70
0
0
VERTEX
8
Layer 1
10
145.992766
20
252.152485
70
0
0
VERTEX
8
Layer 1
10
146.049541
20
253.123176
70
0
0
VERTEX
8
Layer 1
10
145.944259
20
254.811549
70
0
0
VERTEX
8
Layer 1
10
145.168147
20
267.934891
70
0
0
VERTEX
8
Layer 1
10
144.427313
20
278.976842
70
0
0
VERTEX
8
Layer 1
10
144.304943
20
279.393010
70
0
0
VERTEX
8
Layer 1
10
144.109813
20
279.607433
70
0
0
VERTEX
8
Layer 1
10
143.263146
20
279.576565
70
0
0
VERTEX
8
Layer 1
10
142.491444
20
279.519239
70
0
0
VERTEX
8
Layer 1
10
142.063701
20
279.647121
70
0
0
VERTEX
8
Layer 1
10
142.169534
20
281.005316
70
0
0
VERTEX
8
Layer 1
10
142.698701
20
283.845179
70
0
0
VERTEX
8
Layer 1
10
143.238341
20
287.046639
70
0
0
VERTEX
8
Layer 1
10
143.549778
20
290.353933
70
0
0
VERTEX
8
Layer 1
10
143.576787
20
292.735184
70
0
0
VERTEX
8
Layer 1
10
143.466062
20
293.256083
70
0
0
VERTEX
8
Layer 1
10
143.263146
20
293.158518
70
0
0
VERTEX
8
Layer 1
10
142.711930
20
291.178551
70
0
0
VERTEX
8
Layer 1
10
141.816756
20
287.161292
70
0
0
VERTEX
8
Layer 1
10
140.582033
20
281.587400
70
0
0
VERTEX
8
Layer 1
10
138.923976
20
283.704068
70
0
0
VERTEX
8
Layer 1
10
137.336475
20
285.926569
70
0
0
VERTEX
8
Layer 1
10
137.795087
20
290.512683
70
0
0
VERTEX
8
Layer 1
10
138.244879
20
293.965498
70
0
0
VERTEX
8
Layer 1
10
138.641754
20
295.804353
70
0
0
VERTEX
8
Layer 1
10
138.875469
20
296.558416
70
0
0
VERTEX
8
Layer 1
10
138.923976
20
297.391854
70
0
0
VERTEX
8
Layer 1
10
138.916811
20
297.896768
70
0
0
VERTEX
8
Layer 1
10
139.157692
20
298.203243
70
0
0
VERTEX
8
Layer 1
10
141.005367
20
298.591299
70
0
0
VERTEX
8
Layer 1
10
143.227868
20
298.908799
70
0
0
VERTEX
8
Layer 1
10
143.016201
20
301.942690
70
0
0
VERTEX
8
Layer 1
10
142.592868
20
309.033528
70
0
0
VERTEX
8
Layer 1
10
142.412069
20
311.710231
70
0
0
VERTEX
8
Layer 1
10
142.238160
20
312.476421
70
0
0
VERTEX
8
Layer 1
10
141.913770
20
312.931725
70
0
0
VERTEX
8
Layer 1
10
141.367791
20
313.129060
70
0
0
VERTEX
8
Layer 1
10
140.529116
20
313.121343
70
0
0
VERTEX
8
Layer 1
10
137.689253
20
312.702419
70
0
0
VERTEX
8
Layer 1
10
137.689253
20
312.702419
70
0
0
SEQEND
8
Layer 1
0
POLYLINE
8
Layer 1
62
7
70
0
10
0.000000
20
0.000000
66
1
0
VERTEX
8
Layer 1
10
136.595642
20
295.028241
70
0
0
VERTEX
8
Layer 1
10
136.242864
20
290.018794
70
0
0
VERTEX
8
Layer 1
10
135.995919
20
287.725737
70
0
0
VERTEX
8
Layer 1
10
134.090918
20
290.336294
70
0
0
VERTEX
8
Layer 1
10
131.608243
20
294.124248
70
0
0
VERTEX
8
Layer 1
10
130.831580
20
295.540321
70
0
0
VERTEX
8
Layer 1
10
130.633693
20
296.192409
70
0
0
VERTEX
8
Layer 1
10
133.257480
20
297.017027
70
0
0
VERTEX
8
Layer 1
10
136.172308
20
297.709354
70
0
0
VERTEX
8
Layer 1
10
136.431931
20
297.617852
70
0
0
VERTEX
8
Layer 1
10
136.582412
20
297.215465
70
0
0
VERTEX
8
Layer 1
10
136.595642
20
295.028241
70
0
0
VERTEX
8
Layer 1
10
136.595642
20
295.028241
70
0
0
SEQEND
8
Layer 1
0
POLYLINE
8
Layer 1
62
7
70
0
10
0.000000
20
0.000000
66
1
0
VERTEX
8
Layer 1
10
129.116748
20
294.075741
70
0
0
VERTEX
8
Layer 1
10
130.104526
20
292.735184
70
0
0
VERTEX
8
Layer 1
10
133.138417
20
288.995738
70
0
0
VERTEX
8
Layer 1
10
135.854808
20
285.397402
70
0
0
VERTEX
8
Layer 1
10
135.502030
20
282.892678
70
0
0
VERTEX
8
Layer 1
10
135.043418
20
280.282121
70
0
0
VERTEX
8
Layer 1
10
130.527860
20
284.960839
70
0
0
VERTEX
8
Layer 1
10
124.742301
20
291.465184
70
0
0
VERTEX
8
Layer 1
10
123.825078
20
292.730775
70
0
0
VERTEX
8
Layer 1
10
123.542856
20
293.334907
70
0
0
VERTEX
8
Layer 1
10
125.694801
20
294.393241
70
0
0
VERTEX
8
Layer 1
10
127.952581
20
295.239908
70
0
0
VERTEX
8
Layer 1
10
128.455289
20
294.922408
70
0
0
VERTEX
8
Layer 1
10
129.116748
20
294.075741
70
0
0
VERTEX
8
Layer 1
10
129.116748
20
294.075741
70
0
0
SEQEND
8
Layer 1
0
POLYLINE
8
Layer 1
62
7
70
0
10
0.000000
20
0.000000
66
1
0
VERTEX
8
Layer 1
10
131.339249
20
281.763789
70
0
0
VERTEX
8
Layer 1
10
134.725918
20
277.706842
70
0
0
VERTEX
8
Layer 1
10
133.777827
20
277.071841
70
0
0
VERTEX
8
Layer 1
10
131.480361
20
275.907674
70
0
0
VERTEX
8
Layer 1
10
128.248032
20
274.165832
70
0
0
VERTEX
8
Layer 1
10
124.989245
20
272.132949
70
0
0
VERTEX
8
Layer 1
10
122.224348
20
270.395518
70
0
0
VERTEX
8
Layer 1
10
121.670376
20
270.267636
70
0
0
VERTEX
8
Layer 1
10
121.390910
20
270.510170
70
0
0
VERTEX
8
Layer 1
10
118.978790
20
278.081668
70
0
0
VERTEX
8
Layer 1
10
116.487296
20
286.632125
70
0
0
VERTEX
8
Layer 1
10
115.922851
20
288.572404
70
0
0
VERTEX
8
Layer 1
10
115.957026
20
288.924080
70
0
0
VERTEX
8
Layer 1
10
116.355004
20
289.374974
70
0
0
VERTEX
8
Layer 1
10
118.427575
20
290.759628
70
0
0
VERTEX
8
Layer 1
10
121.179243
20
292.382406
70
0
0
VERTEX
8
Layer 1
10
124.530634
20
288.995738
70
0
0
VERTEX
8
Layer 1
10
131.339249
20
281.763789
70
0
0
VERTEX
8
Layer 1
10
131.339249
20
281.763789
70
0
0
SEQEND
8
Layer 1
0
POLYLINE
8
Layer 1
62
7
70
0
10
0.000000
20
0.000000
66
1
0
VERTEX
8
Layer 1
10
115.711184
20
283.139623
70
0
0
VERTEX
8
Layer 1
10
118.145352
20
275.343229
70
0
0
VERTEX
8
Layer 1
10
119.022887
20
272.326977
70
0
0
VERTEX
8
Layer 1
10
119.238964
20
271.004060
70
0
0
VERTEX
8
Layer 1
10
118.396707
20
271.237775
70
0
0
VERTEX
8
Layer 1
10
116.734240
20
271.921282
70
0
0
VERTEX
8
Layer 1
10
114.441183
20
272.944339
70
0
0
VERTEX
8
Layer 1
10
112.642015
20
277.142397
70
0
0
VERTEX
8
Layer 1
10
110.525347
20
282.398789
70
0
0
VERTEX
8
Layer 1
10
109.925625
20
284.021568
70
0
0
VERTEX
8
Layer 1
10
109.919010
20
284.378204
70
0
0
VERTEX
8
Layer 1
10
110.190208
20
284.837367
70
0
0
VERTEX
8
Layer 1
10
111.724793
20
286.208791
70
0
0
VERTEX
8
Layer 1
10
113.171182
20
287.257204
70
0
0
VERTEX
8
Layer 1
10
113.662040
20
287.420501
70
0
0
VERTEX
8
Layer 1
10
114.061947
20
287.293584
70
0
0
VERTEX
8
Layer 1
10
114.418859
20
286.839244
70
0
0
VERTEX
8
Layer 1
10
114.780732
20
286.020276
70
0
0
VERTEX
8
Layer 1
10
115.711184
20
283.139623
70
0
0
VERTEX
8
Layer 1
10
115.711184
20
283.139623
70
0
0
SEQEND
8
Layer 1
0
POLYLINE
8
Layer 1
62
7
70
0
10
0.000000
20
0.000000
66
1
0
VERTEX
8
Layer 1
10
108.302846
20
282.151844
70
0
0
VERTEX
8
Layer 1
10
108.832013
20
281.164066
70
0
0
VERTEX
8
Layer 1
10
109.610881
20
279.819651
70
0
0
VERTEX
8
Layer 1
10
110.723785
20
277.499585
70
0
0
VERTEX
8
Layer 1
10
111.684554
20
275.265508
70
0
0
VERTEX
8
Layer 1
10
112.007015
20
274.179062
70
0
0
VERTEX
8
Layer 1
10
111.100817
20
274.464591
70
0
0
VERTEX
8
Layer 1
10
109.096597
20
275.352048
70
0
0
VERTEX
8
Layer 1
10
104.810344
20
277.530453
70
0
0
VERTEX
8
Layer 1
10
103.293398
20
278.412398
70
0
0
VERTEX
8
Layer 1
10
105.515900
20
280.670177
70
0
0
VERTEX
8
Layer 1
10
106.814564
20
281.903797
70
0
0
VERTEX
8
Layer 1
10
107.676665
20
282.548720
70
0
0
VERTEX
8
Layer 1
10
108.155120
20
282.624787
70
0
0
VERTEX
8
Layer 1
10
108.302846
20
282.151844
70
0
0
VERTEX
8
Layer 1
10
108.302846
20
282.151844
70
0
0
SEQEND
8
Layer 1
0
POLYLINE
8
Layer 1
62
7
70
0
10
0.000000
20
0.000000
66
1
0
VERTEX
8
Layer 1
10
138.782865
20
281.093510
70
0
0
VERTEX
8
Layer 1
10
140.088144
20
279.223787
70
0
0
VERTEX
8
Layer 1
10
138.465365
20
278.765176
70
0
0
VERTEX
8
Layer 1
10
137.248281
20
278.460905
70
0
0
VERTEX
8
Layer 1
10
136.666197
20
278.447675
70
0
0
VERTEX
8
Layer 1
10
136.610524
20
279.237016
70
0
0
VERTEX
8
Layer 1
10
136.749982
20
280.767191
70
0
0
VERTEX
8
Layer 1
10
136.988658
20
282.257678
70
0
0
VERTEX
8
Layer 1
10
137.230642
20
282.927956
70
0
0
VERTEX
8
Layer 1
10
137.795087
20
282.381150
70
0
0
VERTEX
8
Layer 1
10
138.782865
20
281.093510
70
0
0
VERTEX
8
Layer 1
10
138.782865
20
281.093510
70
0
0
SEQEND
8
Layer 1
0
POLYLINE
8
Layer 1
62
7
70
0
10
0.000000
20
0.000000
66
1
0
VERTEX
8
Layer 1
10
104.951455
20
275.343229
70
0
0
VERTEX
8
Layer 1
10
110.243125
20
273.014894
70
0
0
VERTEX
8
Layer 1
10
113.382849
20
271.462671
70
0
0
VERTEX
8
Layer 1
10
114.370628
20
269.028503
70
0
0
VERTEX
8
Layer 1
10
115.358406
20
266.488501
70
0
0
VERTEX
8
Layer 1
10
108.285207
20
268.790378
70
0
0
VERTEX
8
Layer 1
10
99.942007
20
271.674338
70
0
0
VERTEX
8
Layer 1
10
99.121799
20
272.080033
70
0
0
VERTEX
8
Layer 1
10
98.777840
20
272.379894
70
0
0
VERTEX
8
Layer 1
10
100.259508
20
274.602395
70
0
0
VERTEX
8
Layer 1
10
101.516279
20
276.079653
70
0
0
VERTEX
8
Layer 1
10
101.941266
20
276.363529
70
0
0
VERTEX
8
Layer 1
10
102.270342
20
276.366285
70
0
0
VERTEX
8
Layer 1
10
104.951455
20
275.343229
70
0
0
VERTEX
8
Layer 1
10
104.951455
20
275.343229
70
0
0
SEQEND
8
Layer 1
0
POLYLINE
8
Layer 1
62
7
70
0
10
0.000000
20
0.000000
66
1
0
VERTEX
8
Layer 1
10
100.188952
20
269.522392
70
0
0
VERTEX
8
Layer 1
10
103.273003
20
268.738563
70
0
0
VERTEX
8
Layer 1
10
108.668853
20
266.982390
70
0
0
VERTEX
8
Layer 1
10
113.767046
20
265.146842
70
0
0
VERTEX
8
Layer 1
10
115.389067
20
264.478356
70
0
0
VERTEX
8
Layer 1
10
115.958129
20
264.124889
70
0
0
VERTEX
8
Layer 1
10
113.488683
20
260.314886
70
0
0
VERTEX
8
Layer 1
10
111.508716
20
257.117836
70
0
0
VERTEX
8
Layer 1
10
109.925625
20
254.211827
70
0
0
VERTEX
8
Layer 1
10
108.620346
20
251.495436
70
0
0
VERTEX
8
Layer 1
10
102.552565
20
257.069329
70
0
0
VERTEX
8
Layer 1
10
95.355893
20
263.807388
70
0
0
VERTEX
8
Layer 1
10
94.227004
20
265.006834
70
0
0
VERTEX
8
Layer 1
10
94.967838
20
266.488501
70
0
0
VERTEX
8
Layer 1
10
96.555339
20
269.275447
70
0
0
VERTEX
8
Layer 1
10
97.045921
20
270.021793
70
0
0
VERTEX
8
Layer 1
10
97.410825
20
270.351420
70
0
0
VERTEX
8
Layer 1
10
97.815418
20
270.337089
70
0
0
VERTEX
8
Layer 1
10
98.425062
20
270.051559
70
0
0
VERTEX
8
Layer 1
10
99.359924
20
269.681142
70
0
0
VERTEX
8
Layer 1
10
100.188952
20
269.522392
70
0
0
VERTEX
8
Layer 1
10
100.188952
20
269.522392
70
0
0
SEQEND
8
Layer 1
0
POLYLINE
8
Layer 1
62
7
70
0
10
0.000000
20
0.000000
66
1
0
VERTEX
8
Layer 1
10
118.357019
20
269.416559
70
0
0
VERTEX
8
Layer 1
10
119.909242
20
268.605169
70
0
0
VERTEX
8
Layer 1
10
119.662298
20
268.122856
70
0
0
VERTEX
8
Layer 1
10
118.886186
20
267.233745
70
0
0
VERTEX
8
Layer 1
10
118.004241
20
266.377707
70
0
0
VERTEX
8
Layer 1
10
117.439796
20
265.994612
70
0
0
VERTEX
8
Layer 1
10
117.214900
20
266.131313
70
0
0
VERTEX
8
Layer 1
10
117.016463
20
266.453223
70
0
0
VERTEX
8
Layer 1
10
116.099240
20
268.746280
70
0
0
VERTEX
8
Layer 1
10
115.358406
20
270.616004
70
0
0
VERTEX
8
Layer 1
10
116.134518
20
270.369059
70
0
0
VERTEX
8
Layer 1
10
118.357019
20
269.416559
70
0
0
VERTEX
8
Layer 1
10
118.357019
20
269.416559
70
0
0
SEQEND
8
Layer 1
0
POLYLINE
8
Layer 1
62
7
70
0
10
0.000000
20
0.000000
66
1
0
VERTEX
8
Layer 1
10
143.721757
20
265.465445
70
0
0
VERTEX
8
Layer 1
10
144.251475
20
264.769260
70
0
0
VERTEX
8
Layer 1
10
144.467001
20
264.023465
70
0
0
VERTEX
8
Layer 1
10
144.371640
20
263.178451
70
0
0
VERTEX
8
Layer 1
10
143.968702
20
262.184610
70
0
0
VERTEX
8
Layer 1
10
143.255980
20
260.925633
70
0
0
VERTEX
8
Layer 1
10
142.606097
20
260.367803
70
0
0
VERTEX
8
Layer 1
10
141.790849
20
260.418515
70
0
0
VERTEX
8
Layer 1
10
140.582033
20
260.985164
70
0
0
VERTEX
8
Layer 1
10
139.620162
20
261.543546
70
0
0
VERTEX
8
Layer 1
10
139.078317
20
262.012630
70
0
0
VERTEX
8
Layer 1
10
138.820899
20
262.567704
70
0
0
VERTEX
8
Layer 1
10
138.712310
20
263.384055
70
0
0
VERTEX
8
Layer 1
10
138.681993
20
264.219146
70
0
0
VERTEX
8
Layer 1
10
138.813733
20
264.720201
70
0
0
VERTEX
8
Layer 1
10
139.203443
20
265.055892
70
0
0
VERTEX
8
Layer 1
10
139.947033
20
265.394889
70
0
0
VERTEX
8
Layer 1
10
141.171834
20
265.797828
70
0
0
VERTEX
8
Layer 1
10
142.231270
20
265.946105
70
0
0
VERTEX
8
Layer 1
10
143.092269
20
265.836413
70
0
0
VERTEX
8
Layer 1
10
143.721757
20
265.465445
70
0
0
VERTEX
8
Layer 1
10
143.721757
20
265.465445
70
0
0
SEQEND
8
Layer 1
0
POLYLINE
8
Layer 1
62
7
70
0
10
0.000000
20
0.000000
66
1
0
VERTEX
8
Layer 1
10
137.230642
20
263.348777
70
0
0
VERTEX
8
Layer 1
10
137.140243
20
262.814098
70
0
0
VERTEX
8
Layer 1
10
136.877864
20
262.537388
70
0
0
VERTEX
8
Layer 1
10
136.456735
20
262.525261
70
0
0
VERTEX
8
Layer 1
10
135.890086
20
262.784332
70
0
0
VERTEX
8
Layer 1
10
135.625502
20
263.119471
70
0
0
VERTEX
8
Layer 1
10
135.995919
20
263.666277
70
0
0
VERTEX
8
Layer 1
10
136.531149
20
264.102840
70
0
0
VERTEX
8
Layer 1
10
136.917552
20
264.195444
70
0
0
VERTEX
8
Layer 1
10
137.151818
20
263.944090
70
0
0
VERTEX
8
Layer 1
10
137.230642
20
263.348777
70
0
0
VERTEX
8
Layer 1
10
137.230642
20
263.348777
70
0
0
SEQEND
8
Layer 1
0
POLYLINE
8
Layer 1
62
7
70
0
10
0.000000
20
0.000000
66
1
0
VERTEX
8
Layer 1
10
101.176730
20
256.187384
70
0
0
VERTEX
8
Layer 1
10
105.048469
20
252.566999
70
0
0
VERTEX
8
Layer 1
10
105.949155
20
251.568748
70
0
0
VERTEX
8
Layer 1
10
106.115622
20
251.142658
70
0
0
VERTEX
8
Layer 1
10
103.363954
20
250.719325
70
0
0
VERTEX
8
Layer 1
10
101.070897
20
250.507658
70
0
0
VERTEX
8
Layer 1
10
98.248673
20
252.483215
70
0
0
VERTEX
8
Layer 1
10
93.239225
20
256.222661
70
0
0
VERTEX
8
Layer 1
10
91.886542
20
257.321234
70
0
0
VERTEX
8
Layer 1
10
91.526461
20
257.727687
70
0
0
VERTEX
8
Layer 1
10
91.360683
20
258.132072
70
0
0
VERTEX
8
Layer 1
10
91.562427
20
259.214109
70
0
0
VERTEX
8
Layer 1
10
92.392558
20
261.126276
70
0
0
VERTEX
8
Layer 1
10
93.098114
20
262.819610
70
0
0
VERTEX
8
Layer 1
10
94.438671
20
261.902387
70
0
0
VERTEX
8
Layer 1
10
96.974262
20
259.851865
70
0
0
VERTEX
8
Layer 1
10
101.176730
20
256.187384
70
0
0
VERTEX
8
Layer 1
10
101.176730
20
256.187384
70
0
0
SEQEND
8
Layer 1
0
POLYLINE
8
Layer 1
62
7
70
0
10
0.000000
20
0.000000
66
1
0
VERTEX
8
Layer 1
10
133.702862
20
260.879331
70
0
0
VERTEX
8
Layer 1
10
133.632858
20
260.098810
70
0
0
VERTEX
8
Layer 1
10
133.354494
20
259.741622
70
0
0
VERTEX
8
Layer 1
10
132.765244
20
259.768080
70
0
0
VERTEX
8
Layer 1
10
131.762583
20
260.138497
70
0
0
VERTEX
8
Layer 1
10
130.704249
20
260.597109
70
0
0
VERTEX
8
Layer 1
10
132.115361
20
261.337942
70
0
0
VERTEX
8
Layer 1
10
133.632306
20
262.114054
70
0
0
VERTEX
8
Layer 1
10
133.702862
20
260.879331
70
0
0
VERTEX
8
Layer 1
10
133.702862
20
260.879331
70
0
0
SEQEND
8
Layer 1
0
POLYLINE
8
Layer 1
62
7
70
0
10
0.000000
20
0.000000
66
1
0
VERTEX
8
Layer 1
10
136.525086
20
259.609330
70
0
0
VERTEX
8
Layer 1
10
136.406023
20
258.872906
70
0
0
VERTEX
8
Layer 1
10
136.242312
20
258.761009
70
0
0
VERTEX
8
Layer 1
10
135.995919
20
258.797941
70
0
0
VERTEX
8
Layer 1
10
135.625502
20
259.256552
70
0
0
VERTEX
8
Layer 1
10
135.466752
20
260.032664
70
0
0
VERTEX
8
Layer 1
10
135.585815
20
260.769088
70
0
0
VERTEX
8
Layer 1
10
135.749526
20
260.880985
70
0
0
VERTEX
8
Layer 1
10
135.995919
20
260.844053
70
0
0
VERTEX
8
Layer 1
10
136.366336
20
260.385442
70
0
0
VERTEX
8
Layer 1
10
136.525086
20
259.609330
70
0
0
VERTEX
8
Layer 1
10
136.525086
20
259.609330
70
0
0
SEQEND
8
Layer 1
0
POLYLINE
8
Layer 1
62
7
70
0
10
0.000000
20
0.000000
66
1
0
VERTEX
8
Layer 1
10
140.652589
20
258.903774
70
0
0
VERTEX
8
Layer 1
10
140.913865
20
258.465558
70
0
0
VERTEX
8
Layer 1
10
140.837797
20
258.017419
70
0
0
VERTEX
8
Layer 1
10
140.483917
20
257.668500
70
0
0
VERTEX
8
Layer 1
10
139.911755
20
257.527940
70
0
0
VERTEX
8
Layer 1
10
139.064536
20
257.668500
70
0
0
VERTEX
8
Layer 1
10
138.425677
20
258.043878
70
0
0
VERTEX
8
Layer 1
10
138.071246
20
258.584620
70
0
0
VERTEX
8
Layer 1
10
138.077309
20
259.221274
70
0
0
VERTEX
8
Layer 1
10
138.239918
20
259.594447
70
0
0
VERTEX
8
Layer 1
10
138.452136
20
259.772490
70
0
0
VERTEX
8
Layer 1
10
139.276754
20
259.609330
70
0
0
VERTEX
8
Layer 1
10
140.652589
20
258.903774
70
0
0
VERTEX
8
Layer 1
10
140.652589
20
258.903774
70
0
0
SEQEND
8
Layer 1
0
POLYLINE
8
Layer 1
62
7
70
0
10
0.000000
20
0.000000
66
1
0
VERTEX
8
Layer 1
10
131.903694
20
258.374607
70
0
0
VERTEX
8
Layer 1
10
133.738140
20
257.845440
70
0
0
VERTEX
8
Layer 1
10
133.632306
20
255.129050
70
0
0
VERTEX
8
Layer 1
10
133.526473
20
252.412659
70
0
0
VERTEX
8
Layer 1
10
132.009528
20
252.095159
70
0
0
VERTEX
8
Layer 1
10
130.616606
20
251.945228
70
0
0
VERTEX
8
Layer 1
10
129.597408
20
252.218631
70
0
0
VERTEX
8
Layer 1
10
128.849408
20
252.968284
70
0
0
VERTEX
8
Layer 1
10
128.270081
20
254.247105
70
0
0
VERTEX
8
Layer 1
10
127.908483
20
255.816967
70
0
0
VERTEX
8
Layer 1
10
128.023136
20
257.069329
70
0
0
VERTEX
8
Layer 1
10
128.470723
20
258.310115
70
0
0
VERTEX
8
Layer 1
10
128.730070
20
258.669852
70
0
0
VERTEX
8
Layer 1
10
129.063831
20
258.872906
70
0
0
VERTEX
8
Layer 1
10
130.106731
20
258.860228
70
0
0
VERTEX
8
Layer 1
10
131.903694
20
258.374607
70
0
0
VERTEX
8
Layer 1
10
131.903694
20
258.374607
70
0
0
SEQEND
8
Layer 1
0
POLYLINE
8
Layer 1
62
7
70
0
10
0.000000
20
0.000000
66
1
0
VERTEX
8
Layer 1
10
136.101752
20
254.987938
70
0
0
VERTEX
8
Layer 1
10
135.903315
20
253.360750
70
0
0
VERTEX
8
Layer 1
10
135.572585
20
252.659604
70
0
0
VERTEX
8
Layer 1
10
135.352099
20
252.710315
70
0
0
VERTEX
8
Layer 1
10
135.210988
20
253.038840
70
0
0
VERTEX
8
Layer 1
10
135.113974
20
254.635160
70
0
0
VERTEX
8
Layer 1
10
135.184530
20
256.165335
70
0
0
VERTEX
8
Layer 1
10
135.360919
20
256.928217
70
0
0
VERTEX
8
Layer 1
10
135.744565
20
257.175713
70
0
0
VERTEX
8
Layer 1
10
135.995919
20
256.950266
70
0
0
VERTEX
8
Layer 1
10
136.114982
20
256.228725
70
0
0
VERTEX
8
Layer 1
10
136.101752
20
254.987938
70
0
0
VERTEX
8
Layer 1
10
136.101752
20
254.987938
70
0
0
SEQEND
8
Layer 1
0
POLYLINE
8
Layer 1
62
7
70
0
10
0.000000
20
0.000000
66
1
0
VERTEX
8
Layer 1
10
139.029810
20
256.116828
70
0
0
VERTEX
8
Layer 1
10
139.388651
20
255.889176
70
0
0
VERTEX
8
Layer 1
10
139.519289
20
255.671446
70
0
0
VERTEX
8
Layer 1
10
139.135643
20
254.882105
70
0
0
VERTEX
8
Layer 1
10
138.395361
20
254.134105
70
0
0
VERTEX
8
Layer 1
10
138.075862
20
254.049287
70
0
0
VERTEX
8
Layer 1
10
137.817135
20
254.136861
70
0
0
VERTEX
8
Layer 1
10
137.639437
20
254.381532
70
0
0
VERTEX
8
Layer 1
10
137.563025
20
254.768003
70
0
0
VERTEX
8
Layer 1
10
137.795087
20
255.905161
70
0
0
VERTEX
8
Layer 1
10
137.963208
20
256.285500
70
0
0
VERTEX
8
Layer 1
10
138.161094
20
256.434328
70
0
0
VERTEX
8
Layer 1
10
139.029810
20
256.116828
70
0
0
VERTEX
8
Layer 1
10
139.029810
20
256.116828
70
0
0
SEQEND
8
Layer 1
0
POLYLINE
8
Layer 1
62
7
70
0
10
0.000000
20
0.000000
66
1
0
VERTEX
8
Layer 1
10
92.251447
20
254.564605
70
0
0
VERTEX
8
Layer 1
10
96.237838
20
251.989325
70
0
0
VERTEX
8
Layer 1
10
98.601451
20
250.295991
70
0
0
VERTEX
8
Layer 1
10
97.190339
20
250.049046
70
0
0
VERTEX
8
Layer 1
10
92.216169
20
249.625713
70
0
0
VERTEX
8
Layer 1
10
88.617834
20
249.484602
70
0
0
VERTEX
8
Layer 1
10
89.111723
20
251.460158
70
0
0
VERTEX
8
Layer 1
10
89.817279
20
254.458771
70
0
0
VERTEX
8
Layer 1
10
90.028946
20
255.115269
70
0
0
VERTEX
8
Layer 1
10
90.372904
20
255.345126
70
0
0
VERTEX
8
Layer 1
10
91.047592
20
255.158264
70
0
0
VERTEX
8
Layer 1
10
92.251447
20
254.564605
70
0
0
VERTEX
8
Layer 1
10
92.251447
20
254.564605
70
0
0
SEQEND
8
Layer 1
0
POLYLINE
8
Layer 1
62
7
70
0
10
0.000000
20
0.000000
66
1
0
VERTEX
8
Layer 1
10
126.788413
20
254.211827
70
0
0
VERTEX
8
Layer 1
10
127.197966
20
253.261531
70
0
0
VERTEX
8
Layer 1
10
127.313170
20
252.668423
70
0
0
VERTEX
8
Layer 1
10
127.130718
20
252.326669
70
0
0
VERTEX
8
Layer 1
10
126.647302
20
252.130437
70
0
0
VERTEX
8
Layer 1
10
126.247946
20
252.104736
70
0
0
VERTEX
8
Layer 1
10
125.880010
20
252.222490
70
0
0
VERTEX
8
Layer 1
10
125.297926
20
252.787486
70
0
0
VERTEX
8
Layer 1
10
125.020113
20
253.623680
70
0
0
VERTEX
8
Layer 1
10
125.165634
20
254.529327
70
0
0
VERTEX
8
Layer 1
10
125.563061
20
255.184171
70
0
0
VERTEX
8
Layer 1
10
125.937336
20
255.349536
70
0
0
VERTEX
8
Layer 1
10
126.331455
20
255.025421
70
0
0
VERTEX
8
Layer 1
10
126.788413
20
254.211827
70
0
0
VERTEX
8
Layer 1
10
126.788413
20
254.211827
70
0
0
SEQEND
8
Layer 1
0
POLYLINE
8
Layer 1
62
7
70
0
10
0.000000
20
0.000000
66
1
0
VERTEX
8
Layer 1
10
132.997306
20
250.260713
70
0
0
VERTEX
8
Layer 1
10
132.600982
20
249.937150
70
0
0
VERTEX
8
Layer 1
10
131.705257
20
249.550747
70
0
0
VERTEX
8
Layer 1
10
130.750000
20
249.263564
70
0
0
VERTEX
8
Layer 1
10
130.175082
20
249.237657
70
0
0
VERTEX
8
Layer 1
10
129.919318
20
249.555157
70
0
0
VERTEX
8
Layer 1
10
129.822304
20
249.978491
70
0
0
VERTEX
8
Layer 1
10
129.906640
20
250.204489
70
0
0
VERTEX
8
Layer 1
10
130.179492
20
250.357727
70
0
0
VERTEX
8
Layer 1
10
131.409805
20
250.472380
70
0
0
VERTEX
8
Layer 1
10
132.534285
20
250.419463
70
0
0
VERTEX
8
Layer 1
10
132.997306
20
250.260713
70
0
0
VERTEX
8
Layer 1
10
132.997306
20
250.260713
70
0
0
SEQEND
8
Layer 1
0
POLYLINE
8
Layer 1
62
7
70
0
10
0.000000
20
0.000000
66
1
0
VERTEX
8
Layer 1
10
124.848134
20
249.449324
70
0
0
VERTEX
8
Layer 1
10
124.984836
20
249.088278
70
0
0
VERTEX
8
Layer 1
10
124.856954
20
248.862830
70
0
0
VERTEX
8
Layer 1
10
123.437022
20
248.567379
70
0
0
VERTEX
8
Layer 1
10
121.496743
20
248.461545
70
0
0
VERTEX
8
Layer 1
10
121.562889
20
248.770226
70
0
0
VERTEX
8
Layer 1
10
121.920077
20
249.343490
70
0
0
VERTEX
8
Layer 1
10
122.590906
20
249.910691
70
0
0
VERTEX
8
Layer 1
10
123.450251
20
250.124012
70
0
0
VERTEX
8
Layer 1
10
124.276524
20
249.973530
70
0
0
VERTEX
8
Layer 1
10
124.848134
20
249.449324
70
0
0
VERTEX
8
Layer 1
10
124.848134
20
249.449324
70
0
0
SEQEND
8
Layer 1
0
POLYLINE
8
Layer 1
62
7
70
0
10
0.000000
20
0.000000
66
1
0
VERTEX
8
Layer 1
10
128.340636
20
249.519879
70
0
0
VERTEX
8
Layer 1
10
128.332713
20
249.304492
70
0
0
VERTEX
8
Layer 1
10
128.178028
20
249.159384
70
0
0
VERTEX
8
Layer 1
10
127.595393
20
249.070087
70
0
0
VERTEX
8
Layer 1
10
126.926768
20
249.232145
70
0
0
VERTEX
8
Layer 1
10
126.506191
20
249.625713
70
0
0
VERTEX
8
Layer 1
10
126.443352
20
249.885335
70
0
0
VERTEX
8
Layer 1
10
126.532649
20
250.035817
70
0
0
VERTEX
8
Layer 1
10
127.247025
20
250.049046
70
0
0
VERTEX
8
Layer 1
10
127.939351
20
249.837380
70
0
0
VERTEX
8
Layer 1
10
128.340636
20
249.519879
70
0
0
VERTEX
8
Layer 1
10
128.340636
20
249.519879
70
0
0
SEQEND
8
Layer 1
0
POLYLINE
8
Layer 1
62
7
70
0
10
0.000000
20
0.000000
66
1
0
VERTEX
8
Layer 1
10
107.950068
20
249.096546
70
0
0
VERTEX
8
Layer 1
10
107.570832
20
247.403211
70
0
0
VERTEX
8
Layer 1
10
107.032845
20
246.239044
70
0
0
VERTEX
8
Layer 1
10
106.255080
20
246.650802
70
0
0
VERTEX
8
Layer 1
10
105.044059
20
247.575191
70
0
0
VERTEX
8
Layer 1
10
103.971945
20
248.545881
70
0
0
VERTEX
8
Layer 1
10
103.610899
20
249.096546
70
0
0
VERTEX
8
Layer 1
10
104.329684
20
249.334671
70
0
0
VERTEX
8
Layer 1
10
105.657011
20
249.519879
70
0
0
VERTEX
8
Layer 1
10
107.703123
20
249.696268
70
0
0
VERTEX
8
Layer 1
10
107.879512
20
249.555157
70
0
0
VERTEX
8
Layer 1
10
107.950068
20
249.096546
70
0
0
VERTEX
8
Layer 1
10
107.950068
20
249.096546
70
0
0
SEQEND
8
Layer 1
0
POLYLINE
8
Layer 1
62
7
70
0
10
0.000000
20
0.000000
66
1
0
VERTEX
8
Layer 1
10
102.975898
20
247.226822
70
0
0
VERTEX
8
Layer 1
10
104.475205
20
246.071474
70
0
0
VERTEX
8
Layer 1
10
104.751915
20
245.708775
70
0
0
VERTEX
8
Layer 1
10
104.704510
20
245.498210
70
0
0
VERTEX
8
Layer 1
10
97.582805
20
243.813695
70
0
0
VERTEX
8
Layer 1
10
89.323390
20
242.182097
70
0
0
VERTEX
8
Layer 1
10
87.418388
20
241.970430
70
0
0
VERTEX
8
Layer 1
10
87.665333
20
244.016543
70
0
0
VERTEX
8
Layer 1
10
87.938185
20
245.717043
70
0
0
VERTEX
8
Layer 1
10
88.340021
20
246.693246
70
0
0
VERTEX
8
Layer 1
10
89.039514
20
247.186584
70
0
0
VERTEX
8
Layer 1
10
90.205335
20
247.438489
70
0
0
VERTEX
8
Layer 1
10
94.897282
20
248.144045
70
0
0
VERTEX
8
Layer 1
10
97.965348
20
248.581159
70
0
0
VERTEX
8
Layer 1
10
99.942007
20
248.624705
70
0
0
VERTEX
8
Layer 1
10
101.415958
20
248.198616
70
0
0
VERTEX
8
Layer 1
10
102.975898
20
247.226822
70
0
0
VERTEX
8
Layer 1
10
102.975898
20
247.226822
70
0
0
SEQEND
8
Layer 1
0
POLYLINE
8
Layer 1
62
7
70
0
10
0.000000
20
0.000000
66
1
0
VERTEX
8
Layer 1
10
126.365080
20
246.097933
70
0
0
VERTEX
8
Layer 1
10
126.596590
20
245.307490
70
0
0
VERTEX
8
Layer 1
10
126.444455
20
244.642724
70
0
0
VERTEX
8
Layer 1
10
125.829298
20
243.964728
70
0
0
VERTEX
8
Layer 1
10
124.671745
20
243.134598
70
0
0
VERTEX
8
Layer 1
10
123.396232
20
242.370613
70
0
0
VERTEX
8
Layer 1
10
122.458063
20
242.076264
70
0
0
VERTEX
8
Layer 1
10
121.665415
20
242.231706
70
0
0
VERTEX
8
Layer 1
10
120.826465
20
242.817097
70
0
0
VERTEX
8
Layer 1
10
120.316591
20
243.288938
70
0
0
VERTEX
8
Layer 1
10
120.081221
20
243.707862
70
0
0
VERTEX
8
Layer 1
10
120.077363
20
244.245848
70
0
0
VERTEX
8
Layer 1
10
120.262020
20
245.074877
70
0
0
VERTEX
8
Layer 1
10
120.672125
20
246.164079
70
0
0
VERTEX
8
Layer 1
10
121.108687
20
246.697655
70
0
0
VERTEX
8
Layer 1
10
123.754522
20
246.909322
70
0
0
VERTEX
8
Layer 1
10
125.668343
20
246.807899
70
0
0
VERTEX
8
Layer 1
10
126.076243
20
246.557095
70
0
0
VERTEX
8
Layer 1
10
126.365080
20
246.097933
70
0
0
VERTEX
8
Layer 1
10
126.365080
20
246.097933
70
0
0
SEQEND
8
Layer 1
0
POLYLINE
8
Layer 1
62
7
70
0
10
0.000000
20
0.000000
66
1
0
VERTEX
8
Layer 1
10
106.538956
20
243.522653
70
0
0
VERTEX
8
Layer 1
10
106.186178
20
239.430429
70
0
0
VERTEX
8
Layer 1
10
106.031838
20
235.933517
70
0
0
VERTEX
8
Layer 1
10
106.221456
20
232.410146
70
0
0
VERTEX
8
Layer 1
10
106.415484
20
229.852506
70
0
0
VERTEX
8
Layer 1
10
106.397845
20
228.670700
70
0
0
VERTEX
8
Layer 1
10
104.008876
20
229.065370
70
0
0
VERTEX
8
Layer 1
10
98.874854
20
230.187645
70
0
0
VERTEX
8
Layer 1
10
93.489477
20
231.468670
70
0
0
VERTEX
8
Layer 1
10
90.346446
20
232.339591
70
0
0
VERTEX
8
Layer 1
10
89.279292
20
232.692369
70
0
0
VERTEX
8
Layer 1
10
88.370889
20
232.833480
70
0
0
VERTEX
8
Layer 1
10
87.731479
20
232.970181
70
0
0
VERTEX
8
Layer 1
10
87.356652
20
233.503758
70
0
0
VERTEX
8
Layer 1
10
87.180263
20
234.619419
70
0
0
VERTEX
8
Layer 1
10
87.136166
20
236.502371
70
0
0
VERTEX
8
Layer 1
10
87.206722
20
238.177515
70
0
0
VERTEX
8
Layer 1
10
87.462486
20
239.214352
70
0
0
VERTEX
8
Layer 1
10
87.969604
20
239.741865
70
0
0
VERTEX
8
Layer 1
10
88.794223
20
239.889040
70
0
0
VERTEX
8
Layer 1
10
90.417001
20
240.277096
70
0
0
VERTEX
8
Layer 1
10
98.213395
20
242.314389
70
0
0
VERTEX
8
Layer 1
10
106.115622
20
244.087098
70
0
0
VERTEX
8
Layer 1
10
106.406664
20
243.937168
70
0
0
VERTEX
8
Layer 1
10
106.538956
20
243.522653
70
0
0
VERTEX
8
Layer 1
10
106.538956
20
243.522653
70
0
0
SEQEND
8
Layer 1
0
POLYLINE
8
Layer 1
62
7
70
0
10
0.000000
20
0.000000
66
1
0
VERTEX
8
Layer 1
10
120.297298
20
241.123763
70
0
0
VERTEX
8
Layer 1
10
120.557472
20
240.607825
70
0
0
VERTEX
8
Layer 1
10
120.367854
20
240.171262
70
0
0
VERTEX
8
Layer 1
10
119.983105
20
239.970620
70
0
0
VERTEX
8
Layer 1
10
119.618200
20
240.074248
70
0
0
VERTEX
8
Layer 1
10
119.345900
20
240.429231
70
0
0
VERTEX
8
Layer 1
10
119.238964
20
240.982652
70
0
0
VERTEX
8
Layer 1
10
119.319993
20
241.451185
70
0
0
VERTEX
8
Layer 1
10
119.543235
20
241.635291
70
0
0
VERTEX
8
Layer 1
10
119.878925
20
241.528355
70
0
0
VERTEX
8
Layer 1
10
120.297298
20
241.123763
70
0
0
VERTEX
8
Layer 1
10
120.297298
20
241.123763
70
0
0
SEQEND
8
Layer 1
0
POLYLINE
8
Layer 1
62
7
70
0
10
0.000000
20
0.000000
66
1
0
VERTEX
8
Layer 1
10
128.763970
20
232.269035
70
0
0
VERTEX
8
Layer 1
10
128.944218
20
231.387641
70
0
0
VERTEX
8
Layer 1
10
128.846446
20
231.137321
70
0
0
VERTEX
8
Layer 1
10
128.618449
20
231.012264
70
0
0
VERTEX
8
Layer 1
10
127.756899
20
231.132980
70
0
0
VERTEX
8
Layer 1
10
126.329802
20
231.739868
70
0
0
VERTEX
8
Layer 1
10
124.995860
20
232.482356
70
0
0
VERTEX
8
Layer 1
10
124.336606
20
233.023098
70
0
0
VERTEX
8
Layer 1
10
124.285894
20
233.451393
70
0
0
VERTEX
8
Layer 1
10
124.777579
20
233.856536
70
0
0
VERTEX
8
Layer 1
10
125.712992
20
233.935911
70
0
0
VERTEX
8
Layer 1
10
126.969212
20
233.591953
70
0
0
VERTEX
8
Layer 1
10
128.126214
20
232.983411
70
0
0
VERTEX
8
Layer 1
10
128.763970
20
232.269035
70
0
0
VERTEX
8
Layer 1
10
128.763970
20
232.269035
70
0
0
SEQEND
8
Layer 1
0
POLYLINE
8
Layer 1
62
7
70
0
10
0.000000
20
0.000000
66
1
0
VERTEX
8
Layer 1
10
125.271468
20
230.540423
70
0
0
VERTEX
8
Layer 1
10
126.576746
20
229.737853
70
0
0
VERTEX
8
Layer 1
10
127.247025
20
229.094033
70
0
0
VERTEX
8
Layer 1
10
127.199069
20
228.362019
70
0
0
VERTEX
8
Layer 1
10
126.836920
20
227.259588
70
0
0
VERTEX
8
Layer 1
10
126.309407
20
226.157156
70
0
0
VERTEX
8
Layer 1
10
125.765357
20
225.425142
70
0
0
VERTEX
8
Layer 1
10
124.887822
20
225.339152
70
0
0
VERTEX
8
Layer 1
10
123.269453
20
225.451600
70
0
0
VERTEX
8
Layer 1
10
121.637854
20
225.683111
70
0
0
VERTEX
8
Layer 1
10
120.720632
20
225.954309
70
0
0
VERTEX
8
Layer 1
10
120.297298
20
227.118476
70
0
0
VERTEX
8
Layer 1
10
120.187606
20
227.746311
70
0
0
VERTEX
8
Layer 1
10
120.266430
20
228.304692
70
0
0
VERTEX
8
Layer 1
10
121.214521
20
229.834867
70
0
0
VERTEX
8
Layer 1
10
122.241987
20
230.959347
70
0
0
VERTEX
8
Layer 1
10
122.978411
20
231.422368
70
0
0
VERTEX
8
Layer 1
10
123.860356
20
231.166604
70
0
0
VERTEX
8
Layer 1
10
125.271468
20
230.540423
70
0
0
VERTEX
8
Layer 1
10
125.271468
20
230.540423
70
0
0
SEQEND
8
Layer 1
0
POLYLINE
8
Layer 1
62
7
70
0
10
0.000000
20
0.000000
66
1
0
VERTEX
8
Layer 1
10
97.684228
20
228.811811
70
0
0
VERTEX
8
Layer 1
10
102.310030
20
227.669692
70
0
0
VERTEX
8
Layer 1
10
104.316455
20
226.977365
70
0
0
VERTEX
8
Layer 1
10
103.835795
20
226.311497
70
0
0
VERTEX
8
Layer 1
10
102.482009
20
225.248753
70
0
0
VERTEX
8
Layer 1
10
100.541730
20
223.908197
70
0
0
VERTEX
8
Layer 1
10
95.849783
20
224.507919
70
0
0
VERTEX
8
Layer 1
10
89.711445
20
225.284031
70
0
0
VERTEX
8
Layer 1
10
88.771072
20
225.457113
70
0
0
VERTEX
8
Layer 1
10
88.247417
20
225.901392
70
0
0
VERTEX
8
Layer 1
10
87.935429
20
226.980672
70
0
0
VERTEX
8
Layer 1
10
87.630055
20
229.058755
70
0
0
VERTEX
8
Layer 1
10
87.418388
20
230.752090
70
0
0
VERTEX
8
Layer 1
10
89.288112
20
230.505145
70
0
0
VERTEX
8
Layer 1
10
97.684228
20
228.811811
70
0
0
VERTEX
8
Layer 1
10
97.684228
20
228.811811
70
0
0
SEQEND
8
Layer 1
0
POLYLINE
8
Layer 1
62
7
70
0
10
0.000000
20
0.000000
66
1
0
VERTEX
8
Layer 1
10
129.469526
20
227.365421
70
0
0
VERTEX
8
Layer 1
10
129.306366
20
226.642226
70
0
0
VERTEX
8
Layer 1
10
128.905081
20
225.707364
70
0
0
VERTEX
8
Layer 1
10
128.354417
20
224.947789
70
0
0
VERTEX
8
Layer 1
10
128.142957
20
224.862764
70
0
0
VERTEX
8
Layer 1
10
127.992268
20
224.948892
70
0
0
VERTEX
8
Layer 1
10
127.927776
20
225.558536
70
0
0
VERTEX
8
Layer 1
10
128.270081
20
226.624587
70
0
0
VERTEX
8
Layer 1
10
128.725385
20
227.419991
70
0
0
VERTEX
8
Layer 1
10
129.107929
20
227.828442
70
0
0
VERTEX
8
Layer 1
10
129.371410
20
227.820174
70
0
0
VERTEX
8
Layer 1
10
129.469526
20
227.365421
70
0
0
VERTEX
8
Layer 1
10
129.469526
20
227.365421
70
0
0
SEQEND
8
Layer 1
0
POLYLINE
8
Layer 1
62
7
70
0
10
0.000000
20
0.000000
66
1
0
VERTEX
8
Layer 1
10
107.491457
20
224.895975
70
0
0
VERTEX
8
Layer 1
10
107.844235
20
223.308474
70
0
0
VERTEX
8
Layer 1
10
105.868678
20
223.308474
70
0
0
VERTEX
8
Layer 1
10
104.200699
20
223.382337
70
0
0
VERTEX
8
Layer 1
10
103.505065
20
223.661252
70
0
0
VERTEX
8
Layer 1
10
103.507408
20
223.904476
70
0
0
VERTEX
8
Layer 1
10
103.735473
20
224.231209
70
0
0
VERTEX
8
Layer 1
10
104.845622
20
225.178197
70
0
0
VERTEX
8
Layer 1
10
106.891734
20
226.483476
70
0
0
VERTEX
8
Layer 1
10
107.151908
20
226.020455
70
0
0
VERTEX
8
Layer 1
10
107.491457
20
224.895975
70
0
0
VERTEX
8
Layer 1
10
107.491457
20
224.895975
70
0
0
SEQEND
8
Layer 1
0
POLYLINE
8
Layer 1
62
7
70
0
10
0.000000
20
0.000000
66
1
0
VERTEX
8
Layer 1
10
124.636467
20
223.661252
70
0
0
VERTEX
8
Layer 1
10
124.779783
20
223.177285
70
0
0
VERTEX
8
Layer 1
10
124.512995
20
222.594099
70
0
0
VERTEX
8
Layer 1
10
123.981623
20
222.103517
70
0
0
VERTEX
8
Layer 1
10
123.331189
20
221.897362
70
0
0
VERTEX
8
Layer 1
10
122.680203
20
222.109029
70
0
0
VERTEX
8
Layer 1
10
122.039139
20
222.638196
70
0
0
VERTEX
8
Layer 1
10
121.550211
20
223.326113
70
0
0
VERTEX
8
Layer 1
10
121.355632
20
224.014030
70
0
0
VERTEX
8
Layer 1
10
121.798809
20
224.187112
70
0
0
VERTEX
8
Layer 1
10
122.810841
20
224.155141
70
0
0
VERTEX
8
Layer 1
10
123.915477
20
223.964421
70
0
0
VERTEX
8
Layer 1
10
124.636467
20
223.661252
70
0
0
VERTEX
8
Layer 1
10
124.636467
20
223.661252
70
0
0
SEQEND
8
Layer 1
0
POLYLINE
8
Layer 1
62
7
70
0
10
0.000000
20
0.000000
66
1
0
VERTEX
8
Layer 1
10
127.670358
20
223.343752
70
0
0
VERTEX
8
Layer 1
10
127.995024
20
222.924277
70
0
0
VERTEX
8
Layer 1
10
127.912893
20
222.448578
70
0
0
VERTEX
8
Layer 1
10
127.506647
20
222.058868
70
0
0
VERTEX
8
Layer 1
10
126.858969
20
221.897362
70
0
0
VERTEX
8
Layer 1
10
126.370041
20
221.921064
70
0
0
VERTEX
8
Layer 1
10
126.149003
20
222.034063
70
0
0
VERTEX
8
Layer 1
10
126.365080
20
222.779307
70
0
0
VERTEX
8
Layer 1
10
126.643443
20
223.333830
70
0
0
VERTEX
8
Layer 1
10
126.898656
20
223.590696
70
0
0
VERTEX
8
Layer 1
10
127.213400
20
223.582979
70
0
0
VERTEX
8
Layer 1
10
127.670358
20
223.343752
70
0
0
VERTEX
8
Layer 1
10
127.670358
20
223.343752
70
0
0
SEQEND
8
Layer 1
0
POLYLINE
8
Layer 1
62
7
70
0
10
0.000000
20
0.000000
66
1
0
VERTEX
8
Layer 1
10
97.331450
20
222.673474
70
0
0
VERTEX
8
Layer 1
10
98.530895
20
222.391251
70
0
0
VERTEX
8
Layer 1
10
96.096727
20
220.627361
70
0
0
VERTEX
8
Layer 1
10
91.726690
20
217.584651
70
0
0
VERTEX
8
Layer 1
10
90.604966
20
216.966187
70
0
0
VERTEX
8
Layer 1
10
90.134779
20
216.923192
70
0
0
VERTEX
8
Layer 1
10
89.429223
20
219.639583
70
0
0
VERTEX
8
Layer 1
10
88.688389
20
222.673474
70
0
0
VERTEX
8
Layer 1
10
88.690594
20
223.002549
70
0
0
VERTEX
8
Layer 1
10
89.129362
20
223.162953
70
0
0
VERTEX
8
Layer 1
10
92.322003
20
223.096807
70
0
0
VERTEX
8
Layer 1
10
97.331450
20
222.673474
70
0
0
VERTEX
8
Layer 1
10
97.331450
20
222.673474
70
0
0
SEQEND
8
Layer 1
0
POLYLINE
8
Layer 1
62
7
70
0
10
0.000000
20
0.000000
66
1
0
VERTEX
8
Layer 1
10
132.926750
20
222.355973
70
0
0
VERTEX
8
Layer 1
10
132.876039
20
222.150370
70
0
0
VERTEX
8
Layer 1
10
132.600431
20
222.007605
70
0
0
VERTEX
8
Layer 1
10
131.268694
20
221.897362
70
0
0
VERTEX
8
Layer 1
10
129.892860
20
222.007605
70
0
0
VERTEX
8
Layer 1
10
129.572052
20
222.150370
70
0
0
VERTEX
8
Layer 1
10
129.469526
20
222.355973
70
0
0
VERTEX
8
Layer 1
10
129.645915
20
223.026252
70
0
0
VERTEX
8
Layer 1
10
130.267686
20
223.114997
70
0
0
VERTEX
8
Layer 1
10
131.339249
20
222.968925
70
0
0
VERTEX
8
Layer 1
10
132.384354
20
222.683947
70
0
0
VERTEX
8
Layer 1
10
132.926750
20
222.355973
70
0
0
VERTEX
8
Layer 1
10
132.926750
20
222.355973
70
0
0
SEQEND
8
Layer 1
0
POLYLINE
8
Layer 1
62
7
70
0
10
0.000000
20
0.000000
66
1
0
VERTEX
8
Layer 1
10
105.057288
20
221.897362
70
0
0
VERTEX
8
Layer 1
10
106.102393
20
221.822397
70
0
0
VERTEX
8
Layer 1
10
106.538956
20
221.615140
70
0
0
VERTEX
8
Layer 1
10
104.911767
20
219.933381
70
0
0
VERTEX
8
Layer 1
10
101.194369
20
216.442532
70
0
0
VERTEX
8
Layer 1
10
97.133013
20
212.759861
70
0
0
VERTEX
8
Layer 1
10
94.473948
20
210.502633
70
0
0
VERTEX
8
Layer 1
10
93.133392
20
209.479576
70
0
0
VERTEX
8
Layer 1
10
92.286725
20
211.384578
70
0
0
VERTEX
8
Layer 1
10
91.298946
20
213.783468
70
0
0
VERTEX
8
Layer 1
10
91.694719
20
214.568950
70
0
0
VERTEX
8
Layer 1
10
92.983461
20
215.913365
70
0
0
VERTEX
8
Layer 1
10
95.079183
20
217.727416
70
0
0
VERTEX
8
Layer 1
10
97.895895
20
219.921805
70
0
0
VERTEX
8
Layer 1
10
100.748987
20
221.888543
70
0
0
VERTEX
8
Layer 1
10
101.542186
20
222.144307
70
0
0
VERTEX
8
Layer 1
10
102.305620
20
222.109029
70
0
0
VERTEX
8
Layer 1
10
105.057288
20
221.897362
70
0
0
VERTEX
8
Layer 1
10
105.057288
20
221.897362
70
0
0
SEQEND
8
Layer 1
0
POLYLINE
8
Layer 1
62
7
70
0
10
0.000000
20
0.000000
66
1
0
VERTEX
8
Layer 1
10
109.925625
20
217.840415
70
0
0
VERTEX
8
Layer 1
10
111.504306
20
214.788885
70
0
0
VERTEX
8
Layer 1
10
113.559238
20
211.419855
70
0
0
VERTEX
8
Layer 1
10
115.530385
20
208.310999
70
0
0
VERTEX
8
Layer 1
10
115.608107
20
207.803330
70
0
0
VERTEX
8
Layer 1
10
115.252573
20
207.609853
70
0
0
VERTEX
8
Layer 1
10
107.244512
20
205.140407
70
0
0
VERTEX
8
Layer 1
10
98.530895
20
202.565128
70
0
0
VERTEX
8
Layer 1
10
97.524927
20
202.414646
70
0
0
VERTEX
8
Layer 1
10
97.159815
20
202.478931
70
0
0
VERTEX
8
Layer 1
10
96.833151
20
202.684190
70
0
0
VERTEX
8
Layer 1
10
96.134761
20
203.661495
70
0
0
VERTEX
8
Layer 1
10
95.108949
20
205.634296
70
0
0
VERTEX
8
Layer 1
10
94.121170
20
207.539297
70
0
0
VERTEX
8
Layer 1
10
95.673394
20
209.056243
70
0
0
VERTEX
8
Layer 1
10
103.337496
20
216.297011
70
0
0
VERTEX
8
Layer 1
10
108.408679
20
220.733195
70
0
0
VERTEX
8
Layer 1
10
108.981944
20
219.842430
70
0
0
VERTEX
8
Layer 1
10
109.925625
20
217.840415
70
0
0
VERTEX
8
Layer 1
10
109.925625
20
217.840415
70
0
0
SEQEND
8
Layer 1
0
POLYLINE
8
Layer 1
62
7
70
0
10
0.000000
20
0.000000
66
1
0
VERTEX
8
Layer 1
10
126.788413
20
218.934027
70
0
0
VERTEX
8
Layer 1
10
126.294524
20
217.134859
70
0
0
VERTEX
8
Layer 1
10
126.147349
20
216.789247
70
0
0
VERTEX
8
Layer 1
10
125.990253
20
216.724755
70
0
0
VERTEX
8
Layer 1
10
125.447857
20
217.558193
70
0
0
VERTEX
8
Layer 1
10
124.883412
20
219.180971
70
0
0
VERTEX
8
Layer 1
10
125.005231
20
219.683680
70
0
0
VERTEX
8
Layer 1
10
125.328794
20
220.054097
70
0
0
VERTEX
8
Layer 1
10
125.791264
20
220.252535
70
0
0
VERTEX
8
Layer 1
10
126.329802
20
220.239305
70
0
0
VERTEX
8
Layer 1
10
126.684233
20
220.089926
70
0
0
VERTEX
8
Layer 1
10
126.863379
20
219.864479
70
0
0
VERTEX
8
Layer 1
10
126.788413
20
218.934027
70
0
0
VERTEX
8
Layer 1
10
126.788413
20
218.934027
70
0
0
SEQEND
8
Layer 1
0
POLYLINE
8
Layer 1
62
7
70
0
10
0.000000
20
0.000000
66
1
0
VERTEX
8
Layer 1
10
133.491195
20
217.981526
70
0
0
VERTEX
8
Layer 1
10
133.686877
20
215.800366
70
0
0
VERTEX
8
Layer 1
10
133.601438
20
214.634545
70
0
0
VERTEX
8
Layer 1
10
133.410924
20
214.299061
70
0
0
VERTEX
8
Layer 1
10
133.099281
20
214.057422
70
0
0
VERTEX
8
Layer 1
10
132.044805
20
213.642357
70
0
0
VERTEX
8
Layer 1
10
130.603377
20
213.220677
70
0
0
VERTEX
8
Layer 1
10
129.562130
20
213.126419
70
0
0
VERTEX
8
Layer 1
10
128.765624
20
213.369505
70
0
0
VERTEX
8
Layer 1
10
128.058414
20
213.959857
70
0
0
VERTEX
8
Layer 1
10
127.596495
20
214.493985
70
0
0
VERTEX
8
Layer 1
10
127.405775
20
214.978503
70
0
0
VERTEX
8
Layer 1
10
127.453179
20
215.641616
70
0
0
VERTEX
8
Layer 1
10
127.705636
20
216.711525
70
0
0
VERTEX
8
Layer 1
10
128.238110
20
218.734487
70
0
0
VERTEX
8
Layer 1
10
128.737512
20
219.745416
70
0
0
VERTEX
8
Layer 1
10
129.080230
20
219.980923
70
0
0
VERTEX
8
Layer 1
10
129.541184
20
220.094887
70
0
0
VERTEX
8
Layer 1
10
130.986471
20
220.133472
70
0
0
VERTEX
8
Layer 1
10
133.244251
20
220.133472
70
0
0
VERTEX
8
Layer 1
10
133.491195
20
217.981526
70
0
0
VERTEX
8
Layer 1
10
133.491195
20
217.981526
70
0
0
SEQEND
8
Layer 1
0
POLYLINE
8
Layer 1
62
7
70
0
10
0.000000
20
0.000000
66
1
0
VERTEX
8
Layer 1
10
135.960641
20
219.251527
70
0
0
VERTEX
8
Layer 1
10
136.383975
20
216.958470
70
0
0
VERTEX
8
Layer 1
10
136.458940
20
215.494441
70
0
0
VERTEX
8
Layer 1
10
136.319483
20
215.162609
70
0
0
VERTEX
8
Layer 1
10
136.031197
20
214.982913
70
0
0
VERTEX
8
Layer 1
10
135.325641
20
214.877080
70
0
0
VERTEX
8
Layer 1
10
135.008141
20
217.417081
70
0
0
VERTEX
8
Layer 1
10
134.933175
20
219.300034
70
0
0
VERTEX
8
Layer 1
10
135.042867
20
219.674309
70
0
0
VERTEX
8
Layer 1
10
135.255085
20
219.780694
70
0
0
VERTEX
8
Layer 1
10
135.660780
20
219.621944
70
0
0
VERTEX
8
Layer 1
10
135.960641
20
219.251527
70
0
0
VERTEX
8
Layer 1
10
135.960641
20
219.251527
70
0
0
SEQEND
8
Layer 1
0
POLYLINE
8
Layer 1
62
7
70
0
10
0.000000
20
0.000000
66
1
0
VERTEX
8
Layer 1
10
138.994532
20
216.782081
70
0
0
VERTEX
8
Layer 1
10
138.891455
20
216.427098
70
0
0
VERTEX
8
Layer 1
10
138.646164
20
216.111803
70
0
0
VERTEX
8
Layer 1
10
138.354571
20
215.928799
70
0
0
VERTEX
8
Layer 1
10
138.112587
20
215.970692
70
0
0
VERTEX
8
Layer 1
10
137.724531
20
217.099581
70
0
0
VERTEX
8
Layer 1
10
137.645156
20
217.875693
70
0
0
VERTEX
8
Layer 1
10
138.253698
20
217.699304
70
0
0
VERTEX
8
Layer 1
10
138.769636
20
217.253922
70
0
0
VERTEX
8
Layer 1
10
138.994532
20
216.782081
70
0
0
VERTEX
8
Layer 1
10
138.994532
20
216.782081
70
0
0
SEQEND
8
Layer 1
0
POLYLINE
8
Layer 1
62
7
70
0
10
0.000000
20
0.000000
66
1
0
VERTEX
8
Layer 1
10
159.632045
20
214.771246
70
0
0
VERTEX
8
Layer 1
10
160.809442
20
214.026003
70
0
0
VERTEX
8
Layer 1
10
161.115366
20
213.674879
70
0
0
VERTEX
8
Layer 1
10
161.219546
20
213.360134
70
0
0
VERTEX
8
Layer 1
10
161.134108
20
212.905933
70
0
0
VERTEX
8
Layer 1
10
160.800622
20
212.769231
70
0
0
VERTEX
8
Layer 1
10
160.103334
20
212.963259
70
0
0
VERTEX
8
Layer 1
10
158.926489
20
213.501246
70
0
0
VERTEX
8
Layer 1
10
158.012573
20
214.020491
70
0
0
VERTEX
8
Layer 1
10
157.488919
20
214.480205
70
0
0
VERTEX
8
Layer 1
10
157.348910
20
214.900231
70
0
0
VERTEX
8
Layer 1
10
157.585933
20
215.300413
70
0
0
VERTEX
8
Layer 1
10
157.786575
20
215.475700
70
0
0
VERTEX
8
Layer 1
10
158.053363
20
215.485622
70
0
0
VERTEX
8
Layer 1
10
159.632045
20
214.771246
70
0
0
VERTEX
8
Layer 1
10
159.632045
20
214.771246
70
0
0
SEQEND
8
Layer 1
0
POLYLINE
8
Layer 1
62
7
70
0
10
0.000000
20
0.000000
66
1
0
VERTEX
8
Layer 1
10
152.047318
20
215.018191
70
0
0
VERTEX
8
Layer 1
10
151.077179
20
213.373364
70
0
0
VERTEX
8
Layer 1
10
150.350676
20
212.433541
70
0
0
VERTEX
8
Layer 1
10
149.895372
20
212.019578
70
0
0
VERTEX
8
Layer 1
10
149.472039
20
212.348103
70
0
0
VERTEX
8
Layer 1
10
148.863497
20
213.086731
70
0
0
VERTEX
8
Layer 1
10
148.347559
20
213.865048
70
0
0
VERTEX
8
Layer 1
10
148.202038
20
214.312635
70
0
0
VERTEX
8
Layer 1
10
151.800373
20
215.159302
70
0
0
VERTEX
8
Layer 1
10
151.976762
20
215.141663
70
0
0
VERTEX
8
Layer 1
10
152.047318
20
215.018191
70
0
0
VERTEX
8
Layer 1
10
152.047318
20
215.018191
70
0
0
SEQEND
8
Layer 1
0
POLYLINE
8
Layer 1
62
7
70
0
10
0.000000
20
0.000000
66
1
0
VERTEX
8
Layer 1
10
139.805921
20
213.183745
70
0
0
VERTEX
8
Layer 1
10
139.294393
20
212.853567
70
0
0
VERTEX
8
Layer 1
10
138.941615
20
212.764822
70
0
0
VERTEX
8
Layer 1
10
138.694671
20
212.920816
70
0
0
VERTEX
8
Layer 1
10
138.500643
20
213.324857
70
0
0
VERTEX
8
Layer 1
10
138.483004
20
213.898121
70
0
0
VERTEX
8
Layer 1
10
138.888699
20
214.418468
70
0
0
VERTEX
8
Layer 1
10
139.488421
20
214.674232
70
0
0
VERTEX
8
Layer 1
10
139.982310
20
214.242079
70
0
0
VERTEX
8
Layer 1
10
140.238074
20
213.646767
70
0
0
VERTEX
8
Layer 1
10
139.805921
20
213.183745
70
0
0
VERTEX
8
Layer 1
10
139.805921
20
213.183745
70
0
0
SEQEND
8
Layer 1
0
POLYLINE
8
Layer 1
62
7
70
0
10
0.000000
20
0.000000
66
1
0
VERTEX
8
Layer 1
10
154.446208
20
213.854024
70
0
0
VERTEX
8
Layer 1
10
154.581256
20
213.606528
70
0
0
VERTEX
8
Layer 1
10
154.494715
20
213.144058
70
0
0
VERTEX
8
Layer 1
10
153.564263
20
211.349300
70
0
0
VERTEX
8
Layer 1
10
152.814059
20
210.110167
70
0
0
VERTEX
8
Layer 1
10
152.351589
20
209.532493
70
0
0
VERTEX
8
Layer 1
10
152.001567
20
209.483986
70
0
0
VERTEX
8
Layer 1
10
151.588707
20
209.832354
70
0
0
VERTEX
8
Layer 1
10
151.224904
20
210.253483
70
0
0
VERTEX
8
Layer 1
10
151.165373
20
210.661383
70
0
0
VERTEX
8
Layer 1
10
152.117874
20
212.337078
70
0
0
VERTEX
8
Layer 1
10
152.858707
20
213.402578
70
0
0
VERTEX
8
Layer 1
10
153.414333
20
213.955447
70
0
0
VERTEX
8
Layer 1
10
153.903812
20
214.078368
70
0
0
VERTEX
8
Layer 1
10
154.446208
20
213.854024
70
0
0
VERTEX
8
Layer 1
10
154.446208
20
213.854024
70
0
0
SEQEND
8
Layer 1
0
POLYLINE
8
Layer 1
62
7
70
0
10
0.000000
20
0.000000
66
1
0
VERTEX
8
Layer 1
10
137.018975
20
212.830967
70
0
0
VERTEX
8
Layer 1
10
137.023936
20
212.355820
70
0
0
VERTEX
8
Layer 1
10
136.741163
20
211.860828
70
0
0
VERTEX
8
Layer 1
10
136.279795
20
211.471670
70
0
0
VERTEX
8
Layer 1
10
135.748974
20
211.314022
70
0
0
VERTEX
8
Layer 1
10
135.545025
20
211.561518
70
0
0
VERTEX
8
Layer 1
10
135.466752
20
212.129821
70
0
0
VERTEX
8
Layer 1
10
135.520771
20
212.757656
70
0
0
VERTEX
8
Layer 1
10
135.713697
20
213.183745
70
0
0
VERTEX
8
Layer 1
10
136.066475
20
213.406437
70
0
0
VERTEX
8
Layer 1
10
136.445711
20
213.404232
70
0
0
VERTEX
8
Layer 1
10
136.785260
20
213.203589
70
0
0
VERTEX
8
Layer 1
10
137.018975
20
212.830967
70
0
0
VERTEX
8
Layer 1
10
137.018975
20
212.830967
70
0
0
SEQEND
8
Layer 1
0
POLYLINE
8
Layer 1
62
7
70
0
10
0.000000
20
0.000000
66
1
0
VERTEX
8
Layer 1
10
158.573711
20
211.913745
70
0
0
VERTEX
8
Layer 1
10
160.073017
20
210.952425
70
0
0
VERTEX
8
Layer 1
10
160.488634
20
210.554447
70
0
0
VERTEX
8
Layer 1
10
160.619823
20
210.255688
70
0
0
VERTEX
8
Layer 1
10
160.393825
20
208.495657
70
0
0
VERTEX
8
Layer 1
10
160.055379
20
207.499610
70
0
0
VERTEX
8
Layer 1
10
159.399432
20
206.946741
70
0
0
VERTEX
8
Layer 1
10
158.220933
20
206.516241
70
0
0
VERTEX
8
Layer 1
10
156.485706
20
206.142517
70
0
0
VERTEX
8
Layer 1
10
155.028292
20
206.172283
70
0
0
VERTEX
8
Layer 1
10
153.994212
20
206.585694
70
0
0
VERTEX
8
Layer 1
10
153.681397
20
206.930066
70
0
0
VERTEX
8
Layer 1
10
153.528986
20
207.362908
70
0
0
VERTEX
8
Layer 1
10
153.849793
20
208.553534
70
0
0
VERTEX
8
Layer 1
10
154.693153
20
210.484994
70
0
0
VERTEX
8
Layer 1
10
155.642346
20
212.284161
70
0
0
VERTEX
8
Layer 1
10
156.280654
20
213.077912
70
0
0
VERTEX
8
Layer 1
10
158.573711
20
211.913745
70
0
0
VERTEX
8
Layer 1
10
158.573711
20
211.913745
70
0
0
SEQEND
8
Layer 1
0
POLYLINE
8
Layer 1
62
7
70
0
10
0.000000
20
0.000000
66
1
0
VERTEX
8
Layer 1
10
163.830103
20
212.866245
70
0
0
VERTEX
8
Layer 1
10
164.182881
20
212.577408
70
0
0
VERTEX
8
Layer 1
10
164.376909
20
212.116592
70
0
0
VERTEX
8
Layer 1
10
164.385729
20
211.616088
70
0
0
VERTEX
8
Layer 1
10
164.182881
20
211.208189
70
0
0
VERTEX
8
Layer 1
10
163.761752
20
211.127160
70
0
0
VERTEX
8
Layer 1
10
163.248019
20
211.380168
70
0
0
VERTEX
8
Layer 1
10
162.813662
20
211.838228
70
0
0
VERTEX
8
Layer 1
10
162.630658
20
212.372356
70
0
0
VERTEX
8
Layer 1
10
162.689087
20
212.811675
70
0
0
VERTEX
8
Layer 1
10
162.886422
20
213.029405
70
0
0
VERTEX
8
Layer 1
10
163.255737
20
213.042083
70
0
0
VERTEX
8
Layer 1
10
163.830103
20
212.866245
70
0
0
VERTEX
8
Layer 1
10
163.830103
20
212.866245
70
0
0
SEQEND
8
Layer 1
0
POLYLINE
8
Layer 1
62
7
70
0
10
0.000000
20
0.000000
66
1
0
VERTEX
8
Layer 1
10
133.702862
20
211.314022
70
0
0
VERTEX
8
Layer 1
10
133.675852
20
210.611222
70
0
0
VERTEX
8
Layer 1
10
133.513244
20
210.321834
70
0
0
VERTEX
8
Layer 1
10
133.092666
20
210.396248
70
0
0
VERTEX
8
Layer 1
10
132.291750
20
210.784855
70
0
0
VERTEX
8
Layer 1
10
131.568555
20
211.201023
70
0
0
VERTEX
8
Layer 1
10
131.295152
20
211.494821
70
0
0
VERTEX
8
Layer 1
10
131.458312
20
211.742317
70
0
0
VERTEX
8
Layer 1
10
132.044805
20
212.019578
70
0
0
VERTEX
8
Layer 1
10
132.869424
20
212.291327
70
0
0
VERTEX
8
Layer 1
10
133.376542
20
212.288571
70
0
0
VERTEX
8
Layer 1
10
133.632306
20
211.974930
70
0
0
VERTEX
8
Layer 1
10
133.702862
20
211.314022
70
0
0
VERTEX
8
Layer 1
10
133.702862
20
211.314022
70
0
0
SEQEND
8
Layer 1
0
POLYLINE
8
Layer 1
62
7
70
0
10
0.000000
20
0.000000
66
1
0
VERTEX
8
Layer 1
10
141.993145
20
210.573188
70
0
0
VERTEX
8
Layer 1
10
142.363562
20
209.541313
70
0
0
VERTEX
8
Layer 1
10
142.098978
20
208.562354
70
0
0
VERTEX
8
Layer 1
10
141.578080
20
207.924597
70
0
0
VERTEX
8
Layer 1
10
140.815748
20
207.376138
70
0
0
VERTEX
8
Layer 1
10
140.060032
20
207.059189
70
0
0
VERTEX
8
Layer 1
10
139.558977
20
207.115964
70
0
0
VERTEX
8
Layer 1
10
139.135643
20
209.267910
70
0
0
VERTEX
8
Layer 1
10
139.028707
20
210.400106
70
0
0
VERTEX
8
Layer 1
10
139.073907
20
211.022980
70
0
0
VERTEX
8
Layer 1
10
139.344003
20
211.341583
70
0
0
VERTEX
8
Layer 1
10
139.911755
20
211.560967
70
0
0
VERTEX
8
Layer 1
10
140.663613
20
211.773736
70
0
0
VERTEX
8
Layer 1
10
141.164117
20
211.728536
70
0
0
VERTEX
8
Layer 1
10
141.558787
20
211.352607
70
0
0
VERTEX
8
Layer 1
10
141.993145
20
210.573188
70
0
0
VERTEX
8
Layer 1
10
141.993145
20
210.573188
70
0
0
SEQEND
8
Layer 1
0
POLYLINE
8
Layer 1
62
7
70
0
10
0.000000
20
0.000000
66
1
0
VERTEX
8
Layer 1
10
167.357883
20
211.384578
70
0
0
VERTEX
8
Layer 1
10
167.216772
20
211.030697
70
0
0
VERTEX
8
Layer 1
10
166.678786
20
210.617285
70
0
0
VERTEX
8
Layer 1
10
166.048195
20
210.322936
70
0
0
VERTEX
8
Layer 1
10
165.629271
20
210.326244
70
0
0
VERTEX
8
Layer 1
10
165.554306
20
210.634924
70
0
0
VERTEX
8
Layer 1
10
165.664549
20
211.102355
70
0
0
VERTEX
8
Layer 1
10
165.973781
20
211.468914
70
0
0
VERTEX
8
Layer 1
10
166.471528
20
211.653571
70
0
0
VERTEX
8
Layer 1
10
166.989120
20
211.633176
70
0
0
VERTEX
8
Layer 1
10
167.357883
20
211.384578
70
0
0
VERTEX
8
Layer 1
10
167.357883
20
211.384578
70
0
0
SEQEND
8
Layer 1
0
POLYLINE
8
Layer 1
62
7
70
0
10
0.000000
20
0.000000
66
1
0
VERTEX
8
Layer 1
10
137.583420
20
209.020965
70
0
0
VERTEX
8
Layer 1
10
137.583420
20
207.750964
70
0
0
VERTEX
8
Layer 1
10
136.525086
20
208.315409
70
0
0
VERTEX
8
Layer 1
10
135.796930
20
208.760791
70
0
0
VERTEX
8
Layer 1
10
135.515259
20
209.126798
70
0
0
VERTEX
8
Layer 1
10
135.676765
20
209.466347
70
0
0
VERTEX
8
Layer 1
10
136.278141
20
209.832354
70
0
0
VERTEX
8
Layer 1
10
136.988107
20
210.132216
70
0
0
VERTEX
8
Layer 1
10
137.380573
20
210.141035
70
0
0
VERTEX
8
Layer 1
10
137.548142
20
209.792667
70
0
0
VERTEX
8
Layer 1
10
137.583420
20
209.020965
70
0
0
VERTEX
8
Layer 1
10
137.583420
20
209.020965
70
0
0
SEQEND
8
Layer 1
0
POLYLINE
8
Layer 1
62
7
70
0
10
0.000000
20
0.000000
66
1
0
VERTEX
8
Layer 1
10
163.300936
20
209.585410
70
0
0
VERTEX
8
Layer 1
10
163.567725
20
209.284997
70
0
0
VERTEX
8
Layer 1
10
163.530242
20
208.928361
70
0
0
VERTEX
8
Layer 1
10
163.201717
20
208.538651
70
0
0
VERTEX
8
Layer 1
10
162.595380
20
208.139020
70
0
0
VERTEX
8
Layer 1
10
162.237641
20
207.966490
70
0
0
VERTEX
8
Layer 1
10
162.035345
20
208.002319
70
0
0
VERTEX
8
Layer 1
10
161.925102
20
208.844576
70
0
0
VERTEX
8
Layer 1
10
162.011092
20
209.486191
70
0
0
VERTEX
8
Layer 1
10
162.269061
20
209.823535
70
0
0
VERTEX
8
Layer 1
10
162.699009
20
209.856608
70
0
0
VERTEX
8
Layer 1
10
163.300936
20
209.585410
70
0
0
VERTEX
8
Layer 1
10
163.300936
20
209.585410
70
0
0
SEQEND
8
Layer 1
0
POLYLINE
8
Layer 1
62
7
70
0
10
0.000000
20
0.000000
66
1
0
VERTEX
8
Layer 1
10
114.547017
20
203.482350
70
0
0
VERTEX
8
Layer 1
10
113.382849
20
200.977627
70
0
0
VERTEX
8
Layer 1
10
109.184791
20
199.037348
70
0
0
VERTEX
8
Layer 1
10
103.893121
20
196.814846
70
0
0
VERTEX
8
Layer 1
10
102.129231
20
196.356235
70
0
0
VERTEX
8
Layer 1
10
101.712512
20
196.339698
70
0
0
VERTEX
8
Layer 1
10
101.256105
20
196.594360
70
0
0
VERTEX
8
Layer 1
10
99.906730
20
198.155403
70
0
0
VERTEX
8
Layer 1
10
98.680826
20
199.958980
70
0
0
VERTEX
8
Layer 1
10
98.755791
20
200.253880
70
0
0
VERTEX
8
Layer 1
10
99.201174
20
200.413182
70
0
0
VERTEX
8
Layer 1
10
101.423675
20
201.330405
70
0
0
VERTEX
8
Layer 1
10
104.126836
20
202.375509
70
0
0
VERTEX
8
Layer 1
10
108.655624
20
203.870406
70
0
0
VERTEX
8
Layer 1
10
114.829239
20
205.845963
70
0
0
VERTEX
8
Layer 1
10
115.296119
20
205.933055
70
0
0
VERTEX
8
Layer 1
10
115.415732
20
205.669574
70
0
0
VERTEX
8
Layer 1
10
114.547017
20
203.482350
70
0
0
VERTEX
8
Layer 1
10
114.547017
20
203.482350
70
0
0
SEQEND
8
Layer 1
0
POLYLINE
8
Layer 1
62
7
70
0
10
0.000000
20
0.000000
66
1
0
VERTEX
8
Layer 1
10
118.603964
20
205.069851
70
0
0
VERTEX
8
Layer 1
10
119.591742
20
203.870406
70
0
0
VERTEX
8
Layer 1
10
119.037219
20
203.468019
70
0
0
VERTEX
8
Layer 1
10
117.801394
20
202.873808
70
0
0
VERTEX
8
Layer 1
10
116.525881
20
202.372202
70
0
0
VERTEX
8
Layer 1
10
115.852295
20
202.247627
70
0
0
VERTEX
8
Layer 1
10
115.985689
20
202.911842
70
0
0
VERTEX
8
Layer 1
10
116.469657
20
204.201136
70
0
0
VERTEX
8
Layer 1
10
117.032999
20
205.457356
70
0
0
VERTEX
8
Layer 1
10
117.404518
20
206.022352
70
0
0
VERTEX
8
Layer 1
10
118.603964
20
205.069851
70
0
0
VERTEX
8
Layer 1
10
118.603964
20
205.069851
70
0
0
SEQEND
8
Layer 1
0
POLYLINE
8
Layer 1
62
7
70
0
10
0.000000
20
0.000000
66
1
0
VERTEX
8
Layer 1
10
183.091782
20
204.187906
70
0
0
VERTEX
8
Layer 1
10
184.044283
20
201.859572
70
0
0
VERTEX
8
Layer 1
10
184.002941
20
201.717909
70
0
0
VERTEX
8
Layer 1
10
183.687095
20
201.758148
70
0
0
VERTEX
8
Layer 1
10
182.350948
20
202.318183
70
0
0
VERTEX
8
Layer 1
10
180.669741
20
203.203987
70
0
0
VERTEX
8
Layer 1
10
179.907961
20
203.795441
70
0
0
VERTEX
8
Layer 1
10
179.820179
20
204.054168
70
0
0
VERTEX
8
Layer 1
10
179.900244
20
204.327364
70
0
0
VERTEX
8
Layer 1
10
180.481225
20
205.034574
70
0
0
VERTEX
8
Layer 1
10
181.292614
20
205.726900
70
0
0
VERTEX
8
Layer 1
10
181.892337
20
206.022352
70
0
0
VERTEX
8
Layer 1
10
182.399455
20
205.475546
70
0
0
VERTEX
8
Layer 1
10
183.091782
20
204.187906
70
0
0
VERTEX
8
Layer 1
10
183.091782
20
204.187906
70
0
0
SEQEND
8
Layer 1
0
POLYLINE
8
Layer 1
62
7
70
0
10
0.000000
20
0.000000
66
1
0
VERTEX
8
Layer 1
10
117.439796
20
194.839289
70
0
0
VERTEX
8
Layer 1
10
114.860107
20
187.122271
70
0
0
VERTEX
8
Layer 1
10
114.111005
20
185.393658
70
0
0
VERTEX
8
Layer 1
10
113.629794
20
184.855672
70
0
0
VERTEX
8
Layer 1
10
112.750054
20
185.322000
70
0
0
VERTEX
8
Layer 1
10
111.433751
20
186.390256
70
0
0
VERTEX
8
Layer 1
10
110.236510
20
187.564346
70
0
0
VERTEX
8
Layer 1
10
109.713958
20
188.348174
70
0
0
VERTEX
8
Layer 1
10
109.872708
20
188.974355
70
0
0
VERTEX
8
Layer 1
10
110.243125
20
189.653453
70
0
0
VERTEX
8
Layer 1
10
110.613542
20
190.328141
70
0
0
VERTEX
8
Layer 1
10
110.772292
20
191.029287
70
0
0
VERTEX
8
Layer 1
10
111.279410
20
192.674114
70
0
0
VERTEX
8
Layer 1
10
112.500904
20
195.615401
70
0
0
VERTEX
8
Layer 1
10
114.229516
20
199.495959
70
0
0
VERTEX
8
Layer 1
10
116.804796
20
200.765960
70
0
0
VERTEX
8
Layer 1
10
119.521186
20
201.965405
70
0
0
VERTEX
8
Layer 1
10
117.439796
20
194.839289
70
0
0
VERTEX
8
Layer 1
10
117.439796
20
194.839289
70
0
0
SEQEND
8
Layer 1
0
POLYLINE
8
Layer 1
62
7
70
0
10
0.000000
20
0.000000
66
1
0
VERTEX
8
Layer 1
10
122.590355
20
201.789016
70
0
0
VERTEX
8
Layer 1
10
123.715386
20
200.829350
70
0
0
VERTEX
8
Layer 1
10
125.981434
20
199.323980
70
0
0
VERTEX
8
Layer 1
10
128.756804
20
197.666474
70
0
0
VERTEX
8
Layer 1
10
131.409805
20
196.250401
70
0
0
VERTEX
8
Layer 1
10
133.317562
20
195.315540
70
0
0
VERTEX
8
Layer 1
10
134.236439
20
194.751095
70
0
0
VERTEX
8
Layer 1
10
134.421096
20
194.345400
70
0
0
VERTEX
8
Layer 1
10
134.126196
20
193.886789
70
0
0
VERTEX
8
Layer 1
10
128.098102
20
187.188417
70
0
0
VERTEX
8
Layer 1
10
122.413966
20
181.363170
70
0
0
VERTEX
8
Layer 1
10
121.002854
20
180.234280
70
0
0
VERTEX
8
Layer 1
10
118.568686
20
181.680670
70
0
0
VERTEX
8
Layer 1
10
116.769518
20
182.769872
70
0
0
VERTEX
8
Layer 1
10
115.922851
20
183.409282
70
0
0
VERTEX
8
Layer 1
10
115.887573
20
183.903171
70
0
0
VERTEX
8
Layer 1
10
116.063962
20
184.714561
70
0
0
VERTEX
8
Layer 1
10
117.051740
20
188.207063
70
0
0
VERTEX
8
Layer 1
10
120.142958
20
198.098076
70
0
0
VERTEX
8
Layer 1
10
121.253657
20
201.060860
70
0
0
VERTEX
8
Layer 1
10
121.884799
20
202.141794
70
0
0
VERTEX
8
Layer 1
10
122.303723
20
202.031551
70
0
0
VERTEX
8
Layer 1
10
122.590355
20
201.789016
70
0
0
VERTEX
8
Layer 1
10
122.590355
20
201.789016
70
0
0
SEQEND
8
Layer 1
0
POLYLINE
8
Layer 1
62
7
70
0
10
0.000000
20
0.000000
66
1
0
VERTEX
8
Layer 1
10
178.999557
20
199.601792
70
0
0
VERTEX
8
Layer 1
10
179.672040
20
197.631197
70
0
0
VERTEX
8
Layer 1
10
179.881502
20
196.616409
70
0
0
VERTEX
8
Layer 1
10
179.808466
20
196.406464
70
0
0
VERTEX
8
Layer 1
10
179.614714
20
196.362298
70
0
0
VERTEX
8
Layer 1
10
178.858446
20
196.673735
70
0
0
VERTEX
8
Layer 1
10
177.932404
20
197.049664
70
0
0
VERTEX
8
Layer 1
10
177.085737
20
197.167624
70
0
0
VERTEX
8
Layer 1
10
176.199382
20
197.021001
70
0
0
VERTEX
8
Layer 1
10
175.154277
20
196.603179
70
0
0
VERTEX
8
Layer 1
10
173.998929
20
196.197485
70
0
0
VERTEX
8
Layer 1
10
173.596542
20
196.236070
70
0
0
VERTEX
8
Layer 1
10
173.213998
20
196.426790
70
0
0
VERTEX
8
Layer 1
10
172.280790
20
196.752008
70
0
0
VERTEX
8
Layer 1
10
171.119379
20
196.832485
70
0
0
VERTEX
8
Layer 1
10
169.964582
20
196.674837
70
0
0
VERTEX
8
Layer 1
10
169.051218
20
196.285679
70
0
0
VERTEX
8
Layer 1
10
168.389759
20
195.941721
70
0
0
VERTEX
8
Layer 1
10
167.887050
20
195.862346
70
0
0
VERTEX
8
Layer 1
10
167.990128
20
196.050310
70
0
0
VERTEX
8
Layer 1
10
168.552919
20
196.466478
70
0
0
VERTEX
8
Layer 1
10
170.673996
20
197.732069
70
0
0
VERTEX
8
Layer 1
10
173.443304
20
199.341619
70
0
0
VERTEX
8
Layer 1
10
175.577611
20
200.765960
70
0
0
VERTEX
8
Layer 1
10
176.882889
20
201.714051
70
0
0
VERTEX
8
Layer 1
10
177.659001
20
202.106516
70
0
0
VERTEX
8
Layer 1
10
178.210216
20
201.383321
70
0
0
VERTEX
8
Layer 1
10
178.999557
20
199.601792
70
0
0
VERTEX
8
Layer 1
10
178.999557
20
199.601792
70
0
0
SEQEND
8
Layer 1
0
POLYLINE
8
Layer 1
62
7
70
0
10
0.000000
20
0.000000
66
1
0
VERTEX
8
Layer 1
10
183.197615
20
200.236793
70
0
0
VERTEX
8
Layer 1
10
184.855672
20
199.279882
70
0
0
VERTEX
8
Layer 1
10
185.271289
20
198.763393
70
0
0
VERTEX
8
Layer 1
10
185.561228
20
198.084847
70
0
0
VERTEX
8
Layer 1
10
185.821402
20
197.145576
70
0
0
VERTEX
8
Layer 1
10
185.843450
20
196.709013
70
0
0
VERTEX
8
Layer 1
10
183.550393
20
196.779568
70
0
0
VERTEX
8
Layer 1
10
181.398448
20
196.920680
70
0
0
VERTEX
8
Layer 1
10
181.151503
20
198.225958
70
0
0
VERTEX
8
Layer 1
10
180.728169
20
200.307348
70
0
0
VERTEX
8
Layer 1
10
180.672497
20
200.861871
70
0
0
VERTEX
8
Layer 1
10
180.970704
20
201.039363
70
0
0
VERTEX
8
Layer 1
10
181.765006
20
200.833208
70
0
0
VERTEX
8
Layer 1
10
183.197615
20
200.236793
70
0
0
VERTEX
8
Layer 1
10
183.197615
20
200.236793
70
0
0
SEQEND
8
Layer 1
0
POLYLINE
8
Layer 1
62
7
70
0
10
0.000000
20
0.000000
66
1
0
VERTEX
8
Layer 1
10
110.842848
20
195.721234
70
0
0
VERTEX
8
Layer 1
10
108.726180
20
191.558454
70
0
0
VERTEX
8
Layer 1
10
107.808957
20
189.970953
70
0
0
VERTEX
8
Layer 1
10
107.050484
20
190.394287
70
0
0
VERTEX
8
Layer 1
10
105.445344
20
191.875954
70
0
0
VERTEX
8
Layer 1
10
103.624128
20
193.873560
70
0
0
VERTEX
8
Layer 1
10
103.565148
20
194.291932
70
0
0
VERTEX
8
Layer 1
10
103.893121
20
194.627623
70
0
0
VERTEX
8
Layer 1
10
107.989756
20
196.819256
70
0
0
VERTEX
8
Layer 1
10
111.901182
20
198.614014
70
0
0
VERTEX
8
Layer 1
10
111.689515
20
197.762937
70
0
0
VERTEX
8
Layer 1
10
110.842848
20
195.721234
70
0
0
VERTEX
8
Layer 1
10
110.842848
20
195.721234
70
0
0
SEQEND
8
Layer 1
0
POLYLINE
8
Layer 1
62
7
70
0
10
0.000000
20
0.000000
66
1
0
VERTEX
8
Layer 1
10
188.700952
20
197.767347
70
0
0
VERTEX
8
Layer 1
10
189.547619
20
197.273458
70
0
0
VERTEX
8
Layer 1
10
188.736230
20
197.026513
70
0
0
VERTEX
8
Layer 1
10
188.070362
20
196.947138
70
0
0
VERTEX
8
Layer 1
10
187.642618
20
197.238180
70
0
0
VERTEX
8
Layer 1
10
187.336694
20
197.886409
70
0
0
VERTEX
8
Layer 1
10
187.417722
20
198.190680
70
0
0
VERTEX
8
Layer 1
10
187.875782
20
198.150993
70
0
0
VERTEX
8
Layer 1
10
188.700952
20
197.767347
70
0
0
VERTEX
8
Layer 1
10
188.700952
20
197.767347
70
0
0
SEQEND
8
Layer 1
0
POLYLINE
8
Layer 1
62
7
70
0
10
0.000000
20
0.000000
66
1
0
VERTEX
8
Layer 1
10
138.747587
20
193.463455
70
0
0
VERTEX
8
Layer 1
10
139.422275
20
193.203281
70
0
0
VERTEX
8
Layer 1
10
139.700088
20
192.863733
70
0
0
VERTEX
8
Layer 1
10
139.354476
20
192.033602
70
0
0
VERTEX
8
Layer 1
10
138.575608
20
190.773523
70
0
0
VERTEX
8
Layer 1
10
137.750438
20
189.658965
70
0
0
VERTEX
8
Layer 1
10
137.265920
20
189.265397
70
0
0
VERTEX
8
Layer 1
10
136.877864
20
191.770121
70
0
0
VERTEX
8
Layer 1
10
136.816128
20
193.578108
70
0
0
VERTEX
8
Layer 1
10
136.957239
20
193.853716
70
0
0
VERTEX
8
Layer 1
10
137.230642
20
193.851511
70
0
0
VERTEX
8
Layer 1
10
138.747587
20
193.463455
70
0
0
VERTEX
8
Layer 1
10
138.747587
20
193.463455
70
0
0
SEQEND
8
Layer 1
0
POLYLINE
8
Layer 1
62
7
70
0
10
0.000000
20
0.000000
66
1
0
VERTEX
8
Layer 1
10
135.466752
20
191.135120
70
0
0
VERTEX
8
Layer 1
10
135.678419
20
188.383452
70
0
0
VERTEX
8
Layer 1
10
135.688341
20
187.621672
70
0
0
VERTEX
8
Layer 1
10
135.413835
20
186.787132
70
0
0
VERTEX
8
Layer 1
10
133.455917
20
183.762060
70
0
0
VERTEX
8
Layer 1
10
129.575359
20
178.682057
70
0
0
VERTEX
8
Layer 1
10
128.128970
20
176.988723
70
0
0
VERTEX
8
Layer 1
10
126.047579
20
177.800112
70
0
0
VERTEX
8
Layer 1
10
123.719245
20
178.858446
70
0
0
VERTEX
8
Layer 1
10
123.794210
20
179.466988
70
0
0
VERTEX
8
Layer 1
10
124.424801
20
180.551780
70
0
0
VERTEX
8
Layer 1
10
130.205950
20
187.272201
70
0
0
VERTEX
8
Layer 1
10
133.577736
20
190.979678
70
0
0
VERTEX
8
Layer 1
10
135.219807
20
192.616788
70
0
0
VERTEX
8
Layer 1
10
135.396196
20
192.180225
70
0
0
VERTEX
8
Layer 1
10
135.466752
20
191.135120
70
0
0
VERTEX
8
Layer 1
10
135.466752
20
191.135120
70
0
0
SEQEND
8
Layer 1
0
POLYLINE
8
Layer 1
62
7
70
0
10
0.000000
20
0.000000
66
1
0
VERTEX
8
Layer 1
10
146.932037
20
192.087621
70
0
0
VERTEX
8
Layer 1
10
150.636206
20
191.743662
70
0
0
VERTEX
8
Layer 1
10
154.022875
20
191.770121
70
0
0
VERTEX
8
Layer 1
10
157.233155
20
192.017065
70
0
0
VERTEX
8
Layer 1
10
155.716209
20
184.996783
70
0
0
VERTEX
8
Layer 1
10
154.477076
20
179.550773
70
0
0
VERTEX
8
Layer 1
10
153.634819
20
176.353722
70
0
0
VERTEX
8
Layer 1
10
153.105652
20
173.990110
70
0
0
VERTEX
8
Layer 1
10
153.040057
20
173.639536
70
0
0
VERTEX
8
Layer 1
10
152.792562
20
173.408026
70
0
0
VERTEX
8
Layer 1
10
151.447595
20
173.143442
70
0
0
VERTEX
8
Layer 1
10
148.131482
20
173.143442
70
0
0
VERTEX
8
Layer 1
10
146.508703
20
173.284554
70
0
0
VERTEX
8
Layer 1
10
145.767870
20
175.789277
70
0
0
VERTEX
8
Layer 1
10
143.664431
20
184.621957
70
0
0
VERTEX
8
Layer 1
10
142.169534
20
192.052343
70
0
0
VERTEX
8
Layer 1
10
142.234026
20
192.429926
70
0
0
VERTEX
8
Layer 1
10
142.738389
20
192.559462
70
0
0
VERTEX
8
Layer 1
10
146.932037
20
192.087621
70
0
0
VERTEX
8
Layer 1
10
146.932037
20
192.087621
70
0
0
SEQEND
8
Layer 1
0
POLYLINE
8
Layer 1
62
7
70
0
10
0.000000
20
0.000000
66
1
0
VERTEX
8
Layer 1
10
175.648166
20
192.017065
70
0
0
VERTEX
8
Layer 1
10
177.244487
20
191.624600
70
0
0
VERTEX
8
Layer 1
10
177.830980
20
191.734292
70
0
0
VERTEX
8
Layer 1
10
178.576224
20
192.052343
70
0
0
VERTEX
8
Layer 1
10
179.871029
20
192.544579
70
0
0
VERTEX
8
Layer 1
10
180.341698
20
192.550298
70
0
0
VERTEX
8
Layer 1
10
180.732579
20
192.365434
70
0
0
VERTEX
8
Layer 1
10
181.389077
20
191.333007
70
0
0
VERTEX
8
Layer 1
10
182.068726
20
189.265397
70
0
0
VERTEX
8
Layer 1
10
183.232893
20
184.502894
70
0
0
VERTEX
8
Layer 1
10
183.479838
20
182.880115
70
0
0
VERTEX
8
Layer 1
10
181.116225
20
181.574837
70
0
0
VERTEX
8
Layer 1
10
178.435112
20
180.269558
70
0
0
VERTEX
8
Layer 1
10
177.594509
20
180.701711
70
0
0
VERTEX
8
Layer 1
10
176.102368
20
181.980531
70
0
0
VERTEX
8
Layer 1
10
171.308997
20
186.972340
70
0
0
VERTEX
8
Layer 1
10
168.416217
20
190.288453
70
0
0
VERTEX
8
Layer 1
10
167.216772
20
191.911232
70
0
0
VERTEX
8
Layer 1
10
167.284572
20
192.083211
70
0
0
VERTEX
8
Layer 1
10
167.494585
20
192.175815
70
0
0
VERTEX
8
Layer 1
10
168.380939
20
192.122899
70
0
0
VERTEX
8
Layer 1
10
171.278129
20
191.664287
70
0
0
VERTEX
8
Layer 1
10
172.047075
20
191.755789
70
0
0
VERTEX
8
Layer 1
10
172.720109
20
192.052343
70
0
0
VERTEX
8
Layer 1
10
173.440548
20
192.428823
70
0
0
VERTEX
8
Layer 1
10
173.932783
20
192.550642
70
0
0
VERTEX
8
Layer 1
10
175.648166
20
192.017065
70
0
0
VERTEX
8
Layer 1
10
175.648166
20
192.017065
70
0
0
SEQEND
8
Layer 1
0
POLYLINE
8
Layer 1
62
7
70
0
10
0.000000
20
0.000000
66
1
0
VERTEX
8
Layer 1
10
187.395674
20
192.299288
70
0
0
VERTEX
8
Layer 1
10
187.815149
20
192.056202
70
0
0
VERTEX
8
Layer 1
10
188.185014
20
191.624600
70
0
0
VERTEX
8
Layer 1
10
188.842063
20
190.076786
70
0
0
VERTEX
8
Layer 1
10
189.441786
20
187.748452
70
0
0
VERTEX
8
Layer 1
10
188.883405
20
187.077622
70
0
0
VERTEX
8
Layer 1
10
187.620570
20
185.980152
70
0
0
VERTEX
8
Layer 1
10
186.271745
20
184.955442
70
0
0
VERTEX
8
Layer 1
10
185.455395
20
184.502894
70
0
0
VERTEX
8
Layer 1
10
185.279006
20
184.688102
70
0
0
VERTEX
8
Layer 1
10
185.208450
20
185.137894
70
0
0
VERTEX
8
Layer 1
10
185.115846
20
185.684700
70
0
0
VERTEX
8
Layer 1
10
184.890950
20
186.125673
70
0
0
VERTEX
8
Layer 1
10
183.885533
20
188.621577
70
0
0
VERTEX
8
Layer 1
10
183.091782
20
191.276232
70
0
0
VERTEX
8
Layer 1
10
183.276990
20
191.470259
70
0
0
VERTEX
8
Layer 1
10
183.726782
20
191.558454
70
0
0
VERTEX
8
Layer 1
10
185.208450
20
192.087621
70
0
0
VERTEX
8
Layer 1
10
186.302062
20
192.563871
70
0
0
VERTEX
8
Layer 1
10
187.395674
20
192.299288
70
0
0
VERTEX
8
Layer 1
10
187.395674
20
192.299288
70
0
0
SEQEND
8
Layer 1
0
POLYLINE
8
Layer 1
62
7
70
0
10
0.000000
20
0.000000
66
1
0
VERTEX
8
Layer 1
10
194.521789
20
192.334566
70
0
0
VERTEX
8
Layer 1
10
194.213108
20
191.673107
70
0
0
VERTEX
8
Layer 1
10
193.216511
20
190.535398
70
0
0
VERTEX
8
Layer 1
10
191.699565
20
189.089008
70
0
0
VERTEX
8
Layer 1
10
191.099843
20
190.359009
70
0
0
VERTEX
8
Layer 1
10
190.570676
20
191.734843
70
0
0
VERTEX
8
Layer 1
10
191.579951
20
192.255191
70
0
0
VERTEX
8
Layer 1
10
192.797587
20
192.563871
70
0
0
VERTEX
8
Layer 1
10
193.889545
20
192.607969
70
0
0
VERTEX
8
Layer 1
10
194.521789
20
192.334566
70
0
0
VERTEX
8
Layer 1
10
194.521789
20
192.334566
70
0
0
SEQEND
8
Layer 1
0
POLYLINE
8
Layer 1
62
7
70
0
10
0.000000
20
0.000000
66
1
0
VERTEX
8
Layer 1
10
162.524825
20
191.699565
70
0
0
VERTEX
8
Layer 1
10
162.577741
20
191.024877
70
0
0
VERTEX
8
Layer 1
10
162.418991
20
190.112064
70
0
0
VERTEX
8
Layer 1
10
162.101491
20
189.089008
70
0
0
VERTEX
8
Layer 1
10
161.290102
20
190.288453
70
0
0
VERTEX
8
Layer 1
10
160.765344
20
191.267412
70
0
0
VERTEX
8
Layer 1
10
160.690379
20
191.875954
70
0
0
VERTEX
8
Layer 1
10
161.091113
20
192.175815
70
0
0
VERTEX
8
Layer 1
10
161.647289
20
192.237552
70
0
0
VERTEX
8
Layer 1
10
162.183622
20
192.074392
70
0
0
VERTEX
8
Layer 1
10
162.524825
20
191.699565
70
0
0
VERTEX
8
Layer 1
10
162.524825
20
191.699565
70
0
0
SEQEND
8
Layer 1
0
POLYLINE
8
Layer 1
62
7
70
0
10
0.000000
20
0.000000
66
1
0
VERTEX
8
Layer 1
10
170.603441
20
185.455395
70
0
0
VERTEX
8
Layer 1
10
175.718722
20
179.458169
70
0
0
VERTEX
8
Layer 1
10
175.826760
20
179.109800
70
0
0
VERTEX
8
Layer 1
10
175.683444
20
178.814349
70
0
0
VERTEX
8
Layer 1
10
174.378165
20
178.117612
70
0
0
VERTEX
8
Layer 1
10
171.780837
20
177.226848
70
0
0
VERTEX
8
Layer 1
10
171.019609
20
177.145268
70
0
0
VERTEX
8
Layer 1
10
170.744552
20
177.341501
70
0
0
VERTEX
8
Layer 1
10
170.400593
20
177.932404
70
0
0
VERTEX
8
Layer 1
10
169.580385
20
178.893724
70
0
0
VERTEX
8
Layer 1
10
168.050210
20
180.776676
70
0
0
VERTEX
8
Layer 1
10
166.017327
20
183.585671
70
0
0
VERTEX
8
Layer 1
10
163.618436
20
187.078173
70
0
0
VERTEX
8
Layer 1
10
163.830103
20
189.018452
70
0
0
VERTEX
8
Layer 1
10
164.253437
20
191.240954
70
0
0
VERTEX
8
Layer 1
10
164.445260
20
191.390264
70
0
0
VERTEX
8
Layer 1
10
164.749531
20
191.344031
70
0
0
VERTEX
8
Layer 1
10
165.814479
20
190.557446
70
0
0
VERTEX
8
Layer 1
10
170.603441
20
185.455395
70
0
0
VERTEX
8
Layer 1
10
170.603441
20
185.455395
70
0
0
SEQEND
8
Layer 1
0
POLYLINE
8
Layer 1
62
7
70
0
10
0.000000
20
0.000000
66
1
0
VERTEX
8
Layer 1
10
160.690379
20
188.736230
70
0
0
VERTEX
8
Layer 1
10
161.995658
20
186.795951
70
0
0
VERTEX
8
Layer 1
10
161.748713
20
183.656227
70
0
0
VERTEX
8
Layer 1
10
161.184268
20
178.717335
70
0
0
VERTEX
8
Layer 1
10
160.619823
20
175.436499
70
0
0
VERTEX
8
Layer 1
10
160.324372
20
174.276742
70
0
0
VERTEX
8
Layer 1
10
160.108847
20
173.992866
70
0
0
VERTEX
8
Layer 1
10
159.843712
20
173.884276
70
0
0
VERTEX
8
Layer 1
10
157.268432
20
173.602054
70
0
0
VERTEX
8
Layer 1
10
155.222320
20
173.355109
70
0
0
VERTEX
8
Layer 1
10
155.433987
20
175.295388
70
0
0
VERTEX
8
Layer 1
10
156.880377
20
182.822789
70
0
0
VERTEX
8
Layer 1
10
158.644267
20
190.641231
70
0
0
VERTEX
8
Layer 1
10
158.805222
20
191.018263
70
0
0
VERTEX
8
Layer 1
10
159.085239
20
190.932273
70
0
0
VERTEX
8
Layer 1
10
160.690379
20
188.736230
70
0
0
VERTEX
8
Layer 1
10
160.690379
20
188.736230
70
0
0
SEQEND
8
Layer 1
0
POLYLINE
8
Layer 1
62
7
70
0
10
0.000000
20
0.000000
66
1
0
VERTEX
8
Layer 1
10
142.451756
20
182.739004
70
0
0
VERTEX
8
Layer 1
10
144.074535
20
174.519277
70
0
0
VERTEX
8
Layer 1
10
144.250924
20
173.178720
70
0
0
VERTEX
8
Layer 1
10
142.416479
20
173.425665
70
0
0
VERTEX
8
Layer 1
10
140.366508
20
173.729936
70
0
0
VERTEX
8
Layer 1
10
139.272345
20
174.113582
70
0
0
VERTEX
8
Layer 1
10
138.973103
20
174.409585
70
0
0
VERTEX
8
Layer 1
10
138.780109
20
174.814728
70
0
0
VERTEX
8
Layer 1
10
138.535921
20
176.071500
70
0
0
VERTEX
8
Layer 1
10
137.830365
20
182.315670
70
0
0
VERTEX
8
Layer 1
10
137.371753
20
186.654840
70
0
0
VERTEX
8
Layer 1
10
138.959254
20
188.842063
70
0
0
VERTEX
8
Layer 1
10
140.286581
20
190.508939
70
0
0
VERTEX
8
Layer 1
10
140.591404
20
190.608158
70
0
0
VERTEX
8
Layer 1
10
140.793700
20
190.323731
70
0
0
VERTEX
8
Layer 1
10
142.451756
20
182.739004
70
0
0
VERTEX
8
Layer 1
10
142.451756
20
182.739004
70
0
0
SEQEND
8
Layer 1
0
POLYLINE
8
Layer 1
62
7
70
0
10
0.000000
20
0.000000
66
1
0
VERTEX
8
Layer 1
10
136.630919
20
176.988723
70
0
0
VERTEX
8
Layer 1
10
136.701475
20
174.554554
70
0
0
VERTEX
8
Layer 1
10
135.643141
20
174.730943
70
0
0
VERTEX
8
Layer 1
10
132.573972
20
175.507055
70
0
0
VERTEX
8
Layer 1
10
130.563138
20
176.071500
70
0
0
VERTEX
8
Layer 1
10
131.656750
20
178.082334
70
0
0
VERTEX
8
Layer 1
10
132.882653
20
180.168134
70
0
0
VERTEX
8
Layer 1
10
134.373140
20
182.386226
70
0
0
VERTEX
8
Layer 1
10
135.995919
20
184.679283
70
0
0
VERTEX
8
Layer 1
10
136.278141
20
182.033448
70
0
0
VERTEX
8
Layer 1
10
136.630919
20
176.988723
70
0
0
VERTEX
8
Layer 1
10
136.630919
20
176.988723
70
0
0
SEQEND
8
Layer 1
0
POLYLINE
8
Layer 1
62
7
70
0
10
0.000000
20
0.000000
66
1
0
VERTEX
8
Layer 1
10
165.417604
20
181.751226
70
0
0
VERTEX
8
Layer 1
10
167.216772
20
178.717335
70
0
0
VERTEX
8
Layer 1
10
167.957606
20
177.376778
70
0
0
VERTEX
8
Layer 1
10
168.411807
20
176.565389
70
0
0
VERTEX
8
Layer 1
10
168.416217
20
176.071500
70
0
0
VERTEX
8
Layer 1
10
165.999688
20
175.229242
70
0
0
VERTEX
8
Layer 1
10
163.265658
20
174.625110
70
0
0
VERTEX
8
Layer 1
10
162.991153
20
174.734802
70
0
0
VERTEX
8
Layer 1
10
162.842325
20
175.158687
70
0
0
VERTEX
8
Layer 1
10
162.842325
20
177.517890
70
0
0
VERTEX
8
Layer 1
10
163.137776
20
182.095184
70
0
0
VERTEX
8
Layer 1
10
163.512603
20
184.502894
70
0
0
VERTEX
8
Layer 1
10
165.417604
20
181.751226
70
0
0
VERTEX
8
Layer 1
10
165.417604
20
181.751226
70
0
0
SEQEND
8
Layer 1
0
POLYLINE
8
Layer 1
62
7
70
0
10
0.000000
20
0.000000
66
1
0
VERTEX
8
Layer 1
10
152.999819
20
305.470470
70
0
0
VERTEX
8
Layer 1
10
153.328343
20
300.447793
70
0
0
VERTEX
8
Layer 1
10
153.802389
20
296.509909
70
0
0
VERTEX
8
Layer 1
10
154.686538
20
292.016399
70
0
0
VERTEX
8
Layer 1
10
156.245376
20
285.326846
70
0
0
VERTEX
8
Layer 1
10
157.585933
20
279.752954
70
0
0
VERTEX
8
Layer 1
10
155.998432
20
279.752954
70
0
0
VERTEX
8
Layer 1
10
154.410931
20
279.752954
70
0
0
VERTEX
8
Layer 1
10
154.657875
20
274.919895
70
0
0
VERTEX
8
Layer 1
10
155.160584
20
267.577703
70
0
0
VERTEX
8
Layer 1
10
155.471469
20
266.421804
70
0
0
VERTEX
8
Layer 1
10
155.676522
20
266.242590
70
0
0
VERTEX
8
Layer 1
10
155.927876
20
266.241557
70
0
0
VERTEX
8
Layer 1
10
156.988415
20
266.276834
70
0
0
VERTEX
8
Layer 1
10
158.088641
20
265.915237
70
0
0
VERTEX
8
Layer 1
10
159.043347
20
265.249368
70
0
0
VERTEX
8
Layer 1
10
159.667323
20
264.371833
70
0
0
VERTEX
8
Layer 1
10
160.116564
20
263.041750
70
0
0
VERTEX
8
Layer 1
10
160.112705
20
262.065547
70
0
0
VERTEX
8
Layer 1
10
159.612752
20
261.281167
70
0
0
VERTEX
8
Layer 1
10
158.573711
20
260.526553
70
0
0
VERTEX
8
Layer 1
10
157.184648
20
259.895962
70
0
0
VERTEX
8
Layer 1
10
156.245376
20
259.820997
70
0
0
VERTEX
8
Layer 1
10
155.835823
20
259.924626
70
0
0
VERTEX
8
Layer 1
10
155.641244
20
259.776900
70
0
0
VERTEX
8
Layer 1
10
155.751487
20
258.198218
70
0
0
VERTEX
8
Layer 1
10
156.104265
20
256.187384
70
0
0
VERTEX
8
Layer 1
10
157.330169
20
256.685683
70
0
0
VERTEX
8
Layer 1
10
159.455656
20
257.845440
70
0
0
VERTEX
8
Layer 1
10
166.312778
20
261.818602
70
0
0
VERTEX
8
Layer 1
10
172.085108
20
264.654056
70
0
0
VERTEX
8
Layer 1
10
177.725147
20
267.260203
70
0
0
VERTEX
8
Layer 1
10
179.104839
20
268.151519
70
0
0
VERTEX
8
Layer 1
10
179.740391
20
268.887392
70
0
0
VERTEX
8
Layer 1
10
180.337358
20
269.460656
70
0
0
VERTEX
8
Layer 1
10
181.367580
20
269.981003
70
0
0
VERTEX
8
Layer 1
10
182.483791
20
270.316142
70
0
0
VERTEX
8
Layer 1
10
183.338727
20
270.333781
70
0
0
VERTEX
8
Layer 1
10
184.560220
20
270.814441
70
0
0
VERTEX
8
Layer 1
10
186.972340
20
272.168227
70
0
0
VERTEX
8
Layer 1
10
193.992622
20
276.048785
70
0
0
VERTEX
8
Layer 1
10
203.702837
20
281.353684
70
0
0
VERTEX
8
Layer 1
10
207.734428
20
283.743204
70
0
0
VERTEX
8
Layer 1
10
209.444299
20
284.938791
70
0
0
VERTEX
8
Layer 1
10
209.087800
20
285.598527
70
0
0
VERTEX
8
Layer 1
10
207.961529
20
286.922616
70
0
0
VERTEX
8
Layer 1
10
204.170267
20
290.808135
70
0
0
VERTEX
8
Layer 1
10
199.611714
20
295.083914
70
0
0
VERTEX
8
Layer 1
10
195.827068
20
298.238521
70
0
0
VERTEX
8
Layer 1
10
191.288152
20
301.342416
70
0
0
VERTEX
8
Layer 1
10
186.542943
20
304.132119
70
0
0
VERTEX
8
Layer 1
10
181.643118
20
306.587784
70
0
0
VERTEX
8
Layer 1
10
176.640354
20
308.689569
70
0
0
VERTEX
8
Layer 1
10
171.586327
20
310.417630
70
0
0
VERTEX
8
Layer 1
10
166.532713
20
311.752123
70
0
0
VERTEX
8
Layer 1
10
161.531190
20
312.673205
70
0
0
VERTEX
8
Layer 1
10
156.633432
20
313.161031
70
0
0
VERTEX
8
Layer 1
10
152.541207
20
313.372697
70
0
0
VERTEX
8
Layer 1
10
152.999819
20
305.470470
70
0
0
VERTEX
8
Layer 1
10
152.999819
20
305.470470
70
0
0
SEQEND
8
Layer 1
0
POLYLINE
8
Layer 1
62
7
70
0
10
0.000000
20
0.000000
66
1
0
VERTEX
8
Layer 1
10
158.644267
20
298.626577
70
0
0
VERTEX
8
Layer 1
10
160.443434
20
298.379632
70
0
0
VERTEX
8
Layer 1
10
160.655101
20
296.933243
70
0
0
VERTEX
8
Layer 1
10
161.889824
20
286.420458
70
0
0
VERTEX
8
Layer 1
10
161.488539
20
285.419451
70
0
0
VERTEX
8
Layer 1
10
160.478712
20
283.809901
70
0
0
VERTEX
8
Layer 1
10
159.283677
20
282.372331
70
0
0
VERTEX
8
Layer 1
10
158.945782
20
282.162869
70
0
0
VERTEX
8
Layer 1
10
158.750100
20
282.257678
70
0
0
VERTEX
8
Layer 1
10
158.068246
20
284.593730
70
0
0
VERTEX
8
Layer 1
10
156.972981
20
289.092752
70
0
0
VERTEX
8
Layer 1
10
155.937247
20
293.737294
70
0
0
VERTEX
8
Layer 1
10
155.433987
20
296.509909
70
0
0
VERTEX
8
Layer 1
10
155.045931
20
298.591299
70
0
0
VERTEX
8
Layer 1
10
154.933483
20
298.925887
70
0
0
VERTEX
8
Layer 1
10
154.993014
20
299.098418
70
0
0
VERTEX
8
Layer 1
10
155.786765
20
299.049911
70
0
0
VERTEX
8
Layer 1
10
158.644267
20
298.626577
70
0
0
VERTEX
8
Layer 1
10
158.644267
20
298.626577
70
0
0
SEQEND
8
Layer 1
0
POLYLINE
8
Layer 1
62
7
70
0
10
0.000000
20
0.000000
66
1
0
VERTEX
8
Layer 1
10
166.228994
20
297.003798
70
0
0
VERTEX
8
Layer 1
10
168.173682
20
296.386437
70
0
0
VERTEX
8
Layer 1
10
168.980662
20
295.980742
70
0
0
VERTEX
8
Layer 1
10
168.275106
20
295.098797
70
0
0
VERTEX
8
Layer 1
10
167.776807
20
294.507894
70
0
0
VERTEX
8
Layer 1
10
167.569550
20
293.969907
70
0
0
VERTEX
8
Layer 1
10
166.974237
20
292.845428
70
0
0
VERTEX
8
Layer 1
10
165.558715
20
290.794905
70
0
0
VERTEX
8
Layer 1
10
163.763957
20
288.603272
70
0
0
VERTEX
8
Layer 1
10
163.585019
20
288.529754
70
0
0
VERTEX
8
Layer 1
10
163.460238
20
288.607131
70
0
0
VERTEX
8
Layer 1
10
163.265658
20
289.136849
70
0
0
VERTEX
8
Layer 1
10
163.027533
20
290.856642
70
0
0
VERTEX
8
Layer 1
10
162.842325
20
293.581852
70
0
0
VERTEX
8
Layer 1
10
162.679165
20
296.090985
70
0
0
VERTEX
8
Layer 1
10
162.489547
20
297.356576
70
0
0
VERTEX
8
Layer 1
10
162.488444
20
297.658642
70
0
0
VERTEX
8
Layer 1
10
163.062811
20
297.709354
70
0
0
VERTEX
8
Layer 1
10
166.228994
20
297.003798
70
0
0
VERTEX
8
Layer 1
10
166.228994
20
297.003798
70
0
0
SEQEND
8
Layer 1
0
POLYLINE
8
Layer 1
62
7
70
0
10
0.000000
20
0.000000
66
1
0
VERTEX
8
Layer 1
10
173.884276
20
294.357963
70
0
0
VERTEX
8
Layer 1
10
176.036222
20
293.405463
70
0
0
VERTEX
8
Layer 1
10
175.436499
20
292.452962
70
0
0
VERTEX
8
Layer 1
10
173.254237
20
289.818703
70
0
0
VERTEX
8
Layer 1
10
169.567155
20
285.798687
70
0
0
VERTEX
8
Layer 1
10
166.045439
20
282.168932
70
0
0
VERTEX
8
Layer 1
10
164.359270
20
280.705455
70
0
0
VERTEX
8
Layer 1
10
164.094687
20
281.569761
70
0
0
VERTEX
8
Layer 1
10
163.830103
20
283.280734
70
0
0
VERTEX
8
Layer 1
10
163.618436
20
285.609069
70
0
0
VERTEX
8
Layer 1
10
166.334827
20
289.207404
70
0
0
VERTEX
8
Layer 1
10
168.354481
20
291.747406
70
0
0
VERTEX
8
Layer 1
10
169.368718
20
292.805740
70
0
0
VERTEX
8
Layer 1
10
169.756774
20
293.171747
70
0
0
VERTEX
8
Layer 1
10
170.356496
20
294.040463
70
0
0
VERTEX
8
Layer 1
10
170.965038
20
294.909179
70
0
0
VERTEX
8
Layer 1
10
171.414830
20
295.275186
70
0
0
VERTEX
8
Layer 1
10
173.884276
20
294.357963
70
0
0
VERTEX
8
Layer 1
10
173.884276
20
294.357963
70
0
0
SEQEND
8
Layer 1
0
POLYLINE
8
Layer 1
62
7
70
0
10
0.000000
20
0.000000
66
1
0
VERTEX
8
Layer 1
10
183.162338
20
289.489627
70
0
0
VERTEX
8
Layer 1
10
183.454482
20
289.228351
70
0
0
VERTEX
8
Layer 1
10
183.594491
20
288.934001
70
0
0
VERTEX
8
Layer 1
10
183.444560
20
288.007959
70
0
0
VERTEX
8
Layer 1
10
181.469003
20
281.446288
70
0
0
VERTEX
8
Layer 1
10
179.846224
20
275.942952
70
0
0
VERTEX
8
Layer 1
10
178.329279
20
275.731285
70
0
0
VERTEX
8
Layer 1
10
176.882889
20
275.687188
70
0
0
VERTEX
8
Layer 1
10
175.648166
20
276.225174
70
0
0
VERTEX
8
Layer 1
10
174.263513
20
276.763160
70
0
0
VERTEX
8
Layer 1
10
172.508442
20
276.930730
70
0
0
VERTEX
8
Layer 1
10
170.651948
20
277.147358
70
0
0
VERTEX
8
Layer 1
10
168.319203
20
277.658335
70
0
0
VERTEX
8
Layer 1
10
166.317188
20
278.255301
70
0
0
VERTEX
8
Layer 1
10
165.452882
20
278.729898
70
0
0
VERTEX
8
Layer 1
10
170.087503
20
283.981880
70
0
0
VERTEX
8
Layer 1
10
176.600667
20
291.006572
70
0
0
VERTEX
8
Layer 1
10
177.976501
20
292.382406
70
0
0
VERTEX
8
Layer 1
10
180.269558
20
291.147683
70
0
0
VERTEX
8
Layer 1
10
183.162338
20
289.489627
70
0
0
VERTEX
8
Layer 1
10
183.162338
20
289.489627
70
0
0
SEQEND
8
Layer 1
0
POLYLINE
8
Layer 1
62
7
70
0
10
0.000000
20
0.000000
66
1
0
VERTEX
8
Layer 1
10
187.924841
20
286.067680
70
0
0
VERTEX
8
Layer 1
10
189.111608
20
285.111872
70
0
0
VERTEX
8
Layer 1
10
189.666682
20
284.506638
70
0
0
VERTEX
8
Layer 1
10
189.685975
20
284.073382
70
0
0
VERTEX
8
Layer 1
10
189.265397
20
283.633512
70
0
0
VERTEX
8
Layer 1
10
188.894980
20
283.144033
70
0
0
VERTEX
8
Layer 1
10
188.736230
20
282.575178
70
0
0
VERTEX
8
Layer 1
10
188.242892
20
280.898931
70
0
0
VERTEX
8
Layer 1
10
187.117861
20
278.081668
70
0
0
VERTEX
8
Layer 1
10
185.893611
20
275.376853
70
0
0
VERTEX
8
Layer 1
10
185.102617
20
274.037950
70
0
0
VERTEX
8
Layer 1
10
184.495728
20
273.898493
70
0
0
VERTEX
8
Layer 1
10
183.713553
20
274.033541
70
0
0
VERTEX
8
Layer 1
10
182.885076
20
274.400099
70
0
0
VERTEX
8
Layer 1
10
182.139281
20
274.955173
70
0
0
VERTEX
8
Layer 1
10
181.363170
20
275.696007
70
0
0
VERTEX
8
Layer 1
10
182.739004
20
280.105732
70
0
0
VERTEX
8
Layer 1
10
184.727790
20
286.032402
70
0
0
VERTEX
8
Layer 1
10
185.264123
20
287.189955
70
0
0
VERTEX
8
Layer 1
10
185.631784
20
287.514070
70
0
0
VERTEX
8
Layer 1
10
186.460812
20
287.081917
70
0
0
VERTEX
8
Layer 1
10
187.924841
20
286.067680
70
0
0
VERTEX
8
Layer 1
10
187.924841
20
286.067680
70
0
0
SEQEND
8
Layer 1
0
POLYLINE
8
Layer 1
62
7
70
0
10
0.000000
20
0.000000
66
1
0
VERTEX
8
Layer 1
10
162.771769
20
280.387954
70
0
0
VERTEX
8
Layer 1
10
162.864373
20
278.972433
70
0
0
VERTEX
8
Layer 1
10
162.697355
20
278.745883
70
0
0
VERTEX
8
Layer 1
10
162.348436
20
278.694620
70
0
0
VERTEX
8
Layer 1
10
160.597775
20
279.078266
70
0
0
VERTEX
8
Layer 1
10
159.793551
20
279.394113
70
0
0
VERTEX
8
Layer 1
10
159.455656
20
279.647121
70
0
0
VERTEX
8
Layer 1
10
160.760935
20
281.587400
70
0
0
VERTEX
8
Layer 1
10
161.635714
20
282.630300
70
0
0
VERTEX
8
Layer 1
10
161.927376
20
282.844998
70
0
0
VERTEX
8
Layer 1
10
162.149998
20
282.839762
70
0
0
VERTEX
8
Layer 1
10
162.472459
20
282.123181
70
0
0
VERTEX
8
Layer 1
10
162.771769
20
280.387954
70
0
0
VERTEX
8
Layer 1
10
162.771769
20
280.387954
70
0
0
SEQEND
8
Layer 1
0
POLYLINE
8
Layer 1
62
7
70
0
10
0.000000
20
0.000000
66
1
0
VERTEX
8
Layer 1
10
193.851511
20
280.811288
70
0
0
VERTEX
8
Layer 1
10
195.968179
20
278.659342
70
0
0
VERTEX
8
Layer 1
10
195.121512
20
278.024342
70
0
0
VERTEX
8
Layer 1
10
193.572596
20
277.188148
70
0
0
VERTEX
8
Layer 1
10
191.143940
20
276.123750
70
0
0
VERTEX
8
Layer 1
10
188.860805
20
275.251176
70
0
0
VERTEX
8
Layer 1
10
187.748452
20
274.990451
70
0
0
VERTEX
8
Layer 1
10
187.766022
20
275.440036
70
0
0
VERTEX
8
Layer 1
10
188.080835
20
276.384475
70
0
0
VERTEX
8
Layer 1
10
189.269807
20
279.078266
70
0
0
VERTEX
8
Layer 1
10
190.650602
20
281.712526
70
0
0
VERTEX
8
Layer 1
10
191.205194
20
282.582551
70
0
0
VERTEX
8
Layer 1
10
191.558454
20
282.927956
70
0
0
VERTEX
8
Layer 1
10
193.851511
20
280.811288
70
0
0
VERTEX
8
Layer 1
10
193.851511
20
280.811288
70
0
0
SEQEND
8
Layer 1
0
POLYLINE
8
Layer 1
62
7
70
0
10
0.000000
20
0.000000
66
1
0
VERTEX
8
Layer 1
10
177.270945
20
270.933504
70
0
0
VERTEX
8
Layer 1
10
177.681049
20
270.369059
70
0
0
VERTEX
8
Layer 1
10
177.613250
20
270.258816
70
0
0
VERTEX
8
Layer 1
10
177.376778
20
270.227948
70
0
0
VERTEX
8
Layer 1
10
176.821153
20
270.435205
70
0
0
VERTEX
8
Layer 1
10
176.212611
20
270.933504
70
0
0
VERTEX
8
Layer 1
10
175.802507
20
271.497949
70
0
0
VERTEX
8
Layer 1
10
175.870306
20
271.608192
70
0
0
VERTEX
8
Layer 1
10
176.106778
20
271.639060
70
0
0
VERTEX
8
Layer 1
10
176.662403
20
271.431803
70
0
0
VERTEX
8
Layer 1
10
177.270945
20
270.933504
70
0
0
VERTEX
8
Layer 1
10
177.270945
20
270.933504
70
0
0
SEQEND
8
Layer 1
0
POLYLINE
8
Layer 1
62
7
70
0
10
0.000000
20
0.000000
66
1
0
VERTEX
8
Layer 1
10
255.058494
20
293.158518
70
0
0
VERTEX
8
Layer 1
10
247.156267
20
288.819349
70
0
0
VERTEX
8
Layer 1
10
247.592830
20
287.368549
70
0
0
VERTEX
8
Layer 1
10
249.061268
20
283.986290
70
0
0
VERTEX
8
Layer 1
10
251.011193
20
279.610120
70
0
0
VERTEX
8
Layer 1
10
252.721340
20
275.402209
70
0
0
VERTEX
8
Layer 1
10
254.213205
20
271.289383
70
0
0
VERTEX
8
Layer 1
10
255.508286
20
267.198467
70
0
0
VERTEX
8
Layer 1
10
256.628080
20
263.056288
70
0
0
VERTEX
8
Layer 1
10
257.594086
20
258.789673
70
0
0
VERTEX
8
Layer 1
10
258.427800
20
254.325446
70
0
0
VERTEX
8
Layer 1
10
259.150719
20
249.590435
70
0
0
VERTEX
8
Layer 1
10
259.613189
20
243.594863
70
0
0
VERTEX
8
Layer 1
10
259.781309
20
235.677753
70
0
0
VERTEX
8
Layer 1
10
259.651774
20
227.767257
70
0
0
VERTEX
8
Layer 1
10
259.221274
20
221.791529
70
0
0
VERTEX
8
Layer 1
10
258.917003
20
219.061909
70
0
0
VERTEX
8
Layer 1
10
258.903774
20
217.840415
70
0
0
VERTEX
8
Layer 1
10
261.796554
20
217.683870
70
0
0
VERTEX
8
Layer 1
10
267.864335
20
217.672845
70
0
0
VERTEX
8
Layer 1
10
273.905659
20
217.780884
70
0
0
VERTEX
8
Layer 1
10
276.719063
20
217.981526
70
0
0
VERTEX
8
Layer 1
10
277.495175
20
223.026252
70
0
0
VERTEX
8
Layer 1
10
277.798206
20
226.273945
70
0
0
VERTEX
8
Layer 1
10
277.994576
20
230.076851
70
0
0
VERTEX
8
Layer 1
10
278.077258
20
238.473518
70
0
0
VERTEX
8
Layer 1
10
277.763066
20
246.466696
70
0
0
VERTEX
8
Layer 1
10
277.463342
20
249.765239
70
0
0
VERTEX
8
Layer 1
10
277.071841
20
252.306826
70
0
0
VERTEX
8
Layer 1
10
277.009003
20
252.804022
70
0
0
VERTEX
8
Layer 1
10
277.124758
20
253.135854
70
0
0
VERTEX
8
Layer 1
10
278.130175
20
253.647382
70
0
0
VERTEX
8
Layer 1
10
278.826361
20
253.832039
70
0
0
VERTEX
8
Layer 1
10
279.386947
20
253.828181
70
0
0
VERTEX
8
Layer 1
10
279.980606
20
253.592812
70
0
0
VERTEX
8
Layer 1
10
280.776010
20
253.082937
70
0
0
VERTEX
8
Layer 1
10
281.594565
20
252.600624
70
0
0
VERTEX
8
Layer 1
10
282.270907
20
252.346513
70
0
0
VERTEX
8
Layer 1
10
282.993551
20
252.284226
70
0
0
VERTEX
8
Layer 1
10
283.951012
20
252.377381
70
0
0
VERTEX
8
Layer 1
10
284.907371
20
252.470537
70
0
0
VERTEX
8
Layer 1
10
285.622298
20
252.408249
70
0
0
VERTEX
8
Layer 1
10
286.277693
20
252.154139
70
0
0
VERTEX
8
Layer 1
10
287.055459
20
251.671825
70
0
0
VERTEX
8
Layer 1
10
287.801805
20
251.209355
70
0
0
VERTEX
8
Layer 1
10
288.448932
20
250.961859
70
0
0
VERTEX
8
Layer 1
10
289.148976
20
250.892958
70
0
0
VERTEX
8
Layer 1
10
290.054072
20
250.966269
70
0
0
VERTEX
8
Layer 1
10
291.751816
20
250.930991
70
0
0
VERTEX
8
Layer 1
10
293.476018
20
250.260713
70
0
0
VERTEX
8
Layer 1
10
295.134075
20
249.563977
70
0
0
VERTEX
8
Layer 1
10
295.748129
20
249.566182
70
0
0
VERTEX
8
Layer 1
10
296.474631
20
249.766824
70
0
0
VERTEX
8
Layer 1
10
297.196724
20
249.971876
70
0
0
VERTEX
8
Layer 1
10
297.726993
20
249.978491
70
0
0
VERTEX
8
Layer 1
10
298.230804
20
249.746980
70
0
0
VERTEX
8
Layer 1
10
298.873522
20
249.237657
70
0
0
VERTEX
8
Layer 1
10
299.542697
20
248.720066
70
0
0
VERTEX
8
Layer 1
10
300.152342
20
248.457136
70
0
0
VERTEX
8
Layer 1
10
300.907507
20
248.399258
70
0
0
VERTEX
8
Layer 1
10
302.013246
20
248.496823
70
0
0
VERTEX
8
Layer 1
10
303.843282
20
248.514462
70
0
0
VERTEX
8
Layer 1
10
304.429224
20
248.298386
70
0
0
VERTEX
8
Layer 1
10
305.011859
20
247.897101
70
0
0
VERTEX
8
Layer 1
10
306.162797
20
247.301788
70
0
0
VERTEX
8
Layer 1
10
307.657694
20
247.156267
70
0
0
VERTEX
8
Layer 1
10
309.315750
20
247.226822
70
0
0
VERTEX
8
Layer 1
10
309.562695
20
245.039599
70
0
0
VERTEX
8
Layer 1
10
309.907756
20
243.180348
70
0
0
VERTEX
8
Layer 1
10
310.497557
20
241.622062
70
0
0
VERTEX
8
Layer 1
10
311.378399
20
240.282057
70
0
0
VERTEX
8
Layer 1
10
312.596586
20
239.077651
70
0
0
VERTEX
8
Layer 1
10
314.078253
20
237.842928
70
0
0
VERTEX
8
Layer 1
10
313.337420
20
236.890427
70
0
0
VERTEX
8
Layer 1
10
312.790614
20
236.083447
70
0
0
VERTEX
8
Layer 1
10
312.561308
20
235.514593
70
0
0
VERTEX
8
Layer 1
10
312.420748
20
234.801320
70
0
0
VERTEX
8
Layer 1
10
311.965995
20
234.491537
70
0
0
VERTEX
8
Layer 1
10
311.068065
20
234.552170
70
0
0
VERTEX
8
Layer 1
10
309.597973
20
234.950148
70
0
0
VERTEX
8
Layer 1
10
306.654964
20
235.645920
70
0
0
VERTEX
8
Layer 1
10
303.966203
20
235.767050
70
0
0
VERTEX
8
Layer 1
10
301.574271
20
235.340822
70
0
0
VERTEX
8
Layer 1
10
300.502924
20
234.930976
70
0
0
VERTEX
8
Layer 1
10
299.521751
20
234.394523
70
0
0
VERTEX
8
Layer 1
10
298.636077
20
233.734873
70
0
0
VERTEX
8
Layer 1
10
297.851223
20
232.955436
70
0
0
VERTEX
8
Layer 1
10
297.172513
20
232.059625
70
0
0
VERTEX
8
Layer 1
10
296.605269
20
231.050849
70
0
0
VERTEX
8
Layer 1
10
296.154814
20
229.932518
70
0
0
VERTEX
8
Layer 1
10
295.826471
20
228.708044
70
0
0
VERTEX
8
Layer 1
10
295.557408
20
225.954309
70
0
0
VERTEX
8
Layer 1
10
295.718915
20
223.781968
70
0
0
VERTEX
8
Layer 1
10
296.214457
20
221.725383
70
0
0
VERTEX
8
Layer 1
10
296.981198
20
219.966454
70
0
0
VERTEX
8
Layer 1
10
297.956299
20
218.687082
70
0
0
VERTEX
8
Layer 1
10
298.873522
20
217.840415
70
0
0
VERTEX
8
Layer 1
10
334.362988
20
217.840415
70
0
0
VERTEX
8
Layer 1
10
369.887733
20
217.840415
70
0
0
VERTEX
8
Layer 1
10
372.074957
20
218.863471
70
0
0
VERTEX
8
Layer 1
10
373.378857
20
219.552008
70
0
0
VERTEX
8
Layer 1
10
374.562041
20
220.369944
70
0
0
VERTEX
8
Layer 1
10
375.619549
20
221.311075
70
0
0
VERTEX
8
Layer 1
10
376.546418
20
222.369203
70
0
0
VERTEX
8
Layer 1
10
377.337688
20
223.538124
70
0
0
VERTEX
8
Layer 1
10
377.988398
20
224.811639
70
0
0
VERTEX
8
Layer 1
10
378.493587
20
226.183546
70
0
0
VERTEX
8
Layer 1
10
378.848294
20
227.647643
70
0
0
VERTEX
8
Layer 1
10
379.035156
20
229.881720
70
0
0
VERTEX
8
Layer 1
10
378.915887
20
231.005580
70
0
0
VERTEX
8
Layer 1
10
378.623398
20
232.238167
70
0
0
VERTEX
8
Layer 1
10
377.424504
20
235.342062
70
0
0
VERTEX
8
Layer 1
10
375.249959
20
239.818484
70
0
0
VERTEX
8
Layer 1
10
372.004401
20
246.239044
70
0
0
VERTEX
8
Layer 1
10
354.824112
20
246.239044
70
0
0
VERTEX
8
Layer 1
10
337.608546
20
246.239044
70
0
0
VERTEX
8
Layer 1
10
337.608546
20
249.696268
70
0
0
VERTEX
8
Layer 1
10
337.820213
20
254.780681
70
0
0
VERTEX
8
Layer 1
10
338.055031
20
256.279437
70
0
0
VERTEX
8
Layer 1
10
338.349380
20
256.822384
70
0
0
VERTEX
8
Layer 1
10
338.574276
20
255.578842
70
0
0
VERTEX
8
Layer 1
10
338.666880
20
252.589048
70
0
0
VERTEX
8
Layer 1
10
338.666880
20
248.355712
70
0
0
VERTEX
8
Layer 1
10
354.894668
20
248.355712
70
0
0
VERTEX
8
Layer 1
10
371.122456
20
248.355712
70
0
0
VERTEX
8
Layer 1
10
367.383009
20
255.799328
70
0
0
VERTEX
8
Layer 1
10
363.643562
20
263.278221
70
0
0
VERTEX
8
Layer 1
10
359.374949
20
263.031277
70
0
0
VERTEX
8
Layer 1
10
354.550709
20
262.556680
70
0
0
VERTEX
8
Layer 1
10
350.255637
20
261.721588
70
0
0
VERTEX
8
Layer 1
10
346.833691
20
260.615299
70
0
0
VERTEX
8
Layer 1
10
345.557627
20
259.988360
70
0
0
VERTEX
8
Layer 1
10
344.628828
20
259.327108
70
0
0
VERTEX
8
Layer 1
10
344.105173
20
258.777546
70
0
0
VERTEX
8
Layer 1
10
343.720425
20
258.132072
70
0
0
VERTEX
8
Layer 1
10
343.182438
20
256.222661
70
0
0
VERTEX
8
Layer 1
10
342.710598
20
254.370577
70
0
0
VERTEX
8
Layer 1
10
342.403571
20
254.069613
70
0
0
VERTEX
8
Layer 1
10
341.947715
20
254.000160
70
0
0
VERTEX
8
Layer 1
10
341.343583
20
254.158910
70
0
0
VERTEX
8
Layer 1
10
341.136326
20
254.635160
70
0
0
VERTEX
8
Layer 1
10
340.924659
20
256.010995
70
0
0
VERTEX
8
Layer 1
10
340.856308
20
256.420548
70
0
0
VERTEX
8
Layer 1
10
340.933479
20
256.720960
70
0
0
VERTEX
8
Layer 1
10
341.630215
20
257.139884
70
0
0
VERTEX
8
Layer 1
10
342.188045
20
257.445809
70
0
0
VERTEX
8
Layer 1
10
342.547438
20
257.973322
70
0
0
VERTEX
8
Layer 1
10
342.800997
20
258.930784
70
0
0
VERTEX
8
Layer 1
10
343.041327
20
260.526553
70
0
0
VERTEX
8
Layer 1
10
343.100858
20
261.334635
70
0
0
VERTEX
8
Layer 1
10
342.961952
20
261.990582
70
0
0
VERTEX
8
Layer 1
10
342.545233
20
262.699445
70
0
0
VERTEX
8
Layer 1
10
341.771326
20
263.666277
70
0
0
VERTEX
8
Layer 1
10
340.382263
20
265.024473
70
0
0
VERTEX
8
Layer 1
10
339.125491
20
265.853501
70
0
0
VERTEX
8
Layer 1
10
338.137713
20
266.523779
70
0
0
VERTEX
8
Layer 1
10
337.467435
20
267.511557
70
0
0
VERTEX
8
Layer 1
10
336.878943
20
268.601931
70
0
0
VERTEX
8
Layer 1
10
336.099869
20
269.414905
70
0
0
VERTEX
8
Layer 1
10
335.101686
20
269.954201
70
0
0
VERTEX
8
Layer 1
10
333.855870
20
270.223538
70
0
0
VERTEX
8
Layer 1
10
332.333895
20
270.226639
70
0
0
VERTEX
8
Layer 1
10
330.507235
20
269.967223
70
0
0
VERTEX
8
Layer 1
10
328.347366
20
269.449011
70
0
0
VERTEX
8
Layer 1
10
325.825761
20
268.675725
70
0
0
VERTEX
8
Layer 1
10
321.914335
20
267.445412
70
0
0
VERTEX
8
Layer 1
10
318.981868
20
266.664890
70
0
0
VERTEX
8
Layer 1
10
317.112144
20
266.162182
70
0
0
VERTEX
8
Layer 1
10
316.670069
20
265.841374
70
0
0
VERTEX
8
Layer 1
10
316.406588
20
265.394889
70
0
0
VERTEX
8
Layer 1
10
315.983255
20
264.777528
70
0
0
VERTEX
8
Layer 1
10
315.242421
20
264.795167
70
0
0
VERTEX
8
Layer 1
10
314.772785
20
264.873991
70
0
0
VERTEX
8
Layer 1
10
314.660337
20
264.658465
70
0
0
VERTEX
8
Layer 1
10
315.665754
20
262.537388
70
0
0
VERTEX
8
Layer 1
10
316.971033
20
260.067942
70
0
0
VERTEX
8
Layer 1
10
315.983255
20
259.291830
70
0
0
VERTEX
8
Layer 1
10
314.659786
20
258.138687
70
0
0
VERTEX
8
Layer 1
10
313.544677
20
256.892940
70
0
0
VERTEX
8
Layer 1
10
312.555245
20
255.461984
70
0
0
VERTEX
8
Layer 1
10
311.608807
20
253.753215
70
0
0
VERTEX
8
Layer 1
10
310.162418
20
251.177936
70
0
0
VERTEX
8
Layer 1
10
308.786583
20
251.918770
70
0
0
VERTEX
8
Layer 1
10
308.108588
20
252.293596
70
0
0
VERTEX
8
Layer 1
10
307.463666
20
252.483215
70
0
0
VERTEX
8
Layer 1
10
305.717415
20
252.412659
70
0
0
VERTEX
8
Layer 1
10
304.218108
20
252.355333
70
0
0
VERTEX
8
Layer 1
10
303.565469
20
252.589048
70
0
0
VERTEX
8
Layer 1
10
303.023073
20
253.052069
70
0
0
VERTEX
8
Layer 1
10
302.083801
20
253.541549
70
0
0
VERTEX
8
Layer 1
10
300.871127
20
253.859049
70
0
0
VERTEX
8
Layer 1
10
299.684911
20
253.647382
70
0
0
VERTEX
8
Layer 1
10
299.009121
20
253.467686
70
0
0
VERTEX
8
Layer 1
10
298.459007
20
253.479812
70
0
0
VERTEX
8
Layer 1
10
297.074354
20
254.211827
70
0
0
VERTEX
8
Layer 1
10
296.267925
20
254.694692
70
0
0
VERTEX
8
Layer 1
10
295.597096
20
254.952661
70
0
0
VERTEX
8
Layer 1
10
294.906423
20
255.025421
70
0
0
VERTEX
8
Layer 1
10
294.040463
20
254.952661
70
0
0
VERTEX
8
Layer 1
10
293.176708
20
254.858954
70
0
0
VERTEX
8
Layer 1
10
292.501469
20
254.917383
70
0
0
VERTEX
8
Layer 1
10
291.872532
20
255.161020
70
0
0
VERTEX
8
Layer 1
10
291.147683
20
255.622939
70
0
0
VERTEX
8
Layer 1
10
290.383699
20
256.085409
70
0
0
VERTEX
8
Layer 1
10
289.718932
20
256.332905
70
0
0
VERTEX
8
Layer 1
10
288.974791
20
256.401806
70
0
0
VERTEX
8
Layer 1
10
287.972681
20
256.328495
70
0
0
VERTEX
8
Layer 1
10
286.970571
20
256.250222
70
0
0
VERTEX
8
Layer 1
10
286.226430
20
256.310856
70
0
0
VERTEX
8
Layer 1
10
285.561664
20
256.556698
70
0
0
VERTEX
8
Layer 1
10
284.797679
20
257.034051
70
0
0
VERTEX
8
Layer 1
10
284.055743
20
257.491009
70
0
0
VERTEX
8
Layer 1
10
283.413026
20
257.726378
70
0
0
VERTEX
8
Layer 1
10
281.763789
20
257.704329
70
0
0
VERTEX
8
Layer 1
10
280.295350
20
257.638183
70
0
0
VERTEX
8
Layer 1
10
279.824061
20
257.768821
70
0
0
VERTEX
8
Layer 1
10
279.435454
20
258.021829
70
0
0
VERTEX
8
Layer 1
10
278.606426
20
258.559816
70
0
0
VERTEX
8
Layer 1
10
277.459897
20
259.044885
70
0
0
VERTEX
8
Layer 1
10
276.084063
20
259.538775
70
0
0
VERTEX
8
Layer 1
10
275.131562
20
264.089611
70
0
0
VERTEX
8
Layer 1
10
273.414526
20
271.144620
70
0
0
VERTEX
8
Layer 1
10
271.264233
20
278.011113
70
0
0
VERTEX
8
Layer 1
10
268.578160
20
284.990054
70
0
0
VERTEX
8
Layer 1
10
265.253778
20
292.382406
70
0
0
VERTEX
8
Layer 1
10
262.749054
20
297.391854
70
0
0
VERTEX
8
Layer 1
10
255.058494
20
293.158518
70
0
0
VERTEX
8
Layer 1
10
255.058494
20
293.158518
70
0
0
SEQEND
8
Layer 1
0
POLYLINE
8
Layer 1
62
7
70
0
10
0.000000
20
0.000000
66
1
0
VERTEX
8
Layer 1
10
239.007095
20
284.374346
70
0
0
VERTEX
8
Layer 1
10
227.012643
20
277.742119
70
0
0
VERTEX
8
Layer 1
10
222.378022
20
275.030139
70
0
0
VERTEX
8
Layer 1
10
221.143850
20
274.175203
70
0
0
VERTEX
8
Layer 1
10
220.733195
20
273.720450
70
0
0
VERTEX
8
Layer 1
10
221.297639
20
272.194685
70
0
0
VERTEX
8
Layer 1
10
222.602918
20
269.240170
70
0
0
VERTEX
8
Layer 1
10
224.231002
20
265.380971
70
0
0
VERTEX
8
Layer 1
10
225.626336
20
261.511024
70
0
0
VERTEX
8
Layer 1
10
226.794293
20
257.603043
70
0
0
VERTEX
8
Layer 1
10
227.740248
20
253.629743
70
0
0
VERTEX
8
Layer 1
10
228.469575
20
249.563839
70
0
0
VERTEX
8
Layer 1
10
228.987649
20
245.378045
70
0
0
VERTEX
8
Layer 1
10
229.299843
20
241.045077
70
0
0
VERTEX
8
Layer 1
10
229.411533
20
236.537649
70
0
0
VERTEX
8
Layer 1
10
229.325544
20
231.650571
70
0
0
VERTEX
8
Layer 1
10
229.041116
20
227.286046
70
0
0
VERTEX
8
Layer 1
10
228.518564
20
223.093500
70
0
0
VERTEX
8
Layer 1
10
227.718199
20
218.722360
70
0
0
VERTEX
8
Layer 1
10
226.862712
20
215.297657
70
0
0
VERTEX
8
Layer 1
10
225.689725
20
211.353710
70
0
0
VERTEX
8
Layer 1
10
224.463822
20
207.733877
70
0
0
VERTEX
8
Layer 1
10
223.449585
20
205.281518
70
0
0
VERTEX
8
Layer 1
10
222.955696
20
203.976240
70
0
0
VERTEX
8
Layer 1
10
224.688718
20
202.931135
70
0
0
VERTEX
8
Layer 1
10
228.882366
20
200.801238
70
0
0
VERTEX
8
Layer 1
10
253.188771
20
189.230119
70
0
0
VERTEX
8
Layer 1
10
252.553770
20
191.240954
70
0
0
VERTEX
8
Layer 1
10
251.954599
20
193.402821
70
0
0
VERTEX
8
Layer 1
10
251.649777
20
195.862346
70
0
0
VERTEX
8
Layer 1
10
251.655840
20
198.374786
70
0
0
VERTEX
8
Layer 1
10
251.989325
20
200.695404
70
0
0
VERTEX
8
Layer 1
10
252.518492
20
202.953183
70
0
0
VERTEX
8
Layer 1
10
251.530714
20
204.575962
70
0
0
VERTEX
8
Layer 1
10
250.670198
20
206.127772
70
0
0
VERTEX
8
Layer 1
10
249.971325
20
207.690330
70
0
0
VERTEX
8
Layer 1
10
249.440298
20
209.228084
70
0
0
VERTEX
8
Layer 1
10
249.083317
20
210.705480
70
0
0
VERTEX
8
Layer 1
10
248.906583
20
212.086964
70
0
0
VERTEX
8
Layer 1
10
248.916298
20
213.336983
70
0
0
VERTEX
8
Layer 1
10
249.118663
20
214.419984
70
0
0
VERTEX
8
Layer 1
10
249.519879
20
215.300413
70
0
0
VERTEX
8
Layer 1
10
250.382532
20
216.324572
70
0
0
VERTEX
8
Layer 1
10
251.473388
20
217.064303
70
0
0
VERTEX
8
Layer 1
10
252.769296
20
217.512993
70
0
0
VERTEX
8
Layer 1
10
254.247105
20
217.664026
70
0
0
VERTEX
8
Layer 1
10
255.583251
20
217.756630
70
0
0
VERTEX
8
Layer 1
10
256.257939
20
217.981526
70
0
0
VERTEX
8
Layer 1
10
256.497925
20
218.729388
70
0
0
VERTEX
8
Layer 1
10
256.735843
20
220.147804
70
0
0
VERTEX
8
Layer 1
10
257.170752
20
224.490280
70
0
0
VERTEX
8
Layer 1
10
257.493213
20
229.996924
70
0
0
VERTEX
8
Layer 1
10
257.633773
20
235.655704
70
0
0
VERTEX
8
Layer 1
10
257.524495
20
240.936832
70
0
0
VERTEX
8
Layer 1
10
257.196108
20
246.095177
70
0
0
VERTEX
8
Layer 1
10
256.647786
20
251.136939
70
0
0
VERTEX
8
Layer 1
10
255.878703
20
256.068321
70
0
0
VERTEX
8
Layer 1
10
254.888031
20
260.895523
70
0
0
VERTEX
8
Layer 1
10
253.674943
20
265.624746
70
0
0
VERTEX
8
Layer 1
10
252.238613
20
270.262192
70
0
0
VERTEX
8
Layer 1
10
250.578213
20
274.814062
70
0
0
VERTEX
8
Layer 1
10
247.178315
20
282.632504
70
0
0
VERTEX
8
Layer 1
10
245.552781
20
286.080358
70
0
0
VERTEX
8
Layer 1
10
244.757376
20
287.514070
70
0
0
VERTEX
8
Layer 1
10
239.007095
20
284.374346
70
0
0
VERTEX
8
Layer 1
10
239.007095
20
284.374346
70
0
0
SEQEND
8
Layer 1
0
POLYLINE
8
Layer 1
62
7
70
0
10
0.000000
20
0.000000
66
1
0
VERTEX
8
Layer 1
10
214.136246
20
270.757115
70
0
0
VERTEX
8
Layer 1
10
208.068464
20
267.335168
70
0
0
VERTEX
8
Layer 1
10
206.145824
20
266.162182
70
0
0
VERTEX
8
Layer 1
10
205.387352
20
265.465445
70
0
0
VERTEX
8
Layer 1
10
204.961262
20
264.687680
70
0
0
VERTEX
8
Layer 1
10
203.433843
20
263.053325
70
0
0
VERTEX
8
Layer 1
10
196.532624
20
256.645995
70
0
0
VERTEX
8
Layer 1
10
190.747065
20
251.424881
70
0
0
VERTEX
8
Layer 1
10
189.582897
20
253.964882
70
0
0
VERTEX
8
Layer 1
10
188.692133
20
255.733182
70
0
0
VERTEX
8
Layer 1
10
188.171785
20
256.469606
70
0
0
VERTEX
8
Layer 1
10
186.436007
20
255.683573
70
0
0
VERTEX
8
Layer 1
10
183.016817
20
253.911965
70
0
0
VERTEX
8
Layer 1
10
177.729556
20
250.930991
70
0
0
VERTEX
8
Layer 1
10
177.323862
20
250.370956
70
0
0
VERTEX
8
Layer 1
10
177.447334
20
249.731546
70
0
0
VERTEX
8
Layer 1
10
177.724595
20
249.123555
70
0
0
VERTEX
8
Layer 1
10
177.760424
20
248.730539
70
0
0
VERTEX
8
Layer 1
10
177.551514
20
248.555803
70
0
0
VERTEX
8
Layer 1
10
177.094556
20
248.602657
70
0
0
VERTEX
8
Layer 1
10
176.521292
20
248.607618
70
0
0
VERTEX
8
Layer 1
10
175.948027
20
248.404219
70
0
0
VERTEX
8
Layer 1
10
175.507055
20
248.061914
70
0
0
VERTEX
8
Layer 1
10
175.330666
20
247.650156
70
0
0
VERTEX
8
Layer 1
10
175.749590
20
247.372343
70
0
0
VERTEX
8
Layer 1
10
176.777056
20
247.120989
70
0
0
VERTEX
8
Layer 1
10
177.526709
20
246.944600
70
0
0
VERTEX
8
Layer 1
10
178.038237
20
246.688836
70
0
0
VERTEX
8
Layer 1
10
178.404244
20
246.287551
70
0
0
VERTEX
8
Layer 1
10
178.717335
20
245.674599
70
0
0
VERTEX
8
Layer 1
10
179.092713
20
244.582090
70
0
0
VERTEX
8
Layer 1
10
179.127439
20
243.760779
70
0
0
VERTEX
8
Layer 1
10
178.771905
20
243.005613
70
0
0
VERTEX
8
Layer 1
10
177.976501
20
242.111541
70
0
0
VERTEX
8
Layer 1
10
177.017937
20
241.332123
70
0
0
VERTEX
8
Layer 1
10
176.155285
20
241.114944
70
0
0
VERTEX
8
Layer 1
10
175.233101
20
241.466619
70
0
0
VERTEX
8
Layer 1
10
174.095943
20
242.393764
70
0
0
VERTEX
8
Layer 1
10
173.267466
20
243.107588
70
0
0
VERTEX
8
Layer 1
10
172.786255
20
243.341855
70
0
0
VERTEX
8
Layer 1
10
172.563012
20
243.093256
70
0
0
VERTEX
8
Layer 1
10
172.508442
20
242.358486
70
0
0
VERTEX
8
Layer 1
10
172.565217
20
241.810026
70
0
0
VERTEX
8
Layer 1
10
172.777435
20
241.383937
70
0
0
VERTEX
8
Layer 1
10
173.919554
20
240.594596
70
0
0
VERTEX
8
Layer 1
10
175.048444
20
239.889040
70
0
0
VERTEX
8
Layer 1
10
175.754000
20
239.183484
70
0
0
VERTEX
8
Layer 1
10
176.287576
20
238.685185
70
0
0
VERTEX
8
Layer 1
10
176.953445
20
238.477928
70
0
0
VERTEX
8
Layer 1
10
177.614904
20
238.336817
70
0
0
VERTEX
8
Layer 1
10
178.117612
20
237.984039
70
0
0
VERTEX
8
Layer 1
10
178.273606
20
237.719455
70
0
0
VERTEX
8
Layer 1
10
178.254314
20
237.481330
70
0
0
VERTEX
8
Layer 1
10
177.623723
20
236.925705
70
0
0
VERTEX
8
Layer 1
10
176.997542
20
236.325982
70
0
0
VERTEX
8
Layer 1
10
176.741778
20
235.726260
70
0
0
VERTEX
8
Layer 1
10
176.548853
20
235.058737
70
0
0
VERTEX
8
Layer 1
10
176.018583
20
234.328377
70
0
0
VERTEX
8
Layer 1
10
175.223730
20
233.617860
70
0
0
VERTEX
8
Layer 1
10
174.237054
20
233.009869
70
0
0
VERTEX
8
Layer 1
10
173.562366
20
232.515980
70
0
0
VERTEX
8
Layer 1
10
173.390387
20
232.127924
70
0
0
VERTEX
8
Layer 1
10
173.390387
20
231.872160
70
0
0
VERTEX
8
Layer 1
10
173.072887
20
231.775146
70
0
0
VERTEX
8
Layer 1
10
172.651758
20
231.706795
70
0
0
VERTEX
8
Layer 1
10
172.561359
20
231.440007
70
0
0
VERTEX
8
Layer 1
10
173.425665
20
229.940700
70
0
0
VERTEX
8
Layer 1
10
174.312020
20
228.926464
70
0
0
VERTEX
8
Layer 1
10
174.700627
20
228.769918
70
0
0
VERTEX
8
Layer 1
10
175.118999
20
228.811811
70
0
0
VERTEX
8
Layer 1
10
175.527037
20
228.788798
70
0
0
VERTEX
8
Layer 1
10
176.008661
20
228.588017
70
0
0
VERTEX
8
Layer 1
10
177.024000
20
227.815213
70
0
0
VERTEX
8
Layer 1
10
177.827673
20
226.817513
70
0
0
VERTEX
8
Layer 1
10
178.044714
20
226.335612
70
0
0
VERTEX
8
Layer 1
10
178.082334
20
225.919031
70
0
0
VERTEX
8
Layer 1
10
178.280772
20
225.471444
70
0
0
VERTEX
8
Layer 1
10
179.140668
20
224.825419
70
0
0
VERTEX
8
Layer 1
10
183.797338
20
222.355973
70
0
0
VERTEX
8
Layer 1
10
189.829842
20
219.463194
70
0
0
VERTEX
8
Layer 1
10
190.054738
20
219.710138
70
0
0
VERTEX
8
Layer 1
10
190.359009
20
220.380417
70
0
0
VERTEX
8
Layer 1
10
190.676509
20
221.332917
70
0
0
VERTEX
8
Layer 1
10
193.287066
20
218.969305
70
0
0
VERTEX
8
Layer 1
10
195.235613
20
217.377394
70
0
0
VERTEX
8
Layer 1
10
197.418979
20
215.864858
70
0
0
VERTEX
8
Layer 1
10
199.265000
20
214.802114
70
0
0
VERTEX
8
Layer 1
10
199.882706
20
214.555170
70
0
0
VERTEX
8
Layer 1
10
200.201515
20
214.559580
70
0
0
VERTEX
8
Layer 1
10
196.638457
20
218.016804
70
0
0
VERTEX
8
Layer 1
10
194.049949
20
220.433333
70
0
0
VERTEX
8
Layer 1
10
192.969566
20
221.579862
70
0
0
VERTEX
8
Layer 1
10
193.758907
20
221.795938
70
0
0
VERTEX
8
Layer 1
10
195.685957
20
222.038473
70
0
0
VERTEX
8
Layer 1
10
198.367069
20
222.250140
70
0
0
VERTEX
8
Layer 1
10
202.424016
20
219.180971
70
0
0
VERTEX
8
Layer 1
10
207.433464
20
215.441525
70
0
0
VERTEX
8
Layer 1
10
208.421242
20
214.806524
70
0
0
VERTEX
8
Layer 1
10
207.892075
20
213.254301
70
0
0
VERTEX
8
Layer 1
10
207.565756
20
212.032807
70
0
0
VERTEX
8
Layer 1
10
207.504020
20
211.314022
70
0
0
VERTEX
8
Layer 1
10
209.524225
20
210.154264
70
0
0
VERTEX
8
Layer 1
10
213.876072
20
207.962631
70
0
0
VERTEX
8
Layer 1
10
218.234534
20
205.876831
70
0
0
VERTEX
8
Layer 1
10
220.274583
20
205.034574
70
0
0
VERTEX
8
Layer 1
10
221.712154
20
208.518256
70
0
0
VERTEX
8
Layer 1
10
223.414307
20
213.642357
70
0
0
VERTEX
8
Layer 1
10
224.831483
20
219.198610
70
0
0
VERTEX
8
Layer 1
10
225.782330
20
224.569655
70
0
0
VERTEX
8
Layer 1
10
226.316458
20
230.112680
70
0
0
VERTEX
8
Layer 1
10
226.483476
20
236.184871
70
0
0
VERTEX
8
Layer 1
10
226.260785
20
243.127983
70
0
0
VERTEX
8
Layer 1
10
225.548614
20
249.449324
70
0
0
VERTEX
8
Layer 1
10
224.280818
20
255.532539
70
0
0
VERTEX
8
Layer 1
10
222.391251
20
261.761276
70
0
0
VERTEX
8
Layer 1
10
221.072743
20
265.360163
70
0
0
VERTEX
8
Layer 1
10
219.621944
20
268.909440
70
0
0
VERTEX
8
Layer 1
10
218.382811
20
271.618665
70
0
0
VERTEX
8
Layer 1
10
217.699304
20
272.697394
70
0
0
VERTEX
8
Layer 1
10
214.136246
20
270.757115
70
0
0
VERTEX
8
Layer 1
10
214.136246
20
270.757115
70
0
0
SEQEND
8
Layer 1
0
POLYLINE
8
Layer 1
62
7
70
0
10
0.000000
20
0.000000
66
1
0
VERTEX
8
Layer 1
10
207.539297
20
260.455997
70
0
0
VERTEX
8
Layer 1
10
208.421242
20
258.057107
70
0
0
VERTEX
8
Layer 1
10
207.010130
20
256.857662
70
0
0
VERTEX
8
Layer 1
10
201.965405
20
253.082937
70
0
0
VERTEX
8
Layer 1
10
198.296514
20
250.472380
70
0
0
VERTEX
8
Layer 1
10
195.721234
20
250.825158
70
0
0
VERTEX
8
Layer 1
10
193.075399
20
251.319047
70
0
0
VERTEX
8
Layer 1
10
194.950635
20
253.204756
70
0
0
VERTEX
8
Layer 1
10
199.398945
20
257.117836
70
0
0
VERTEX
8
Layer 1
10
204.019234
20
260.997842
70
0
0
VERTEX
8
Layer 1
10
206.410408
20
262.784332
70
0
0
VERTEX
8
Layer 1
10
206.842561
20
262.122873
70
0
0
VERTEX
8
Layer 1
10
207.539297
20
260.455997
70
0
0
VERTEX
8
Layer 1
10
207.539297
20
260.455997
70
0
0
SEQEND
8
Layer 1
0
POLYLINE
8
Layer 1
62
7
70
0
10
0.000000
20
0.000000
66
1
0
VERTEX
8
Layer 1
10
210.220410
20
252.342103
70
0
0
VERTEX
8
Layer 1
10
210.961244
20
249.343490
70
0
0
VERTEX
8
Layer 1
10
210.360970
20
249.266320
70
0
0
VERTEX
8
Layer 1
10
208.778430
20
249.334671
70
0
0
VERTEX
8
Layer 1
10
203.976240
20
249.802102
70
0
0
VERTEX
8
Layer 1
10
201.727280
20
250.212206
70
0
0
VERTEX
8
Layer 1
10
201.386629
20
250.412297
70
0
0
VERTEX
8
Layer 1
10
201.436238
20
250.648769
70
0
0
VERTEX
8
Layer 1
10
202.570640
20
251.550558
70
0
0
VERTEX
8
Layer 1
10
204.584782
20
252.915368
70
0
0
VERTEX
8
Layer 1
10
206.585694
20
254.161115
70
0
0
VERTEX
8
Layer 1
10
207.680409
20
254.705716
70
0
0
VERTEX
8
Layer 1
10
208.072874
20
254.864466
70
0
0
VERTEX
8
Layer 1
10
208.491798
20
255.234883
70
0
0
VERTEX
8
Layer 1
10
208.930566
20
255.566715
70
0
0
VERTEX
8
Layer 1
10
209.303187
20
255.296619
70
0
0
VERTEX
8
Layer 1
10
209.702268
20
254.272461
70
0
0
VERTEX
8
Layer 1
10
210.220410
20
252.342103
70
0
0
VERTEX
8
Layer 1
10
210.220410
20
252.342103
70
0
0
SEQEND
8
Layer 1
0
POLYLINE
8
Layer 1
62
7
70
0
10
0.000000
20
0.000000
66
1
0
VERTEX
8
Layer 1
10
195.862346
20
249.096546
70
0
0
VERTEX
8
Layer 1
10
195.501299
20
248.560764
70
0
0
VERTEX
8
Layer 1
10
194.429185
20
247.588420
70
0
0
VERTEX
8
Layer 1
10
193.218164
20
246.655763
70
0
0
VERTEX
8
Layer 1
10
192.440399
20
246.239044
70
0
0
VERTEX
8
Layer 1
10
191.981788
20
246.984288
70
0
0
VERTEX
8
Layer 1
10
191.417343
20
248.814323
70
0
0
VERTEX
8
Layer 1
10
191.170398
20
249.802102
70
0
0
VERTEX
8
Layer 1
10
193.392900
20
249.555157
70
0
0
VERTEX
8
Layer 1
10
195.037727
20
249.339081
70
0
0
VERTEX
8
Layer 1
10
195.862346
20
249.096546
70
0
0
VERTEX
8
Layer 1
10
195.862346
20
249.096546
70
0
0
SEQEND
8
Layer 1
0
POLYLINE
8
Layer 1
62
7
70
0
10
0.000000
20
0.000000
66
1
0
VERTEX
8
Layer 1
10
204.611240
20
247.967656
70
0
0
VERTEX
8
Layer 1
10
210.008743
20
247.050433
70
0
0
VERTEX
8
Layer 1
10
210.836118
20
246.878454
70
0
0
VERTEX
8
Layer 1
10
211.309612
20
246.468350
70
0
0
VERTEX
8
Layer 1
10
211.591283
20
245.502620
70
0
0
VERTEX
8
Layer 1
10
211.843189
20
243.663765
70
0
0
VERTEX
8
Layer 1
10
212.054856
20
242.005708
70
0
0
VERTEX
8
Layer 1
10
209.832354
20
242.217375
70
0
0
VERTEX
8
Layer 1
10
206.643572
20
242.733313
70
0
0
VERTEX
8
Layer 1
10
201.678773
20
243.725501
70
0
0
VERTEX
8
Layer 1
10
196.998401
20
244.757376
70
0
0
VERTEX
8
Layer 1
10
194.662900
20
245.392377
70
0
0
VERTEX
8
Layer 1
10
194.699832
20
245.588058
70
0
0
VERTEX
8
Layer 1
10
195.037727
20
245.978870
70
0
0
VERTEX
8
Layer 1
10
196.391513
20
247.120989
70
0
0
VERTEX
8
Layer 1
10
197.899087
20
248.146250
70
0
0
VERTEX
8
Layer 1
10
198.567505
20
248.430677
70
0
0
VERTEX
8
Layer 1
10
199.297521
20
248.576198
70
0
0
VERTEX
8
Layer 1
10
201.297883
20
248.490209
70
0
0
VERTEX
8
Layer 1
10
204.611240
20
247.967656
70
0
0
VERTEX
8
Layer 1
10
204.611240
20
247.967656
70
0
0
SEQEND
8
Layer 1
0
POLYLINE
8
Layer 1
62
7
70
0
10
0.000000
20
0.000000
66
1
0
VERTEX
8
Layer 1
10
201.259849
20
242.182097
70
0
0
VERTEX
8
Layer 1
10
209.020965
20
240.241818
70
0
0
VERTEX
8
Layer 1
10
209.867632
20
239.977235
70
0
0
VERTEX
8
Layer 1
10
210.925966
20
239.818484
70
0
0
VERTEX
8
Layer 1
10
211.627112
20
239.722573
70
0
0
VERTEX
8
Layer 1
10
212.010759
20
239.474526
70
0
0
VERTEX
8
Layer 1
10
212.195967
20
238.895749
70
0
0
VERTEX
8
Layer 1
10
212.301800
20
237.807650
70
0
0
VERTEX
8
Layer 1
10
212.328259
20
236.017301
70
0
0
VERTEX
8
Layer 1
10
212.195967
20
234.385703
70
0
0
VERTEX
8
Layer 1
10
212.055958
20
233.585889
70
0
0
VERTEX
8
Layer 1
10
211.843189
20
233.120112
70
0
0
VERTEX
8
Layer 1
10
211.471670
20
232.872616
70
0
0
VERTEX
8
Layer 1
10
210.855411
20
232.727647
70
0
0
VERTEX
8
Layer 1
10
207.786242
20
232.022091
70
0
0
VERTEX
8
Layer 1
10
199.002070
20
229.940700
70
0
0
VERTEX
8
Layer 1
10
194.669515
20
229.015761
70
0
0
VERTEX
8
Layer 1
10
192.757899
20
228.705977
70
0
0
VERTEX
8
Layer 1
10
193.040122
20
232.515980
70
0
0
VERTEX
8
Layer 1
10
193.269427
20
236.189281
70
0
0
VERTEX
8
Layer 1
10
193.075399
20
239.889040
70
0
0
VERTEX
8
Layer 1
10
192.863733
20
243.875431
70
0
0
VERTEX
8
Layer 1
10
193.154774
20
244.020952
70
0
0
VERTEX
8
Layer 1
10
193.604566
20
243.981265
70
0
0
VERTEX
8
Layer 1
10
201.259849
20
242.182097
70
0
0
VERTEX
8
Layer 1
10
201.259849
20
242.182097
70
0
0
SEQEND
8
Layer 1
0
POLYLINE
8
Layer 1
62
7
70
0
10
0.000000
20
0.000000
66
1
0
VERTEX
8
Layer 1
10
180.269558
20
239.712651
70
0
0
VERTEX
8
Layer 1
10
180.250817
20
239.040168
70
0
0
VERTEX
8
Layer 1
10
180.146086
20
238.724873
70
0
0
VERTEX
8
Layer 1
10
179.882605
20
238.700619
70
0
0
VERTEX
8
Layer 1
10
179.387613
20
238.901262
70
0
0
VERTEX
8
Layer 1
10
178.797261
20
239.245771
70
0
0
VERTEX
8
Layer 1
10
178.554175
20
239.620047
70
0
0
VERTEX
8
Layer 1
10
178.648433
20
240.067083
70
0
0
VERTEX
8
Layer 1
10
179.070113
20
240.629874
70
0
0
VERTEX
8
Layer 1
10
179.584948
20
241.062027
70
0
0
VERTEX
8
Layer 1
10
179.960877
20
241.044388
70
0
0
VERTEX
8
Layer 1
10
180.191285
20
240.590186
70
0
0
VERTEX
8
Layer 1
10
180.269558
20
239.712651
70
0
0
VERTEX
8
Layer 1
10
180.269558
20
239.712651
70
0
0
SEQEND
8
Layer 1
0
POLYLINE
8
Layer 1
62
7
70
0
10
0.000000
20
0.000000
66
1
0
VERTEX
8
Layer 1
10
211.878467
20
229.764311
70
0
0
VERTEX
8
Layer 1
10
211.490411
20
227.118476
70
0
0
VERTEX
8
Layer 1
10
211.278744
20
225.425142
70
0
0
VERTEX
8
Layer 1
10
209.761799
20
225.425142
70
0
0
VERTEX
8
Layer 1
10
208.624090
20
225.332538
70
0
0
VERTEX
8
Layer 1
10
207.962631
20
225.107642
70
0
0
VERTEX
8
Layer 1
10
206.397179
20
224.732815
70
0
0
VERTEX
8
Layer 1
10
203.164850
20
224.331530
70
0
0
VERTEX
8
Layer 1
10
198.719847
20
223.908197
70
0
0
VERTEX
8
Layer 1
10
197.132346
20
225.001808
70
0
0
VERTEX
8
Layer 1
10
195.240574
20
226.501115
70
0
0
VERTEX
8
Layer 1
10
194.815587
20
227.035794
70
0
0
VERTEX
8
Layer 1
10
194.804012
20
227.365421
70
0
0
VERTEX
8
Layer 1
10
201.440648
20
228.877957
70
0
0
VERTEX
8
Layer 1
10
209.373743
20
230.469867
70
0
0
VERTEX
8
Layer 1
10
210.881318
20
230.652320
70
0
0
VERTEX
8
Layer 1
10
211.671210
20
230.633027
70
0
0
VERTEX
8
Layer 1
10
211.938549
20
230.355766
70
0
0
VERTEX
8
Layer 1
10
211.878467
20
229.764311
70
0
0
VERTEX
8
Layer 1
10
211.878467
20
229.764311
70
0
0
SEQEND
8
Layer 1
0
POLYLINE
8
Layer 1
62
7
70
0
10
0.000000
20
0.000000
66
1
0
VERTEX
8
Layer 1
10
194.486511
20
225.178197
70
0
0
VERTEX
8
Layer 1
10
195.910853
20
224.005211
70
0
0
VERTEX
8
Layer 1
10
195.860692
20
223.779212
70
0
0
VERTEX
8
Layer 1
10
195.403734
20
223.625974
70
0
0
VERTEX
8
Layer 1
10
193.004844
20
223.343752
70
0
0
VERTEX
8
Layer 1
10
191.487898
20
223.308474
70
0
0
VERTEX
8
Layer 1
10
191.734843
20
224.613753
70
0
0
VERTEX
8
Layer 1
10
192.096440
20
226.077781
70
0
0
VERTEX
8
Layer 1
10
192.290468
20
226.389769
70
0
0
VERTEX
8
Layer 1
10
192.510955
20
226.483476
70
0
0
VERTEX
8
Layer 1
10
194.486511
20
225.178197
70
0
0
VERTEX
8
Layer 1
10
194.486511
20
225.178197
70
0
0
SEQEND
8
Layer 1
0
POLYLINE
8
Layer 1
62
7
70
0
10
0.000000
20
0.000000
66
1
0
VERTEX
8
Layer 1
10
210.820133
20
222.638196
70
0
0
VERTEX
8
Layer 1
10
210.044021
20
219.780694
70
0
0
VERTEX
8
Layer 1
10
209.197354
20
217.205415
70
0
0
VERTEX
8
Layer 1
10
208.610861
20
217.240692
70
0
0
VERTEX
8
Layer 1
10
207.574575
20
217.699304
70
0
0
VERTEX
8
Layer 1
10
203.323600
20
220.547986
70
0
0
VERTEX
8
Layer 1
10
201.561915
20
221.886338
70
0
0
VERTEX
8
Layer 1
10
200.977627
20
222.497085
70
0
0
VERTEX
8
Layer 1
10
204.359886
20
222.924828
70
0
0
VERTEX
8
Layer 1
10
208.774020
20
223.167363
70
0
0
VERTEX
8
Layer 1
10
210.524681
20
223.074759
70
0
0
VERTEX
8
Layer 1
10
210.803045
20
222.914355
70
0
0
VERTEX
8
Layer 1
10
210.820133
20
222.638196
70
0
0
VERTEX
8
Layer 1
10
210.820133
20
222.638196
70
0
0
SEQEND
8
Layer 1
0
POLYLINE
8
Layer 1
62
7
70
0
10
0.000000
20
0.000000
66
1
0
VERTEX
8
Layer 1
10
297.039076
20
269.910448
70
0
0
VERTEX
8
Layer 1
10
296.456992
20
268.325703
70
0
0
VERTEX
8
Layer 1
10
296.399115
20
267.712131
70
0
0
VERTEX
8
Layer 1
10
296.509909
20
267.180828
70
0
0
VERTEX
8
Layer 1
10
296.799297
20
266.704095
70
0
0
VERTEX
8
Layer 1
10
297.277201
20
266.254235
70
0
0
VERTEX
8
Layer 1
10
298.838244
20
265.324334
70
0
0
VERTEX
8
Layer 1
10
301.524318
20
264.182215
70
0
0
VERTEX
8
Layer 1
10
302.590575
20
263.927829
70
0
0
VERTEX
8
Layer 1
10
303.499323
20
263.886763
70
0
0
VERTEX
8
Layer 1
10
304.270818
20
264.060672
70
0
0
VERTEX
8
Layer 1
10
304.925318
20
264.451208
70
0
0
VERTEX
8
Layer 1
10
305.483079
20
265.060026
70
0
0
VERTEX
8
Layer 1
10
305.964359
20
265.888779
70
0
0
VERTEX
8
Layer 1
10
306.511165
20
267.251384
70
0
0
VERTEX
8
Layer 1
10
306.460453
20
267.540772
70
0
0
VERTEX
8
Layer 1
10
306.211304
20
267.687946
70
0
0
VERTEX
8
Layer 1
10
301.977968
20
269.769337
70
0
0
VERTEX
8
Layer 1
10
298.062132
20
271.639060
70
0
0
VERTEX
8
Layer 1
10
297.039076
20
269.910448
70
0
0
VERTEX
8
Layer 1
10
297.039076
20
269.910448
70
0
0
SEQEND
8
Layer 1
0
POLYLINE
8
Layer 1
62
7
70
0
10
0.000000
20
0.000000
66
1
0
VERTEX
8
Layer 1
10
442.736390
20
254.564605
70
0
0
VERTEX
8
Layer 1
10
432.245654
20
250.234255
70
0
0
VERTEX
8
Layer 1
10
429.366655
20
248.819836
70
0
0
VERTEX
8
Layer 1
10
428.644631
20
248.355299
70
0
0
VERTEX
8
Layer 1
10
428.448881
20
248.073490
70
0
0
VERTEX
8
Layer 1
10
428.467622
20
247.499123
70
0
0
VERTEX
8
Layer 1
10
428.201936
20
246.865225
70
0
0
VERTEX
8
Layer 1
10
427.724584
20
246.297473
70
0
0
VERTEX
8
Layer 1
10
427.108325
20
245.921544
70
0
0
VERTEX
8
Layer 1
10
426.396705
20
245.823979
70
0
0
VERTEX
8
Layer 1
10
425.622247
20
245.961231
70
0
0
VERTEX
8
Layer 1
10
424.999925
20
246.263849
70
0
0
VERTEX
8
Layer 1
10
424.744712
20
246.662378
70
0
0
VERTEX
8
Layer 1
10
424.654519
20
246.779718
70
0
0
VERTEX
8
Layer 1
10
424.413431
20
246.708128
70
0
0
VERTEX
8
Layer 1
10
423.655510
20
246.155259
70
0
0
VERTEX
8
Layer 1
10
422.824828
20
245.317963
70
0
0
VERTEX
8
Layer 1
10
422.275266
20
244.510432
70
0
0
VERTEX
8
Layer 1
10
422.117067
20
242.845761
70
0
0
VERTEX
8
Layer 1
10
422.015092
20
238.733692
70
0
0
VERTEX
8
Layer 1
10
421.993044
20
222.426529
70
0
0
VERTEX
8
Layer 1
10
422.098877
20
201.259849
70
0
0
VERTEX
8
Layer 1
10
422.945544
20
199.390126
70
0
0
VERTEX
8
Layer 1
10
423.862767
20
197.811444
70
0
0
VERTEX
8
Layer 1
10
424.885823
20
196.603179
70
0
0
VERTEX
8
Layer 1
10
425.979435
20
195.685957
70
0
0
VERTEX
8
Layer 1
10
434.269718
20
195.897623
70
0
0
VERTEX
8
Layer 1
10
439.694782
20
196.068500
70
0
0
VERTEX
8
Layer 1
10
443.221460
20
196.417971
70
0
0
VERTEX
8
Layer 1
10
445.808866
20
197.098171
70
0
0
VERTEX
8
Layer 1
10
448.416116
20
198.261236
70
0
0
VERTEX
8
Layer 1
10
449.996933
20
199.102598
70
0
0
VERTEX
8
Layer 1
10
451.378900
20
200.017960
70
0
0
VERTEX
8
Layer 1
10
452.760039
20
201.253303
70
0
0
VERTEX
8
Layer 1
10
454.338376
20
203.054607
70
0
0
VERTEX
8
Layer 1
10
458.878740
20
209.339016
70
0
0
VERTEX
8
Layer 1
10
466.584183
20
220.839028
70
0
0
VERTEX
8
Layer 1
10
475.985716
20
235.205912
70
0
0
VERTEX
8
Layer 1
10
478.073721
20
238.658727
70
0
0
VERTEX
8
Layer 1
10
478.719746
20
240.100707
70
0
0
VERTEX
8
Layer 1
10
478.609503
20
241.311728
70
0
0
VERTEX
8
Layer 1
10
478.314051
20
242.512826
70
0
0
VERTEX
8
Layer 1
10
477.886308
20
243.548561
70
0
0
VERTEX
8
Layer 1
10
477.379190
20
244.263487
70
0
0
VERTEX
8
Layer 1
10
475.330872
20
245.230319
70
0
0
VERTEX
8
Layer 1
10
470.226616
20
247.315017
70
0
0
VERTEX
8
Layer 1
10
452.014451
20
254.388216
70
0
0
VERTEX
8
Layer 1
10
449.081984
20
255.353946
70
0
0
VERTEX
8
Layer 1
10
447.075559
20
255.764050
70
0
0
VERTEX
8
Layer 1
10
445.249933
20
255.389223
70
0
0
VERTEX
8
Layer 1
10
442.736390
20
254.564605
70
0
0
VERTEX
8
Layer 1
10
442.736390
20
254.564605
70
0
0
SEQEND
8
Layer 1
0
POLYLINE
8
Layer 1
62
7
70
0
10
0.000000
20
0.000000
66
1
0
VERTEX
8
Layer 1
10
450.497506
20
245.992099
70
0
0
VERTEX
8
Layer 1
10
452.545272
20
245.303631
70
0
0
VERTEX
8
Layer 1
10
454.391293
20
244.373730
70
0
0
VERTEX
8
Layer 1
10
456.098408
20
243.159402
70
0
0
VERTEX
8
Layer 1
10
457.729455
20
241.617652
70
0
0
VERTEX
8
Layer 1
10
459.216497
20
239.816486
70
0
0
VERTEX
8
Layer 1
10
460.418285
20
237.851196
70
0
0
VERTEX
8
Layer 1
10
461.327377
20
235.759401
70
0
0
VERTEX
8
Layer 1
10
461.936333
20
233.578724
70
0
0
VERTEX
8
Layer 1
10
462.237710
20
231.346783
70
0
0
VERTEX
8
Layer 1
10
462.224067
20
229.101199
70
0
0
VERTEX
8
Layer 1
10
461.887963
20
226.879593
70
0
0
VERTEX
8
Layer 1
10
461.221957
20
224.719586
70
0
0
VERTEX
8
Layer 1
10
460.293004
20
222.725667
70
0
0
VERTEX
8
Layer 1
10
459.161375
20
220.927498
70
0
0
VERTEX
8
Layer 1
10
457.849293
20
219.329834
70
0
0
VERTEX
8
Layer 1
10
456.378977
20
217.937429
70
0
0
VERTEX
8
Layer 1
10
454.772648
20
216.755037
70
0
0
VERTEX
8
Layer 1
10
453.052528
20
215.787412
70
0
0
VERTEX
8
Layer 1
10
451.240837
20
215.039309
70
0
0
VERTEX
8
Layer 1
10
449.359797
20
214.515482
70
0
0
VERTEX
8
Layer 1
10
447.431627
20
214.220685
70
0
0
VERTEX
8
Layer 1
10
445.478550
20
214.159673
70
0
0
VERTEX
8
Layer 1
10
443.522785
20
214.337199
70
0
0
VERTEX
8
Layer 1
10
441.586554
20
214.758017
70
0
0
VERTEX
8
Layer 1
10
439.692078
20
215.426883
70
0
0
VERTEX
8
Layer 1
10
437.861577
20
216.348550
70
0
0
VERTEX
8
Layer 1
10
436.117272
20
217.527772
70
0
0
VERTEX
8
Layer 1
10
434.481385
20
218.969305
70
0
0
VERTEX
8
Layer 1
10
433.313221
20
220.261423
70
0
0
VERTEX
8
Layer 1
10
432.299673
20
221.666403
70
0
0
VERTEX
8
Layer 1
10
431.446529
20
223.168121
70
0
0
VERTEX
8
Layer 1
10
430.759577
20
224.750454
70
0
0
VERTEX
8
Layer 1
10
430.244604
20
226.397280
70
0
0
VERTEX
8
Layer 1
10
429.907398
20
228.092474
70
0
0
VERTEX
8
Layer 1
10
429.753746
20
229.819915
70
0
0
VERTEX
8
Layer 1
10
429.789437
20
231.563479
70
0
0
VERTEX
8
Layer 1
10
430.235164
20
234.363655
70
0
0
VERTEX
8
Layer 1
10
431.145979
20
236.991851
70
0
0
VERTEX
8
Layer 1
10
432.477647
20
239.401765
70
0
0
VERTEX
8
Layer 1
10
434.185933
20
241.547097
70
0
0
VERTEX
8
Layer 1
10
436.226602
20
243.381542
70
0
0
VERTEX
8
Layer 1
10
438.555419
20
244.858800
70
0
0
VERTEX
8
Layer 1
10
441.128150
20
245.932568
70
0
0
VERTEX
8
Layer 1
10
443.900557
20
246.556544
70
0
0
VERTEX
8
Layer 1
10
445.506800
20
246.701514
70
0
0
VERTEX
8
Layer 1
10
447.066740
20
246.657968
70
0
0
VERTEX
8
Layer 1
10
448.692826
20
246.422599
70
0
0
VERTEX
8
Layer 1
10
450.497506
20
245.992099
70
0
0
VERTEX
8
Layer 1
10
450.497506
20
245.992099
70
0
0
SEQEND
8
Layer 1
0
POLYLINE
8
Layer 1
62
7
70
0
10
0.000000
20
0.000000
66
1
0
VERTEX
8
Layer 1
10
472.863631
20
241.088485
70
0
0
VERTEX
8
Layer 1
10
473.264916
20
240.559318
70
0
0
VERTEX
8
Layer 1
10
473.428076
20
240.030151
70
0
0
VERTEX
8
Layer 1
10
473.219165
20
239.449721
70
0
0
VERTEX
8
Layer 1
10
472.709291
20
238.826296
70
0
0
VERTEX
8
Layer 1
10
472.073739
20
238.328549
70
0
0
VERTEX
8
Layer 1
10
471.487797
20
238.125150
70
0
0
VERTEX
8
Layer 1
10
470.946503
20
238.320280
70
0
0
VERTEX
8
Layer 1
10
470.305991
20
238.786609
70
0
0
VERTEX
8
Layer 1
10
469.771312
20
239.345541
70
0
0
VERTEX
8
Layer 1
10
469.547518
20
239.818484
70
0
0
VERTEX
8
Layer 1
10
470.111963
20
240.876818
70
0
0
VERTEX
8
Layer 1
10
470.700661
20
241.410946
70
0
0
VERTEX
8
Layer 1
10
471.434880
20
241.630881
70
0
0
VERTEX
8
Layer 1
10
472.195558
20
241.526702
70
0
0
VERTEX
8
Layer 1
10
472.863631
20
241.088485
70
0
0
VERTEX
8
Layer 1
10
472.863631
20
241.088485
70
0
0
SEQEND
8
Layer 1
0
POLYLINE
8
Layer 1
62
7
70
0
10
0.000000
20
0.000000
66
1
0
VERTEX
8
Layer 1
10
427.637492
20
212.830967
70
0
0
VERTEX
8
Layer 1
10
428.006806
20
212.391166
70
0
0
VERTEX
8
Layer 1
10
428.197527
20
211.912091
70
0
0
VERTEX
8
Layer 1
10
428.222883
20
211.423921
70
0
0
VERTEX
8
Layer 1
10
428.096103
20
210.956834
70
0
0
VERTEX
8
Layer 1
10
427.830417
20
210.541011
70
0
0
VERTEX
8
Layer 1
10
427.439054
20
210.206630
70
0
0
VERTEX
8
Layer 1
10
426.935243
20
209.983870
70
0
0
VERTEX
8
Layer 1
10
426.332213
20
209.902910
70
0
0
VERTEX
8
Layer 1
10
425.611223
20
210.109065
70
0
0
VERTEX
8
Layer 1
10
425.009296
20
210.626105
70
0
0
VERTEX
8
Layer 1
10
424.645493
20
211.301895
70
0
0
VERTEX
8
Layer 1
10
424.638879
20
211.984300
70
0
0
VERTEX
8
Layer 1
10
425.181826
20
212.920264
70
0
0
VERTEX
8
Layer 1
10
425.913289
20
213.386593
70
0
0
VERTEX
8
Layer 1
10
426.757200
20
213.363442
70
0
0
VERTEX
8
Layer 1
10
427.637492
20
212.830967
70
0
0
VERTEX
8
Layer 1
10
427.637492
20
212.830967
70
0
0
SEQEND
8
Layer 1
0
POLYLINE
8
Layer 1
62
7
70
0
10
0.000000
20
0.000000
66
1
0
VERTEX
8
Layer 1
10
443.794724
20
244.757376
70
0
0
VERTEX
8
Layer 1
10
442.142800
20
244.380896
70
0
0
VERTEX
8
Layer 1
10
440.514440
20
243.769598
70
0
0
VERTEX
8
Layer 1
10
438.939823
20
242.946633
70
0
0
VERTEX
8
Layer 1
10
437.449130
20
241.935152
70
0
0
VERTEX
8
Layer 1
10
436.072538
20
240.758307
70
0
0
VERTEX
8
Layer 1
10
434.840226
20
239.439248
70
0
0
VERTEX
8
Layer 1
10
433.782374
20
238.001126
70
0
0
VERTEX
8
Layer 1
10
432.929162
20
236.467093
70
0
0
VERTEX
8
Layer 1
10
432.423146
20
235.255521
70
0
0
VERTEX
8
Layer 1
10
432.135411
20
234.103481
70
0
0
VERTEX
8
Layer 1
10
431.976661
20
230.364034
70
0
0
VERTEX
8
Layer 1
10
432.002568
20
228.084757
70
0
0
VERTEX
8
Layer 1
10
432.131001
20
226.602539
70
0
0
VERTEX
8
Layer 1
10
432.438028
20
225.457664
70
0
0
VERTEX
8
Layer 1
10
432.999717
20
224.190419
70
0
0
VERTEX
8
Layer 1
10
434.220522
20
222.162152
70
0
0
VERTEX
8
Layer 1
10
435.734849
20
220.379865
70
0
0
VERTEX
8
Layer 1
10
437.495570
20
218.867950
70
0
0
VERTEX
8
Layer 1
10
439.455555
20
217.650797
70
0
0
VERTEX
8
Layer 1
10
441.567675
20
216.752798
70
0
0
VERTEX
8
Layer 1
10
443.784802
20
216.198344
70
0
0
VERTEX
8
Layer 1
10
446.059807
20
216.011826
70
0
0
VERTEX
8
Layer 1
10
448.345560
20
216.217636
70
0
0
VERTEX
8
Layer 1
10
450.365972
20
216.723308
70
0
0
VERTEX
8
Layer 1
10
452.218952
20
217.445193
70
0
0
VERTEX
8
Layer 1
10
453.902434
20
218.381226
70
0
0
VERTEX
8
Layer 1
10
455.414349
20
219.529340
70
0
0
VERTEX
8
Layer 1
10
456.752632
20
220.887466
70
0
0
VERTEX
8
Layer 1
10
457.915215
20
222.453539
70
0
0
VERTEX
8
Layer 1
10
458.900030
20
224.225490
70
0
0
VERTEX
8
Layer 1
10
459.705012
20
226.201254
70
0
0
VERTEX
8
Layer 1
10
460.269457
20
228.551637
70
0
0
VERTEX
8
Layer 1
10
460.304734
20
231.245979
70
0
0
VERTEX
8
Layer 1
10
460.137148
20
232.824376
70
0
0
VERTEX
8
Layer 1
10
459.812361
20
234.339883
70
0
0
VERTEX
8
Layer 1
10
459.339366
20
235.785007
70
0
0
VERTEX
8
Layer 1
10
458.727155
20
237.152254
70
0
0
VERTEX
8
Layer 1
10
457.984720
20
238.434132
70
0
0
VERTEX
8
Layer 1
10
457.121051
20
239.623147
70
0
0
VERTEX
8
Layer 1
10
455.065981
20
241.692618
70
0
0
VERTEX
8
Layer 1
10
452.633880
20
243.300720
70
0
0
VERTEX
8
Layer 1
10
451.298922
20
243.913026
70
0
0
VERTEX
8
Layer 1
10
449.896681
20
244.387511
70
0
0
VERTEX
8
Layer 1
10
448.436149
20
244.716681
70
0
0
VERTEX
8
Layer 1
10
446.926318
20
244.893044
70
0
0
VERTEX
8
Layer 1
10
445.376179
20
244.909107
70
0
0
VERTEX
8
Layer 1
10
443.794724
20
244.757376
70
0
0
VERTEX
8
Layer 1
10
443.794724
20
244.757376
70
0
0
SEQEND
8
Layer 1
0
POLYLINE
8
Layer 1
62
7
70
0
10
0.000000
20
0.000000
66
1
0
VERTEX
8
Layer 1
10
437.268331
20
230.540423
70
0
0
VERTEX
8
Layer 1
10
437.122810
20
229.763209
70
0
0
VERTEX
8
Layer 1
10
436.712706
20
229.243964
70
0
0
VERTEX
8
Layer 1
10
436.077705
20
229.002531
70
0
0
VERTEX
8
Layer 1
10
435.257496
20
229.058755
70
0
0
VERTEX
8
Layer 1
10
434.731912
20
229.287579
70
0
0
VERTEX
8
Layer 1
10
434.346888
20
229.632571
70
0
0
VERTEX
8
Layer 1
10
434.104078
20
230.057765
70
0
0
VERTEX
8
Layer 1
10
434.005134
20
230.527194
70
0
0
VERTEX
8
Layer 1
10
434.051712
20
231.004891
70
0
0
VERTEX
8
Layer 1
10
434.245465
20
231.454890
70
0
0
VERTEX
8
Layer 1
10
434.588045
20
231.841223
70
0
0
VERTEX
8
Layer 1
10
435.081107
20
232.127924
70
0
0
VERTEX
8
Layer 1
10
435.884229
20
232.227143
70
0
0
VERTEX
8
Layer 1
10
436.584824
20
231.942716
70
0
0
VERTEX
8
Layer 1
10
437.080366
20
231.354017
70
0
0
VERTEX
8
Layer 1
10
437.268331
20
230.540423
70
0
0
VERTEX
8
Layer 1
10
437.268331
20
230.540423
70
0
0
SEQEND
8
Layer 1
0
POLYLINE
8
Layer 1
62
7
70
0
10
0.000000
20
0.000000
66
1
0
VERTEX
8
Layer 1
10
457.235566
20
231.810424
70
0
0
VERTEX
8
Layer 1
10
457.650080
20
231.432290
70
0
0
VERTEX
8
Layer 1
10
457.852927
20
231.087229
70
0
0
VERTEX
8
Layer 1
10
457.870566
20
230.689251
70
0
0
VERTEX
8
Layer 1
10
457.729455
20
230.152367
70
0
0
VERTEX
8
Layer 1
10
457.403135
20
229.565736
70
0
0
VERTEX
8
Layer 1
10
456.937909
20
229.176716
70
0
0
VERTEX
8
Layer 1
10
456.390001
20
228.977865
70
0
0
VERTEX
8
Layer 1
10
455.815634
20
228.961741
70
0
0
VERTEX
8
Layer 1
10
455.271033
20
229.120905
70
0
0
VERTEX
8
Layer 1
10
454.812422
20
229.447914
70
0
0
VERTEX
8
Layer 1
10
454.496024
20
229.935326
70
0
0
VERTEX
8
Layer 1
10
454.378064
20
230.575701
70
0
0
VERTEX
8
Layer 1
10
454.564926
20
231.171014
70
0
0
VERTEX
8
Layer 1
10
455.026294
20
231.792785
70
0
0
VERTEX
8
Layer 1
10
455.613338
20
232.282264
70
0
0
VERTEX
8
Layer 1
10
456.177232
20
232.480702
70
0
0
VERTEX
8
Layer 1
10
457.235566
20
231.810424
70
0
0
VERTEX
8
Layer 1
10
457.235566
20
231.810424
70
0
0
SEQEND
8
Layer 1
0
POLYLINE
8
Layer 1
62
7
70
0
10
0.000000
20
0.000000
66
1
0
VERTEX
8
Layer 1
10
251.918770
20
214.630135
70
0
0
VERTEX
8
Layer 1
10
251.466773
20
214.234362
70
0
0
VERTEX
8
Layer 1
10
251.239672
20
213.739371
70
0
0
VERTEX
8
Layer 1
10
251.248492
20
211.525689
70
0
0
VERTEX
8
Layer 1
10
251.391256
20
210.161430
70
0
0
VERTEX
8
Layer 1
10
251.649777
20
208.998916
70
0
0
VERTEX
8
Layer 1
10
252.765437
20
206.445686
70
0
0
VERTEX
8
Layer 1
10
253.723588
20
204.843164
70
0
0
VERTEX
8
Layer 1
10
254.867773
20
203.296040
70
0
0
VERTEX
8
Layer 1
10
256.142597
20
201.853095
70
0
0
VERTEX
8
Layer 1
10
257.492662
20
200.563112
70
0
0
VERTEX
8
Layer 1
10
258.862571
20
199.474875
70
0
0
VERTEX
8
Layer 1
10
260.196926
20
198.637165
70
0
0
VERTEX
8
Layer 1
10
261.440331
20
198.098765
70
0
0
VERTEX
8
Layer 1
10
262.537388
20
197.908458
70
0
0
VERTEX
8
Layer 1
10
263.376751
20
198.080368
70
0
0
VERTEX
8
Layer 1
10
264.013543
20
198.569366
70
0
0
VERTEX
8
Layer 1
10
264.443629
20
199.335349
70
0
0
VERTEX
8
Layer 1
10
264.662875
20
200.338216
70
0
0
VERTEX
8
Layer 1
10
264.667147
20
201.537868
70
0
0
VERTEX
8
Layer 1
10
264.452311
20
202.894203
70
0
0
VERTEX
8
Layer 1
10
264.014232
20
204.367120
70
0
0
VERTEX
8
Layer 1
10
263.348777
20
205.916519
70
0
0
VERTEX
8
Layer 1
10
261.913412
20
208.307692
70
0
0
VERTEX
8
Layer 1
10
260.041483
20
210.652563
70
0
0
VERTEX
8
Layer 1
10
257.971117
20
212.693163
70
0
0
VERTEX
8
Layer 1
10
255.940439
20
214.171524
70
0
0
VERTEX
8
Layer 1
10
254.627443
20
214.848417
70
0
0
VERTEX
8
Layer 1
10
253.612104
20
215.141663
70
0
0
VERTEX
8
Layer 1
10
252.755515
20
215.064493
70
0
0
VERTEX
8
Layer 1
10
251.918770
20
214.630135
70
0
0
VERTEX
8
Layer 1
10
251.918770
20
214.630135
70
0
0
SEQEND
8
Layer 1
0
POLYLINE
8
Layer 1
62
7
70
0
10
0.000000
20
0.000000
66
1
0
VERTEX
8
Layer 1
10
511.422267
20
205.704852
70
0
0
VERTEX
8
Layer 1
10
509.961545
20
204.511470
70
0
0
VERTEX
8
Layer 1
10
508.996918
20
203.116343
70
0
0
VERTEX
8
Layer 1
10
508.495312
20
201.463248
70
0
0
VERTEX
8
Layer 1
10
508.423654
20
199.495959
70
0
0
VERTEX
8
Layer 1
10
508.736744
20
197.480715
70
0
0
VERTEX
8
Layer 1
10
509.063615
20
196.722793
70
0
0
VERTEX
8
Layer 1
10
509.552543
20
195.968179
70
0
0
VERTEX
8
Layer 1
10
510.592067
20
194.844526
70
0
0
VERTEX
8
Layer 1
10
511.756854
20
193.990417
70
0
0
VERTEX
8
Layer 1
10
513.013419
20
193.410814
70
0
0
VERTEX
8
Layer 1
10
514.328275
20
193.110677
70
0
0
VERTEX
8
Layer 1
10
515.667936
20
193.094968
70
0
0
VERTEX
8
Layer 1
10
516.998915
20
193.368646
70
0
0
VERTEX
8
Layer 1
10
518.287726
20
193.936674
70
0
0
VERTEX
8
Layer 1
10
519.500883
20
194.804012
70
0
0
VERTEX
8
Layer 1
10
520.573548
20
195.904789
70
0
0
VERTEX
8
Layer 1
10
521.282412
20
197.048562
70
0
0
VERTEX
8
Layer 1
10
521.673775
20
198.331240
70
0
0
VERTEX
8
Layer 1
10
521.793940
20
199.848737
70
0
0
VERTEX
8
Layer 1
10
521.667711
20
201.319242
70
0
0
VERTEX
8
Layer 1
10
521.300051
20
202.650015
70
0
0
VERTEX
8
Layer 1
10
520.707494
20
203.823691
70
0
0
VERTEX
8
Layer 1
10
519.906578
20
204.822907
70
0
0
VERTEX
8
Layer 1
10
518.913838
20
205.630300
70
0
0
VERTEX
8
Layer 1
10
517.745812
20
206.228507
70
0
0
VERTEX
8
Layer 1
10
516.419036
20
206.600164
70
0
0
VERTEX
8
Layer 1
10
514.950047
20
206.727908
70
0
0
VERTEX
8
Layer 1
10
513.120011
20
206.520651
70
0
0
VERTEX
8
Layer 1
10
511.422267
20
205.704852
70
0
0
VERTEX
8
Layer 1
10
511.422267
20
205.704852
70
0
0
SEQEND
8
Layer 1
0
POLYLINE
8
Layer 1
62
7
70
0
10
0.000000
20
0.000000
66
1
0
VERTEX
8
Layer 1
10
254.141271
20
199.495959
70
0
0
VERTEX
8
Layer 1
10
254.026618
20
197.952555
70
0
0
VERTEX
8
Layer 1
10
254.070716
20
195.509568
70
0
0
VERTEX
8
Layer 1
10
254.192534
20
193.805760
70
0
0
VERTEX
8
Layer 1
10
254.410264
20
192.541823
70
0
0
VERTEX
8
Layer 1
10
254.819818
20
191.377104
70
0
0
VERTEX
8
Layer 1
10
255.517105
20
189.970953
70
0
0
VERTEX
8
Layer 1
10
256.822384
20
187.501507
70
0
0
VERTEX
8
Layer 1
10
260.914609
20
185.455395
70
0
0
VERTEX
8
Layer 1
10
264.971556
20
183.444560
70
0
0
VERTEX
8
Layer 1
10
266.171001
20
186.090395
70
0
0
VERTEX
8
Layer 1
10
268.283259
20
191.329148
70
0
0
VERTEX
8
Layer 1
10
269.522392
20
195.086234
70
0
0
VERTEX
8
Layer 1
10
268.353815
20
195.337588
70
0
0
VERTEX
8
Layer 1
10
265.571278
20
195.509568
70
0
0
VERTEX
8
Layer 1
10
262.631645
20
195.720132
70
0
0
VERTEX
8
Layer 1
10
260.416310
20
196.241582
70
0
0
VERTEX
8
Layer 1
10
258.511860
20
197.226053
70
0
0
VERTEX
8
Layer 1
10
256.504884
20
198.825681
70
0
0
VERTEX
8
Layer 1
10
254.564605
20
200.377904
70
0
0
VERTEX
8
Layer 1
10
254.141271
20
199.495959
70
0
0
VERTEX
8
Layer 1
10
254.141271
20
199.495959
70
0
0
SEQEND
8
Layer 1
0
POLYLINE
8
Layer 1
62
7
70
0
10
0.000000
20
0.000000
66
1
0
VERTEX
8
Layer 1
10
271.603782
20
192.369843
70
0
0
VERTEX
8
Layer 1
10
271.325418
20
191.849427
70
0
0
VERTEX
8
Layer 1
10
271.149581
20
191.116930
70
0
0
VERTEX
8
Layer 1
10
271.092254
20
189.225709
70
0
0
VERTEX
8
Layer 1
10
271.405345
20
187.116207
70
0
0
VERTEX
8
Layer 1
10
272.062394
20
185.208450
70
0
0
VERTEX
8
Layer 1
10
272.881638
20
183.737738
70
0
0
VERTEX
8
Layer 1
10
273.880303
20
182.266612
70
0
0
VERTEX
8
Layer 1
10
276.233993
20
179.506676
70
0
0
VERTEX
8
Layer 1
10
278.759663
20
177.295750
70
0
0
VERTEX
8
Layer 1
10
279.973302
20
176.510888
70
0
0
VERTEX
8
Layer 1
10
281.093510
20
176.000944
70
0
0
VERTEX
8
Layer 1
10
282.046838
20
175.794927
70
0
0
VERTEX
8
Layer 1
10
282.886064
20
175.827862
70
0
0
VERTEX
8
Layer 1
10
283.596305
20
176.084040
70
0
0
VERTEX
8
Layer 1
10
284.162679
20
176.547750
70
0
0
VERTEX
8
Layer 1
10
284.570303
20
177.203283
70
0
0
VERTEX
8
Layer 1
10
284.804294
20
178.034930
70
0
0
VERTEX
8
Layer 1
10
284.849769
20
179.026980
70
0
0
VERTEX
8
Layer 1
10
284.691846
20
180.163725
70
0
0
VERTEX
8
Layer 1
10
283.984843
20
182.304164
70
0
0
VERTEX
8
Layer 1
10
282.878898
20
184.501240
70
0
0
VERTEX
8
Layer 1
10
281.467855
20
186.649534
70
0
0
VERTEX
8
Layer 1
10
279.845558
20
188.643626
70
0
0
VERTEX
8
Layer 1
10
278.105853
20
190.378095
70
0
0
VERTEX
8
Layer 1
10
276.342583
20
191.747521
70
0
0
VERTEX
8
Layer 1
10
274.649593
20
192.646485
70
0
0
VERTEX
8
Layer 1
10
273.120728
20
192.969566
70
0
0
VERTEX
8
Layer 1
10
272.243192
20
192.801996
70
0
0
VERTEX
8
Layer 1
10
271.603782
20
192.369843
70
0
0
VERTEX
8
Layer 1
10
271.603782
20
192.369843
70
0
0
SEQEND
8
Layer 1
 0 
ENDSEC
 0 
EOF