999
"DXF R12 Output" (www.mydxf.blogspot.com)
 0 
SECTION
 2 
HEADER
 9 
$ACADVER
 1 
AC1009
 9 
$EXTMIN
 10 
 0 
 20 
 0 
 9 
$EXTMAX
 10 
 8.5 
 20 
 11 
 0 
ENDSEC
 0 
SECTION
 2 
ENTITIES
0
POLYLINE
8
Layer 1
62
7
70
0
10
0.000000
20
0.000000
66
1
0
VERTEX
8
Layer 1
10
469.018351
20
575.451474
70
0
0
VERTEX
8
Layer 1
10
465.583175
20
574.119737
70
0
0
VERTEX
8
Layer 1
10
459.422789
20
571.253415
70
0
0
VERTEX
8
Layer 1
10
456.225739
20
569.511574
70
0
0
VERTEX
8
Layer 1
10
454.378064
20
568.113691
70
0
0
VERTEX
8
Layer 1
10
453.319730
20
566.914246
70
0
0
VERTEX
8
Layer 1
10
454.060564
20
565.079800
70
0
0
VERTEX
8
Layer 1
10
455.083620
20
562.680910
70
0
0
VERTEX
8
Layer 1
10
455.207092
20
562.355142
70
0
0
VERTEX
8
Layer 1
10
455.118898
20
562.138514
70
0
0
VERTEX
8
Layer 1
10
454.095842
20
561.834243
70
0
0
VERTEX
8
Layer 1
10
450.920840
20
561.622576
70
0
0
VERTEX
8
Layer 1
10
448.998199
20
561.367363
70
0
0
VERTEX
8
Layer 1
10
446.678684
20
560.665666
70
0
0
VERTEX
8
Layer 1
10
444.213648
20
559.613395
70
0
0
VERTEX
8
Layer 1
10
441.854445
20
558.306463
70
0
0
VERTEX
8
Layer 1
10
440.357343
20
557.118042
70
0
0
VERTEX
8
Layer 1
10
439.296805
20
555.757642
70
0
0
VERTEX
8
Layer 1
10
438.659599
20
554.198804
70
0
0
VERTEX
8
Layer 1
10
438.432498
20
552.415070
70
0
0
VERTEX
8
Layer 1
10
438.397221
20
550.651180
70
0
0
VERTEX
8
Layer 1
10
429.824715
20
545.535899
70
0
0
VERTEX
8
Layer 1
10
423.677559
20
541.950793
70
0
0
VERTEX
8
Layer 1
10
420.864154
20
540.455896
70
0
0
VERTEX
8
Layer 1
10
419.276653
20
539.926729
70
0
0
VERTEX
8
Layer 1
10
418.556791
20
539.458394
70
0
0
VERTEX
8
Layer 1
10
418.005756
20
538.849034
70
0
0
VERTEX
8
Layer 1
10
417.615436
20
538.121334
70
0
0
VERTEX
8
Layer 1
10
417.377715
20
537.297982
70
0
0
VERTEX
8
Layer 1
10
417.327623
20
535.455061
70
0
0
VERTEX
8
Layer 1
10
417.790576
20
533.501760
70
0
0
VERTEX
8
Layer 1
10
418.701666
20
531.619565
70
0
0
VERTEX
8
Layer 1
10
419.995989
20
529.989965
70
0
0
VERTEX
8
Layer 1
10
420.766580
20
529.326603
70
0
0
VERTEX
8
Layer 1
10
421.608640
20
528.794447
70
0
0
VERTEX
8
Layer 1
10
422.514054
20
528.416184
70
0
0
VERTEX
8
Layer 1
10
423.474711
20
528.214499
70
0
0
VERTEX
8
Layer 1
10
424.401856
20
528.141739
70
0
0
VERTEX
8
Layer 1
10
425.044573
20
528.240958
70
0
0
VERTEX
8
Layer 1
10
425.607916
20
528.591531
70
0
0
VERTEX
8
Layer 1
10
426.296935
20
529.272833
70
0
0
VERTEX
8
Layer 1
10
428.307770
20
530.864744
70
0
0
VERTEX
8
Layer 1
10
431.482772
20
532.906447
70
0
0
VERTEX
8
Layer 1
10
438.679443
20
537.280894
70
0
0
VERTEX
8
Layer 1
10
443.371390
20
540.067840
70
0
0
VERTEX
8
Layer 1
10
444.888336
20
540.843952
70
0
0
VERTEX
8
Layer 1
10
446.123059
20
539.785618
70
0
0
VERTEX
8
Layer 1
10
447.269587
20
538.996277
70
0
0
VERTEX
8
Layer 1
10
448.310282
20
538.656728
70
0
0
VERTEX
8
Layer 1
10
448.822913
20
538.581212
70
0
0
VERTEX
8
Layer 1
10
449.289241
20
538.317179
70
0
0
VERTEX
8
Layer 1
10
450.321117
20
536.998672
70
0
0
VERTEX
8
Layer 1
10
451.113214
20
535.935377
70
0
0
VERTEX
8
Layer 1
10
452.007837
20
535.047368
70
0
0
VERTEX
8
Layer 1
10
453.004986
20
534.334646
70
0
0
VERTEX
8
Layer 1
10
454.104661
20
533.797211
70
0
0
VERTEX
8
Layer 1
10
455.306862
20
533.435063
70
0
0
VERTEX
8
Layer 1
10
456.611590
20
533.248200
70
0
0
VERTEX
8
Layer 1
10
458.018843
20
533.236625
70
0
0
VERTEX
8
Layer 1
10
459.528623
20
533.400336
70
0
0
VERTEX
8
Layer 1
10
463.160583
20
534.306534
70
0
0
VERTEX
8
Layer 1
10
468.687622
20
535.966796
70
0
0
VERTEX
8
Layer 1
10
474.088984
20
537.746120
70
0
0
VERTEX
8
Layer 1
10
477.343912
20
539.009506
70
0
0
VERTEX
8
Layer 1
10
478.459572
20
539.538673
70
0
0
VERTEX
8
Layer 1
10
479.178357
20
539.750340
70
0
0
VERTEX
8
Layer 1
10
480.263150
20
538.370096
70
0
0
VERTEX
8
Layer 1
10
482.247526
20
535.058393
70
0
0
VERTEX
8
Layer 1
10
495.829479
20
511.175322
70
0
0
VERTEX
8
Layer 1
10
502.320594
20
499.815870
70
0
0
VERTEX
8
Layer 1
10
503.449484
20
497.805036
70
0
0
VERTEX
8
Layer 1
10
501.826705
20
496.146979
70
0
0
VERTEX
8
Layer 1
10
500.675767
20
494.696180
70
0
0
VERTEX
8
Layer 1
10
500.239204
20
493.642255
70
0
0
VERTEX
8
Layer 1
10
500.511780
20
492.995611
70
0
0
VERTEX
8
Layer 1
10
501.242416
20
491.921911
70
0
0
VERTEX
8
Layer 1
10
503.555317
20
489.087009
70
0
0
VERTEX
8
Layer 1
10
506.132801
20
486.324868
70
0
0
VERTEX
8
Layer 1
10
507.194167
20
485.342119
70
0
0
VERTEX
8
Layer 1
10
507.929764
20
484.822805
70
0
0
VERTEX
8
Layer 1
10
509.504036
20
484.465618
70
0
0
VERTEX
8
Layer 1
10
511.951434
20
484.187805
70
0
0
VERTEX
8
Layer 1
10
513.719182
20
484.015826
70
0
0
VERTEX
8
Layer 1
10
514.795706
20
483.764471
70
0
0
VERTEX
8
Layer 1
10
515.587803
20
483.274992
70
0
0
VERTEX
8
Layer 1
10
516.502270
20
482.388637
70
0
0
VERTEX
8
Layer 1
10
518.019215
20
480.836414
70
0
0
VERTEX
8
Layer 1
10
516.643381
20
479.425302
70
0
0
VERTEX
8
Layer 1
10
515.267547
20
478.014190
70
0
0
VERTEX
8
Layer 1
10
514.526713
20
478.719746
70
0
0
VERTEX
8
Layer 1
10
513.838796
20
479.218045
70
0
0
VERTEX
8
Layer 1
10
513.256712
20
479.425302
70
0
0
VERTEX
8
Layer 1
10
512.762547
20
479.178151
70
0
0
VERTEX
8
Layer 1
10
511.942614
20
478.519655
70
0
0
VERTEX
8
Layer 1
10
509.808307
20
476.466377
70
0
0
VERTEX
8
Layer 1
10
507.819521
20
474.260963
70
0
0
VERTEX
8
Layer 1
10
507.181489
20
473.412297
70
0
0
VERTEX
8
Layer 1
10
506.941986
20
472.898909
70
0
0
VERTEX
8
Layer 1
10
507.166882
20
472.202172
70
0
0
VERTEX
8
Layer 1
10
507.682820
20
471.452519
70
0
0
VERTEX
8
Layer 1
10
508.423654
20
470.641130
70
0
0
VERTEX
8
Layer 1
10
507.647542
20
469.582796
70
0
0
VERTEX
8
Layer 1
10
507.166882
20
468.612656
70
0
0
VERTEX
8
Layer 1
10
507.083097
20
467.854184
70
0
0
VERTEX
8
Layer 1
10
507.947403
20
466.703245
70
0
0
VERTEX
8
Layer 1
10
509.764210
20
464.785015
70
0
0
VERTEX
8
Layer 1
10
511.947024
20
462.813868
70
0
0
VERTEX
8
Layer 1
10
512.487766
20
462.617084
70
0
0
VERTEX
8
Layer 1
10
512.939212
20
462.774180
70
0
0
VERTEX
8
Layer 1
10
513.517988
20
463.097744
70
0
0
VERTEX
8
Layer 1
10
513.812338
20
463.140188
70
0
0
VERTEX
8
Layer 1
10
513.881791
20
462.858516
70
0
0
VERTEX
8
Layer 1
10
513.785879
20
462.209736
70
0
0
VERTEX
8
Layer 1
10
513.746192
20
461.644740
70
0
0
VERTEX
8
Layer 1
10
513.944629
20
461.076436
70
0
0
VERTEX
8
Layer 1
10
515.373380
20
459.387512
70
0
0
VERTEX
8
Layer 1
10
517.172548
20
457.411955
70
0
0
VERTEX
8
Layer 1
10
509.821536
20
452.667091
70
0
0
VERTEX
8
Layer 1
10
502.285316
20
448.028060
70
0
0
VERTEX
8
Layer 1
10
502.020733
20
448.786533
70
0
0
VERTEX
8
Layer 1
10
501.650316
20
450.603339
70
0
0
VERTEX
8
Layer 1
10
501.011457
20
453.526987
70
0
0
VERTEX
8
Layer 1
10
500.084864
20
456.688760
70
0
0
VERTEX
8
Layer 1
10
499.006135
20
459.691783
70
0
0
VERTEX
8
Layer 1
10
497.910869
20
462.139180
70
0
0
VERTEX
8
Layer 1
10
496.511608
20
464.430308
70
0
0
VERTEX
8
Layer 1
10
494.779964
20
466.597412
70
0
0
VERTEX
8
Layer 1
10
492.763893
20
468.605766
70
0
0
VERTEX
8
Layer 1
10
490.511351
20
470.420644
70
0
0
VERTEX
8
Layer 1
10
488.070292
20
472.007318
70
0
0
VERTEX
8
Layer 1
10
485.488674
20
473.331062
70
0
0
VERTEX
8
Layer 1
10
482.814451
20
474.357150
70
0
0
VERTEX
8
Layer 1
10
480.095580
20
475.050855
70
0
0
VERTEX
8
Layer 1
10
476.990031
20
475.409145
70
0
0
VERTEX
8
Layer 1
10
473.454534
20
475.430091
70
0
0
VERTEX
8
Layer 1
10
469.826433
20
475.120308
70
0
0
VERTEX
8
Layer 1
10
466.443072
20
474.486410
70
0
0
VERTEX
8
Layer 1
10
463.338625
20
473.780854
70
0
0
VERTEX
8
Layer 1
10
463.276889
20
474.235056
70
0
0
VERTEX
8
Layer 1
10
463.373903
20
475.297799
70
0
0
VERTEX
8
Layer 1
10
463.435639
20
476.647175
70
0
0
VERTEX
8
Layer 1
10
463.294528
20
477.073816
70
0
0
VERTEX
8
Layer 1
10
463.021125
20
477.414467
70
0
0
VERTEX
8
Layer 1
10
462.167843
20
478.016395
70
0
0
VERTEX
8
Layer 1
10
461.063207
20
478.234676
70
0
0
VERTEX
8
Layer 1
10
459.508779
20
478.069312
70
0
0
VERTEX
8
Layer 1
10
457.306121
20
477.520301
70
0
0
VERTEX
8
Layer 1
10
454.456888
20
476.619063
70
0
0
VERTEX
8
Layer 1
10
451.816014
20
475.575612
70
0
0
VERTEX
8
Layer 1
10
449.274359
20
474.340338
70
0
0
VERTEX
8
Layer 1
10
446.722781
20
472.863631
70
0
0
VERTEX
8
Layer 1
10
444.794629
20
471.545123
70
0
0
VERTEX
8
Layer 1
10
443.441946
20
470.332449
70
0
0
VERTEX
8
Layer 1
10
442.644888
20
469.212379
70
0
0
VERTEX
8
Layer 1
10
442.383612
20
468.171684
70
0
0
VERTEX
8
Layer 1
10
442.546772
20
467.388958
70
0
0
VERTEX
8
Layer 1
10
442.974515
20
466.698836
70
0
0
VERTEX
8
Layer 1
10
443.574238
20
466.207151
70
0
0
VERTEX
8
Layer 1
10
444.253335
20
466.019738
70
0
0
VERTEX
8
Layer 1
10
444.667023
20
465.966959
70
0
0
VERTEX
8
Layer 1
10
444.850853
20
465.809174
70
0
0
VERTEX
8
Layer 1
10
444.806480
20
465.547208
70
0
0
VERTEX
8
Layer 1
10
444.535558
20
465.181890
70
0
0
VERTEX
8
Layer 1
10
443.320679
20
464.144502
70
0
0
VERTEX
8
Layer 1
10
441.219445
20
462.703625
70
0
0
VERTEX
8
Layer 1
10
434.855109
20
458.366660
70
0
0
VERTEX
8
Layer 1
10
427.981450
20
453.143341
70
0
0
VERTEX
8
Layer 1
10
420.909354
20
447.285021
70
0
0
VERTEX
8
Layer 1
10
413.949705
20
441.043056
70
0
0
VERTEX
8
Layer 1
10
408.104890
20
435.287193
70
0
0
VERTEX
8
Layer 1
10
402.228656
20
428.948834
70
0
0
VERTEX
8
Layer 1
10
396.504557
20
422.268996
70
0
0
VERTEX
8
Layer 1
10
391.116149
20
415.488699
70
0
0
VERTEX
8
Layer 1
10
386.246986
20
408.848963
70
0
0
VERTEX
8
Layer 1
10
382.080623
20
402.590805
70
0
0
VERTEX
8
Layer 1
10
378.800614
20
396.955245
70
0
0
VERTEX
8
Layer 1
10
377.550354
20
394.446258
70
0
0
VERTEX
8
Layer 1
10
376.590515
20
392.183303
70
0
0
VERTEX
8
Layer 1
10
375.869525
20
389.839534
70
0
0
VERTEX
8
Layer 1
10
375.505723
20
387.641286
70
0
0
VERTEX
8
Layer 1
10
375.499108
20
385.535642
70
0
0
VERTEX
8
Layer 1
10
375.849681
20
383.469686
70
0
0
VERTEX
8
Layer 1
10
376.180411
20
381.811629
70
0
0
VERTEX
8
Layer 1
10
376.167181
20
381.000240
70
0
0
VERTEX
8
Layer 1
10
372.886346
20
378.530794
70
0
0
VERTEX
8
Layer 1
10
367.947454
20
374.650236
70
0
0
VERTEX
8
Layer 1
10
363.961063
20
371.510512
70
0
0
VERTEX
8
Layer 1
10
361.914950
20
370.028844
70
0
0
VERTEX
8
Layer 1
10
360.398005
20
370.734400
70
0
0
VERTEX
8
Layer 1
10
359.103751
20
371.251440
70
0
0
VERTEX
8
Layer 1
10
357.902100
20
371.431137
70
0
0
VERTEX
8
Layer 1
10
356.687221
20
371.280104
70
0
0
VERTEX
8
Layer 1
10
355.353279
20
370.804956
70
0
0
VERTEX
8
Layer 1
10
353.871612
20
370.099400
70
0
0
VERTEX
8
Layer 1
10
353.765778
20
371.757456
70
0
0
VERTEX
8
Layer 1
10
353.412449
20
373.202193
70
0
0
VERTEX
8
Layer 1
10
353.047062
20
373.761056
70
0
0
VERTEX
8
Layer 1
10
352.553104
20
374.213673
70
0
0
VERTEX
8
Layer 1
10
351.171206
20
374.808435
70
0
0
VERTEX
8
Layer 1
10
349.250220
20
375.003014
70
0
0
VERTEX
8
Layer 1
10
347.532150
20
374.878164
70
0
0
VERTEX
8
Layer 1
10
345.606134
20
374.480462
70
0
0
VERTEX
8
Layer 1
10
343.393209
20
373.775181
70
0
0
VERTEX
8
Layer 1
10
340.814416
20
372.727596
70
0
0
VERTEX
8
Layer 1
10
334.243375
20
369.466604
70
0
0
VERTEX
8
Layer 1
10
325.261316
20
364.419674
70
0
0
VERTEX
8
Layer 1
10
317.983892
20
360.271776
70
0
0
VERTEX
8
Layer 1
10
311.855752
20
356.973853
70
0
0
VERTEX
8
Layer 1
10
306.620582
20
354.433301
70
0
0
VERTEX
8
Layer 1
10
302.022065
20
352.557514
70
0
0
VERTEX
8
Layer 1
10
297.803888
20
351.253889
70
0
0
VERTEX
8
Layer 1
10
293.709734
20
350.429821
70
0
0
VERTEX
8
Layer 1
10
289.483288
20
349.992707
70
0
0
VERTEX
8
Layer 1
10
284.868235
20
349.849943
70
0
0
VERTEX
8
Layer 1
10
279.897372
20
350.002078
70
0
0
VERTEX
8
Layer 1
10
275.237396
20
350.590776
70
0
0
VERTEX
8
Layer 1
10
270.233460
20
351.735100
70
0
0
VERTEX
8
Layer 1
10
264.230722
20
353.554112
70
0
0
VERTEX
8
Layer 1
10
261.212265
20
354.423379
70
0
0
VERTEX
8
Layer 1
10
259.027246
20
354.766786
70
0
0
VERTEX
8
Layer 1
10
257.265561
20
354.600870
70
0
0
VERTEX
8
Layer 1
10
255.517105
20
353.942167
70
0
0
VERTEX
8
Layer 1
10
254.245451
20
353.082822
70
0
0
VERTEX
8
Layer 1
10
253.202000
20
351.882826
70
0
0
VERTEX
8
Layer 1
10
252.495893
20
350.504236
70
0
0
VERTEX
8
Layer 1
10
252.236270
20
349.109109
70
0
0
VERTEX
8
Layer 1
10
252.299109
20
348.276222
70
0
0
VERTEX
8
Layer 1
10
252.580229
20
347.578934
70
0
0
VERTEX
8
Layer 1
10
253.218536
20
346.782428
70
0
0
VERTEX
8
Layer 1
10
254.352938
20
345.651884
70
0
0
VERTEX
8
Layer 1
10
256.014233
20
344.283767
70
0
0
VERTEX
8
Layer 1
10
258.098448
20
342.922265
70
0
0
VERTEX
8
Layer 1
10
260.542332
20
341.593835
70
0
0
VERTEX
8
Layer 1
10
263.282631
20
340.324937
70
0
0
VERTEX
8
Layer 1
10
266.256095
20
339.142028
70
0
0
VERTEX
8
Layer 1
10
269.399471
20
338.071567
70
0
0
VERTEX
8
Layer 1
10
272.649507
20
337.140013
70
0
0
VERTEX
8
Layer 1
10
275.942952
20
336.373823
70
0
0
VERTEX
8
Layer 1
10
280.317399
20
335.386045
70
0
0
VERTEX
8
Layer 1
10
279.047398
20
334.821600
70
0
0
VERTEX
8
Layer 1
10
277.918508
20
334.323301
70
0
0
VERTEX
8
Layer 1
10
277.698022
20
334.003045
70
0
0
VERTEX
8
Layer 1
10
277.636286
20
333.586877
70
0
0
VERTEX
8
Layer 1
10
277.770231
20
332.926520
70
0
0
VERTEX
8
Layer 1
10
278.310974
20
332.537362
70
0
0
VERTEX
8
Layer 1
10
279.466873
20
332.346642
70
0
0
VERTEX
8
Layer 1
10
281.446288
20
332.281598
70
0
0
VERTEX
8
Layer 1
10
285.886881
20
331.990556
70
0
0
VERTEX
8
Layer 1
10
287.404378
20
331.785504
70
0
0
VERTEX
8
Layer 1
10
287.656077
20
331.702822
70
0
0
VERTEX
8
Layer 1
10
287.443514
20
331.646598
70
0
0
VERTEX
8
Layer 1
10
285.415592
20
331.192947
70
0
0
VERTEX
8
Layer 1
10
282.226810
20
330.266354
70
0
0
VERTEX
8
Layer 1
10
279.203392
20
329.280229
70
0
0
VERTEX
8
Layer 1
10
277.671564
20
328.647985
70
0
0
VERTEX
8
Layer 1
10
277.406980
20
328.096769
70
0
0
VERTEX
8
Layer 1
10
277.459897
20
327.413262
70
0
0
VERTEX
8
Layer 1
10
277.705739
20
327.013630
70
0
0
VERTEX
8
Layer 1
10
278.421217
20
326.782671
70
0
0
VERTEX
8
Layer 1
10
283.033789
20
326.601872
70
0
0
VERTEX
8
Layer 1
10
288.396015
20
326.496039
70
0
0
VERTEX
8
Layer 1
10
285.397402
20
325.472983
70
0
0
VERTEX
8
Layer 1
10
280.529066
20
323.638537
70
0
0
VERTEX
8
Layer 1
10
279.524200
20
323.168901
70
0
0
VERTEX
8
Layer 1
10
278.972433
20
322.791870
70
0
0
VERTEX
8
Layer 1
10
278.758010
20
322.388380
70
0
0
VERTEX
8
Layer 1
10
278.765176
20
321.839369
70
0
0
VERTEX
8
Layer 1
10
278.868253
20
321.311305
70
0
0
VERTEX
8
Layer 1
10
279.087086
20
321.001522
70
0
0
VERTEX
8
Layer 1
10
279.524200
20
320.837259
70
0
0
VERTEX
8
Layer 1
10
280.282121
20
320.745758
70
0
0
VERTEX
8
Layer 1
10
285.503235
20
321.133813
70
0
0
VERTEX
8
Layer 1
10
289.277960
20
321.486591
70
0
0
VERTEX
8
Layer 1
10
285.221013
20
319.405201
70
0
0
VERTEX
8
Layer 1
10
282.833698
20
318.145122
70
0
0
VERTEX
8
Layer 1
10
281.468337
20
317.209158
70
0
0
VERTEX
8
Layer 1
10
280.929799
20
316.418715
70
0
0
VERTEX
8
Layer 1
10
281.022955
20
315.595199
70
0
0
VERTEX
8
Layer 1
10
281.338801
20
315.199977
70
0
0
VERTEX
8
Layer 1
10
282.120976
20
315.079261
70
0
0
VERTEX
8
Layer 1
10
286.632125
20
315.701032
70
0
0
VERTEX
8
Layer 1
10
290.618516
20
316.265477
70
0
0
VERTEX
8
Layer 1
10
288.043237
20
314.466309
70
0
0
VERTEX
8
Layer 1
10
286.177923
20
313.081656
70
0
0
VERTEX
8
Layer 1
10
285.607415
20
312.531542
70
0
0
VERTEX
8
Layer 1
10
285.397402
20
312.173252
70
0
0
VERTEX
8
Layer 1
10
285.719312
20
311.361863
70
0
0
VERTEX
8
Layer 1
10
286.491014
20
310.127140
70
0
0
VERTEX
8
Layer 1
10
287.368549
20
308.733667
70
0
0
VERTEX
8
Layer 1
10
287.299647
20
308.370967
70
0
0
VERTEX
8
Layer 1
10
286.949625
20
307.975194
70
0
0
VERTEX
8
Layer 1
10
266.523779
20
291.218239
70
0
0
VERTEX
8
Layer 1
10
242.005708
20
271.145171
70
0
0
VERTEX
8
Layer 1
10
203.799851
20
239.853762
70
0
0
VERTEX
8
Layer 1
10
200.801238
20
237.207927
70
0
0
VERTEX
8
Layer 1
10
207.768603
20
238.954178
70
0
0
VERTEX
8
Layer 1
10
218.757638
20
241.970430
70
0
0
VERTEX
8
Layer 1
10
222.144307
20
242.958209
70
0
0
VERTEX
8
Layer 1
10
230.399312
20
249.837380
70
0
0
VERTEX
8
Layer 1
10
254.176549
20
269.346003
70
0
0
VERTEX
8
Layer 1
10
277.883231
20
288.819349
70
0
0
VERTEX
8
Layer 1
10
286.244069
20
295.627964
70
0
0
VERTEX
8
Layer 1
10
287.381227
20
294.230081
70
0
0
VERTEX
8
Layer 1
10
289.785078
20
290.689072
70
0
0
VERTEX
8
Layer 1
10
295.839631
20
281.093510
70
0
0
VERTEX
8
Layer 1
10
301.704565
20
270.466073
70
0
0
VERTEX
8
Layer 1
10
304.560964
20
264.940688
70
0
0
VERTEX
8
Layer 1
10
306.352415
20
261.161553
70
0
0
VERTEX
8
Layer 1
10
320.498813
20
264.795167
70
0
0
VERTEX
8
Layer 1
10
330.977422
20
267.697868
70
0
0
VERTEX
8
Layer 1
10
334.804926
20
268.976000
70
0
0
VERTEX
8
Layer 1
10
338.023060
20
270.289684
70
0
0
VERTEX
8
Layer 1
10
340.880700
20
271.752197
70
0
0
VERTEX
8
Layer 1
10
343.626718
20
273.476813
70
0
0
VERTEX
8
Layer 1
10
346.509989
20
275.576807
70
0
0
VERTEX
8
Layer 1
10
349.779387
20
278.165453
70
0
0
VERTEX
8
Layer 1
10
354.294945
20
281.869622
70
0
0
VERTEX
8
Layer 1
10
353.633280
20
281.707840
70
0
0
VERTEX
8
Layer 1
10
351.521780
20
280.985472
70
0
0
VERTEX
8
Layer 1
10
344.254002
20
278.341842
70
0
0
VERTEX
8
Layer 1
10
326.672428
20
271.639060
70
0
0
VERTEX
8
Layer 1
10
321.253978
20
269.557119
70
0
0
VERTEX
8
Layer 1
10
317.826520
20
268.450829
70
0
0
VERTEX
8
Layer 1
10
316.671310
20
268.217044
70
0
0
VERTEX
8
Layer 1
10
315.788124
20
268.171363
70
0
0
VERTEX
8
Layer 1
10
315.101723
20
268.295179
70
0
0
VERTEX
8
Layer 1
10
314.536865
20
268.569891
70
0
0
VERTEX
8
Layer 1
10
312.944954
20
270.607184
70
0
0
VERTEX
8
Layer 1
10
310.268251
20
274.708229
70
0
0
VERTEX
8
Layer 1
10
300.884356
20
289.842405
70
0
0
VERTEX
8
Layer 1
10
295.985152
20
297.929840
70
0
0
VERTEX
8
Layer 1
10
295.134626
20
299.714677
70
0
0
VERTEX
8
Layer 1
10
294.922408
20
300.778523
70
0
0
VERTEX
8
Layer 1
10
295.103207
20
302.044114
70
0
0
VERTEX
8
Layer 1
10
295.627964
20
302.965746
70
0
0
VERTEX
8
Layer 1
10
300.054225
20
306.813783
70
0
0
VERTEX
8
Layer 1
10
310.135959
20
315.202733
70
0
0
VERTEX
8
Layer 1
10
340.466048
20
340.007436
70
0
0
VERTEX
8
Layer 1
10
343.716015
20
342.547438
70
0
0
VERTEX
8
Layer 1
10
345.299106
20
343.605772
70
0
0
VERTEX
8
Layer 1
10
346.630843
20
341.811014
70
0
0
VERTEX
8
Layer 1
10
349.285498
20
337.502713
70
0
0
VERTEX
8
Layer 1
10
364.150681
20
312.636273
70
0
0
VERTEX
8
Layer 1
10
368.122189
20
306.253748
70
0
0
VERTEX
8
Layer 1
10
369.676066
20
304.094636
70
0
0
VERTEX
8
Layer 1
10
370.440602
20
306.118700
70
0
0
VERTEX
8
Layer 1
10
371.797144
20
310.603390
70
0
0
VERTEX
8
Layer 1
10
373.054467
20
315.167455
70
0
0
VERTEX
8
Layer 1
10
373.521346
20
317.429644
70
0
0
VERTEX
8
Layer 1
10
370.946067
20
321.662980
70
0
0
VERTEX
8
Layer 1
10
367.806343
20
326.778261
70
0
0
VERTEX
8
Layer 1
10
360.292171
20
339.125491
70
0
0
VERTEX
8
Layer 1
10
355.481161
20
347.142371
70
0
0
VERTEX
8
Layer 1
10
353.554112
20
350.661332
70
0
0
VERTEX
8
Layer 1
10
356.570915
20
353.264723
70
0
0
VERTEX
8
Layer 1
10
363.268736
20
358.629705
70
0
0
VERTEX
8
Layer 1
10
370.515568
20
364.279114
70
0
0
VERTEX
8
Layer 1
10
375.179403
20
367.735787
70
0
0
VERTEX
8
Layer 1
10
380.648013
20
371.086627
70
0
0
VERTEX
8
Layer 1
10
387.125348
20
374.645826
70
0
0
VERTEX
8
Layer 1
10
393.450547
20
377.801536
70
0
0
VERTEX
8
Layer 1
10
398.462751
20
379.941906
70
0
0
VERTEX
8
Layer 1
10
407.634979
20
383.399130
70
0
0
VERTEX
8
Layer 1
10
417.124707
20
386.856355
70
0
0
VERTEX
8
Layer 1
10
420.268841
20
387.791217
70
0
0
VERTEX
8
Layer 1
10
420.959514
20
387.759246
70
0
0
VERTEX
8
Layer 1
10
421.534432
20
387.456077
70
0
0
VERTEX
8
Layer 1
10
422.994051
20
386.404909
70
0
0
VERTEX
8
Layer 1
10
424.453670
20
385.158611
70
0
0
VERTEX
8
Layer 1
10
425.661935
20
383.958614
70
0
0
VERTEX
8
Layer 1
10
426.367491
20
383.046352
70
0
0
VERTEX
8
Layer 1
10
426.623255
20
382.488522
70
0
0
VERTEX
8
Layer 1
10
426.587977
20
382.076213
70
0
0
VERTEX
8
Layer 1
10
426.169053
20
381.637445
70
0
0
VERTEX
8
Layer 1
10
425.273879
20
381.000240
70
0
0
VERTEX
8
Layer 1
10
424.126799
20
380.129319
70
0
0
VERTEX
8
Layer 1
10
423.426204
20
379.324545
70
0
0
VERTEX
8
Layer 1
10
423.076182
20
378.440395
70
0
0
VERTEX
8
Layer 1
10
422.980822
20
377.331349
70
0
0
VERTEX
8
Layer 1
10
423.099885
20
376.424599
70
0
0
VERTEX
8
Layer 1
10
423.256154
20
376.183511
70
0
0
VERTEX
8
Layer 1
10
423.483531
20
376.083397
70
0
0
VERTEX
8
Layer 1
10
424.171448
20
376.304434
70
0
0
VERTEX
8
Layer 1
10
425.203323
20
377.084404
70
0
0
VERTEX
8
Layer 1
10
426.771187
20
378.054682
70
0
0
VERTEX
8
Layer 1
10
429.206802
20
379.052244
70
0
0
VERTEX
8
Layer 1
10
432.283206
20
380.025002
70
0
0
VERTEX
8
Layer 1
10
435.773434
20
380.920865
70
0
0
VERTEX
8
Layer 1
10
439.450525
20
381.687744
70
0
0
VERTEX
8
Layer 1
10
443.087514
20
382.273548
70
0
0
VERTEX
8
Layer 1
10
446.457440
20
382.626188
70
0
0
VERTEX
8
Layer 1
10
449.333339
20
382.693574
70
0
0
VERTEX
8
Layer 1
10
452.437785
20
382.587741
70
0
0
VERTEX
8
Layer 1
10
452.437785
20
385.586354
70
0
0
VERTEX
8
Layer 1
10
452.624096
20
388.253686
70
0
0
VERTEX
8
Layer 1
10
452.902873
20
389.377133
70
0
0
VERTEX
8
Layer 1
10
453.346188
20
390.441461
70
0
0
VERTEX
8
Layer 1
10
453.984634
20
391.507443
70
0
0
VERTEX
8
Layer 1
10
454.848802
20
392.635851
70
0
0
VERTEX
8
Layer 1
10
457.376677
20
395.323027
70
0
0
VERTEX
8
Layer 1
10
460.586957
20
398.498029
70
0
0
VERTEX
8
Layer 1
10
468.877240
20
399.662196
70
0
0
VERTEX
8
Layer 1
10
500.591982
20
404.142477
70
0
0
VERTEX
8
Layer 1
10
525.039497
20
407.564423
70
0
0
VERTEX
8
Layer 1
10
525.991998
20
407.705535
70
0
0
VERTEX
8
Layer 1
10
525.991998
20
404.495255
70
0
0
VERTEX
8
Layer 1
10
525.462831
20
388.584967
70
0
0
VERTEX
8
Layer 1
10
522.287829
20
306.034915
70
0
0
VERTEX
8
Layer 1
10
521.758662
20
291.218239
70
0
0
VERTEX
8
Layer 1
10
520.770884
20
290.442127
70
0
0
VERTEX
8
Layer 1
10
519.628765
20
289.811537
70
0
0
VERTEX
8
Layer 1
10
517.983937
20
289.630738
70
0
0
VERTEX
8
Layer 1
10
516.630152
20
289.727752
70
0
0
VERTEX
8
Layer 1
10
515.937825
20
289.983516
70
0
0
VERTEX
8
Layer 1
10
515.955464
20
291.125635
70
0
0
VERTEX
8
Layer 1
10
516.290603
20
293.405463
70
0
0
VERTEX
8
Layer 1
10
516.679761
20
295.906328
70
0
0
VERTEX
8
Layer 1
10
516.784492
20
297.696125
70
0
0
VERTEX
8
Layer 1
10
516.598181
20
299.254412
70
0
0
VERTEX
8
Layer 1
10
516.114214
20
301.060745
70
0
0
VERTEX
8
Layer 1
10
515.402043
20
302.777782
70
0
0
VERTEX
8
Layer 1
10
514.491435
20
304.319532
70
0
0
VERTEX
8
Layer 1
10
513.554369
20
305.431334
70
0
0
VERTEX
8
Layer 1
10
513.129657
20
305.746423
70
0
0
VERTEX
8
Layer 1
10
512.762823
20
305.858526
70
0
0
VERTEX
8
Layer 1
10
512.496861
20
305.532826
70
0
0
VERTEX
8
Layer 1
10
511.977892
20
304.456785
70
0
0
VERTEX
8
Layer 1
10
509.949418
20
299.460015
70
0
0
VERTEX
8
Layer 1
10
500.309760
20
273.932117
70
0
0
VERTEX
8
Layer 1
10
496.839857
20
264.778630
70
0
0
VERTEX
8
Layer 1
10
494.431596
20
258.886135
70
0
0
VERTEX
8
Layer 1
10
492.545888
20
255.030933
70
0
0
VERTEX
8
Layer 1
10
490.643642
20
251.989325
70
0
0
VERTEX
8
Layer 1
10
488.515399
20
249.357271
70
0
0
VERTEX
8
Layer 1
10
485.629785
20
246.331648
70
0
0
VERTEX
8
Layer 1
10
482.552348
20
243.471390
70
0
0
VERTEX
8
Layer 1
10
479.848636
20
241.335430
70
0
0
VERTEX
8
Layer 1
10
478.012330
20
240.149558
70
0
0
VERTEX
8
Layer 1
10
476.131789
20
239.117889
70
0
0
VERTEX
8
Layer 1
10
473.894887
20
238.139964
70
0
0
VERTEX
8
Layer 1
10
470.989498
20
237.115323
70
0
0
VERTEX
8
Layer 1
10
461.924757
20
234.524058
70
0
0
VERTEX
8
Layer 1
10
446.440559
20
230.540423
70
0
0
VERTEX
8
Layer 1
10
433.405412
20
227.144935
70
0
0
VERTEX
8
Layer 1
10
426.826102
20
225.284031
70
0
0
VERTEX
8
Layer 1
10
424.070024
20
223.855280
70
0
0
VERTEX
8
Layer 1
10
420.229154
20
221.579862
70
0
0
VERTEX
8
Layer 1
10
416.269221
20
219.286805
70
0
0
VERTEX
8
Layer 1
10
413.208871
20
217.840415
70
0
0
VERTEX
8
Layer 1
10
397.554348
20
213.611489
70
0
0
VERTEX
8
Layer 1
10
355.071057
20
202.741517
70
0
0
VERTEX
8
Layer 1
10
339.844277
20
199.002070
70
0
0
VERTEX
8
Layer 1
10
335.510068
20
198.137764
70
0
0
VERTEX
8
Layer 1
10
331.787709
20
197.590958
70
0
0
VERTEX
8
Layer 1
10
320.750167
20
196.391513
70
0
0
VERTEX
8
Layer 1
10
317.921880
20
196.231660
70
0
0
VERTEX
8
Layer 1
10
316.829922
20
196.356235
70
0
0
VERTEX
8
Layer 1
10
314.995476
20
202.494572
70
0
0
VERTEX
8
Layer 1
10
313.809260
20
206.608845
70
0
0
VERTEX
8
Layer 1
10
313.482389
20
207.361255
70
0
0
VERTEX
8
Layer 1
10
313.386960
20
207.415618
70
0
0
VERTEX
8
Layer 1
10
313.337420
20
207.257075
70
0
0
VERTEX
8
Layer 1
10
312.737697
20
201.506794
70
0
0
VERTEX
8
Layer 1
10
312.137974
20
196.673735
70
0
0
VERTEX
8
Layer 1
10
308.155993
20
197.293301
70
0
0
VERTEX
8
Layer 1
10
296.950881
20
199.434223
70
0
0
VERTEX
8
Layer 1
10
255.411272
20
207.750964
70
0
0
VERTEX
8
Layer 1
10
234.773759
20
211.843189
70
0
0
VERTEX
8
Layer 1
10
223.484863
20
214.100968
70
0
0
VERTEX
8
Layer 1
10
217.134859
20
215.476802
70
0
0
VERTEX
8
Layer 1
10
209.373743
20
213.536523
70
0
0
VERTEX
8
Layer 1
10
203.014920
20
212.076904
70
0
0
VERTEX
8
Layer 1
10
198.614014
20
211.278744
70
0
0
VERTEX
8
Layer 1
10
187.439771
20
210.238049
70
0
0
VERTEX
8
Layer 1
10
184.108224
20
210.028587
70
0
0
VERTEX
8
Layer 1
10
182.562615
20
210.044021
70
0
0
VERTEX
8
Layer 1
10
181.967853
20
210.301990
70
0
0
VERTEX
8
Layer 1
10
181.455774
20
211.314022
70
0
0
VERTEX
8
Layer 1
10
179.422891
20
219.251527
70
0
0
VERTEX
8
Layer 1
10
178.147929
20
224.529968
70
0
0
VERTEX
8
Layer 1
10
177.663411
20
227.109657
70
0
0
VERTEX
8
Layer 1
10
177.695863
20
227.722333
70
0
0
VERTEX
8
Layer 1
10
177.899882
20
228.062158
70
0
0
VERTEX
8
Layer 1
10
178.787890
20
228.459033
70
0
0
VERTEX
8
Layer 1
10
185.102617
20
231.303305
70
0
0
VERTEX
8
Layer 1
10
187.221489
20
232.412902
70
0
0
VERTEX
8
Layer 1
10
188.030674
20
233.009869
70
0
0
VERTEX
8
Layer 1
10
187.766090
20
233.938667
70
0
0
VERTEX
8
Layer 1
10
187.157548
20
235.413169
70
0
0
VERTEX
8
Layer 1
10
186.482861
20
236.814910
70
0
0
VERTEX
8
Layer 1
10
186.019839
20
237.525427
70
0
0
VERTEX
8
Layer 1
10
185.459804
20
237.194698
70
0
0
VERTEX
8
Layer 1
10
184.502894
20
236.149593
70
0
0
VERTEX
8
Layer 1
10
183.501886
20
235.055981
70
0
0
VERTEX
8
Layer 1
10
182.844837
20
234.597370
70
0
0
VERTEX
8
Layer 1
10
182.629726
20
234.700723
70
0
0
VERTEX
8
Layer 1
10
182.486547
20
235.000860
70
0
0
VERTEX
8
Layer 1
10
182.412684
20
236.131954
70
0
0
VERTEX
8
Layer 1
10
182.616634
20
237.871591
70
0
0
VERTEX
8
Layer 1
10
183.091782
20
240.100707
70
0
0
VERTEX
8
Layer 1
10
183.797338
20
242.922931
70
0
0
VERTEX
8
Layer 1
10
181.680670
20
248.038212
70
0
0
VERTEX
8
Layer 1
10
177.469383
20
257.541169
70
0
0
VERTEX
8
Layer 1
10
175.821799
20
261.040837
70
0
0
VERTEX
8
Layer 1
10
175.083721
20
262.360999
70
0
0
VERTEX
8
Layer 1
10
175.295388
20
260.597109
70
0
0
VERTEX
8
Layer 1
10
175.443114
20
259.565233
70
0
0
VERTEX
8
Layer 1
10
175.414451
20
259.307264
70
0
0
VERTEX
8
Layer 1
10
175.286569
20
259.221274
70
0
0
VERTEX
8
Layer 1
10
174.640544
20
259.565233
70
0
0
VERTEX
8
Layer 1
10
173.319831
20
260.597109
70
0
0
VERTEX
8
Layer 1
10
172.195352
20
261.677491
70
0
0
VERTEX
8
Layer 1
10
171.626497
20
262.572665
70
0
0
VERTEX
8
Layer 1
10
169.946392
20
270.567497
70
0
0
VERTEX
8
Layer 1
10
169.835597
20
271.894273
70
0
0
VERTEX
8
Layer 1
10
170.038996
20
272.556283
70
0
0
VERTEX
8
Layer 1
10
170.162468
20
273.224907
70
0
0
VERTEX
8
Layer 1
10
169.836149
20
274.518610
70
0
0
VERTEX
8
Layer 1
10
167.146216
20
281.058233
70
0
0
VERTEX
8
Layer 1
10
161.219546
20
294.851852
70
0
0
VERTEX
8
Layer 1
10
159.195482
20
299.274807
70
0
0
VERTEX
8
Layer 1
10
158.525755
20
300.492442
70
0
0
VERTEX
8
Layer 1
10
158.150377
20
300.919634
70
0
0
VERTEX
8
Layer 1
10
156.536418
20
300.280224
70
0
0
VERTEX
8
Layer 1
10
153.387874
20
298.767688
70
0
0
VERTEX
8
Layer 1
10
150.898033
20
297.530209
70
0
0
VERTEX
8
Layer 1
10
149.238323
20
296.858277
70
0
0
VERTEX
8
Layer 1
10
147.757207
20
296.550148
70
0
0
VERTEX
8
Layer 1
10
145.803147
20
296.404076
70
0
0
VERTEX
8
Layer 1
10
143.959331
20
296.347300
70
0
0
VERTEX
8
Layer 1
10
142.562000
20
296.426124
70
0
0
VERTEX
8
Layer 1
10
141.224199
20
296.696771
70
0
0
VERTEX
8
Layer 1
10
139.558977
20
297.215465
70
0
0
VERTEX
8
Layer 1
10
137.208593
20
297.854875
70
0
0
VERTEX
8
Layer 1
10
135.784252
20
297.991577
70
0
0
VERTEX
8
Layer 1
10
134.589217
20
297.312479
70
0
0
VERTEX
8
Layer 1
10
132.891473
20
295.945464
70
0
0
VERTEX
8
Layer 1
10
131.259874
20
294.282998
70
0
0
VERTEX
8
Layer 1
10
131.026159
20
293.747768
70
0
0
VERTEX
8
Layer 1
10
131.057027
20
293.229074
70
0
0
VERTEX
8
Layer 1
10
131.046003
20
292.474459
70
0
0
VERTEX
8
Layer 1
10
130.651332
20
291.901746
70
0
0
VERTEX
8
Layer 1
10
129.965620
20
291.587002
70
0
0
VERTEX
8
Layer 1
10
129.081470
20
291.606295
70
0
0
VERTEX
8
Layer 1
10
128.504347
20
291.607397
70
0
0
VERTEX
8
Layer 1
10
127.877615
20
291.324072
70
0
0
VERTEX
8
Layer 1
10
125.800635
20
289.454349
70
0
0
VERTEX
8
Layer 1
10
123.922092
20
287.372959
70
0
0
VERTEX
8
Layer 1
10
123.657508
20
286.745675
70
0
0
VERTEX
8
Layer 1
10
123.683967
20
286.138236
70
0
0
VERTEX
8
Layer 1
10
123.671289
20
285.274481
70
0
0
VERTEX
8
Layer 1
10
123.317960
20
284.599242
70
0
0
VERTEX
8
Layer 1
10
122.706661
20
284.208430
70
0
0
VERTEX
8
Layer 1
10
121.920077
20
284.197957
70
0
0
VERTEX
8
Layer 1
10
121.463670
20
284.213942
70
0
0
VERTEX
8
Layer 1
10
120.994035
20
284.008339
70
0
0
VERTEX
8
Layer 1
10
119.697575
20
282.681011
70
0
0
VERTEX
8
Layer 1
10
118.288668
20
280.914917
70
0
0
VERTEX
8
Layer 1
10
117.422157
20
279.585384
70
0
0
VERTEX
8
Layer 1
10
117.058355
20
278.613040
70
0
0
VERTEX
8
Layer 1
10
117.157574
20
277.918508
70
0
0
VERTEX
8
Layer 1
10
117.290968
20
277.141846
70
0
0
VERTEX
8
Layer 1
10
116.981185
20
276.361875
70
0
0
VERTEX
8
Layer 1
10
116.353901
20
275.760499
70
0
0
VERTEX
8
Layer 1
10
115.534795
20
275.519618
70
0
0
VERTEX
8
Layer 1
10
115.063506
20
275.418746
70
0
0
VERTEX
8
Layer 1
10
114.569065
20
275.083055
70
0
0
VERTEX
8
Layer 1
10
113.312294
20
273.508783
70
0
0
VERTEX
8
Layer 1
10
112.073712
20
271.628587
70
0
0
VERTEX
8
Layer 1
10
111.446980
20
270.479302
70
0
0
VERTEX
8
Layer 1
10
111.303113
20
269.733508
70
0
0
VERTEX
8
Layer 1
10
111.513126
20
269.063781
70
0
0
VERTEX
8
Layer 1
10
111.702193
20
268.203333
70
0
0
VERTEX
8
Layer 1
10
111.517536
20
267.445412
70
0
0
VERTEX
8
Layer 1
10
111.021993
20
266.905771
70
0
0
VERTEX
8
Layer 1
10
110.278403
20
266.700168
70
0
0
VERTEX
8
Layer 1
10
109.573949
20
266.582208
70
0
0
VERTEX
8
Layer 1
10
108.981944
20
266.073987
70
0
0
VERTEX
8
Layer 1
10
108.323792
20
264.943995
70
0
0
VERTEX
8
Layer 1
10
107.420901
20
262.960721
70
0
0
VERTEX
8
Layer 1
10
106.494859
20
260.513324
70
0
0
VERTEX
8
Layer 1
10
106.508088
20
259.979196
70
0
0
VERTEX
8
Layer 1
10
106.785901
20
259.574052
70
0
0
VERTEX
8
Layer 1
10
107.102298
20
258.855818
70
0
0
VERTEX
8
Layer 1
10
106.988748
20
258.087975
70
0
0
VERTEX
8
Layer 1
10
106.518010
20
257.445809
70
0
0
VERTEX
8
Layer 1
10
105.762844
20
257.104606
70
0
0
VERTEX
8
Layer 1
10
105.039649
20
256.675209
70
0
0
VERTEX
8
Layer 1
10
104.289996
20
255.627349
70
0
0
VERTEX
8
Layer 1
10
103.580031
20
254.083394
70
0
0
VERTEX
8
Layer 1
10
102.975898
20
252.165714
70
0
0
VERTEX
8
Layer 1
10
102.715724
20
250.661998
70
0
0
VERTEX
8
Layer 1
10
102.901484
20
250.265674
70
0
0
VERTEX
8
Layer 1
10
103.328676
20
249.872657
70
0
0
VERTEX
8
Layer 1
10
103.722244
20
249.515470
70
0
0
VERTEX
8
Layer 1
10
103.910760
20
249.184740
70
0
0
VERTEX
8
Layer 1
10
103.914067
20
248.801094
70
0
0
VERTEX
8
Layer 1
10
103.752010
20
248.285156
70
0
0
VERTEX
8
Layer 1
10
103.253711
20
247.531093
70
0
0
VERTEX
8
Layer 1
10
102.411453
20
247.226822
70
0
0
VERTEX
8
Layer 1
10
101.880082
20
247.095633
70
0
0
VERTEX
8
Layer 1
10
101.494231
20
246.785850
70
0
0
VERTEX
8
Layer 1
10
100.788675
20
245.180710
70
0
0
VERTEX
8
Layer 1
10
100.201079
20
243.148378
70
0
0
VERTEX
8
Layer 1
10
99.924368
20
241.489770
70
0
0
VERTEX
8
Layer 1
10
99.965158
20
240.274340
70
0
0
VERTEX
8
Layer 1
10
100.330063
20
239.571540
70
0
0
VERTEX
8
Layer 1
10
100.796943
20
238.922208
70
0
0
VERTEX
8
Layer 1
10
100.890098
20
238.186886
70
0
0
VERTEX
8
Layer 1
10
100.632681
20
237.517710
70
0
0
VERTEX
8
Layer 1
10
100.047841
20
237.066816
70
0
0
VERTEX
8
Layer 1
10
99.389138
20
236.580093
70
0
0
VERTEX
8
Layer 1
10
98.879264
20
235.607197
70
0
0
VERTEX
8
Layer 1
10
98.495066
20
234.085291
70
0
0
VERTEX
8
Layer 1
10
98.213395
20
231.951535
70
0
0
VERTEX
8
Layer 1
10
98.147249
20
230.081812
70
0
0
VERTEX
8
Layer 1
10
98.347341
20
229.590127
70
0
0
VERTEX
8
Layer 1
10
98.742562
20
229.164589
70
0
0
VERTEX
8
Layer 1
10
99.290471
20
228.500925
70
0
0
VERTEX
8
Layer 1
10
99.448118
20
227.824032
70
0
0
VERTEX
8
Layer 1
10
99.208891
20
227.120681
70
0
0
VERTEX
8
Layer 1
10
98.566173
20
226.377643
70
0
0
VERTEX
8
Layer 1
10
98.057952
20
225.818710
70
0
0
VERTEX
8
Layer 1
10
97.754784
20
225.134100
70
0
0
VERTEX
8
Layer 1
10
97.472561
20
222.355973
70
0
0
VERTEX
8
Layer 1
10
97.432874
20
219.569027
70
0
0
VERTEX
8
Layer 1
10
97.685882
20
219.091674
70
0
0
VERTEX
8
Layer 1
10
98.213395
20
218.792916
70
0
0
VERTEX
8
Layer 1
10
98.880366
20
218.261544
70
0
0
VERTEX
8
Layer 1
10
99.130618
20
217.531734
70
0
0
VERTEX
8
Layer 1
10
98.957536
20
216.709321
70
0
0
VERTEX
8
Layer 1
10
98.354506
20
215.900136
70
0
0
VERTEX
8
Layer 1
10
97.937236
20
215.434910
70
0
0
VERTEX
8
Layer 1
10
97.715096
20
214.850621
70
0
0
VERTEX
8
Layer 1
10
97.684228
20
212.478189
70
0
0
VERTEX
8
Layer 1
10
97.815418
20
210.477828
70
0
0
VERTEX
8
Layer 1
10
98.072284
20
209.148847
70
0
0
VERTEX
8
Layer 1
10
98.487901
20
208.355648
70
0
0
VERTEX
8
Layer 1
10
99.095340
20
207.962631
70
0
0
VERTEX
8
Layer 1
10
99.803101
20
207.530478
70
0
0
VERTEX
8
Layer 1
10
100.074299
20
206.886658
70
0
0
VERTEX
8
Layer 1
10
99.908934
20
206.137005
70
0
0
VERTEX
8
Layer 1
10
99.307007
20
205.387352
70
0
0
VERTEX
8
Layer 1
10
98.319229
20
204.540684
70
0
0
VERTEX
8
Layer 1
10
98.777840
20
202.035961
70
0
0
VERTEX
8
Layer 1
10
99.185188
20
199.965595
70
0
0
VERTEX
8
Layer 1
10
99.576000
20
198.675750
70
0
0
VERTEX
8
Layer 1
10
100.052802
20
197.928302
70
0
0
VERTEX
8
Layer 1
10
100.718119
20
197.485124
70
0
0
VERTEX
8
Layer 1
10
101.409343
20
197.021552
70
0
0
VERTEX
8
Layer 1
10
101.776453
20
196.422381
70
0
0
VERTEX
8
Layer 1
10
101.799604
20
195.763678
70
0
0
VERTEX
8
Layer 1
10
101.458953
20
195.121512
70
0
0
VERTEX
8
Layer 1
10
101.041131
20
194.316737
70
0
0
VERTEX
8
Layer 1
10
100.947425
20
193.181233
70
0
0
VERTEX
8
Layer 1
10
101.171218
20
191.728228
70
0
0
VERTEX
8
Layer 1
10
101.705897
20
189.970953
70
0
0
VERTEX
8
Layer 1
10
102.504058
20
188.282028
70
0
0
VERTEX
8
Layer 1
10
102.891562
20
187.882397
70
0
0
VERTEX
8
Layer 1
10
103.328676
20
187.677896
70
0
0
VERTEX
8
Layer 1
10
104.092110
20
187.246845
70
0
0
VERTEX
8
Layer 1
10
104.541351
20
186.504909
70
0
0
VERTEX
8
Layer 1
10
104.613560
20
185.643910
70
0
0
VERTEX
8
Layer 1
10
104.245899
20
184.855672
70
0
0
VERTEX
8
Layer 1
10
103.942730
20
184.432338
70
0
0
VERTEX
8
Layer 1
10
103.910760
20
183.876713
70
0
0
VERTEX
8
Layer 1
10
104.845622
20
181.257336
70
0
0
VERTEX
8
Layer 1
10
106.014199
20
178.752613
70
0
0
VERTEX
8
Layer 1
10
106.547224
20
178.141866
70
0
0
VERTEX
8
Layer 1
10
107.209234
20
177.729556
70
0
0
VERTEX
8
Layer 1
10
108.163388
20
177.172829
70
0
0
VERTEX
8
Layer 1
10
108.677673
20
176.609486
70
0
0
VERTEX
8
Layer 1
10
108.801696
20
175.953540
70
0
0
VERTEX
8
Layer 1
10
108.585068
20
175.118999
70
0
0
VERTEX
8
Layer 1
10
108.423011
20
174.522584
70
0
0
VERTEX
8
Layer 1
10
108.426318
20
173.972471
70
0
0
VERTEX
8
Layer 1
10
109.008402
20
172.508442
70
0
0
VERTEX
8
Layer 1
10
110.087131
20
170.507529
70
0
0
VERTEX
8
Layer 1
10
110.944271
20
169.201148
70
0
0
VERTEX
8
Layer 1
10
111.662505
20
168.490080
70
0
0
VERTEX
8
Layer 1
10
112.324515
20
168.275106
70
0
0
VERTEX
8
Layer 1
10
113.091256
20
168.129585
70
0
0
VERTEX
8
Layer 1
10
113.590106
20
167.693022
70
0
0
VERTEX
8
Layer 1
10
113.817758
20
166.965418
70
0
0
VERTEX
8
Layer 1
10
113.770905
20
165.946771
70
0
0
VERTEX
8
Layer 1
10
113.695940
20
165.135933
70
0
0
VERTEX
8
Layer 1
10
113.859099
20
164.381319
70
0
0
VERTEX
8
Layer 1
10
114.366218
20
163.421652
70
0
0
VERTEX
8
Layer 1
10
115.323128
20
161.995658
70
0
0
VERTEX
8
Layer 1
10
116.998824
20
159.918677
70
0
0
VERTEX
8
Layer 1
10
117.565473
20
159.549914
70
0
0
VERTEX
8
Layer 1
10
118.145352
20
159.455656
70
0
0
VERTEX
8
Layer 1
10
118.989815
20
159.315096
70
0
0
VERTEX
8
Layer 1
10
119.556464
20
158.913260
70
0
0
VERTEX
8
Layer 1
10
119.832072
20
158.279913
70
0
0
VERTEX
8
Layer 1
10
119.803409
20
157.444821
70
0
0
VERTEX
8
Layer 1
10
119.792384
20
156.611935
70
0
0
VERTEX
8
Layer 1
10
120.191465
20
155.650063
70
0
0
VERTEX
8
Layer 1
10
121.093253
20
154.403765
70
0
0
VERTEX
8
Layer 1
10
122.590355
20
152.717596
70
0
0
VERTEX
8
Layer 1
10
123.851536
20
151.601936
70
0
0
VERTEX
8
Layer 1
10
124.406059
20
151.422791
70
0
0
VERTEX
8
Layer 1
10
125.059801
20
151.412318
70
0
0
VERTEX
8
Layer 1
10
126.109867
20
151.341762
70
0
0
VERTEX
8
Layer 1
10
126.819281
20
150.980165
70
0
0
VERTEX
8
Layer 1
10
127.178123
20
150.340754
70
0
0
VERTEX
8
Layer 1
10
127.176469
20
149.436761
70
0
0
VERTEX
8
Layer 1
10
127.122450
20
148.767034
70
0
0
VERTEX
8
Layer 1
10
127.379316
20
148.127072
70
0
0
VERTEX
8
Layer 1
10
129.434248
20
145.944259
70
0
0
VERTEX
8
Layer 1
10
130.831580
20
144.620239
70
0
0
VERTEX
8
Layer 1
10
131.722895
20
143.924605
70
0
0
VERTEX
8
Layer 1
10
132.395930
20
143.691992
70
0
0
VERTEX
8
Layer 1
10
133.138417
20
143.757035
70
0
0
VERTEX
8
Layer 1
10
134.183522
20
143.818771
70
0
0
VERTEX
8
Layer 1
10
134.482832
20
143.637972
70
0
0
VERTEX
8
Layer 1
10
134.725918
20
143.298424
70
0
0
VERTEX
8
Layer 1
10
134.999321
20
142.517902
70
0
0
VERTEX
8
Layer 1
10
135.113974
20
141.710923
70
0
0
VERTEX
8
Layer 1
10
135.222563
20
141.231916
70
0
0
VERTEX
8
Layer 1
10
135.585815
20
140.709915
70
0
0
VERTEX
8
Layer 1
10
137.301198
20
139.312032
70
0
0
VERTEX
8
Layer 1
10
140.039637
20
137.495226
70
0
0
VERTEX
8
Layer 1
10
140.659754
20
137.387187
70
0
0
VERTEX
8
Layer 1
10
141.322867
20
137.583420
70
0
0
VERTEX
8
Layer 1
10
142.181661
20
137.699175
70
0
0
VERTEX
8
Layer 1
10
142.901548
20
137.398212
70
0
0
VERTEX
8
Layer 1
10
143.396540
20
136.740060
70
0
0
VERTEX
8
Layer 1
10
143.580646
20
135.784252
70
0
0
VERTEX
8
Layer 1
10
143.716796
20
135.070428
70
0
0
VERTEX
8
Layer 1
10
144.272973
20
134.386369
70
0
0
VERTEX
8
Layer 1
10
145.470764
20
133.536946
70
0
0
VERTEX
8
Layer 1
10
147.531760
20
132.327028
70
0
0
VERTEX
8
Layer 1
10
148.683800
20
131.703603
70
0
0
VERTEX
8
Layer 1
10
149.392664
20
131.440673
70
0
0
VERTEX
8
Layer 1
10
149.903089
20
131.488629
70
0
0
VERTEX
8
Layer 1
10
150.459817
20
131.797861
70
0
0
VERTEX
8
Layer 1
10
151.332943
20
132.216785
70
0
0
VERTEX
8
Layer 1
10
151.650443
20
132.100478
70
0
0
VERTEX
8
Layer 1
10
152.047318
20
131.762583
70
0
0
VERTEX
8
Layer 1
10
152.545617
20
131.083485
70
0
0
VERTEX
8
Layer 1
10
152.752874
20
130.351471
70
0
0
VERTEX
8
Layer 1
10
152.880205
20
129.900025
70
0
0
VERTEX
8
Layer 1
10
153.348187
20
129.438658
70
0
0
VERTEX
8
Layer 1
10
155.822043
20
128.128970
70
0
0
VERTEX
8
Layer 1
10
158.578121
20
127.008899
70
0
0
VERTEX
8
Layer 1
10
159.259974
20
126.978031
70
0
0
VERTEX
8
Layer 1
10
159.878990
20
127.211747
70
0
0
VERTEX
8
Layer 1
10
160.722350
20
127.585471
70
0
0
VERTEX
8
Layer 1
10
161.307740
20
127.608622
70
0
0
VERTEX
8
Layer 1
10
161.813756
20
127.221669
70
0
0
VERTEX
8
Layer 1
10
162.418991
20
126.365080
70
0
0
VERTEX
8
Layer 1
10
162.955324
20
125.625899
70
0
0
VERTEX
8
Layer 1
10
163.614027
20
125.108308
70
0
0
VERTEX
8
Layer 1
10
164.636532
20
124.663477
70
0
0
VERTEX
8
Layer 1
10
166.264271
20
124.142578
70
0
0
VERTEX
8
Layer 1
10
168.980662
20
123.419383
70
0
0
VERTEX
8
Layer 1
10
169.508727
20
123.507578
70
0
0
VERTEX
8
Layer 1
10
169.897885
20
123.860356
70
0
0
VERTEX
8
Layer 1
10
170.521310
20
124.372435
70
0
0
VERTEX
8
Layer 1
10
171.128198
20
124.464488
70
0
0
VERTEX
8
Layer 1
10
171.807847
20
124.113364
70
0
0
VERTEX
8
Layer 1
10
172.649553
20
123.295911
70
0
0
VERTEX
8
Layer 1
10
173.285105
20
122.693984
70
0
0
VERTEX
8
Layer 1
10
173.976880
20
122.237577
70
0
0
VERTEX
8
Layer 1
10
175.859833
20
121.602577
70
0
0
VERTEX
8
Layer 1
10
177.941223
20
121.143965
70
0
0
VERTEX
8
Layer 1
10
174.801499
20
120.332576
70
0
0
VERTEX
8
Layer 1
10
160.738886
20
116.597539
70
0
0
VERTEX
8
Layer 1
10
145.908981
20
112.359793
70
0
0
VERTEX
8
Layer 1
10
140.410054
20
110.785521
70
0
0
VERTEX
8
Layer 1
10
138.006754
20
110.243125
70
0
0
VERTEX
8
Layer 1
10
137.861233
20
111.200035
70
0
0
VERTEX
8
Layer 1
10
137.795087
20
113.241738
70
0
0
VERTEX
8
Layer 1
10
137.693663
20
115.234934
70
0
0
VERTEX
8
Layer 1
10
137.512864
20
116.063962
70
0
0
VERTEX
8
Layer 1
10
136.929678
20
115.357304
70
0
0
VERTEX
8
Layer 1
10
136.128211
20
113.717988
70
0
0
VERTEX
8
Layer 1
10
135.419347
20
111.867006
70
0
0
VERTEX
8
Layer 1
10
135.113974
20
110.525347
70
0
0
VERTEX
8
Layer 1
10
134.999321
20
109.705139
70
0
0
VERTEX
8
Layer 1
10
134.725918
20
109.361180
70
0
0
VERTEX
8
Layer 1
10
134.249117
20
109.878771
70
0
0
VERTEX
8
Layer 1
10
133.583799
20
111.147119
70
0
0
VERTEX
8
Layer 1
10
132.925097
20
112.739581
70
0
0
VERTEX
8
Layer 1
10
132.468139
20
114.229516
70
0
0
VERTEX
8
Layer 1
10
132.155600
20
115.143983
70
0
0
VERTEX
8
Layer 1
10
132.008632
20
115.172715
70
0
0
VERTEX
8
Layer 1
10
131.872826
20
114.930663
70
0
0
VERTEX
8
Layer 1
10
131.649584
20
113.678852
70
0
0
VERTEX
8
Layer 1
10
131.515638
20
111.477848
70
0
0
VERTEX
8
Layer 1
10
131.409805
20
108.126457
70
0
0
VERTEX
8
Layer 1
10
129.716471
20
110.631181
70
0
0
VERTEX
8
Layer 1
10
128.177477
20
113.206460
70
0
0
VERTEX
8
Layer 1
10
126.823691
20
115.887573
70
0
0
VERTEX
8
Layer 1
10
125.624246
20
118.639241
70
0
0
VERTEX
8
Layer 1
10
125.377301
20
117.298685
70
0
0
VERTEX
8
Layer 1
10
125.319975
20
115.784496
70
0
0
VERTEX
8
Layer 1
10
125.474315
20
113.625384
70
0
0
VERTEX
8
Layer 1
10
125.774176
20
111.459658
70
0
0
VERTEX
8
Layer 1
10
126.153413
20
109.925625
70
0
0
VERTEX
8
Layer 1
10
126.053643
20
109.824201
70
0
0
VERTEX
8
Layer 1
10
125.593378
20
110.066736
70
0
0
VERTEX
8
Layer 1
10
123.895634
20
111.372015
70
0
0
VERTEX
8
Layer 1
10
121.746444
20
112.953452
70
0
0
VERTEX
8
Layer 1
10
119.269832
20
114.472051
70
0
0
VERTEX
8
Layer 1
10
117.024731
20
115.613619
70
0
0
VERTEX
8
Layer 1
10
115.570073
20
116.063962
70
0
0
VERTEX
8
Layer 1
10
115.614721
20
115.821978
70
0
0
VERTEX
8
Layer 1
10
116.112469
20
115.159968
70
0
0
VERTEX
8
Layer 1
10
118.110074
20
112.959516
70
0
0
VERTEX
8
Layer 1
10
119.975939
20
110.930491
70
0
0
VERTEX
8
Layer 1
10
121.501153
20
108.977534
70
0
0
VERTEX
8
Layer 1
10
122.450897
20
107.428067
70
0
0
VERTEX
8
Layer 1
10
122.636588
20
106.906961
70
0
0
VERTEX
8
Layer 1
10
122.590355
20
106.609512
70
0
0
VERTEX
8
Layer 1
10
122.295179
20
106.626324
70
0
0
VERTEX
8
Layer 1
10
121.730459
20
106.922602
70
0
0
VERTEX
8
Layer 1
10
120.129728
20
108.082360
70
0
0
VERTEX
8
Layer 1
10
118.462852
20
109.546388
70
0
0
VERTEX
8
Layer 1
10
117.404518
20
110.772292
70
0
0
VERTEX
8
Layer 1
10
116.416740
20
112.183404
70
0
0
VERTEX
8
Layer 1
10
116.359414
20
111.283820
70
0
0
VERTEX
8
Layer 1
10
116.487296
20
109.114235
70
0
0
VERTEX
8
Layer 1
10
116.628407
20
105.939233
70
0
0
VERTEX
8
Layer 1
10
115.817017
20
106.962290
70
0
0
VERTEX
8
Layer 1
10
113.495297
20
110.184145
70
0
0
VERTEX
8
Layer 1
10
110.366597
20
113.713579
70
0
0
VERTEX
8
Layer 1
10
107.105606
20
116.839522
70
0
0
VERTEX
8
Layer 1
10
105.636340
20
118.028977
70
0
0
VERTEX
8
Layer 1
10
104.387010
20
118.850908
70
0
0
VERTEX
8
Layer 1
10
102.834787
20
119.732853
70
0
0
VERTEX
8
Layer 1
10
104.175343
20
118.215908
70
0
0
VERTEX
8
Layer 1
10
106.472810
20
115.173198
70
0
0
VERTEX
8
Layer 1
10
109.220069
20
110.595903
70
0
0
VERTEX
8
Layer 1
10
110.560625
20
108.126457
70
0
0
VERTEX
8
Layer 1
10
108.832013
20
109.572847
70
0
0
VERTEX
8
Layer 1
10
107.116630
20
110.834028
70
0
0
VERTEX
8
Layer 1
10
105.480622
20
111.830626
70
0
0
VERTEX
8
Layer 1
10
102.764231
20
113.453405
70
0
0
VERTEX
8
Layer 1
10
101.843701
20
114.101083
70
0
0
VERTEX
8
Layer 1
10
101.458953
20
114.242746
70
0
0
VERTEX
8
Layer 1
10
101.603371
20
113.875085
70
0
0
VERTEX
8
Layer 1
10
102.270342
20
112.994793
70
0
0
VERTEX
8
Layer 1
10
102.974245
20
112.057176
70
0
0
VERTEX
8
Layer 1
10
103.297808
20
111.394063
70
0
0
VERTEX
8
Layer 1
10
103.257569
20
110.896316
70
0
0
VERTEX
8
Layer 1
10
102.870065
20
110.454792
70
0
0
VERTEX
8
Layer 1
10
102.274752
20
110.225486
70
0
0
VERTEX
8
Layer 1
10
101.388397
20
110.419514
70
0
0
VERTEX
8
Layer 1
10
100.365341
20
110.807570
70
0
0
VERTEX
8
Layer 1
10
101.282564
20
109.819791
70
0
0
VERTEX
8
Layer 1
10
101.917564
20
109.030451
70
0
0
VERTEX
8
Layer 1
10
102.129231
20
108.479235
70
0
0
VERTEX
8
Layer 1
10
101.776453
20
105.762844
70
0
0
VERTEX
8
Layer 1
10
101.564786
20
103.434510
70
0
0
VERTEX
8
Layer 1
10
100.365341
20
104.104788
70
0
0
VERTEX
8
Layer 1
10
99.280549
20
104.991143
70
0
0
VERTEX
8
Layer 1
10
98.354506
20
106.115622
70
0
0
VERTEX
8
Layer 1
10
97.543117
20
107.420901
70
0
0
VERTEX
8
Layer 1
10
97.366728
20
104.845622
70
0
0
VERTEX
8
Layer 1
10
97.190339
20
102.235064
70
0
0
VERTEX
8
Layer 1
10
95.673394
20
104.387010
70
0
0
VERTEX
8
Layer 1
10
94.306379
20
106.058296
70
0
0
VERTEX
8
Layer 1
10
93.718783
20
106.525176
70
0
0
VERTEX
8
Layer 1
10
93.203948
20
106.750623
70
0
0
VERTEX
8
Layer 1
10
91.828113
20
107.315068
70
0
0
VERTEX
8
Layer 1
10
91.610934
20
107.353653
70
0
0
VERTEX
8
Layer 1
10
91.545891
20
106.856456
70
0
0
VERTEX
8
Layer 1
10
91.898669
20
103.434510
70
0
0
VERTEX
8
Layer 1
10
91.937254
20
102.745490
70
0
0
VERTEX
8
Layer 1
10
91.810474
20
102.393814
70
0
0
VERTEX
8
Layer 1
10
91.472028
20
102.333181
70
0
0
VERTEX
8
Layer 1
10
90.875613
20
102.517287
70
0
0
VERTEX
8
Layer 1
10
90.461099
20
102.989127
70
0
0
VERTEX
8
Layer 1
10
90.311168
20
103.963677
70
0
0
VERTEX
8
Layer 1
10
90.218564
20
104.911767
70
0
0
VERTEX
8
Layer 1
10
90.058160
20
104.960826
70
0
0
VERTEX
8
Layer 1
10
89.782001
20
104.775066
70
0
0
VERTEX
8
Layer 1
10
89.173459
20
103.954857
70
0
0
VERTEX
8
Layer 1
10
88.406167
20
102.552565
70
0
0
VERTEX
8
Layer 1
10
87.559500
20
100.753397
70
0
0
VERTEX
8
Layer 1
10
87.312555
20
102.482009
70
0
0
VERTEX
8
Layer 1
10
86.818666
20
105.304233
70
0
0
VERTEX
8
Layer 1
10
86.571721
20
106.362567
70
0
0
VERTEX
8
Layer 1
10
85.619221
20
104.739788
70
0
0
VERTEX
8
Layer 1
10
84.825470
20
102.993537
70
0
0
VERTEX
8
Layer 1
10
84.243386
20
101.035619
70
0
0
VERTEX
8
Layer 1
10
83.842101
20
99.452528
70
0
0
VERTEX
8
Layer 1
10
83.712566
20
99.502689
70
0
0
VERTEX
8
Layer 1
10
83.573108
20
100.012563
70
0
0
VERTEX
8
Layer 1
10
83.353173
20
102.109938
70
0
0
VERTEX
8
Layer 1
10
83.321754
20
105.044059
70
0
0
VERTEX
8
Layer 1
10
83.468928
20
108.064170
70
0
0
VERTEX
8
Layer 1
10
83.784775
20
110.419514
70
0
0
VERTEX
8
Layer 1
10
84.075817
20
112.086390
70
0
0
VERTEX
8
Layer 1
10
84.102275
20
112.853682
70
0
0
VERTEX
8
Layer 1
10
83.881031
20
112.679085
70
0
0
VERTEX
8
Layer 1
10
83.489875
20
111.999298
70
0
0
VERTEX
8
Layer 1
10
82.404531
20
109.616944
70
0
0
VERTEX
8
Layer 1
10
81.259656
20
106.692194
70
0
0
VERTEX
8
Layer 1
10
80.468662
20
104.210621
70
0
0
VERTEX
8
Layer 1
10
79.798384
20
101.423675
70
0
0
VERTEX
8
Layer 1
10
79.657272
20
104.245899
70
0
0
VERTEX
8
Layer 1
10
79.551439
20
107.068123
70
0
0
VERTEX
8
Layer 1
10
78.775327
20
105.621733
70
0
0
VERTEX
8
Layer 1
10
78.125995
20
104.098173
70
0
0
VERTEX
8
Layer 1
10
77.522965
20
102.217425
70
0
0
VERTEX
8
Layer 1
10
77.078686
20
100.363136
70
0
0
VERTEX
8
Layer 1
10
76.905604
20
98.918951
70
0
0
VERTEX
8
Layer 1
10
76.844626
20
98.323018
70
0
0
VERTEX
8
Layer 1
10
76.675747
20
98.219459
70
0
0
VERTEX
8
Layer 1
10
76.098624
20
99.276139
70
0
0
VERTEX
8
Layer 1
10
75.342908
20
101.662351
70
0
0
VERTEX
8
Layer 1
10
74.577269
20
104.951455
70
0
0
VERTEX
8
Layer 1
10
74.162755
20
108.294027
70
0
0
VERTEX
8
Layer 1
10
74.012824
20
112.536182
70
0
0
VERTEX
8
Layer 1
10
74.012824
20
117.298685
70
0
0
VERTEX
8
Layer 1
10
73.307268
20
115.781740
70
0
0
VERTEX
8
Layer 1
10
72.360831
20
113.285284
70
0
0
VERTEX
8
Layer 1
10
71.688899
20
110.626771
70
0
0
VERTEX
8
Layer 1
10
71.288166
20
107.749977
70
0
0
VERTEX
8
Layer 1
10
71.155323
20
104.598677
70
0
0
VERTEX
8
Layer 1
10
71.243517
20
101.264925
70
0
0
VERTEX
8
Layer 1
10
71.543378
20
99.307007
70
0
0
VERTEX
8
Layer 1
10
71.966712
20
98.248673
70
0
0
VERTEX
8
Layer 1
10
70.908378
20
99.448118
70
0
0
VERTEX
8
Layer 1
10
70.251329
20
100.409438
70
0
0
VERTEX
8
Layer 1
10
70.096989
20
101.000341
70
0
0
VERTEX
8
Layer 1
10
70.127857
20
101.185550
70
0
0
VERTEX
8
Layer 1
10
69.920600
20
101.106175
70
0
0
VERTEX
8
Layer 1
10
69.597036
20
101.138145
70
0
0
VERTEX
8
Layer 1
10
68.998967
20
101.414856
70
0
0
VERTEX
8
Layer 1
10
67.310042
20
102.517287
70
0
0
VERTEX
8
Layer 1
10
64.631134
20
104.255270
70
0
0
VERTEX
8
Layer 1
10
62.256498
20
105.440934
70
0
0
VERTEX
8
Layer 1
10
61.431328
20
105.724328
70
0
0
VERTEX
8
Layer 1
10
60.979882
20
105.746859
70
0
0
VERTEX
8
Layer 1
10
61.001380
20
105.467600
70
0
0
VERTEX
8
Layer 1
10
61.595039
20
104.845622
70
0
0
VERTEX
8
Layer 1
10
63.024341
20
103.322062
70
0
0
VERTEX
8
Layer 1
10
64.721534
20
101.123814
70
0
0
VERTEX
8
Layer 1
10
66.293050
20
98.793274
70
0
0
VERTEX
8
Layer 1
10
67.345320
20
96.872839
70
0
0
VERTEX
8
Layer 1
10
68.015598
20
95.038393
70
0
0
VERTEX
8
Layer 1
10
65.616708
20
96.308394
70
0
0
VERTEX
8
Layer 1
10
63.764623
20
97.631311
70
0
0
VERTEX
8
Layer 1
10
63.146160
20
98.253083
70
0
0
VERTEX
8
Layer 1
10
62.759206
20
98.848396
70
0
0
VERTEX
8
Layer 1
10
62.159484
20
99.977285
70
0
0
VERTEX
8
Layer 1
10
61.912539
20
98.495618
70
0
0
VERTEX
8
Layer 1
10
61.630317
20
97.013950
70
0
0
VERTEX
8
Layer 1
10
59.901704
20
97.543117
70
0
0
VERTEX
8
Layer 1
10
58.697849
20
97.825339
70
0
0
VERTEX
8
Layer 1
10
58.208370
20
97.790062
70
0
0
VERTEX
8
Layer 1
10
58.684620
20
97.335860
70
0
0
VERTEX
8
Layer 1
10
59.795871
20
96.590616
70
0
0
VERTEX
8
Layer 1
10
61.383372
20
95.638116
70
0
0
VERTEX
8
Layer 1
10
61.383372
20
93.415614
70
0
0
VERTEX
8
Layer 1
10
61.595039
20
90.311168
70
0
0
VERTEX
8
Layer 1
10
61.647955
20
89.698216
70
0
0
VERTEX
8
Layer 1
10
60.960038
20
90.487557
70
0
0
VERTEX
8
Layer 1
10
57.286737
20
94.667976
70
0
0
VERTEX
8
Layer 1
10
54.433645
20
97.578395
70
0
0
VERTEX
8
Layer 1
10
55.915313
20
92.780614
70
0
0
VERTEX
8
Layer 1
10
57.502814
20
87.912278
70
0
0
VERTEX
8
Layer 1
10
54.962812
20
90.417001
70
0
0
VERTEX
8
Layer 1
10
51.486847
20
93.578223
70
0
0
VERTEX
8
Layer 1
10
47.739683
20
96.365720
70
0
0
VERTEX
8
Layer 1
10
44.138040
20
98.498374
70
0
0
VERTEX
8
Layer 1
10
42.522014
20
99.231284
70
0
0
VERTEX
8
Layer 1
10
41.098637
20
99.695063
70
0
0
VERTEX
8
Layer 1
10
40.040303
20
99.942007
70
0
0
VERTEX
8
Layer 1
10
41.098637
20
99.095340
70
0
0
VERTEX
8
Layer 1
10
43.379016
20
97.239948
70
0
0
VERTEX
8
Layer 1
10
45.371661
20
95.417630
70
0
0
VERTEX
8
Layer 1
10
47.185711
20
93.529165
70
0
0
VERTEX
8
Layer 1
10
48.930309
20
91.475335
70
0
0
VERTEX
8
Layer 1
10
51.505588
20
88.053389
70
0
0
VERTEX
8
Layer 1
10
50.769164
20
88.388528
70
0
0
VERTEX
8
Layer 1
10
49.000864
20
89.464501
70
0
0
VERTEX
8
Layer 1
10
47.020898
20
90.633078
70
0
0
VERTEX
8
Layer 1
10
45.755307
20
91.193113
70
0
0
VERTEX
8
Layer 1
10
43.673916
20
91.863391
70
0
0
VERTEX
8
Layer 1
10
42.583612
20
92.293339
70
0
0
VERTEX
8
Layer 1
10
42.148152
20
92.339641
70
0
0
VERTEX
8
Layer 1
10
42.334462
20
91.962610
70
0
0
VERTEX
8
Layer 1
10
43.109472
20
91.122557
70
0
0
VERTEX
8
Layer 1
10
43.776443
20
90.367943
70
0
0
VERTEX
8
Layer 1
10
44.185445
20
89.689397
70
0
0
VERTEX
8
Layer 1
10
44.409238
20
88.924861
70
0
0
VERTEX
8
Layer 1
10
44.520584
20
87.912278
70
0
0
VERTEX
8
Layer 1
10
44.502945
20
86.584950
70
0
0
VERTEX
8
Layer 1
10
44.273639
20
86.077832
70
0
0
VERTEX
8
Layer 1
10
43.629819
20
86.333596
70
0
0
VERTEX
8
Layer 1
10
42.615582
20
86.959777
70
0
0
VERTEX
8
Layer 1
10
41.133915
20
87.841722
70
0
0
VERTEX
8
Layer 1
10
41.839471
20
86.254221
70
0
0
VERTEX
8
Layer 1
10
42.497071
20
84.892718
70
0
0
VERTEX
8
Layer 1
10
42.628812
20
84.119914
70
0
0
VERTEX
8
Layer 1
10
42.502652
20
83.968743
70
0
0
VERTEX
8
Layer 1
10
42.251229
20
83.982110
70
0
0
VERTEX
8
Layer 1
10
41.380859
20
84.525609
70
0
0
VERTEX
8
Layer 1
10
40.813107
20
85.042098
70
0
0
VERTEX
8
Layer 1
10
40.357803
20
85.667728
70
0
0
VERTEX
8
Layer 1
10
39.652247
20
87.418388
70
0
0
VERTEX
8
Layer 1
10
39.155051
20
88.983841
70
0
0
VERTEX
8
Layer 1
10
38.796761
20
89.623251
70
0
0
VERTEX
8
Layer 1
10
38.655236
20
89.603958
70
0
0
VERTEX
8
Layer 1
10
38.531075
20
89.363077
70
0
0
VERTEX
8
Layer 1
10
38.311691
20
88.229778
70
0
0
VERTEX
8
Layer 1
10
38.007420
20
86.867173
70
0
0
VERTEX
8
Layer 1
10
37.810636
20
86.538097
70
0
0
VERTEX
8
Layer 1
10
37.570857
20
86.430610
70
0
0
VERTEX
8
Layer 1
10
36.874120
20
85.786790
70
0
0
VERTEX
8
Layer 1
10
35.912800
20
84.243386
70
0
0
VERTEX
8
Layer 1
10
34.783911
20
82.020885
70
0
0
VERTEX
8
Layer 1
10
34.501688
20
83.961164
70
0
0
VERTEX
8
Layer 1
10
34.373806
20
85.672137
70
0
0
VERTEX
8
Layer 1
10
34.431133
20
87.065610
70
0
0
VERTEX
8
Layer 1
10
34.466411
20
87.890229
70
0
0
VERTEX
8
Layer 1
10
34.401367
20
88.062759
70
0
0
VERTEX
8
Layer 1
10
34.290022
20
88.053389
70
0
0
VERTEX
8
Layer 1
10
33.816527
20
87.341218
70
0
0
VERTEX
8
Layer 1
10
33.306653
20
85.954360
70
0
0
VERTEX
8
Layer 1
10
32.856310
20
84.223543
70
0
0
VERTEX
8
Layer 1
10
32.561409
20
82.479496
70
0
0
VERTEX
8
Layer 1
10
32.345333
20
81.094843
70
0
0
VERTEX
8
Layer 1
10
32.102798
20
80.609773
70
0
0
VERTEX
8
Layer 1
10
31.901191
20
81.017121
70
0
0
VERTEX
8
Layer 1
10
31.700411
20
81.923871
70
0
0
VERTEX
8
Layer 1
10
31.344325
20
84.772553
70
0
0
VERTEX
8
Layer 1
10
31.120532
20
88.229778
70
0
0
VERTEX
8
Layer 1
10
31.115020
20
91.369502
70
0
0
VERTEX
8
Layer 1
10
31.176756
20
94.182907
70
0
0
VERTEX
8
Layer 1
10
31.075332
20
94.554426
70
0
0
VERTEX
8
Layer 1
10
30.868075
20
94.403393
70
0
0
VERTEX
8
Layer 1
10
30.201655
20
93.035276
70
0
0
VERTEX
8
Layer 1
10
29.479012
20
90.787418
70
0
0
VERTEX
8
Layer 1
10
28.789441
20
87.983936
70
0
0
VERTEX
8
Layer 1
10
28.222240
20
84.948942
70
0
0
VERTEX
8
Layer 1
10
27.622517
20
80.962551
70
0
0
VERTEX
8
Layer 1
10
27.375573
20
83.079219
70
0
0
VERTEX
8
Layer 1
10
26.775850
20
87.541861
70
0
0
VERTEX
8
Layer 1
10
26.591744
20
88.268363
70
0
0
VERTEX
8
Layer 1
10
26.493628
20
87.877000
70
0
0
VERTEX
8
Layer 1
10
26.387794
20
86.946548
70
0
0
VERTEX
8
Layer 1
10
26.235659
20
86.988991
70
0
0
VERTEX
8
Layer 1
10
25.964461
20
87.312555
70
0
0
VERTEX
8
Layer 1
10
25.684994
20
87.620133
70
0
0
VERTEX
8
Layer 1
10
25.501440
20
87.524222
70
0
0
VERTEX
8
Layer 1
10
25.223627
20
85.725054
70
0
0
VERTEX
8
Layer 1
10
24.941405
20
80.221717
70
0
0
VERTEX
8
Layer 1
10
24.795884
20
77.677306
70
0
0
VERTEX
8
Layer 1
10
24.648709
20
77.418786
70
0
0
VERTEX
8
Layer 1
10
24.412238
20
77.646438
70
0
0
VERTEX
8
Layer 1
10
23.181373
20
79.849095
70
0
0
VERTEX
8
Layer 1
10
21.656159
20
83.149775
70
0
0
VERTEX
8
Layer 1
10
20.230165
20
86.635662
70
0
0
VERTEX
8
Layer 1
10
19.296957
20
89.393945
70
0
0
VERTEX
8
Layer 1
10
18.691171
20
91.402024
70
0
0
VERTEX
8
Layer 1
10
18.465379
20
91.845270
70
0
0
VERTEX
8
Layer 1
10
18.287130
20
91.911898
70
0
0
VERTEX
8
Layer 1
10
18.061682
20
90.907032
70
0
0
VERTEX
8
Layer 1
10
17.991678
20
88.370889
70
0
0
VERTEX
8
Layer 1
10
18.116253
20
85.944438
70
0
0
VERTEX
8
Layer 1
10
18.432650
20
83.140955
70
0
0
VERTEX
8
Layer 1
10
18.854882
20
80.562368
70
0
0
VERTEX
8
Layer 1
10
19.296957
20
78.810605
70
0
0
VERTEX
8
Layer 1
10
19.215377
20
78.721859
70
0
0
VERTEX
8
Layer 1
10
18.803067
20
79.000223
70
0
0
VERTEX
8
Layer 1
10
17.250844
20
80.433384
70
0
0
VERTEX
8
Layer 1
10
15.011806
20
82.573754
70
0
0
VERTEX
8
Layer 1
10
12.885216
20
84.300713
70
0
0
VERTEX
8
Layer 1
10
10.851231
20
85.637411
70
0
0
VERTEX
8
Layer 1
10
8.890006
20
86.606999
70
0
0
VERTEX
8
Layer 1
10
6.561671
20
87.488944
70
0
0
VERTEX
8
Layer 1
10
7.381880
20
86.523214
70
0
0
VERTEX
8
Layer 1
10
9.630839
20
84.208109
70
0
0
VERTEX
8
Layer 1
10
11.807590
20
81.824652
70
0
0
VERTEX
8
Layer 1
10
13.630460
20
79.375050
70
0
0
VERTEX
8
Layer 1
10
15.102757
20
76.846073
70
0
0
VERTEX
8
Layer 1
10
16.227788
20
74.224491
70
0
0
VERTEX
8
Layer 1
10
16.580566
20
73.201435
70
0
0
VERTEX
8
Layer 1
10
15.804454
20
74.153936
70
0
0
VERTEX
8
Layer 1
10
14.724072
20
75.003910
70
0
0
VERTEX
8
Layer 1
10
13.088064
20
75.926645
70
0
0
VERTEX
8
Layer 1
10
11.478514
20
76.624484
70
0
0
VERTEX
8
Layer 1
10
10.477507
20
76.799771
70
0
0
VERTEX
8
Layer 1
10
10.463726
20
76.642674
70
0
0
VERTEX
8
Layer 1
10
10.711222
20
76.310291
70
0
0
VERTEX
8
Layer 1
10
11.818063
20
75.318103
70
0
0
VERTEX
8
Layer 1
10
13.257287
20
73.827616
70
0
0
VERTEX
8
Layer 1
10
14.944558
20
71.728587
70
0
0
VERTEX
8
Layer 1
10
16.347402
20
69.722162
70
0
0
VERTEX
8
Layer 1
10
16.933344
20
68.509488
70
0
0
VERTEX
8
Layer 1
10
16.726087
20
68.218446
70
0
0
VERTEX
8
Layer 1
10
16.227788
20
67.980321
70
0
0
VERTEX
8
Layer 1
10
15.812723
20
67.984730
70
0
0
VERTEX
8
Layer 1
10
15.367892
20
68.253724
70
0
0
VERTEX
8
Layer 1
10
14.111120
20
69.850044
70
0
0
VERTEX
8
Layer 1
10
12.582599
20
71.685041
70
0
0
VERTEX
8
Layer 1
10
10.481916
20
73.629178
70
0
0
VERTEX
8
Layer 1
10
8.123265
20
75.421180
70
0
0
VERTEX
8
Layer 1
10
5.820837
20
76.799771
70
0
0
VERTEX
8
Layer 1
10
4.056947
20
77.716993
70
0
0
VERTEX
8
Layer 1
10
5.856115
20
75.811992
70
0
0
VERTEX
8
Layer 1
10
7.693316
20
73.553662
70
0
0
VERTEX
8
Layer 1
10
9.705805
20
70.683482
70
0
0
VERTEX
8
Layer 1
10
11.328032
20
68.058042
70
0
0
VERTEX
8
Layer 1
10
11.994452
20
66.533931
70
0
0
VERTEX
8
Layer 1
10
11.553479
20
66.847021
70
0
0
VERTEX
8
Layer 1
10
10.477507
20
67.874487
70
0
0
VERTEX
8
Layer 1
10
9.263730
20
68.844075
70
0
0
VERTEX
8
Layer 1
10
7.805213
20
69.704523
70
0
0
VERTEX
8
Layer 1
10
6.359926
20
70.320231
70
0
0
VERTEX
8
Layer 1
10
5.185837
20
70.555600
70
0
0
VERTEX
8
Layer 1
10
5.178120
20
70.424962
70
0
0
VERTEX
8
Layer 1
10
5.441601
20
70.066121
70
0
0
VERTEX
8
Layer 1
10
6.596949
20
68.862266
70
0
0
VERTEX
8
Layer 1
10
7.950734
20
67.340910
70
0
0
VERTEX
8
Layer 1
10
8.748894
20
66.004764
70
0
0
VERTEX
8
Layer 1
10
9.136950
20
64.840596
70
0
0
VERTEX
8
Layer 1
10
5.362226
20
63.076706
70
0
0
VERTEX
8
Layer 1
10
0.811389
20
60.995316
70
0
0
VERTEX
8
Layer 1
10
0.000000
20
60.677816
70
0
0
VERTEX
8
Layer 1
10
0.000000
20
30.338908
70
0
0
VERTEX
8
Layer 1
10
0.000000
20
0.000000
70
0
0
VERTEX
8
Layer 1
10
423.333600
20
0.000000
70
0
0
VERTEX
8
Layer 1
10
846.667200
20
0.000000
70
0
0
VERTEX
8
Layer 1
10
846.667200
20
32.455576
70
0
0
VERTEX
8
Layer 1
10
846.667200
20
64.946430
70
0
0
VERTEX
8
Layer 1
10
842.433864
20
66.921987
70
0
0
VERTEX
8
Layer 1
10
838.235806
20
68.897543
70
0
0
VERTEX
8
Layer 1
10
838.800251
20
69.991155
70
0
0
VERTEX
8
Layer 1
10
839.774800
20
71.314073
70
0
0
VERTEX
8
Layer 1
10
841.304974
20
72.954490
70
0
0
VERTEX
8
Layer 1
10
843.245253
20
74.859492
70
0
0
VERTEX
8
Layer 1
10
842.045808
20
74.612547
70
0
0
VERTEX
8
Layer 1
10
840.522799
20
74.128028
70
0
0
VERTEX
8
Layer 1
10
838.989869
20
73.382234
70
0
0
VERTEX
8
Layer 1
10
837.635532
20
72.484303
70
0
0
VERTEX
8
Layer 1
10
836.648305
20
71.543378
70
0
0
VERTEX
8
Layer 1
10
835.948261
20
70.730887
70
0
0
VERTEX
8
Layer 1
10
835.808666
20
70.669013
70
0
0
VERTEX
8
Layer 1
10
835.810457
20
70.837822
70
0
0
VERTEX
8
Layer 1
10
837.248027
20
73.836435
70
0
0
VERTEX
8
Layer 1
10
838.959001
20
76.544007
70
0
0
VERTEX
8
Layer 1
10
840.987474
20
79.092828
70
0
0
VERTEX
8
Layer 1
10
842.579385
20
80.936093
70
0
0
VERTEX
8
Layer 1
10
842.649389
20
81.206188
70
0
0
VERTEX
8
Layer 1
10
842.292753
20
81.138940
70
0
0
VERTEX
8
Layer 1
10
841.187152
20
80.600196
70
0
0
VERTEX
8
Layer 1
10
839.864097
20
79.752633
70
0
0
VERTEX
8
Layer 1
10
836.939347
20
77.456820
70
0
0
VERTEX
8
Layer 1
10
834.265951
20
74.903038
70
0
0
VERTEX
8
Layer 1
10
833.257088
20
73.733014
70
0
0
VERTEX
8
Layer 1
10
832.591358
20
72.742824
70
0
0
VERTEX
8
Layer 1
10
832.207161
20
72.236808
70
0
0
VERTEX
8
Layer 1
10
831.766739
20
72.001990
70
0
0
VERTEX
8
Layer 1
10
831.306474
20
72.058214
70
0
0
VERTEX
8
Layer 1
10
830.862746
20
72.425323
70
0
0
VERTEX
8
Layer 1
10
830.819820
20
72.797738
70
0
0
VERTEX
8
Layer 1
10
831.035276
20
73.426882
70
0
0
VERTEX
8
Layer 1
10
832.084239
20
75.225499
70
0
0
VERTEX
8
Layer 1
10
833.695443
20
77.361459
70
0
0
VERTEX
8
Layer 1
10
835.554693
20
79.375050
70
0
0
VERTEX
8
Layer 1
10
836.904069
20
80.724426
70
0
0
VERTEX
8
Layer 1
10
837.353861
20
81.385885
70
0
0
VERTEX
8
Layer 1
10
837.030159
20
81.393119
70
0
0
VERTEX
8
Layer 1
10
836.391438
20
81.185793
70
0
0
VERTEX
8
Layer 1
10
834.575734
20
80.340780
70
0
0
VERTEX
8
Layer 1
10
832.720342
20
79.277485
70
0
0
VERTEX
8
Layer 1
10
831.638857
20
78.422549
70
0
0
VERTEX
8
Layer 1
10
831.095910
20
77.712032
70
0
0
VERTEX
8
Layer 1
10
830.972231
20
77.679028
70
0
0
VERTEX
8
Layer 1
10
830.946530
20
77.844875
70
0
0
VERTEX
8
Layer 1
10
831.187412
20
78.725167
70
0
0
VERTEX
8
Layer 1
10
831.815246
20
80.256995
70
0
0
VERTEX
8
Layer 1
10
833.414323
20
83.221984
70
0
0
VERTEX
8
Layer 1
10
835.426811
20
86.038144
70
0
0
VERTEX
8
Layer 1
10
837.803102
20
88.636024
70
0
0
VERTEX
8
Layer 1
10
840.493585
20
90.946168
70
0
0
VERTEX
8
Layer 1
10
841.282926
20
91.612037
70
0
0
VERTEX
8
Layer 1
10
840.669974
20
91.510613
70
0
0
VERTEX
8
Layer 1
10
839.468186
20
91.072603
70
0
0
VERTEX
8
Layer 1
10
837.994373
20
90.334870
70
0
0
VERTEX
8
Layer 1
10
834.637470
20
88.243007
70
0
0
VERTEX
8
Layer 1
10
831.412859
20
85.800571
70
0
0
VERTEX
8
Layer 1
10
830.104411
20
84.624621
70
0
0
VERTEX
8
Layer 1
10
829.134133
20
83.573108
70
0
0
VERTEX
8
Layer 1
10
827.969966
20
82.232552
70
0
0
VERTEX
8
Layer 1
10
828.534411
20
84.137553
70
0
0
VERTEX
8
Layer 1
10
828.993022
20
86.827485
70
0
0
VERTEX
8
Layer 1
10
829.239967
20
91.369502
70
0
0
VERTEX
8
Layer 1
10
829.381078
20
96.837561
70
0
0
VERTEX
8
Layer 1
10
827.969966
20
92.674781
70
0
0
VERTEX
8
Layer 1
10
825.870937
20
87.264048
70
0
0
VERTEX
8
Layer 1
10
824.656058
20
84.762080
70
0
0
VERTEX
8
Layer 1
10
823.242741
20
82.197274
70
0
0
VERTEX
8
Layer 1
10
822.290240
20
80.609773
70
0
0
VERTEX
8
Layer 1
10
822.537185
20
82.761719
70
0
0
VERTEX
8
Layer 1
10
822.580180
20
84.950045
70
0
0
VERTEX
8
Layer 1
10
822.378435
20
87.621236
70
0
0
VERTEX
8
Layer 1
10
821.991481
20
90.252739
70
0
0
VERTEX
8
Layer 1
10
821.478851
20
92.322003
70
0
0
VERTEX
8
Layer 1
10
821.020239
20
93.662559
70
0
0
VERTEX
8
Layer 1
10
820.773295
20
91.369502
70
0
0
VERTEX
8
Layer 1
10
820.138294
20
87.136166
70
0
0
VERTEX
8
Layer 1
10
819.714961
20
85.195887
70
0
0
VERTEX
8
Layer 1
10
819.468016
20
87.912278
70
0
0
VERTEX
8
Layer 1
10
818.586071
20
93.027559
70
0
0
VERTEX
8
Layer 1
10
817.267563
20
97.053638
70
0
0
VERTEX
8
Layer 1
10
816.586812
20
98.598695
70
0
0
VERTEX
8
Layer 1
10
816.187181
20
99.095340
70
0
0
VERTEX
8
Layer 1
10
816.398848
20
95.779227
70
0
0
VERTEX
8
Layer 1
10
816.501374
20
93.283323
70
0
0
VERTEX
8
Layer 1
10
816.398848
20
90.602210
70
0
0
VERTEX
8
Layer 1
10
816.111113
20
88.040160
70
0
0
VERTEX
8
Layer 1
10
815.658014
20
85.901443
70
0
0
VERTEX
8
Layer 1
10
815.427606
20
85.277467
70
0
0
VERTEX
8
Layer 1
10
815.324391
20
85.219314
70
0
0
VERTEX
8
Layer 1
10
815.217041
20
85.354637
70
0
0
VERTEX
8
Layer 1
10
814.564402
20
88.194500
70
0
0
VERTEX
8
Layer 1
10
814.136659
20
90.108321
70
0
0
VERTEX
8
Layer 1
10
813.682457
20
91.545891
70
0
0
VERTEX
8
Layer 1
10
813.416771
20
92.088287
70
0
0
VERTEX
8
Layer 1
10
813.276762
20
92.101516
70
0
0
VERTEX
8
Layer 1
10
813.188568
20
90.064223
70
0
0
VERTEX
8
Layer 1
10
813.105885
20
87.878653
70
0
0
VERTEX
8
Layer 1
10
812.871068
20
86.946548
70
0
0
VERTEX
8
Layer 1
10
812.678004
20
86.932974
70
0
0
VERTEX
8
Layer 1
10
812.424583
20
87.211683
70
0
0
VERTEX
8
Layer 1
10
811.706900
20
88.617834
70
0
0
VERTEX
8
Layer 1
10
810.816136
20
90.297939
70
0
0
VERTEX
8
Layer 1
10
810.436899
20
90.706390
70
0
0
VERTEX
8
Layer 1
10
810.084121
20
90.840335
70
0
0
VERTEX
8
Layer 1
10
809.767724
20
90.921364
70
0
0
VERTEX
8
Layer 1
10
809.537315
20
91.197523
70
0
0
VERTEX
8
Layer 1
10
809.202176
20
92.533669
70
0
0
VERTEX
8
Layer 1
10
808.990510
20
93.803670
70
0
0
VERTEX
8
Layer 1
10
808.778843
20
94.438671
70
0
0
VERTEX
8
Layer 1
10
808.456933
20
93.852177
70
0
0
VERTEX
8
Layer 1
10
807.896898
20
92.180891
70
0
0
VERTEX
8
Layer 1
10
807.341824
20
90.601107
70
0
0
VERTEX
8
Layer 1
10
806.737140
20
89.464501
70
0
0
VERTEX
8
Layer 1
10
806.086154
20
88.777686
70
0
0
VERTEX
8
Layer 1
10
805.392174
20
88.547278
70
0
0
VERTEX
8
Layer 1
10
805.184917
20
88.641536
70
0
0
VERTEX
8
Layer 1
10
805.083493
20
88.957382
70
0
0
VERTEX
8
Layer 1
10
805.145229
20
90.452279
70
0
0
VERTEX
8
Layer 1
10
805.198146
20
91.978044
70
0
0
VERTEX
8
Layer 1
10
805.075776
20
92.248140
70
0
0
VERTEX
8
Layer 1
10
804.827729
20
92.286725
70
0
0
VERTEX
8
Layer 1
10
804.298562
20
91.920718
70
0
0
VERTEX
8
Layer 1
10
803.769395
20
91.157835
70
0
0
VERTEX
8
Layer 1
10
802.843353
20
89.768772
70
0
0
VERTEX
8
Layer 1
10
802.648223
20
89.773733
70
0
0
VERTEX
8
Layer 1
10
802.711061
20
90.311168
70
0
0
VERTEX
8
Layer 1
10
802.922728
20
92.851170
70
0
0
VERTEX
8
Layer 1
10
802.967928
20
93.759573
70
0
0
VERTEX
8
Layer 1
10
803.152034
20
94.429851
70
0
0
VERTEX
8
Layer 1
10
803.547807
20
95.033983
70
0
0
VERTEX
8
Layer 1
10
804.228007
20
95.743949
70
0
0
VERTEX
8
Layer 1
10
805.533285
20
96.978672
70
0
0
VERTEX
8
Layer 1
10
801.899672
20
95.743949
70
0
0
VERTEX
8
Layer 1
10
798.856962
20
94.579782
70
0
0
VERTEX
8
Layer 1
10
796.819669
20
93.415614
70
0
0
VERTEX
8
Layer 1
10
795.907958
20
92.745336
70
0
0
VERTEX
8
Layer 1
10
795.729502
20
92.681395
70
0
0
VERTEX
8
Layer 1
10
795.743696
20
92.815892
70
0
0
VERTEX
8
Layer 1
10
797.842725
20
95.602838
70
0
0
VERTEX
8
Layer 1
10
799.612127
20
97.670448
70
0
0
VERTEX
8
Layer 1
10
801.599810
20
99.708292
70
0
0
VERTEX
8
Layer 1
10
803.666869
20
101.580771
70
0
0
VERTEX
8
Layer 1
10
805.674396
20
103.152287
70
0
0
VERTEX
8
Layer 1
10
807.508842
20
104.598677
70
0
0
VERTEX
8
Layer 1
10
806.879354
20
104.557887
70
0
0
VERTEX
8
Layer 1
10
805.356896
20
104.087149
70
0
0
VERTEX
8
Layer 1
10
801.829116
20
102.623120
70
0
0
VERTEX
8
Layer 1
10
799.792374
20
101.412099
70
0
0
VERTEX
8
Layer 1
10
797.388523
20
99.655375
70
0
0
VERTEX
8
Layer 1
10
794.858995
20
97.548078
70
0
0
VERTEX
8
Layer 1
10
792.445221
20
95.285338
70
0
0
VERTEX
8
Layer 1
10
790.870950
20
93.777212
70
0
0
VERTEX
8
Layer 1
10
790.222720
20
93.274503
70
0
0
VERTEX
8
Layer 1
10
791.810221
20
98.107562
70
0
0
VERTEX
8
Layer 1
10
792.890604
20
101.445724
70
0
0
VERTEX
8
Layer 1
10
793.256611
20
102.905343
70
0
0
VERTEX
8
Layer 1
10
792.149219
20
101.932447
70
0
0
VERTEX
8
Layer 1
10
789.874352
20
99.461347
70
0
0
VERTEX
8
Layer 1
10
787.526724
20
96.719050
70
0
0
VERTEX
8
Layer 1
10
786.201051
20
94.932560
70
0
0
VERTEX
8
Layer 1
10
785.495495
20
93.838948
70
0
0
VERTEX
8
Layer 1
10
785.671884
20
95.355893
70
0
0
VERTEX
8
Layer 1
10
785.875834
20
97.285699
70
0
0
VERTEX
8
Layer 1
10
785.954106
20
99.734750
70
0
0
VERTEX
8
Layer 1
10
785.900087
20
102.216874
70
0
0
VERTEX
8
Layer 1
10
785.707162
20
104.245899
70
0
0
VERTEX
8
Layer 1
10
785.424939
20
106.009789
70
0
0
VERTEX
8
Layer 1
10
784.825217
20
103.893121
70
0
0
VERTEX
8
Layer 1
10
784.049105
20
101.317842
70
0
0
VERTEX
8
Layer 1
10
783.555767
20
100.836079
70
0
0
VERTEX
8
Layer 1
10
782.642403
20
100.347702
70
0
0
VERTEX
8
Layer 1
10
781.682736
20
100.018075
70
0
0
VERTEX
8
Layer 1
10
781.050492
20
100.012563
70
0
0
VERTEX
8
Layer 1
10
780.724724
20
100.521335
70
0
0
VERTEX
8
Layer 1
10
780.799138
20
101.383987
70
0
0
VERTEX
8
Layer 1
10
781.263812
20
102.557526
70
0
0
VERTEX
8
Layer 1
10
782.108826
20
103.998954
70
0
0
VERTEX
8
Layer 1
10
783.039278
20
105.542358
70
0
0
VERTEX
8
Layer 1
10
783.308271
20
106.186178
70
0
0
VERTEX
8
Layer 1
10
781.685492
20
105.057288
70
0
0
VERTEX
8
Layer 1
10
780.239103
20
103.928399
70
0
0
VERTEX
8
Layer 1
10
780.415492
20
105.022011
70
0
0
VERTEX
8
Layer 1
10
780.400609
20
105.837259
70
0
0
VERTEX
8
Layer 1
10
780.290848
20
105.980092
70
0
0
VERTEX
8
Layer 1
10
780.137679
20
105.961282
70
0
0
VERTEX
8
Layer 1
10
779.775530
20
105.483378
70
0
0
VERTEX
8
Layer 1
10
779.462991
20
104.492844
70
0
0
VERTEX
8
Layer 1
10
779.233134
20
103.778468
70
0
0
VERTEX
8
Layer 1
10
778.788303
20
102.984718
70
0
0
VERTEX
8
Layer 1
10
777.134656
20
101.000341
70
0
0
VERTEX
8
Layer 1
10
775.053266
20
98.989507
70
0
0
VERTEX
8
Layer 1
10
776.499656
20
102.058675
70
0
0
VERTEX
8
Layer 1
10
778.832400
20
106.208227
70
0
0
VERTEX
8
Layer 1
10
779.927666
20
107.818327
70
0
0
VERTEX
8
Layer 1
10
780.979936
20
109.114235
70
0
0
VERTEX
8
Layer 1
10
781.535562
20
109.788923
70
0
0
VERTEX
8
Layer 1
10
781.614937
20
110.066736
70
0
0
VERTEX
8
Layer 1
10
780.674012
20
109.648363
70
0
0
VERTEX
8
Layer 1
10
779.167539
20
108.624756
70
0
0
VERTEX
8
Layer 1
10
777.561848
20
107.343180
70
0
0
VERTEX
8
Layer 1
10
776.323267
20
106.150900
70
0
0
VERTEX
8
Layer 1
10
774.982710
20
104.598677
70
0
0
VERTEX
8
Layer 1
10
775.899933
20
106.962290
70
0
0
VERTEX
8
Layer 1
10
776.644626
20
108.870598
70
0
0
VERTEX
8
Layer 1
10
777.333094
20
110.296042
70
0
0
VERTEX
8
Layer 1
10
779.745213
20
113.841461
70
0
0
VERTEX
8
Layer 1
10
781.579659
20
116.143337
70
0
0
VERTEX
8
Layer 1
10
783.096604
20
117.545630
70
0
0
VERTEX
8
Layer 1
10
783.969730
20
118.191103
70
0
0
VERTEX
8
Layer 1
10
784.039183
20
118.359844
70
0
0
VERTEX
8
Layer 1
10
783.890355
20
118.423165
70
0
0
VERTEX
8
Layer 1
10
783.017229
20
118.225278
70
0
0
VERTEX
8
Layer 1
10
781.509103
20
117.580907
70
0
0
VERTEX
8
Layer 1
10
779.324085
20
116.162078
70
0
0
VERTEX
8
Layer 1
10
776.887712
20
114.009030
70
0
0
VERTEX
8
Layer 1
10
774.583630
20
111.498794
70
0
0
VERTEX
8
Layer 1
10
772.795487
20
109.008402
70
0
0
VERTEX
8
Layer 1
10
771.913542
20
107.641387
70
0
0
VERTEX
8
Layer 1
10
771.694158
20
107.430823
70
0
0
VERTEX
8
Layer 1
10
771.666597
20
107.597290
70
0
0
VERTEX
8
Layer 1
10
772.328056
20
112.130487
70
0
0
VERTEX
8
Layer 1
10
772.500035
20
114.641826
70
0
0
VERTEX
8
Layer 1
10
772.513264
20
116.769518
70
0
0
VERTEX
8
Layer 1
10
772.407431
20
119.415353
70
0
0
VERTEX
8
Layer 1
10
771.243264
20
115.746462
70
0
0
VERTEX
8
Layer 1
10
769.779235
20
111.918820
70
0
0
VERTEX
8
Layer 1
10
767.891873
20
107.879512
70
0
0
VERTEX
8
Layer 1
10
765.704649
20
103.646176
70
0
0
VERTEX
8
Layer 1
10
765.492982
20
107.103401
70
0
0
VERTEX
8
Layer 1
10
765.210760
20
110.199028
70
0
0
VERTEX
8
Layer 1
10
764.822704
20
112.712571
70
0
0
VERTEX
8
Layer 1
10
764.364093
20
114.829239
70
0
0
VERTEX
8
Layer 1
10
764.046592
20
113.418127
70
0
0
VERTEX
8
Layer 1
10
763.054404
20
109.290624
70
0
0
VERTEX
8
Layer 1
10
762.353258
20
106.962290
70
0
0
VERTEX
8
Layer 1
10
762.226478
20
107.021270
70
0
0
VERTEX
8
Layer 1
10
762.026938
20
107.513505
70
0
0
VERTEX
8
Layer 1
10
761.541869
20
109.467013
70
0
0
VERTEX
8
Layer 1
10
760.911829
20
112.132692
70
0
0
VERTEX
8
Layer 1
10
760.073430
20
114.996809
70
0
0
VERTEX
8
Layer 1
10
759.175500
20
117.583112
70
0
0
VERTEX
8
Layer 1
10
758.366867
20
119.415353
70
0
0
VERTEX
8
Layer 1
10
758.044405
20
119.986412
70
0
0
VERTEX
8
Layer 1
10
757.903845
20
120.041534
70
0
0
VERTEX
8
Layer 1
10
758.049366
20
118.180630
70
0
0
VERTEX
8
Layer 1
10
758.283082
20
112.328925
70
0
0
VERTEX
8
Layer 1
10
758.213077
20
109.434492
70
0
0
VERTEX
8
Layer 1
10
758.014089
20
107.456179
70
0
0
VERTEX
8
Layer 1
10
757.731866
20
106.080345
70
0
0
VERTEX
8
Layer 1
10
756.673532
20
109.184791
70
0
0
VERTEX
8
Layer 1
10
755.778358
20
111.745739
70
0
0
VERTEX
8
Layer 1
10
755.253601
20
112.712571
70
0
0
VERTEX
8
Layer 1
10
755.076385
20
112.625066
70
0
0
VERTEX
8
Layer 1
10
754.927281
20
112.171277
70
0
0
VERTEX
8
Layer 1
10
754.627420
20
110.207847
70
0
0
VERTEX
8
Layer 1
10
754.038170
20
106.521868
70
0
0
VERTEX
8
Layer 1
10
753.405926
20
104.241489
70
0
0
VERTEX
8
Layer 1
10
753.085050
20
103.650104
70
0
0
VERTEX
8
Layer 1
10
752.767067
20
103.436163
70
0
0
VERTEX
8
Layer 1
10
752.456526
20
103.608349
70
0
0
VERTEX
8
Layer 1
10
752.157974
20
104.175343
70
0
0
VERTEX
8
Layer 1
10
751.875751
20
105.483378
70
0
0
VERTEX
8
Layer 1
10
751.725821
20
107.416491
70
0
0
VERTEX
8
Layer 1
10
751.721411
20
109.686948
70
0
0
VERTEX
8
Layer 1
10
751.875751
20
112.007015
70
0
0
VERTEX
8
Layer 1
10
752.122696
20
114.476461
70
0
0
VERTEX
8
Layer 1
10
751.381862
20
112.888960
70
0
0
VERTEX
8
Layer 1
10
750.676306
20
111.301459
70
0
0
VERTEX
8
Layer 1
10
749.371028
20
113.665072
70
0
0
VERTEX
8
Layer 1
10
747.995193
20
115.922851
70
0
0
VERTEX
8
Layer 1
10
748.242138
20
113.947294
70
0
0
VERTEX
8
Layer 1
10
748.594916
20
110.701736
70
0
0
VERTEX
8
Layer 1
10
748.558536
20
109.970273
70
0
0
VERTEX
8
Layer 1
10
748.409708
20
109.506701
70
0
0
VERTEX
8
Layer 1
10
748.088900
20
109.208493
70
0
0
VERTEX
8
Layer 1
10
747.536582
20
108.973124
70
0
0
VERTEX
8
Layer 1
10
746.747241
20
108.488054
70
0
0
VERTEX
8
Layer 1
10
746.301859
20
107.844235
70
0
0
VERTEX
8
Layer 1
10
745.605122
20
105.903956
70
0
0
VERTEX
8
Layer 1
10
745.299749
20
105.333999
70
0
0
VERTEX
8
Layer 1
10
745.067136
20
105.127844
70
0
0
VERTEX
8
Layer 1
10
744.956893
20
105.498261
70
0
0
VERTEX
8
Layer 1
10
745.137692
20
106.397845
70
0
0
VERTEX
8
Layer 1
10
745.292032
20
107.535554
70
0
0
VERTEX
8
Layer 1
10
744.890747
20
108.302846
70
0
0
VERTEX
8
Layer 1
10
744.515920
20
108.962100
70
0
0
VERTEX
8
Layer 1
10
744.564427
20
109.687500
70
0
0
VERTEX
8
Layer 1
10
745.049497
20
110.505504
70
0
0
VERTEX
8
Layer 1
10
745.984359
20
111.442570
70
0
0
VERTEX
8
Layer 1
10
746.910401
20
112.465626
70
0
0
VERTEX
8
Layer 1
10
746.599515
20
112.424836
70
0
0
VERTEX
8
Layer 1
10
745.772692
20
112.007015
70
0
0
VERTEX
8
Layer 1
10
745.046190
20
111.619510
70
0
0
VERTEX
8
Layer 1
10
744.617344
20
111.526355
70
0
0
VERTEX
8
Layer 1
10
744.413394
20
111.744085
70
0
0
VERTEX
8
Layer 1
10
744.361580
20
112.289237
70
0
0
VERTEX
8
Layer 1
10
744.336775
20
112.629889
70
0
0
VERTEX
8
Layer 1
10
744.242517
20
112.686113
70
0
0
VERTEX
8
Layer 1
10
743.726580
20
111.865904
70
0
0
VERTEX
8
Layer 1
10
743.242061
20
111.079319
70
0
0
VERTEX
8
Layer 1
10
742.760850
20
110.573854
70
0
0
VERTEX
8
Layer 1
10
742.392087
20
110.432192
70
0
0
VERTEX
8
Layer 1
10
742.244912
20
110.737014
70
0
0
VERTEX
8
Layer 1
10
742.707933
20
111.649827
70
0
0
VERTEX
8
Layer 1
10
743.832413
20
113.382849
70
0
0
VERTEX
8
Layer 1
10
744.908386
20
115.023267
70
0
0
VERTEX
8
Layer 1
10
745.243525
20
115.711184
70
0
0
VERTEX
8
Layer 1
10
742.456579
20
114.511739
70
0
0
VERTEX
8
Layer 1
10
740.044459
20
113.153543
70
0
0
VERTEX
8
Layer 1
10
737.976298
20
111.583681
70
0
0
VERTEX
8
Layer 1
10
736.141853
20
109.890347
70
0
0
VERTEX
8
Layer 1
10
737.870465
20
113.171182
70
0
0
VERTEX
8
Layer 1
10
739.625535
20
116.205073
70
0
0
VERTEX
8
Layer 1
10
741.433523
20
118.921464
70
0
0
VERTEX
8
Layer 1
10
742.976926
20
121.135146
70
0
0
VERTEX
8
Layer 1
10
742.976237
20
121.268953
70
0
0
VERTEX
8
Layer 1
10
742.832508
20
121.272950
70
0
0
VERTEX
8
Layer 1
10
742.139079
20
120.967576
70
0
0
VERTEX
8
Layer 1
10
739.836651
20
119.378422
70
0
0
VERTEX
8
Layer 1
10
737.213416
20
116.985595
70
0
0
VERTEX
8
Layer 1
10
734.583566
20
114.096673
70
0
0
VERTEX
8
Layer 1
10
732.261295
20
111.019237
70
0
0
VERTEX
8
Layer 1
10
731.238238
20
109.537569
70
0
0
VERTEX
8
Layer 1
10
731.379350
20
113.171182
70
0
0
VERTEX
8
Layer 1
10
731.414627
20
116.769518
70
0
0
VERTEX
8
Layer 1
10
730.744349
20
115.640628
70
0
0
VERTEX
8
Layer 1
10
730.149588
20
114.695845
70
0
0
VERTEX
8
Layer 1
10
729.346466
20
113.744447
70
0
0
VERTEX
8
Layer 1
10
726.969625
20
111.689515
70
0
0
VERTEX
8
Layer 1
10
726.015953
20
111.041285
70
0
0
VERTEX
8
Layer 1
10
725.491816
20
110.862691
70
0
0
VERTEX
8
Layer 1
10
725.370341
20
111.104124
70
0
0
VERTEX
8
Layer 1
10
725.624658
20
111.715973
70
0
0
VERTEX
8
Layer 1
10
727.153179
20
113.852485
70
0
0
VERTEX
8
Layer 1
10
729.862404
20
116.875351
70
0
0
VERTEX
8
Layer 1
10
731.846780
20
119.071394
70
0
0
VERTEX
8
Layer 1
10
732.293265
20
119.713009
70
0
0
VERTEX
8
Layer 1
10
732.296572
20
119.944520
70
0
0
VERTEX
8
Layer 1
10
730.736632
20
119.422519
70
0
0
VERTEX
8
Layer 1
10
728.230806
20
118.149762
70
0
0
VERTEX
8
Layer 1
10
725.579459
20
116.566119
70
0
0
VERTEX
8
Layer 1
10
723.582956
20
115.111461
70
0
0
VERTEX
8
Layer 1
10
722.039552
20
113.885558
70
0
0
VERTEX
8
Layer 1
10
721.846627
20
113.910914
70
0
0
VERTEX
8
Layer 1
10
721.924899
20
114.300072
70
0
0
VERTEX
8
Layer 1
10
722.189483
20
115.896944
70
0
0
VERTEX
8
Layer 1
10
722.374691
20
118.079206
70
0
0
VERTEX
8
Layer 1
10
722.440837
20
120.188709
70
0
0
VERTEX
8
Layer 1
10
722.348233
20
121.567299
70
0
0
VERTEX
8
Layer 1
10
722.187278
20
122.082134
70
0
0
VERTEX
8
Layer 1
10
722.013094
20
122.140563
70
0
0
VERTEX
8
Layer 1
10
721.254621
20
120.544243
70
0
0
VERTEX
8
Layer 1
10
720.443783
20
118.755548
70
0
0
VERTEX
8
Layer 1
10
719.424585
20
116.870942
70
0
0
VERTEX
8
Layer 1
10
717.303507
20
113.700349
70
0
0
VERTEX
8
Layer 1
10
716.527396
20
112.712571
70
0
0
VERTEX
8
Layer 1
10
716.456840
20
115.358406
70
0
0
VERTEX
8
Layer 1
10
716.174618
20
119.062575
70
0
0
VERTEX
8
Layer 1
10
715.892395
20
120.120909
70
0
0
VERTEX
8
Layer 1
10
715.469062
20
118.533408
70
0
0
VERTEX
8
Layer 1
10
714.269617
20
115.217295
70
0
0
VERTEX
8
Layer 1
10
713.683123
20
114.048718
70
0
0
VERTEX
8
Layer 1
10
713.281838
20
113.594516
70
0
0
VERTEX
8
Layer 1
10
713.056942
20
113.938475
70
0
0
VERTEX
8
Layer 1
10
712.964338
20
114.758683
70
0
0
VERTEX
8
Layer 1
10
712.732276
20
116.057899
70
0
0
VERTEX
8
Layer 1
10
712.139719
20
117.611775
70
0
0
VERTEX
8
Layer 1
10
711.342110
20
119.079663
70
0
0
VERTEX
8
Layer 1
10
710.494892
20
120.120909
70
0
0
VERTEX
8
Layer 1
10
709.683503
20
120.826465
70
0
0
VERTEX
8
Layer 1
10
709.965725
20
119.944520
70
0
0
VERTEX
8
Layer 1
10
710.130538
20
118.777045
70
0
0
VERTEX
8
Layer 1
10
710.199440
20
116.981185
70
0
0
VERTEX
8
Layer 1
10
710.169124
20
115.291158
70
0
0
VERTEX
8
Layer 1
10
710.036281
20
114.441183
70
0
0
VERTEX
8
Layer 1
10
704.890132
20
115.706774
70
0
0
VERTEX
8
Layer 1
10
699.664607
20
117.263407
70
0
0
VERTEX
8
Layer 1
10
699.748943
20
117.746823
70
0
0
VERTEX
8
Layer 1
10
700.392212
20
118.670109
70
0
0
VERTEX
8
Layer 1
10
702.839609
20
121.214521
70
0
0
VERTEX
8
Layer 1
10
703.902353
20
122.235923
70
0
0
VERTEX
8
Layer 1
10
704.082325
20
122.503745
70
0
0
VERTEX
8
Layer 1
10
704.012596
20
122.612404
70
0
0
VERTEX
8
Layer 1
10
703.077735
20
122.360498
70
0
0
VERTEX
8
Layer 1
10
701.005164
20
121.496743
70
0
0
VERTEX
8
Layer 1
10
698.994329
20
120.755909
70
0
0
VERTEX
8
Layer 1
10
700.899330
20
123.683967
70
0
0
VERTEX
8
Layer 1
10
703.730374
20
127.066226
70
0
0
VERTEX
8
Layer 1
10
705.145896
20
128.411743
70
0
0
VERTEX
8
Layer 1
10
706.614334
20
129.575359
70
0
0
VERTEX
8
Layer 1
10
707.496279
20
130.210360
70
0
0
VERTEX
8
Layer 1
10
706.473223
20
129.998693
70
0
0
VERTEX
8
Layer 1
10
704.537905
20
129.301956
70
0
0
VERTEX
8
Layer 1
10
702.023810
20
128.049595
70
0
0
VERTEX
8
Layer 1
10
699.503101
20
126.545878
70
0
0
VERTEX
8
Layer 1
10
697.547939
20
125.095079
70
0
0
VERTEX
8
Layer 1
10
696.167695
20
123.979418
70
0
0
VERTEX
8
Layer 1
10
695.846337
20
123.839961
70
0
0
VERTEX
8
Layer 1
10
695.819327
20
124.001467
70
0
0
VERTEX
8
Layer 1
10
696.140686
20
125.528334
70
0
0
VERTEX
8
Layer 1
10
696.299987
20
127.802650
70
0
0
VERTEX
8
Layer 1
10
696.280695
20
130.143111
70
0
0
VERTEX
8
Layer 1
10
696.066272
20
131.868416
70
0
0
VERTEX
8
Layer 1
10
695.701918
20
132.853990
70
0
0
VERTEX
8
Layer 1
10
695.347487
20
133.297167
70
0
0
VERTEX
8
Layer 1
10
695.197763
20
133.302955
70
0
0
VERTEX
8
Layer 1
10
695.079045
20
133.158261
70
0
0
VERTEX
8
Layer 1
10
694.972660
20
132.397583
70
0
0
VERTEX
8
Layer 1
10
694.752725
20
131.021198
70
0
0
VERTEX
8
Layer 1
10
694.165680
20
129.271088
70
0
0
VERTEX
8
Layer 1
10
693.241292
20
127.223322
70
0
0
VERTEX
8
Layer 1
10
692.009325
20
124.953968
70
0
0
VERTEX
8
Layer 1
10
690.280713
20
122.061188
70
0
0
VERTEX
8
Layer 1
10
690.210157
20
124.460078
70
0
0
VERTEX
8
Layer 1
10
689.998490
20
126.766365
70
0
0
VERTEX
8
Layer 1
10
689.151823
20
128.940359
70
0
0
VERTEX
8
Layer 1
10
688.093489
20
131.057027
70
0
0
VERTEX
8
Layer 1
10
687.881822
20
128.128970
70
0
0
VERTEX
8
Layer 1
10
687.467308
20
125.143586
70
0
0
VERTEX
8
Layer 1
10
687.286509
20
124.829944
70
0
0
VERTEX
8
Layer 1
10
687.211544
20
125.624246
70
0
0
VERTEX
8
Layer 1
10
686.934283
20
127.067880
70
0
0
VERTEX
8
Layer 1
10
686.263453
20
129.050602
70
0
0
VERTEX
8
Layer 1
10
685.361113
20
131.145773
70
0
0
VERTEX
8
Layer 1
10
684.389320
20
132.926750
70
0
0
VERTEX
8
Layer 1
10
683.084041
20
134.655363
70
0
0
VERTEX
8
Layer 1
10
683.542653
20
131.586194
70
0
0
VERTEX
8
Layer 1
10
683.882202
20
128.724282
70
0
0
VERTEX
8
Layer 1
10
683.824875
20
126.153413
70
0
0
VERTEX
8
Layer 1
10
683.613208
20
123.754522
70
0
0
VERTEX
8
Layer 1
10
682.978208
20
125.165634
70
0
0
VERTEX
8
Layer 1
10
681.425985
20
127.952581
70
0
0
VERTEX
8
Layer 1
10
680.508762
20
129.293137
70
0
0
VERTEX
8
Layer 1
10
680.473484
20
126.470913
70
0
0
VERTEX
8
Layer 1
10
680.244178
20
123.238585
70
0
0
VERTEX
8
Layer 1
10
679.997234
20
122.546809
70
0
0
VERTEX
8
Layer 1
10
679.852264
20
122.482661
70
0
0
VERTEX
8
Layer 1
10
679.697373
20
122.625633
70
0
0
VERTEX
8
Layer 1
10
679.662095
20
123.340008
70
0
0
VERTEX
8
Layer 1
10
679.838484
20
124.530634
70
0
0
VERTEX
8
Layer 1
10
680.001644
20
125.404311
70
0
0
VERTEX
8
Layer 1
10
679.979595
20
125.990253
70
0
0
VERTEX
8
Layer 1
10
679.719421
20
126.490206
70
0
0
VERTEX
8
Layer 1
10
679.168206
20
127.105913
70
0
0
VERTEX
8
Layer 1
10
678.145149
20
128.128970
70
0
0
VERTEX
8
Layer 1
10
678.321538
20
125.659524
70
0
0
VERTEX
8
Layer 1
10
678.339177
20
123.849883
70
0
0
VERTEX
8
Layer 1
10
678.145149
20
123.009279
70
0
0
VERTEX
8
Layer 1
10
678.001833
20
122.994741
70
0
0
VERTEX
8
Layer 1
10
677.845288
20
123.273311
70
0
0
VERTEX
8
Layer 1
10
677.545427
20
124.777579
70
0
0
VERTEX
8
Layer 1
10
677.166190
20
126.651712
70
0
0
VERTEX
8
Layer 1
10
676.628204
20
128.340636
70
0
0
VERTEX
8
Layer 1
10
676.178412
20
129.645915
70
0
0
VERTEX
8
Layer 1
10
676.099037
20
130.527860
70
0
0
VERTEX
8
Layer 1
10
676.910426
20
131.603833
70
0
0
VERTEX
8
Layer 1
10
678.568483
20
133.314806
70
0
0
VERTEX
8
Layer 1
10
680.861540
20
135.643141
70
0
0
VERTEX
8
Layer 1
10
678.780150
20
134.937585
70
0
0
VERTEX
8
Layer 1
10
676.825539
20
134.050128
70
0
0
VERTEX
8
Layer 1
10
674.970147
20
132.917931
70
0
0
VERTEX
8
Layer 1
10
673.194131
20
131.534380
70
0
0
VERTEX
8
Layer 1
10
671.477645
20
129.892860
70
0
0
VERTEX
8
Layer 1
10
669.678477
20
128.023136
70
0
0
VERTEX
8
Layer 1
10
669.466811
20
130.316193
70
0
0
VERTEX
8
Layer 1
10
669.123403
20
132.503968
70
0
0
VERTEX
8
Layer 1
10
668.545178
20
135.012550
70
0
0
VERTEX
8
Layer 1
10
667.933880
20
137.077955
70
0
0
VERTEX
8
Layer 1
10
667.491254
20
137.936198
70
0
0
VERTEX
8
Layer 1
10
667.358962
20
137.543732
70
0
0
VERTEX
8
Layer 1
10
667.385420
20
136.595642
70
0
0
VERTEX
8
Layer 1
10
667.249270
20
135.069877
70
0
0
VERTEX
8
Layer 1
10
666.719552
20
132.909111
70
0
0
VERTEX
8
Layer 1
10
665.931865
20
130.563138
70
0
0
VERTEX
8
Layer 1
10
665.021808
20
128.481748
70
0
0
VERTEX
8
Layer 1
10
664.351530
20
127.176469
70
0
0
VERTEX
8
Layer 1
10
664.069307
20
128.234803
70
0
0
VERTEX
8
Layer 1
10
663.596364
20
129.621662
70
0
0
VERTEX
8
Layer 1
10
662.772848
20
131.365708
70
0
0
VERTEX
8
Layer 1
10
660.153471
20
135.713697
70
0
0
VERTEX
8
Layer 1
10
658.063262
20
138.646164
70
0
0
VERTEX
8
Layer 1
10
657.742454
20
138.814284
70
0
0
VERTEX
8
Layer 1
10
657.930970
20
138.112587
70
0
0
VERTEX
8
Layer 1
10
658.669048
20
135.575341
70
0
0
VERTEX
8
Layer 1
10
659.152464
20
132.763591
70
0
0
VERTEX
8
Layer 1
10
659.324994
20
130.130434
70
0
0
VERTEX
8
Layer 1
10
659.130415
20
128.128970
70
0
0
VERTEX
8
Layer 1
10
658.959538
20
127.792728
70
0
0
VERTEX
8
Layer 1
10
658.715901
20
127.899664
70
0
0
VERTEX
8
Layer 1
10
657.719303
20
129.787026
70
0
0
VERTEX
8
Layer 1
10
656.325830
20
132.075673
70
0
0
VERTEX
8
Layer 1
10
654.509023
20
134.020362
70
0
0
VERTEX
8
Layer 1
10
653.062634
20
135.246266
70
0
0
VERTEX
8
Layer 1
10
652.357078
20
135.678419
70
0
0
VERTEX
8
Layer 1
10
653.133189
20
134.161473
70
0
0
VERTEX
8
Layer 1
10
653.831028
20
132.766898
70
0
0
VERTEX
8
Layer 1
10
654.482565
20
130.968832
70
0
0
VERTEX
8
Layer 1
10
654.909206
20
129.329517
70
0
0
VERTEX
8
Layer 1
10
654.932357
20
128.411192
70
0
0
VERTEX
8
Layer 1
10
654.173884
20
128.371504
70
0
0
VERTEX
8
Layer 1
10
652.568744
20
128.622859
70
0
0
VERTEX
8
Layer 1
10
624.334378
20
134.609612
70
0
0
VERTEX
8
Layer 1
10
603.409130
20
138.734358
70
0
0
VERTEX
8
Layer 1
10
584.018467
20
142.071969
70
0
0
VERTEX
8
Layer 1
10
560.387853
20
145.697314
70
0
0
VERTEX
8
Layer 1
10
541.787633
20
148.329920
70
0
0
VERTEX
8
Layer 1
10
523.875330
20
150.248150
70
0
0
VERTEX
8
Layer 1
10
503.727296
20
152.188429
70
0
0
VERTEX
8
Layer 1
10
488.950308
20
153.282041
70
0
0
VERTEX
8
Layer 1
10
477.010978
20
153.979880
70
0
0
VERTEX
8
Layer 1
10
467.042794
20
154.393292
70
0
0
VERTEX
8
Layer 1
10
455.910443
20
154.621495
70
0
0
VERTEX
8
Layer 1
10
440.478611
20
154.763709
70
0
0
VERTEX
8
Layer 1
10
422.955466
20
154.810562
70
0
0
VERTEX
8
Layer 1
10
408.296438
20
154.662285
70
0
0
VERTEX
8
Layer 1
10
394.947098
20
154.282497
70
0
0
VERTEX
8
Layer 1
10
381.353018
20
153.634819
70
0
0
VERTEX
8
Layer 1
10
366.673388
20
152.685901
70
0
0
VERTEX
8
Layer 1
10
351.856919
20
151.480668
70
0
0
VERTEX
8
Layer 1
10
336.922214
20
150.020774
70
0
0
VERTEX
8
Layer 1
10
321.887876
20
148.307871
70
0
0
VERTEX
8
Layer 1
10
306.772510
20
146.343614
70
0
0
VERTEX
8
Layer 1
10
291.594719
20
144.129657
70
0
0
VERTEX
8
Layer 1
10
276.373106
20
141.667652
70
0
0
VERTEX
8
Layer 1
10
261.126276
20
138.959254
70
0
0
VERTEX
8
Layer 1
10
254.247105
20
137.755399
70
0
0
VERTEX
8
Layer 1
10
251.283769
20
137.371753
70
0
0
VERTEX
8
Layer 1
10
251.279360
20
137.680434
70
0
0
VERTEX
8
Layer 1
10
251.565992
20
138.147865
70
0
0
VERTEX
8
Layer 1
10
251.858687
20
138.401424
70
0
0
VERTEX
8
Layer 1
10
252.240680
20
138.535921
70
0
0
VERTEX
8
Layer 1
10
253.470993
20
138.500643
70
0
0
VERTEX
8
Layer 1
10
254.345772
20
138.421819
70
0
0
VERTEX
8
Layer 1
10
255.071723
20
138.610886
70
0
0
VERTEX
8
Layer 1
10
255.976268
20
139.229901
70
0
0
VERTEX
8
Layer 1
10
257.386829
20
140.440922
70
0
0
VERTEX
8
Layer 1
10
259.843046
20
142.778076
70
0
0
VERTEX
8
Layer 1
10
260.259213
20
143.447252
70
0
0
VERTEX
8
Layer 1
10
260.314886
20
144.003980
70
0
0
VERTEX
8
Layer 1
10
260.282364
20
144.716150
70
0
0
VERTEX
8
Layer 1
10
260.451588
20
145.097591
70
0
0
VERTEX
8
Layer 1
10
260.905238
20
145.214449
70
0
0
VERTEX
8
Layer 1
10
261.725998
20
145.132869
70
0
0
VERTEX
8
Layer 1
10
262.532978
20
145.057904
70
0
0
VERTEX
8
Layer 1
10
263.207666
20
145.273980
70
0
0
VERTEX
8
Layer 1
10
264.067562
20
145.966307
70
0
0
VERTEX
8
Layer 1
10
265.430167
20
147.320093
70
0
0
VERTEX
8
Layer 1
10
267.282252
20
149.480858
70
0
0
VERTEX
8
Layer 1
10
267.652669
20
150.197438
70
0
0
VERTEX
8
Layer 1
10
267.758502
20
150.847873
70
0
0
VERTEX
8
Layer 1
10
267.884179
20
151.747457
70
0
0
VERTEX
8
Layer 1
10
268.261211
20
152.329540
70
0
0
VERTEX
8
Layer 1
10
268.889596
20
152.594124
70
0
0
VERTEX
8
Layer 1
10
269.769337
20
152.541207
70
0
0
VERTEX
8
Layer 1
10
270.387801
20
152.503173
70
0
0
VERTEX
8
Layer 1
10
270.959962
20
152.766103
70
0
0
VERTEX
8
Layer 1
10
271.704103
20
153.498669
70
0
0
VERTEX
8
Layer 1
10
272.838505
20
154.869542
70
0
0
VERTEX
8
Layer 1
10
273.938180
20
156.262464
70
0
0
VERTEX
8
Layer 1
10
274.518610
20
157.175828
70
0
0
VERTEX
8
Layer 1
10
274.708780
20
157.870911
70
0
0
VERTEX
8
Layer 1
10
274.637673
20
158.608989
70
0
0
VERTEX
8
Layer 1
10
274.580898
20
159.631494
70
0
0
VERTEX
8
Layer 1
10
274.844930
20
160.333191
70
0
0
VERTEX
8
Layer 1
10
275.446306
20
160.737232
70
0
0
VERTEX
8
Layer 1
10
276.401563
20
160.866768
70
0
0
VERTEX
8
Layer 1
10
277.077353
20
160.945041
70
0
0
VERTEX
8
Layer 1
10
277.653925
20
161.307740
70
0
0
VERTEX
8
Layer 1
10
278.336330
20
162.146691
70
0
0
VERTEX
8
Layer 1
10
279.329620
20
163.653714
70
0
0
VERTEX
8
Layer 1
10
280.298657
20
165.207591
70
0
0
VERTEX
8
Layer 1
10
280.784830
20
166.189306
70
0
0
VERTEX
8
Layer 1
10
280.887356
20
166.873365
70
0
0
VERTEX
8
Layer 1
10
280.705455
20
167.534272
70
0
0
VERTEX
8
Layer 1
10
280.526861
20
168.412359
70
0
0
VERTEX
8
Layer 1
10
280.731913
20
169.082086
70
0
0
VERTEX
8
Layer 1
10
281.320611
20
169.533531
70
0
0
VERTEX
8
Layer 1
10
282.292956
20
169.756774
70
0
0
VERTEX
8
Layer 1
10
282.913073
20
169.905051
70
0
0
VERTEX
8
Layer 1
10
283.443894
20
170.307989
70
0
0
VERTEX
8
Layer 1
10
284.832957
20
172.578998
70
0
0
VERTEX
8
Layer 1
10
285.992715
20
175.030805
70
0
0
VERTEX
8
Layer 1
10
286.048388
20
175.714312
70
0
0
VERTEX
8
Layer 1
10
285.856013
20
176.424278
70
0
0
VERTEX
8
Layer 1
10
285.587020
20
177.513480
70
0
0
VERTEX
8
Layer 1
10
285.926569
20
178.364557
70
0
0
VERTEX
8
Layer 1
10
286.508653
20
178.968689
70
0
0
VERTEX
8
Layer 1
10
287.196570
20
179.281780
70
0
0
VERTEX
8
Layer 1
10
287.628723
20
179.460373
70
0
0
VERTEX
8
Layer 1
10
288.060876
20
179.943238
70
0
0
VERTEX
8
Layer 1
10
289.136849
20
182.139281
70
0
0
VERTEX
8
Layer 1
10
290.071710
20
184.648415
70
0
0
VERTEX
8
Layer 1
10
290.079428
20
185.339088
70
0
0
VERTEX
8
Layer 1
10
289.842405
20
186.019839
70
0
0
VERTEX
8
Layer 1
10
289.582231
20
187.064944
70
0
0
VERTEX
8
Layer 1
10
289.666016
20
187.924841
70
0
0
VERTEX
8
Layer 1
10
289.789833
20
188.246406
70
0
0
VERTEX
8
Layer 1
10
289.796654
20
188.499758
70
0
0
VERTEX
8
Layer 1
10
289.536411
20
188.729133
70
0
0
VERTEX
8
Layer 1
10
288.859036
20
188.978765
70
0
0
VERTEX
8
Layer 1
10
285.652615
20
189.715740
70
0
0
VERTEX
8
Layer 1
10
278.976842
20
191.064565
70
0
0
VERTEX
8
Layer 1
10
259.820997
20
194.945123
70
0
0
VERTEX
8
Layer 1
10
252.496444
20
196.329776
70
0
0
VERTEX
8
Layer 1
10
249.061268
20
196.709013
70
0
0
VERTEX
8
Layer 1
10
246.783094
20
196.721140
70
0
0
VERTEX
8
Layer 1
10
243.694633
20
197.123527
70
0
0
VERTEX
8
Layer 1
10
240.731849
20
197.750810
70
0
0
VERTEX
8
Layer 1
10
238.830706
20
198.437625
70
0
0
VERTEX
8
Layer 1
10
237.706226
20
199.085855
70
0
0
VERTEX
8
Layer 1
10
236.714038
20
199.495959
70
0
0
VERTEX
8
Layer 1
10
235.832093
20
199.778181
70
0
0
VERTEX
8
Layer 1
10
236.537649
20
198.966792
70
0
0
VERTEX
8
Layer 1
10
237.243205
20
198.155403
70
0
0
VERTEX
8
Layer 1
10
235.161815
20
198.437625
70
0
0
VERTEX
8
Layer 1
10
233.551163
20
198.658111
70
0
0
VERTEX
8
Layer 1
10
232.595355
20
198.905056
70
0
0
VERTEX
8
Layer 1
10
232.076110
20
199.271063
70
0
0
VERTEX
8
Layer 1
10
231.775146
20
199.848737
70
0
0
VERTEX
8
Layer 1
10
231.423470
20
200.305695
70
0
0
VERTEX
8
Layer 1
10
230.522784
20
200.699814
70
0
0
VERTEX
8
Layer 1
10
225.460420
20
201.789016
70
0
0
VERTEX
8
Layer 1
10
220.274583
20
202.693010
70
0
0
VERTEX
8
Layer 1
10
219.169947
20
202.696868
70
0
0
VERTEX
8
Layer 1
10
218.475415
20
202.459294
70
0
0
VERTEX
8
Layer 1
10
217.240692
20
201.859572
70
0
0
VERTEX
8
Layer 1
10
217.033435
20
202.031551
70
0
0
VERTEX
8
Layer 1
10
216.958470
20
202.600405
70
0
0
VERTEX
8
Layer 1
10
216.901144
20
203.081617
70
0
0
VERTEX
8
Layer 1
10
216.658609
20
203.407385
70
0
0
VERTEX
8
Layer 1
10
215.194580
20
203.870406
70
0
0
VERTEX
8
Layer 1
10
213.637396
20
204.172472
70
0
0
VERTEX
8
Layer 1
10
212.791280
20
204.196726
70
0
0
VERTEX
8
Layer 1
10
212.441258
20
203.890250
70
0
0
VERTEX
8
Layer 1
10
212.372356
20
203.200128
70
0
0
VERTEX
8
Layer 1
10
212.096748
20
200.722414
70
0
0
VERTEX
8
Layer 1
10
211.384578
20
198.248007
70
0
0
VERTEX
8
Layer 1
10
210.407824
20
196.230006
70
0
0
VERTEX
8
Layer 1
10
209.873971
20
195.533752
70
0
0
VERTEX
8
Layer 1
10
209.338465
20
195.121512
70
0
0
VERTEX
8
Layer 1
10
208.264697
20
194.689359
70
0
0
VERTEX
8
Layer 1
10
207.991570
20
194.734558
70
0
0
VERTEX
8
Layer 1
10
207.892075
20
195.050956
70
0
0
VERTEX
8
Layer 1
10
208.207371
20
196.788388
70
0
0
VERTEX
8
Layer 1
10
209.197354
20
200.483737
70
0
0
VERTEX
8
Layer 1
10
210.185132
20
204.787629
70
0
0
VERTEX
8
Layer 1
10
201.612627
20
206.727908
70
0
0
VERTEX
8
Layer 1
10
192.810816
20
208.694645
70
0
0
VERTEX
8
Layer 1
10
192.317754
20
208.886606
70
0
0
VERTEX
8
Layer 1
10
192.305902
20
209.019863
70
0
0
VERTEX
8
Layer 1
10
193.322344
20
209.232632
70
0
0
VERTEX
8
Layer 1
10
195.044617
20
209.459939
70
0
0
VERTEX
8
Layer 1
10
197.350628
20
209.423904
70
0
0
VERTEX
8
Layer 1
10
201.346665
20
208.920713
70
0
0
VERTEX
8
Layer 1
10
208.139020
20
207.746554
70
0
0
VERTEX
8
Layer 1
10
234.537839
20
202.570089
70
0
0
VERTEX
8
Layer 1
10
285.397402
20
192.264010
70
0
0
VERTEX
8
Layer 1
10
300.776869
20
189.181061
70
0
0
VERTEX
8
Layer 1
10
309.875785
20
187.470639
70
0
0
VERTEX
8
Layer 1
10
314.761210
20
186.772249
70
0
0
VERTEX
8
Layer 1
10
317.500200
20
186.725395
70
0
0
VERTEX
8
Layer 1
10
321.451865
20
187.312991
70
0
0
VERTEX
8
Layer 1
10
330.592674
20
189.362411
70
0
0
VERTEX
8
Layer 1
10
381.176629
20
201.789016
70
0
0
VERTEX
8
Layer 1
10
427.037769
20
213.077912
70
0
0
VERTEX
8
Layer 1
10
479.729573
20
226.121879
70
0
0
VERTEX
8
Layer 1
10
492.874412
20
229.468860
70
0
0
VERTEX
8
Layer 1
10
498.263647
20
230.963757
70
0
0
VERTEX
8
Layer 1
10
501.365889
20
232.242026
70
0
0
VERTEX
8
Layer 1
10
504.560734
20
233.834488
70
0
0
VERTEX
8
Layer 1
10
507.490997
20
235.552627
70
0
0
VERTEX
8
Layer 1
10
509.799488
20
237.207927
70
0
0
VERTEX
8
Layer 1
10
511.933243
20
239.192855
70
0
0
VERTEX
8
Layer 1
10
514.804526
20
242.186507
70
0
0
VERTEX
8
Layer 1
10
521.582273
20
249.943213
70
0
0
VERTEX
8
Layer 1
10
523.698941
20
252.240680
70
0
0
VERTEX
8
Layer 1
10
525.815609
20
254.247105
70
0
0
VERTEX
8
Layer 1
10
527.894657
20
256.106837
70
0
0
VERTEX
8
Layer 1
10
529.754596
20
258.078604
70
0
0
VERTEX
8
Layer 1
10
531.457439
20
260.267826
70
0
0
VERTEX
8
Layer 1
10
533.065197
20
262.779922
70
0
0
VERTEX
8
Layer 1
10
534.639882
20
265.720313
70
0
0
VERTEX
8
Layer 1
10
536.243506
20
269.194419
70
0
0
VERTEX
8
Layer 1
10
539.785618
20
278.165453
70
0
0
VERTEX
8
Layer 1
10
544.027773
20
290.181954
70
0
0
VERTEX
8
Layer 1
10
545.143434
20
293.936283
70
0
0
VERTEX
8
Layer 1
10
545.888677
20
297.144909
70
0
0
VERTEX
8
Layer 1
10
546.456429
20
300.364009
70
0
0
VERTEX
8
Layer 1
10
546.620692
20
302.921649
70
0
0
VERTEX
8
Layer 1
10
546.374849
20
305.201477
70
0
0
VERTEX
8
Layer 1
10
545.712288
20
307.587138
70
0
0
VERTEX
8
Layer 1
10
545.236038
20
309.342209
70
0
0
VERTEX
8
Layer 1
10
545.355100
20
309.839405
70
0
0
VERTEX
8
Layer 1
10
545.712288
20
310.409362
70
0
0
VERTEX
8
Layer 1
10
546.448712
20
311.763699
70
0
0
VERTEX
8
Layer 1
10
546.543246
20
312.341028
70
0
0
VERTEX
8
Layer 1
10
546.444303
20
312.883218
70
0
0
VERTEX
8
Layer 1
10
546.143614
20
313.413832
70
0
0
VERTEX
8
Layer 1
10
545.632913
20
313.956435
70
0
0
VERTEX
8
Layer 1
10
543.948398
20
315.171865
70
0
0
VERTEX
8
Layer 1
10
543.410963
20
315.454639
70
0
0
VERTEX
8
Layer 1
10
542.982668
20
315.449678
70
0
0
VERTEX
8
Layer 1
10
542.455155
20
315.067685
70
0
0
VERTEX
8
Layer 1
10
541.620063
20
314.219365
70
0
0
VERTEX
8
Layer 1
10
539.504498
20
311.666685
70
0
0
VERTEX
8
Layer 1
10
537.025130
20
308.191271
70
0
0
VERTEX
8
Layer 1
10
534.982325
20
304.987054
70
0
0
VERTEX
8
Layer 1
10
534.374747
20
303.859749
70
0
0
VERTEX
8
Layer 1
10
534.176448
20
303.247969
70
0
0
VERTEX
8
Layer 1
10
534.740892
20
302.401302
70
0
0
VERTEX
8
Layer 1
10
535.940338
20
301.342968
70
0
0
VERTEX
8
Layer 1
10
537.633672
20
300.143522
70
0
0
VERTEX
8
Layer 1
10
538.656728
20
301.272412
70
0
0
VERTEX
8
Layer 1
10
539.481071
20
302.024408
70
0
0
VERTEX
8
Layer 1
10
539.740384
20
302.119958
70
0
0
VERTEX
8
Layer 1
10
539.900271
20
302.036397
70
0
0
VERTEX
8
Layer 1
10
539.929209
20
301.355508
70
0
0
VERTEX
8
Layer 1
10
539.582770
20
300.028870
70
0
0
VERTEX
8
Layer 1
10
537.823290
20
295.626862
70
0
0
VERTEX
8
Layer 1
10
534.740892
20
289.207404
70
0
0
VERTEX
8
Layer 1
10
531.561481
20
283.183720
70
0
0
VERTEX
8
Layer 1
10
531.282359
20
282.837419
70
0
0
VERTEX
8
Layer 1
10
531.124367
20
282.827635
70
0
0
VERTEX
8
Layer 1
10
531.001446
20
283.562956
70
0
0
VERTEX
8
Layer 1
10
531.777557
20
308.610194
70
0
0
VERTEX
8
Layer 1
10
533.753114
20
363.184951
70
0
0
VERTEX
8
Layer 1
10
535.234782
20
405.571228
70
0
0
VERTEX
8
Layer 1
10
535.598584
20
413.082092
70
0
0
VERTEX
8
Layer 1
10
535.869782
20
415.360817
70
0
0
VERTEX
8
Layer 1
10
536.822283
20
416.877763
70
0
0
VERTEX
8
Layer 1
10
542.299161
20
421.455057
70
0
0
VERTEX
8
Layer 1
10
547.511456
20
425.450268
70
0
0
VERTEX
8
Layer 1
10
548.463957
20
424.321378
70
0
0
VERTEX
8
Layer 1
10
549.620958
20
422.894281
70
0
0
VERTEX
8
Layer 1
10
551.264132
20
421.133147
70
0
0
VERTEX
8
Layer 1
10
552.874233
20
419.563836
70
0
0
VERTEX
8
Layer 1
10
553.932016
20
418.712208
70
0
0
VERTEX
8
Layer 1
10
554.708127
20
418.597004
70
0
0
VERTEX
8
Layer 1
10
555.801739
20
419.087035
70
0
0
VERTEX
8
Layer 1
10
557.424518
20
420.324514
70
0
0
VERTEX
8
Layer 1
10
559.788130
20
422.451655
70
0
0
VERTEX
8
Layer 1
10
562.147333
20
424.590372
70
0
0
VERTEX
8
Layer 1
10
563.210077
20
425.379712
70
0
0
VERTEX
8
Layer 1
10
564.233133
20
420.299709
70
0
0
VERTEX
8
Layer 1
10
565.462895
20
414.458477
70
0
0
VERTEX
8
Layer 1
10
566.980392
20
409.103417
70
0
0
VERTEX
8
Layer 1
10
568.861691
20
403.993097
70
0
0
VERTEX
8
Layer 1
10
571.182860
20
398.886085
70
0
0
VERTEX
8
Layer 1
10
573.868382
20
393.964280
70
0
0
VERTEX
8
Layer 1
10
577.109530
20
388.880419
70
0
0
VERTEX
8
Layer 1
10
580.747553
20
383.869317
70
0
0
VERTEX
8
Layer 1
10
584.623702
20
379.165794
70
0
0
VERTEX
8
Layer 1
10
586.740370
20
376.837460
70
0
0
VERTEX
8
Layer 1
10
583.918146
20
371.051900
70
0
0
VERTEX
8
Layer 1
10
581.539581
20
365.944681
70
0
0
VERTEX
8
Layer 1
10
579.474796
20
360.932133
70
0
0
VERTEX
8
Layer 1
10
577.710149
20
355.960099
70
0
0
VERTEX
8
Layer 1
10
576.231995
20
350.974422
70
0
0
VERTEX
8
Layer 1
10
575.026693
20
345.920947
70
0
0
VERTEX
8
Layer 1
10
574.080600
20
340.745514
70
0
0
VERTEX
8
Layer 1
10
573.380074
20
335.393968
70
0
0
VERTEX
8
Layer 1
10
572.911472
20
329.812152
70
0
0
VERTEX
8
Layer 1
10
572.729020
20
324.059666
70
0
0
VERTEX
8
Layer 1
10
572.827687
20
318.214575
70
0
0
VERTEX
8
Layer 1
10
573.144636
20
313.679173
70
0
0
VERTEX
8
Layer 1
10
573.365329
20
312.340822
70
0
0
VERTEX
8
Layer 1
10
573.617028
20
311.855752
70
0
0
VERTEX
8
Layer 1
10
574.600397
20
312.439489
70
0
0
VERTEX
8
Layer 1
10
576.218766
20
313.800441
70
0
0
VERTEX
8
Layer 1
10
577.823906
20
315.353215
70
0
0
VERTEX
8
Layer 1
10
578.767587
20
316.512422
70
0
0
VERTEX
8
Layer 1
10
579.768594
20
317.998499
70
0
0
VERTEX
8
Layer 1
10
581.378144
20
320.040202
70
0
0
VERTEX
8
Layer 1
10
583.214794
20
322.376805
70
0
0
VERTEX
8
Layer 1
10
584.297382
20
324.392600
70
0
0
VERTEX
8
Layer 1
10
584.890490
20
326.772198
70
0
0
VERTEX
8
Layer 1
10
585.258702
20
330.200208
70
0
0
VERTEX
8
Layer 1
10
586.088213
20
337.310269
70
0
0
VERTEX
8
Layer 1
10
587.449784
20
344.390152
70
0
0
VERTEX
8
Layer 1
10
589.319852
20
351.376603
70
0
0
VERTEX
8
Layer 1
10
591.674852
20
358.206371
70
0
0
VERTEX
8
Layer 1
10
594.491219
20
364.816205
70
0
0
VERTEX
8
Layer 1
10
597.745390
20
371.142851
70
0
0
VERTEX
8
Layer 1
10
601.413798
20
377.123058
70
0
0
VERTEX
8
Layer 1
10
605.472881
20
382.693574
70
0
0
VERTEX
8
Layer 1
10
606.632639
20
384.356041
70
0
0
VERTEX
8
Layer 1
10
606.906593
20
384.921037
70
0
0
VERTEX
8
Layer 1
10
606.919271
20
385.198298
70
0
0
VERTEX
8
Layer 1
10
605.190659
20
385.939132
70
0
0
VERTEX
8
Layer 1
10
604.382026
20
386.324983
70
0
0
VERTEX
8
Layer 1
10
603.378262
20
387.015105
70
0
0
VERTEX
8
Layer 1
10
600.745656
20
389.361079
70
0
0
VERTEX
8
Layer 1
10
597.711765
20
392.324414
70
0
0
VERTEX
8
Layer 1
10
596.406487
20
390.807468
70
0
0
VERTEX
8
Layer 1
10
594.501486
20
388.333613
70
0
0
VERTEX
8
Layer 1
10
591.749817
20
384.457464
70
0
0
VERTEX
8
Layer 1
10
588.398426
20
379.624406
70
0
0
VERTEX
8
Layer 1
10
586.563981
20
381.635240
70
0
0
VERTEX
8
Layer 1
10
582.749431
20
386.155277
70
0
0
VERTEX
8
Layer 1
10
579.278012
20
390.966770
70
0
0
VERTEX
8
Layer 1
10
576.162128
20
396.043672
70
0
0
VERTEX
8
Layer 1
10
573.414181
20
401.359940
70
0
0
VERTEX
8
Layer 1
10
571.046572
20
406.889529
70
0
0
VERTEX
8
Layer 1
10
569.071704
20
412.606393
70
0
0
VERTEX
8
Layer 1
10
567.501980
20
418.484487
70
0
0
VERTEX
8
Layer 1
10
566.349801
20
424.497767
70
0
0
VERTEX
8
Layer 1
10
565.714801
20
428.660548
70
0
0
VERTEX
8
Layer 1
10
567.125913
20
430.071660
70
0
0
VERTEX
8
Layer 1
10
568.537025
20
431.482772
70
0
0
VERTEX
8
Layer 1
10
582.048422
20
417.583319
70
0
0
VERTEX
8
Layer 1
10
596.018431
20
402.943032
70
0
0
VERTEX
8
Layer 1
10
596.344751
20
402.153691
70
0
0
VERTEX
8
Layer 1
10
596.194820
20
401.073308
70
0
0
VERTEX
8
Layer 1
10
596.014090
20
400.239801
70
0
0
VERTEX
8
Layer 1
10
595.992524
20
399.452183
70
0
0
VERTEX
8
Layer 1
10
596.156993
20
398.660431
70
0
0
VERTEX
8
Layer 1
10
596.534369
20
397.814521
70
0
0
VERTEX
8
Layer 1
10
598.035329
20
395.760141
70
0
0
VERTEX
8
Layer 1
10
600.710378
20
392.888859
70
0
0
VERTEX
8
Layer 1
10
603.346292
20
390.356574
70
0
0
VERTEX
8
Layer 1
10
605.446423
20
388.637884
70
0
0
VERTEX
8
Layer 1
10
607.109992
20
387.660027
70
0
0
VERTEX
8
Layer 1
10
608.436217
20
387.350244
70
0
0
VERTEX
8
Layer 1
10
609.191933
20
386.893286
70
0
0
VERTEX
8
Layer 1
10
610.724864
20
385.520208
70
0
0
VERTEX
8
Layer 1
10
616.162055
20
380.012462
70
0
0
VERTEX
8
Layer 1
10
625.916367
20
369.773080
70
0
0
VERTEX
8
Layer 1
10
629.532341
20
365.830786
70
0
0
VERTEX
8
Layer 1
10
629.355952
20
365.120820
70
0
0
VERTEX
8
Layer 1
10
628.650396
20
363.855229
70
0
0
VERTEX
8
Layer 1
10
627.843968
20
362.279304
70
0
0
VERTEX
8
Layer 1
10
627.596472
20
360.931582
70
0
0
VERTEX
8
Layer 1
10
627.911216
20
359.722766
70
0
0
VERTEX
8
Layer 1
10
628.791507
20
358.563559
70
0
0
VERTEX
8
Layer 1
10
629.903309
20
357.715238
70
0
0
VERTEX
8
Layer 1
10
631.071335
20
357.386163
70
0
0
VERTEX
8
Layer 1
10
632.378267
20
357.566410
70
0
0
VERTEX
8
Layer 1
10
633.906788
20
358.246059
70
0
0
VERTEX
8
Layer 1
10
635.106233
20
358.872240
70
0
0
VERTEX
8
Layer 1
10
635.882345
20
359.128004
70
0
0
VERTEX
8
Layer 1
10
639.449813
20
355.789842
70
0
0
VERTEX
8
Layer 1
10
647.382908
20
347.768552
70
0
0
VERTEX
8
Layer 1
10
664.810141
20
329.847430
70
0
0
VERTEX
8
Layer 1
10
676.451815
20
317.782422
70
0
0
VERTEX
8
Layer 1
10
681.007061
20
313.253635
70
0
0
VERTEX
8
Layer 1
10
682.181701
20
312.370036
70
0
0
VERTEX
8
Layer 1
10
683.048764
20
312.032141
70
0
0
VERTEX
8
Layer 1
10
684.566260
20
311.956073
70
0
0
VERTEX
8
Layer 1
10
686.060606
20
312.455475
70
0
0
VERTEX
8
Layer 1
10
687.786462
20
313.669251
70
0
0
VERTEX
8
Layer 1
10
689.998490
20
315.736310
70
0
0
VERTEX
8
Layer 1
10
691.699197
20
317.486006
70
0
0
VERTEX
8
Layer 1
10
692.855441
20
318.952102
70
0
0
VERTEX
8
Layer 1
10
693.422159
20
320.294174
70
0
0
VERTEX
8
Layer 1
10
693.470365
20
320.968569
70
0
0
VERTEX
8
Layer 1
10
693.354291
20
321.671800
70
0
0
VERTEX
8
Layer 1
10
692.606774
20
323.244556
70
0
0
VERTEX
8
Layer 1
10
691.134546
20
325.172019
70
0
0
VERTEX
8
Layer 1
10
688.892545
20
327.613766
70
0
0
VERTEX
8
Layer 1
10
685.835710
20
330.729375
70
0
0
VERTEX
8
Layer 1
10
663.654793
20
353.505605
70
0
0
VERTEX
8
Layer 1
10
648.088464
20
369.746622
70
0
0
VERTEX
8
Layer 1
10
647.863017
20
370.169404
70
0
0
VERTEX
8
Layer 1
10
647.845929
20
370.641796
70
0
0
VERTEX
8
Layer 1
10
648.582353
20
372.357179
70
0
0
VERTEX
8
Layer 1
10
649.183178
20
373.909402
70
0
0
VERTEX
8
Layer 1
10
649.340826
20
375.249959
70
0
0
VERTEX
8
Layer 1
10
649.048681
20
376.405307
70
0
0
VERTEX
8
Layer 1
10
648.300131
20
377.401904
70
0
0
VERTEX
8
Layer 1
10
647.063754
20
378.294322
70
0
0
VERTEX
8
Layer 1
10
645.764539
20
378.641037
70
0
0
VERTEX
8
Layer 1
10
644.286730
20
378.438741
70
0
0
VERTEX
8
Layer 1
10
642.514571
20
377.684127
70
0
0
VERTEX
8
Layer 1
10
641.420960
20
377.119682
70
0
0
VERTEX
8
Layer 1
10
630.872897
20
387.738300
70
0
0
VERTEX
8
Layer 1
10
621.868239
20
396.994313
70
0
0
VERTEX
8
Layer 1
10
620.504531
20
398.756549
70
0
0
VERTEX
8
Layer 1
10
620.113168
20
399.873863
70
0
0
VERTEX
8
Layer 1
10
619.875043
20
401.108586
70
0
0
VERTEX
8
Layer 1
10
619.584001
20
401.919975
70
0
0
VERTEX
8
Layer 1
10
618.124382
20
403.613310
70
0
0
VERTEX
8
Layer 1
10
614.997887
20
406.894145
70
0
0
VERTEX
8
Layer 1
10
612.203775
20
409.666209
70
0
0
VERTEX
8
Layer 1
10
610.292711
20
411.158349
70
0
0
VERTEX
8
Layer 1
10
609.501923
20
411.524701
70
0
0
VERTEX
8
Layer 1
10
608.732219
20
411.691375
70
0
0
VERTEX
8
Layer 1
10
606.989827
20
411.586093
70
0
0
VERTEX
8
Layer 1
10
606.264978
20
411.558532
70
0
0
VERTEX
8
Layer 1
10
605.530208
20
411.868315
70
0
0
VERTEX
8
Layer 1
10
604.484552
20
412.707265
70
0
0
VERTEX
8
Layer 1
10
602.827046
20
414.267205
70
0
0
VERTEX
8
Layer 1
10
588.821760
20
428.554714
70
0
0
VERTEX
8
Layer 1
10
579.759775
20
438.066491
70
0
0
VERTEX
8
Layer 1
10
578.279761
20
439.910307
70
0
0
VERTEX
8
Layer 1
10
578.037708
20
440.403714
70
0
0
VERTEX
8
Layer 1
10
578.026753
20
440.725555
70
0
0
VERTEX
8
Layer 1
10
578.366302
20
442.001068
70
0
0
VERTEX
8
Layer 1
10
578.414809
20
442.965696
70
0
0
VERTEX
8
Layer 1
10
578.145816
20
443.850948
70
0
0
VERTEX
8
Layer 1
10
577.532864
20
444.888336
70
0
0
VERTEX
8
Layer 1
10
576.277195
20
446.343545
70
0
0
VERTEX
8
Layer 1
10
574.604806
20
447.825213
70
0
0
VERTEX
8
Layer 1
10
572.958877
20
448.976151
70
0
0
VERTEX
8
Layer 1
10
571.782582
20
449.439172
70
0
0
VERTEX
8
Layer 1
10
571.081436
20
449.280422
70
0
0
VERTEX
8
Layer 1
10
570.300915
20
448.910005
70
0
0
VERTEX
8
Layer 1
10
569.726548
20
448.713772
70
0
0
VERTEX
8
Layer 1
10
568.828067
20
449.245144
70
0
0
VERTEX
8
Layer 1
10
567.016772
20
450.993600
70
0
0
VERTEX
8
Layer 1
10
563.703966
20
454.448620
70
0
0
VERTEX
8
Layer 1
10
547.652567
20
471.064463
70
0
0
VERTEX
8
Layer 1
10
537.351450
20
481.612526
70
0
0
VERTEX
8
Layer 1
10
537.104505
20
484.293638
70
0
0
VERTEX
8
Layer 1
10
536.319574
20
490.560409
70
0
0
VERTEX
8
Layer 1
10
535.005476
20
497.835904
70
0
0
VERTEX
8
Layer 1
10
533.373878
20
505.104784
70
0
0
VERTEX
8
Layer 1
10
531.636446
20
511.351711
70
0
0
VERTEX
8
Layer 1
10
530.177490
20
515.587372
70
0
0
VERTEX
8
Layer 1
10
528.581954
20
519.651778
70
0
0
VERTEX
8
Layer 1
10
526.854642
20
523.539037
70
0
0
VERTEX
8
Layer 1
10
525.000361
20
527.243257
70
0
0
VERTEX
8
Layer 1
10
523.023917
20
530.758549
70
0
0
VERTEX
8
Layer 1
10
520.930116
20
534.079020
70
0
0
VERTEX
8
Layer 1
10
518.723764
20
537.198780
70
0
0
VERTEX
8
Layer 1
10
516.409666
20
540.111937
70
0
0
VERTEX
8
Layer 1
10
513.992628
20
542.812601
70
0
0
VERTEX
8
Layer 1
10
511.477457
20
545.294880
70
0
0
VERTEX
8
Layer 1
10
508.868958
20
547.552883
70
0
0
VERTEX
8
Layer 1
10
506.171938
20
549.580719
70
0
0
VERTEX
8
Layer 1
10
503.391201
20
551.372498
70
0
0
VERTEX
8
Layer 1
10
500.531555
20
552.922326
70
0
0
VERTEX
8
Layer 1
10
497.597805
20
554.224315
70
0
0
VERTEX
8
Layer 1
10
494.594756
20
555.272572
70
0
0
VERTEX
8
Layer 1
10
486.560237
20
557.781706
70
0
0
VERTEX
8
Layer 1
10
483.129471
20
559.153130
70
0
0
VERTEX
8
Layer 1
10
480.909726
20
560.351473
70
0
0
VERTEX
8
Layer 1
10
479.182767
20
561.596118
70
0
0
VERTEX
8
Layer 1
10
477.806382
20
563.012742
70
0
0
VERTEX
8
Layer 1
10
476.638356
20
564.727022
70
0
0
VERTEX
8
Layer 1
10
472.934187
20
571.218138
70
0
0
VERTEX
8
Layer 1
10
471.143838
20
574.155014
70
0
0
VERTEX
8
Layer 1
10
470.147241
20
575.451474
70
0
0
VERTEX
8
Layer 1
10
469.018351
20
575.451474
70
0
0
VERTEX
8
Layer 1
10
469.018351
20
575.451474
70
0
0
SEQEND
8
Layer 1
0
POLYLINE
8
Layer 1
62
7
70
0
10
0.000000
20
0.000000
66
1
0
VERTEX
8
Layer 1
10
480.483636
20
557.636185
70
0
0
VERTEX
8
Layer 1
10
482.165395
20
556.846844
70
0
0
VERTEX
8
Layer 1
10
484.836035
20
555.845836
70
0
0
VERTEX
8
Layer 1
10
493.183644
20
553.155904
70
0
0
VERTEX
8
Layer 1
10
496.814131
20
551.857498
70
0
0
VERTEX
8
Layer 1
10
500.320026
20
550.203455
70
0
0
VERTEX
8
Layer 1
10
503.695800
20
548.201940
70
0
0
VERTEX
8
Layer 1
10
506.935923
20
545.861116
70
0
0
VERTEX
8
Layer 1
10
510.034865
20
543.189150
70
0
0
VERTEX
8
Layer 1
10
512.987099
20
540.194206
70
0
0
VERTEX
8
Layer 1
10
515.787093
20
536.884449
70
0
0
VERTEX
8
Layer 1
10
518.429320
20
533.268044
70
0
0
VERTEX
8
Layer 1
10
520.908248
20
529.353156
70
0
0
VERTEX
8
Layer 1
10
523.218350
20
525.147949
70
0
0
VERTEX
8
Layer 1
10
525.354095
20
520.660589
70
0
0
VERTEX
8
Layer 1
10
527.309955
20
515.899240
70
0
0
VERTEX
8
Layer 1
10
529.080399
20
510.872067
70
0
0
VERTEX
8
Layer 1
10
530.659899
20
505.587236
70
0
0
VERTEX
8
Layer 1
10
532.042924
20
500.052910
70
0
0
VERTEX
8
Layer 1
10
533.223947
20
494.277256
70
0
0
VERTEX
8
Layer 1
10
534.000059
20
489.056141
70
0
0
VERTEX
8
Layer 1
10
533.519399
20
489.400100
70
0
0
VERTEX
8
Layer 1
10
532.588947
20
490.431976
70
0
0
VERTEX
8
Layer 1
10
531.958907
20
491.372901
70
0
0
VERTEX
8
Layer 1
10
531.358633
20
492.588331
70
0
0
VERTEX
8
Layer 1
10
530.048945
20
496.358646
70
0
0
VERTEX
8
Layer 1
10
527.519968
20
503.891559
70
0
0
VERTEX
8
Layer 1
10
524.501511
20
511.325253
70
0
0
VERTEX
8
Layer 1
10
521.258158
20
518.057800
70
0
0
VERTEX
8
Layer 1
10
519.634828
20
520.973042
70
0
0
VERTEX
8
Layer 1
10
518.054493
20
523.487274
70
0
0
VERTEX
8
Layer 1
10
515.179628
20
527.445691
70
0
0
VERTEX
8
Layer 1
10
512.141052
20
530.958451
70
0
0
VERTEX
8
Layer 1
10
508.943726
20
534.023072
70
0
0
VERTEX
8
Layer 1
10
505.592610
20
536.637074
70
0
0
VERTEX
8
Layer 1
10
502.092667
20
538.797977
70
0
0
VERTEX
8
Layer 1
10
498.448856
20
540.503301
70
0
0
VERTEX
8
Layer 1
10
494.666138
20
541.750564
70
0
0
VERTEX
8
Layer 1
10
490.749476
20
542.537286
70
0
0
VERTEX
8
Layer 1
10
488.068363
20
542.995898
70
0
0
VERTEX
8
Layer 1
10
485.916417
20
546.629511
70
0
0
VERTEX
8
Layer 1
10
483.728091
20
550.308324
70
0
0
VERTEX
8
Layer 1
10
481.744817
20
553.305835
70
0
0
VERTEX
8
Layer 1
10
479.854148
20
555.787407
70
0
0
VERTEX
8
Layer 1
10
477.943634
20
557.918407
70
0
0
VERTEX
8
Layer 1
10
476.232661
20
559.818998
70
0
0
VERTEX
8
Layer 1
10
475.939414
20
560.354229
70
0
0
VERTEX
8
Layer 1
10
476.003355
20
560.634798
70
0
0
VERTEX
8
Layer 1
10
476.633946
20
560.493686
70
0
0
VERTEX
8
Layer 1
10
477.661412
20
559.717575
70
0
0
VERTEX
8
Layer 1
10
478.993149
20
558.623963
70
0
0
VERTEX
8
Layer 1
10
480.483636
20
557.636185
70
0
0
VERTEX
8
Layer 1
10
480.483636
20
557.636185
70
0
0
SEQEND
8
Layer 1
0
POLYLINE
8
Layer 1
62
7
70
0
10
0.000000
20
0.000000
66
1
0
VERTEX
8
Layer 1
10
471.346686
20
552.027014
70
0
0
VERTEX
8
Layer 1
10
472.525736
20
550.918520
70
0
0
VERTEX
8
Layer 1
10
473.847000
20
549.297395
70
0
0
VERTEX
8
Layer 1
10
475.241024
20
547.259550
70
0
0
VERTEX
8
Layer 1
10
476.638356
20
544.900899
70
0
0
VERTEX
8
Layer 1
10
478.155301
20
542.113953
70
0
0
VERTEX
8
Layer 1
10
476.532522
20
542.325619
70
0
0
VERTEX
8
Layer 1
10
474.455542
20
542.265537
70
0
0
VERTEX
8
Layer 1
10
471.531894
20
541.739126
70
0
0
VERTEX
8
Layer 1
10
468.277517
20
540.862142
70
0
0
VERTEX
8
Layer 1
10
465.208349
20
539.750340
70
0
0
VERTEX
8
Layer 1
10
463.401464
20
539.105969
70
0
0
VERTEX
8
Layer 1
10
461.998069
20
538.934541
70
0
0
VERTEX
8
Layer 1
10
460.674049
20
539.259207
70
0
0
VERTEX
8
Layer 1
10
459.105289
20
540.103118
70
0
0
VERTEX
8
Layer 1
10
458.091604
20
540.942619
70
0
0
VERTEX
8
Layer 1
10
457.134142
20
542.030168
70
0
0
VERTEX
8
Layer 1
10
456.421420
20
543.124331
70
0
0
VERTEX
8
Layer 1
10
456.141954
20
543.983676
70
0
0
VERTEX
8
Layer 1
10
456.440162
20
544.490794
70
0
0
VERTEX
8
Layer 1
10
457.469281
20
545.288955
70
0
0
VERTEX
8
Layer 1
10
462.844736
20
548.499234
70
0
0
VERTEX
8
Layer 1
10
465.671370
20
550.183749
70
0
0
VERTEX
8
Layer 1
10
467.783628
20
551.603681
70
0
0
VERTEX
8
Layer 1
10
468.950551
20
552.409007
70
0
0
VERTEX
8
Layer 1
10
469.763595
20
552.728161
70
0
0
VERTEX
8
Layer 1
10
470.477419
20
552.590908
70
0
0
VERTEX
8
Layer 1
10
471.346686
20
552.027014
70
0
0
VERTEX
8
Layer 1
10
471.346686
20
552.027014
70
0
0
SEQEND
8
Layer 1
0
POLYLINE
8
Layer 1
62
7
70
0
10
0.000000
20
0.000000
66
1
0
VERTEX
8
Layer 1
10
456.071398
20
539.679784
70
0
0
VERTEX
8
Layer 1
10
457.336438
20
538.510656
70
0
0
VERTEX
8
Layer 1
10
458.730463
20
537.655721
70
0
0
VERTEX
8
Layer 1
10
460.223706
20
537.124900
70
0
0
VERTEX
8
Layer 1
10
461.786402
20
536.928116
70
0
0
VERTEX
8
Layer 1
10
462.812765
20
536.842678
70
0
0
VERTEX
8
Layer 1
10
462.993151
20
536.743941
70
0
0
VERTEX
8
Layer 1
10
462.959389
20
536.615026
70
0
0
VERTEX
8
Layer 1
10
462.272574
20
536.288155
70
0
0
VERTEX
8
Layer 1
10
460.798624
20
535.905060
70
0
0
VERTEX
8
Layer 1
10
457.908600
20
535.535194
70
0
0
VERTEX
8
Layer 1
10
456.670501
20
535.569576
70
0
0
VERTEX
8
Layer 1
10
455.564280
20
535.750719
70
0
0
VERTEX
8
Layer 1
10
454.585390
20
536.079037
70
0
0
VERTEX
8
Layer 1
10
453.729283
20
536.554943
70
0
0
VERTEX
8
Layer 1
10
452.991412
20
537.178850
70
0
0
VERTEX
8
Layer 1
10
452.367229
20
537.951172
70
0
0
VERTEX
8
Layer 1
10
451.555840
20
539.362284
70
0
0
VERTEX
8
Layer 1
10
452.830251
20
540.204542
70
0
0
VERTEX
8
Layer 1
10
454.660286
20
541.126174
70
0
0
VERTEX
8
Layer 1
10
456.071398
20
539.679784
70
0
0
VERTEX
8
Layer 1
10
456.071398
20
539.679784
70
0
0
SEQEND
8
Layer 1
0
POLYLINE
8
Layer 1
62
7
70
0
10
0.000000
20
0.000000
66
1
0
VERTEX
8
Layer 1
10
493.465866
20
539.715062
70
0
0
VERTEX
8
Layer 1
10
496.256292
20
538.899961
70
0
0
VERTEX
8
Layer 1
10
498.965069
20
537.817847
70
0
0
VERTEX
8
Layer 1
10
501.591577
20
536.469599
70
0
0
VERTEX
8
Layer 1
10
504.135196
20
534.856096
70
0
0
VERTEX
8
Layer 1
10
506.595306
20
532.978217
70
0
0
VERTEX
8
Layer 1
10
508.971286
20
530.836839
70
0
0
VERTEX
8
Layer 1
10
511.262517
20
528.432841
70
0
0
VERTEX
8
Layer 1
10
513.468379
20
525.767102
70
0
0
VERTEX
8
Layer 1
10
515.588251
20
522.840500
70
0
0
VERTEX
8
Layer 1
10
517.621513
20
519.653914
70
0
0
VERTEX
8
Layer 1
10
519.567545
20
516.208222
70
0
0
VERTEX
8
Layer 1
10
521.425728
20
512.504303
70
0
0
VERTEX
8
Layer 1
10
523.195440
20
508.543035
70
0
0
VERTEX
8
Layer 1
10
524.876062
20
504.325297
70
0
0
VERTEX
8
Layer 1
10
526.466974
20
499.851966
70
0
0
VERTEX
8
Layer 1
10
527.967555
20
495.123923
70
0
0
VERTEX
8
Layer 1
10
528.576097
20
492.702984
70
0
0
VERTEX
8
Layer 1
10
528.622399
20
492.092788
70
0
0
VERTEX
8
Layer 1
10
528.496722
20
491.843088
70
0
0
VERTEX
8
Layer 1
10
526.062554
20
489.973364
70
0
0
VERTEX
8
Layer 1
10
524.051719
20
488.244752
70
0
0
VERTEX
8
Layer 1
10
522.711163
20
489.585308
70
0
0
VERTEX
8
Layer 1
10
522.028206
20
490.364727
70
0
0
VERTEX
8
Layer 1
10
521.560224
20
491.137532
70
0
0
VERTEX
8
Layer 1
10
520.911995
20
493.430589
70
0
0
VERTEX
8
Layer 1
10
520.576856
20
494.930998
70
0
0
VERTEX
8
Layer 1
10
520.082966
20
496.094062
70
0
0
VERTEX
8
Layer 1
10
519.165744
20
497.389419
70
0
0
VERTEX
8
Layer 1
10
517.560604
20
499.286703
70
0
0
VERTEX
8
Layer 1
10
515.290698
20
501.861432
70
0
0
VERTEX
8
Layer 1
10
513.583032
20
503.586185
70
0
0
VERTEX
8
Layer 1
10
512.391304
20
504.510574
70
0
0
VERTEX
8
Layer 1
10
511.974447
20
504.688134
70
0
0
VERTEX
8
Layer 1
10
511.669211
20
504.684207
70
0
0
VERTEX
8
Layer 1
10
510.681433
20
504.260873
70
0
0
VERTEX
8
Layer 1
10
510.433386
20
504.279063
70
0
0
VERTEX
8
Layer 1
10
510.125807
20
504.485769
70
0
0
VERTEX
8
Layer 1
10
509.411432
20
505.425041
70
0
0
VERTEX
8
Layer 1
10
498.197501
20
524.964532
70
0
0
VERTEX
8
Layer 1
10
489.655864
20
540.244229
70
0
0
VERTEX
8
Layer 1
10
489.794770
20
540.419516
70
0
0
VERTEX
8
Layer 1
10
490.343781
20
540.402979
70
0
0
VERTEX
8
Layer 1
10
493.465866
20
539.715062
70
0
0
VERTEX
8
Layer 1
10
493.465866
20
539.715062
70
0
0
SEQEND
8
Layer 1
0
POLYLINE
8
Layer 1
62
7
70
0
10
0.000000
20
0.000000
66
1
0
VERTEX
8
Layer 1
10
530.154778
20
470.852797
70
0
0
VERTEX
8
Layer 1
10
534.141170
20
466.866405
70
0
0
VERTEX
8
Layer 1
10
534.635059
20
463.726681
70
0
0
VERTEX
8
Layer 1
10
535.058393
20
460.481123
70
0
0
VERTEX
8
Layer 1
10
531.707002
20
463.656125
70
0
0
VERTEX
8
Layer 1
10
529.316931
20
466.324009
70
0
0
VERTEX
8
Layer 1
10
528.249777
20
467.960017
70
0
0
VERTEX
8
Layer 1
10
527.873297
20
468.951103
70
0
0
VERTEX
8
Layer 1
10
527.222311
20
469.856199
70
0
0
VERTEX
8
Layer 1
10
526.300128
20
470.668691
70
0
0
VERTEX
8
Layer 1
10
525.110053
20
471.381964
70
0
0
VERTEX
8
Layer 1
10
523.557830
20
472.228631
70
0
0
VERTEX
8
Layer 1
10
523.819106
20
472.710944
70
0
0
VERTEX
8
Layer 1
10
524.589705
20
473.600055
70
0
0
VERTEX
8
Layer 1
10
525.452909
20
474.456093
70
0
0
VERTEX
8
Layer 1
10
525.991998
20
474.839188
70
0
0
VERTEX
8
Layer 1
10
530.154778
20
470.852797
70
0
0
VERTEX
8
Layer 1
10
530.154778
20
470.852797
70
0
0
SEQEND
8
Layer 1
0
POLYLINE
8
Layer 1
62
7
70
0
10
0.000000
20
0.000000
66
1
0
VERTEX
8
Layer 1
10
479.778080
20
469.371129
70
0
0
VERTEX
8
Layer 1
10
482.181931
20
468.595017
70
0
0
VERTEX
8
Layer 1
10
484.853673
20
467.422031
70
0
0
VERTEX
8
Layer 1
10
487.333593
20
466.077064
70
0
0
VERTEX
8
Layer 1
10
489.161975
20
464.785015
70
0
0
VERTEX
8
Layer 1
10
490.537809
20
463.585570
70
0
0
VERTEX
8
Layer 1
10
487.891974
20
464.502793
70
0
0
VERTEX
8
Layer 1
10
484.767684
20
465.247485
70
0
0
VERTEX
8
Layer 1
10
480.995164
20
465.618453
70
0
0
VERTEX
8
Layer 1
10
477.037436
20
465.599160
70
0
0
VERTEX
8
Layer 1
10
473.357520
20
465.173071
70
0
0
VERTEX
8
Layer 1
10
470.008593
20
464.390861
70
0
0
VERTEX
8
Layer 1
10
466.442934
20
463.269448
70
0
0
VERTEX
8
Layer 1
10
462.678631
20
461.821025
70
0
0
VERTEX
8
Layer 1
10
458.733770
20
460.057790
70
0
0
VERTEX
8
Layer 1
10
454.626438
20
457.991937
70
0
0
VERTEX
8
Layer 1
10
450.374723
20
455.635662
70
0
0
VERTEX
8
Layer 1
10
445.996710
20
453.001162
70
0
0
VERTEX
8
Layer 1
10
441.510486
20
450.100631
70
0
0
VERTEX
8
Layer 1
10
436.934139
20
446.946265
70
0
0
VERTEX
8
Layer 1
10
432.285755
20
443.550260
70
0
0
VERTEX
8
Layer 1
10
422.845223
20
436.082115
70
0
0
VERTEX
8
Layer 1
10
413.333584
20
427.793761
70
0
0
VERTEX
8
Layer 1
10
403.895532
20
418.782764
70
0
0
VERTEX
8
Layer 1
10
397.205979
20
411.912412
70
0
0
VERTEX
8
Layer 1
10
392.289136
20
406.576645
70
0
0
VERTEX
8
Layer 1
10
388.020522
20
401.809732
70
0
0
VERTEX
8
Layer 1
10
388.069580
20
401.977095
70
0
0
VERTEX
8
Layer 1
10
388.558509
20
402.682307
70
0
0
VERTEX
8
Layer 1
10
390.842746
20
405.694700
70
0
0
VERTEX
8
Layer 1
10
396.959035
20
413.408963
70
0
0
VERTEX
8
Layer 1
10
403.419282
20
421.080231
70
0
0
VERTEX
8
Layer 1
10
409.773696
20
428.202488
70
0
0
VERTEX
8
Layer 1
10
415.572484
20
434.269718
70
0
0
VERTEX
8
Layer 1
10
422.252666
20
440.607526
70
0
0
VERTEX
8
Layer 1
10
429.114749
20
446.548046
70
0
0
VERTEX
8
Layer 1
10
436.036364
20
452.008181
70
0
0
VERTEX
8
Layer 1
10
442.895140
20
456.904836
70
0
0
VERTEX
8
Layer 1
10
449.568708
20
461.154916
70
0
0
VERTEX
8
Layer 1
10
455.934697
20
464.675323
70
0
0
VERTEX
8
Layer 1
10
461.870738
20
467.382963
70
0
0
VERTEX
8
Layer 1
10
464.639287
20
468.406028
70
0
0
VERTEX
8
Layer 1
10
467.254461
20
469.194740
70
0
0
VERTEX
8
Layer 1
10
470.084402
20
469.683668
70
0
0
VERTEX
8
Layer 1
10
473.489812
20
469.878247
70
0
0
VERTEX
8
Layer 1
10
476.908451
20
469.775170
70
0
0
VERTEX
8
Layer 1
10
479.778080
20
469.371129
70
0
0
VERTEX
8
Layer 1
10
479.778080
20
469.371129
70
0
0
SEQEND
8
Layer 1
0
POLYLINE
8
Layer 1
62
7
70
0
10
0.000000
20
0.000000
66
1
0
VERTEX
8
Layer 1
10
550.086735
20
450.532784
70
0
0
VERTEX
8
Layer 1
10
559.823408
20
440.266944
70
0
0
VERTEX
8
Layer 1
10
559.907193
20
439.932356
70
0
0
VERTEX
8
Layer 1
10
559.779311
20
439.495242
70
0
0
VERTEX
8
Layer 1
10
558.835630
20
438.220832
70
0
0
VERTEX
8
Layer 1
10
557.565629
20
436.703886
70
0
0
VERTEX
8
Layer 1
10
547.828956
20
446.722781
70
0
0
VERTEX
8
Layer 1
10
542.330029
20
452.432273
70
0
0
VERTEX
8
Layer 1
10
539.397562
20
455.621606
70
0
0
VERTEX
8
Layer 1
10
538.184888
20
457.289585
70
0
0
VERTEX
8
Layer 1
10
537.845339
20
458.435011
70
0
0
VERTEX
8
Layer 1
10
537.633672
20
461.539457
70
0
0
VERTEX
8
Layer 1
10
537.633672
20
462.915292
70
0
0
VERTEX
8
Layer 1
10
539.150617
20
461.574735
70
0
0
VERTEX
8
Layer 1
10
550.086735
20
450.532784
70
0
0
VERTEX
8
Layer 1
10
550.086735
20
450.532784
70
0
0
SEQEND
8
Layer 1
0
POLYLINE
8
Layer 1
62
7
70
0
10
0.000000
20
0.000000
66
1
0
VERTEX
8
Layer 1
10
514.738380
20
432.682217
70
0
0
VERTEX
8
Layer 1
10
515.682130
20
431.885435
70
0
0
VERTEX
8
Layer 1
10
516.626293
20
430.832337
70
0
0
VERTEX
8
Layer 1
10
518.464597
20
428.043186
70
0
0
VERTEX
8
Layer 1
10
520.150766
20
424.486743
70
0
0
VERTEX
8
Layer 1
10
521.582273
20
420.334987
70
0
0
VERTEX
8
Layer 1
10
522.223337
20
417.886487
70
0
0
VERTEX
8
Layer 1
10
522.450989
20
416.330957
70
0
0
VERTEX
8
Layer 1
10
522.261922
20
415.463343
70
0
0
VERTEX
8
Layer 1
10
521.652829
20
415.078595
70
0
0
VERTEX
8
Layer 1
10
502.320594
20
412.221093
70
0
0
VERTEX
8
Layer 1
10
478.014190
20
408.728591
70
0
0
VERTEX
8
Layer 1
10
472.122797
20
407.917201
70
0
0
VERTEX
8
Layer 1
10
483.058915
20
412.362204
70
0
0
VERTEX
8
Layer 1
10
490.868538
20
415.494763
70
0
0
VERTEX
8
Layer 1
10
495.529618
20
417.525992
70
0
0
VERTEX
8
Layer 1
10
498.179862
20
418.994982
70
0
0
VERTEX
8
Layer 1
10
499.956982
20
420.440820
70
0
0
VERTEX
8
Layer 1
10
501.411088
20
422.026668
70
0
0
VERTEX
8
Layer 1
10
502.567539
20
423.814260
70
0
0
VERTEX
8
Layer 1
10
503.459406
20
425.873050
70
0
0
VERTEX
8
Layer 1
10
504.119762
20
428.272492
70
0
0
VERTEX
8
Layer 1
10
504.684207
20
430.918327
70
0
0
VERTEX
8
Layer 1
10
507.118375
20
431.553327
70
0
0
VERTEX
8
Layer 1
10
509.252682
20
432.192738
70
0
0
VERTEX
8
Layer 1
10
510.963655
20
432.858606
70
0
0
VERTEX
8
Layer 1
10
512.158691
20
433.346983
70
0
0
VERTEX
8
Layer 1
10
513.009768
20
433.484787
70
0
0
VERTEX
8
Layer 1
10
513.781469
20
433.265403
70
0
0
VERTEX
8
Layer 1
10
514.738380
20
432.682217
70
0
0
VERTEX
8
Layer 1
10
514.738380
20
432.682217
70
0
0
SEQEND
8
Layer 1
0
POLYLINE
8
Layer 1
62
7
70
0
10
0.000000
20
0.000000
66
1
0
VERTEX
8
Layer 1
10
454.060564
20
395.922749
70
0
0
VERTEX
8
Layer 1
10
452.444951
20
393.864510
70
0
0
VERTEX
8
Layer 1
10
451.083999
20
391.786427
70
0
0
VERTEX
8
Layer 1
10
450.047163
20
389.800949
70
0
0
VERTEX
8
Layer 1
10
449.403894
20
388.020522
70
0
0
VERTEX
8
Layer 1
10
448.914415
20
386.693195
70
0
0
VERTEX
8
Layer 1
10
448.644870
20
386.388373
70
0
0
VERTEX
8
Layer 1
10
448.345560
20
386.291910
70
0
0
VERTEX
8
Layer 1
10
447.555668
20
386.417587
70
0
0
VERTEX
8
Layer 1
10
446.762469
20
386.741702
70
0
0
VERTEX
8
Layer 1
10
446.108176
20
387.184879
70
0
0
VERTEX
8
Layer 1
10
445.735003
20
387.667744
70
0
0
VERTEX
8
Layer 1
10
444.147502
20
395.675805
70
0
0
VERTEX
8
Layer 1
10
444.881170
20
395.978422
70
0
0
VERTEX
8
Layer 1
10
447.053511
20
396.456326
70
0
0
VERTEX
8
Layer 1
10
455.542231
20
397.898306
70
0
0
VERTEX
8
Layer 1
10
455.237960
20
397.320632
70
0
0
VERTEX
8
Layer 1
10
454.060564
20
395.922749
70
0
0
VERTEX
8
Layer 1
10
454.060564
20
395.922749
70
0
0
SEQEND
8
Layer 1
0
POLYLINE
8
Layer 1
62
7
70
0
10
0.000000
20
0.000000
66
1
0
VERTEX
8
Layer 1
10
350.978832
20
361.597450
70
0
0
VERTEX
8
Layer 1
10
350.986549
20
361.269408
70
0
0
VERTEX
8
Layer 1
10
350.749527
20
360.825197
70
0
0
VERTEX
8
Layer 1
10
348.138969
20
358.382760
70
0
0
VERTEX
8
Layer 1
10
324.555760
20
338.843269
70
0
0
VERTEX
8
Layer 1
10
301.770711
20
320.141625
70
0
0
VERTEX
8
Layer 1
10
298.009767
20
317.129232
70
0
0
VERTEX
8
Layer 1
10
297.003798
20
316.441866
70
0
0
VERTEX
8
Layer 1
10
296.624562
20
316.856380
70
0
0
VERTEX
8
Layer 1
10
296.086575
20
317.852978
70
0
0
VERTEX
8
Layer 1
10
295.451575
20
319.299368
70
0
0
VERTEX
8
Layer 1
10
293.511296
20
319.087701
70
0
0
VERTEX
8
Layer 1
10
290.336294
20
318.699645
70
0
0
VERTEX
8
Layer 1
10
289.813190
20
318.669328
70
0
0
VERTEX
8
Layer 1
10
289.829176
20
318.827527
70
0
0
VERTEX
8
Layer 1
10
291.782684
20
319.934368
70
0
0
VERTEX
8
Layer 1
10
293.726821
20
320.994356
70
0
0
VERTEX
8
Layer 1
10
294.768068
20
321.773224
70
0
0
VERTEX
8
Layer 1
10
295.101553
20
322.479331
70
0
0
VERTEX
8
Layer 1
10
294.922408
20
323.321037
70
0
0
VERTEX
8
Layer 1
10
294.569630
20
324.273538
70
0
0
VERTEX
8
Layer 1
10
291.288795
20
324.061871
70
0
0
VERTEX
8
Layer 1
10
288.043237
20
323.850204
70
0
0
VERTEX
8
Layer 1
10
290.865461
20
325.014371
70
0
0
VERTEX
8
Layer 1
10
293.162928
20
326.125622
70
0
0
VERTEX
8
Layer 1
10
293.628705
20
326.562185
70
0
0
VERTEX
8
Layer 1
10
293.793518
20
327.025206
70
0
0
VERTEX
8
Layer 1
10
293.709182
20
327.866912
70
0
0
VERTEX
8
Layer 1
10
293.464236
20
328.174284
70
0
0
VERTEX
8
Layer 1
10
293.065914
20
328.414269
70
0
0
VERTEX
8
Layer 1
10
291.754572
20
328.716887
70
0
0
VERTEX
8
Layer 1
10
289.666016
20
328.824374
70
0
0
VERTEX
8
Layer 1
10
286.632125
20
328.824374
70
0
0
VERTEX
8
Layer 1
10
289.807127
20
329.953263
70
0
0
VERTEX
8
Layer 1
10
292.254524
20
330.954271
70
0
0
VERTEX
8
Layer 1
10
292.858105
20
331.357210
70
0
0
VERTEX
8
Layer 1
10
293.087962
20
331.717153
70
0
0
VERTEX
8
Layer 1
10
293.055992
20
332.403968
70
0
0
VERTEX
8
Layer 1
10
292.620532
20
332.951876
70
0
0
VERTEX
8
Layer 1
10
291.748508
20
333.393951
70
0
0
VERTEX
8
Layer 1
10
290.406850
20
333.763266
70
0
0
VERTEX
8
Layer 1
10
288.396015
20
334.186599
70
0
0
VERTEX
8
Layer 1
10
290.583239
20
334.821600
70
0
0
VERTEX
8
Layer 1
10
296.756854
20
336.021045
70
0
0
VERTEX
8
Layer 1
10
299.698278
20
336.588659
70
0
0
VERTEX
8
Layer 1
10
303.096936
20
337.492791
70
0
0
VERTEX
8
Layer 1
10
306.831284
20
338.686310
70
0
0
VERTEX
8
Layer 1
10
310.779779
20
340.122089
70
0
0
VERTEX
8
Layer 1
10
318.833039
20
343.531909
70
0
0
VERTEX
8
Layer 1
10
322.694718
20
345.411692
70
0
0
VERTEX
8
Layer 1
10
326.284372
20
347.345219
70
0
0
VERTEX
8
Layer 1
10
332.163638
20
350.904418
70
0
0
VERTEX
8
Layer 1
10
338.340560
20
354.943175
70
0
0
VERTEX
8
Layer 1
10
344.054462
20
358.948859
70
0
0
VERTEX
8
Layer 1
10
348.544664
20
362.408839
70
0
0
VERTEX
8
Layer 1
10
350.246818
20
363.692069
70
0
0
VERTEX
8
Layer 1
10
350.548884
20
363.654035
70
0
0
VERTEX
8
Layer 1
10
350.731888
20
363.255507
70
0
0
VERTEX
8
Layer 1
10
350.978832
20
361.597450
70
0
0
VERTEX
8
Layer 1
10
350.978832
20
361.597450
70
0
0
SEQEND
8
Layer 1
0
POLYLINE
8
Layer 1
62
7
70
0
10
0.000000
20
0.000000
66
1
0
VERTEX
8
Layer 1
10
168.380939
20
268.922669
70
0
0
VERTEX
8
Layer 1
10
169.232016
20
264.848083
70
0
0
VERTEX
8
Layer 1
10
169.249104
20
264.299073
70
0
0
VERTEX
8
Layer 1
10
169.051218
20
264.266000
70
0
0
VERTEX
8
Layer 1
10
167.966976
20
265.042111
70
0
0
VERTEX
8
Layer 1
10
166.277501
20
266.532598
70
0
0
VERTEX
8
Layer 1
10
164.740160
20
268.036315
70
0
0
VERTEX
8
Layer 1
10
164.112326
20
268.852114
70
0
0
VERTEX
8
Layer 1
10
165.757153
20
270.157392
70
0
0
VERTEX
8
Layer 1
10
167.640106
20
271.251004
70
0
0
VERTEX
8
Layer 1
10
167.944377
20
270.589545
70
0
0
VERTEX
8
Layer 1
10
168.380939
20
268.922669
70
0
0
VERTEX
8
Layer 1
10
168.380939
20
268.922669
70
0
0
SEQEND
8
Layer 1
0
POLYLINE
8
Layer 1
62
7
70
0
10
0.000000
20
0.000000
66
1
0
VERTEX
8
Layer 1
10
165.982049
20
264.230722
70
0
0
VERTEX
8
Layer 1
10
169.862607
20
261.055720
70
0
0
VERTEX
8
Layer 1
10
170.462330
20
258.692107
70
0
0
VERTEX
8
Layer 1
10
170.920941
20
256.187384
70
0
0
VERTEX
8
Layer 1
10
168.889711
20
257.363678
70
0
0
VERTEX
8
Layer 1
10
164.592986
20
260.147317
70
0
0
VERTEX
8
Layer 1
10
160.329333
20
263.023560
70
0
0
VERTEX
8
Layer 1
10
158.397322
20
264.477667
70
0
0
VERTEX
8
Layer 1
10
158.856485
20
265.093926
70
0
0
VERTEX
8
Layer 1
10
159.901038
20
266.073987
70
0
0
VERTEX
8
Layer 1
10
161.031581
20
266.987903
70
0
0
VERTEX
8
Layer 1
10
161.748713
20
267.405724
70
0
0
VERTEX
8
Layer 1
10
163.151006
20
266.466453
70
0
0
VERTEX
8
Layer 1
10
165.982049
20
264.230722
70
0
0
VERTEX
8
Layer 1
10
165.982049
20
264.230722
70
0
0
SEQEND
8
Layer 1
0
POLYLINE
8
Layer 1
62
7
70
0
10
0.000000
20
0.000000
66
1
0
VERTEX
8
Layer 1
10
160.655101
20
260.455997
70
0
0
VERTEX
8
Layer 1
10
167.290635
20
256.180218
70
0
0
VERTEX
8
Layer 1
10
170.665177
20
253.872278
70
0
0
VERTEX
8
Layer 1
10
171.491311
20
253.178229
70
0
0
VERTEX
8
Layer 1
10
171.936280
20
252.642516
70
0
0
VERTEX
8
Layer 1
10
172.261497
20
251.601270
70
0
0
VERTEX
8
Layer 1
10
172.543720
20
250.084324
70
0
0
VERTEX
8
Layer 1
10
170.144829
20
247.720712
70
0
0
VERTEX
8
Layer 1
10
166.370105
20
243.699042
70
0
0
VERTEX
8
Layer 1
10
165.095694
20
242.362896
70
0
0
VERTEX
8
Layer 1
10
164.559361
20
242.086737
70
0
0
VERTEX
8
Layer 1
10
164.006492
20
242.005708
70
0
0
VERTEX
8
Layer 1
10
163.276958
20
242.042846
70
0
0
VERTEX
8
Layer 1
10
162.628453
20
242.203594
70
0
0
VERTEX
8
Layer 1
10
161.989870
20
242.561953
70
0
0
VERTEX
8
Layer 1
10
161.290102
20
243.191924
70
0
0
VERTEX
8
Layer 1
10
159.422583
20
245.562702
70
0
0
VERTEX
8
Layer 1
10
156.457043
20
249.907935
70
0
0
VERTEX
8
Layer 1
10
152.439784
20
256.090370
70
0
0
VERTEX
8
Layer 1
10
151.897939
20
257.319580
70
0
0
VERTEX
8
Layer 1
10
151.941485
20
257.986551
70
0
0
VERTEX
8
Layer 1
10
152.790908
20
259.232850
70
0
0
VERTEX
8
Layer 1
10
154.186035
20
260.839643
70
0
0
VERTEX
8
Layer 1
10
155.587776
20
262.228156
70
0
0
VERTEX
8
Layer 1
10
156.457043
20
262.819610
70
0
0
VERTEX
8
Layer 1
10
157.894613
20
262.127283
70
0
0
VERTEX
8
Layer 1
10
160.655101
20
260.455997
70
0
0
VERTEX
8
Layer 1
10
160.655101
20
260.455997
70
0
0
SEQEND
8
Layer 1
0
POLYLINE
8
Layer 1
62
7
70
0
10
0.000000
20
0.000000
66
1
0
VERTEX
8
Layer 1
10
174.378165
20
257.280995
70
0
0
VERTEX
8
Layer 1
10
175.665805
20
255.702314
70
0
0
VERTEX
8
Layer 1
10
175.975588
20
255.038650
70
0
0
VERTEX
8
Layer 1
10
176.106778
20
254.388216
70
0
0
VERTEX
8
Layer 1
10
176.073153
20
253.482569
70
0
0
VERTEX
8
Layer 1
10
175.758409
20
253.096166
70
0
0
VERTEX
8
Layer 1
10
175.159238
20
253.232317
70
0
0
VERTEX
8
Layer 1
10
174.272332
20
253.894327
70
0
0
VERTEX
8
Layer 1
10
173.306602
20
255.133459
70
0
0
VERTEX
8
Layer 1
10
172.684831
20
256.928217
70
0
0
VERTEX
8
Layer 1
10
172.433477
20
258.343739
70
0
0
VERTEX
8
Layer 1
10
172.473164
20
258.939052
70
0
0
VERTEX
8
Layer 1
10
174.378165
20
257.280995
70
0
0
VERTEX
8
Layer 1
10
174.378165
20
257.280995
70
0
0
SEQEND
8
Layer 1
0
POLYLINE
8
Layer 1
62
7
70
0
10
0.000000
20
0.000000
66
1
0
VERTEX
8
Layer 1
10
154.410931
20
249.555157
70
0
0
VERTEX
8
Layer 1
10
158.701593
20
243.368313
70
0
0
VERTEX
8
Layer 1
10
158.919530
20
242.924378
70
0
0
VERTEX
8
Layer 1
10
158.900582
20
242.743786
70
0
0
VERTEX
8
Layer 1
10
158.362044
20
242.817097
70
0
0
VERTEX
8
Layer 1
10
156.104265
20
243.275709
70
0
0
VERTEX
8
Layer 1
10
154.856313
20
243.650535
70
0
0
VERTEX
8
Layer 1
10
153.846486
20
244.263487
70
0
0
VERTEX
8
Layer 1
10
150.190824
20
248.307205
70
0
0
VERTEX
8
Layer 1
10
147.461204
20
251.742381
70
0
0
VERTEX
8
Layer 1
10
147.825006
20
252.566999
70
0
0
VERTEX
8
Layer 1
10
148.651830
20
253.788493
70
0
0
VERTEX
8
Layer 1
10
149.544799
20
254.877695
70
0
0
VERTEX
8
Layer 1
10
150.107039
20
255.305439
70
0
0
VERTEX
8
Layer 1
10
151.531380
20
253.568007
70
0
0
VERTEX
8
Layer 1
10
154.410931
20
249.555157
70
0
0
VERTEX
8
Layer 1
10
154.410931
20
249.555157
70
0
0
SEQEND
8
Layer 1
0
POLYLINE
8
Layer 1
62
7
70
0
10
0.000000
20
0.000000
66
1
0
VERTEX
8
Layer 1
10
148.837038
20
246.909322
70
0
0
VERTEX
8
Layer 1
10
150.367213
20
245.127793
70
0
0
VERTEX
8
Layer 1
10
150.918428
20
244.298765
70
0
0
VERTEX
8
Layer 1
10
147.664051
20
244.664772
70
0
0
VERTEX
8
Layer 1
10
144.356758
20
245.321821
70
0
0
VERTEX
8
Layer 1
10
144.292610
20
245.629331
70
0
0
VERTEX
8
Layer 1
10
144.392587
20
246.154708
70
0
0
VERTEX
8
Layer 1
10
144.934432
20
247.539913
70
0
0
VERTEX
8
Layer 1
10
145.681329
20
248.839128
70
0
0
VERTEX
8
Layer 1
10
146.037621
20
249.257018
70
0
0
VERTEX
8
Layer 1
10
146.332314
20
249.414046
70
0
0
VERTEX
8
Layer 1
10
148.837038
20
246.909322
70
0
0
VERTEX
8
Layer 1
10
148.837038
20
246.909322
70
0
0
SEQEND
8
Layer 1
0
POLYLINE
8
Layer 1
62
7
70
0
10
0.000000
20
0.000000
66
1
0
VERTEX
8
Layer 1
10
147.813982
20
242.887653
70
0
0
VERTEX
8
Layer 1
10
151.067257
20
242.410851
70
0
0
VERTEX
8
Layer 1
10
152.885166
20
241.957201
70
0
0
VERTEX
8
Layer 1
10
153.975470
20
241.245582
70
0
0
VERTEX
8
Layer 1
10
155.045931
20
239.994873
70
0
0
VERTEX
8
Layer 1
10
156.527599
20
237.913483
70
0
0
VERTEX
8
Layer 1
10
151.235929
20
238.116331
70
0
0
VERTEX
8
Layer 1
10
143.298424
20
238.689595
70
0
0
VERTEX
8
Layer 1
10
141.897233
20
238.864330
70
0
0
VERTEX
8
Layer 1
10
141.513725
20
239.006475
70
0
0
VERTEX
8
Layer 1
10
141.322867
20
239.240810
70
0
0
VERTEX
8
Layer 1
10
141.462876
20
240.153072
70
0
0
VERTEX
8
Layer 1
10
142.204812
20
241.935152
70
0
0
VERTEX
8
Layer 1
10
142.674448
20
242.897575
70
0
0
VERTEX
8
Layer 1
10
142.956394
20
243.166706
70
0
0
VERTEX
8
Layer 1
10
143.368979
20
243.310987
70
0
0
VERTEX
8
Layer 1
10
144.883720
20
243.274606
70
0
0
VERTEX
8
Layer 1
10
147.813982
20
242.887653
70
0
0
VERTEX
8
Layer 1
10
147.813982
20
242.887653
70
0
0
SEQEND
8
Layer 1
0
POLYLINE
8
Layer 1
62
7
70
0
10
0.000000
20
0.000000
66
1
0
VERTEX
8
Layer 1
10
160.302323
20
240.735707
70
0
0
VERTEX
8
Layer 1
10
160.862358
20
240.244574
70
0
0
VERTEX
8
Layer 1
10
161.528227
20
239.346644
70
0
0
VERTEX
8
Layer 1
10
162.048574
20
238.428870
70
0
0
VERTEX
8
Layer 1
10
162.172047
20
237.878205
70
0
0
VERTEX
8
Layer 1
10
161.629650
20
237.697407
70
0
0
VERTEX
8
Layer 1
10
160.584546
20
237.701816
70
0
0
VERTEX
8
Layer 1
10
159.842058
20
237.828045
70
0
0
VERTEX
8
Layer 1
10
159.248399
20
238.076643
70
0
0
VERTEX
8
Layer 1
10
158.150377
20
239.112928
70
0
0
VERTEX
8
Layer 1
10
157.139448
20
240.439704
70
0
0
VERTEX
8
Layer 1
10
156.809821
20
241.101714
70
0
0
VERTEX
8
Layer 1
10
156.902563
20
241.240276
70
0
0
VERTEX
8
Layer 1
10
157.168111
20
241.280859
70
0
0
VERTEX
8
Layer 1
10
158.220933
20
241.159041
70
0
0
VERTEX
8
Layer 1
10
160.302323
20
240.735707
70
0
0
VERTEX
8
Layer 1
10
160.302323
20
240.735707
70
0
0
SEQEND
8
Layer 1
0
POLYLINE
8
Layer 1
62
7
70
0
10
0.000000
20
0.000000
66
1
0
VERTEX
8
Layer 1
10
177.659001
20
235.620426
70
0
0
VERTEX
8
Layer 1
10
176.424278
20
230.575701
70
0
0
VERTEX
8
Layer 1
10
175.895111
20
227.885769
70
0
0
VERTEX
8
Layer 1
10
175.683444
20
225.354586
70
0
0
VERTEX
8
Layer 1
10
175.605171
20
223.839846
70
0
0
VERTEX
8
Layer 1
10
175.401222
20
223.185002
70
0
0
VERTEX
8
Layer 1
10
175.266587
20
223.192443
70
0
0
VERTEX
8
Layer 1
10
175.117897
20
223.429741
70
0
0
VERTEX
8
Layer 1
10
174.801499
20
224.613753
70
0
0
VERTEX
8
Layer 1
10
174.378165
20
226.800976
70
0
0
VERTEX
8
Layer 1
10
174.325249
20
227.391879
70
0
0
VERTEX
8
Layer 1
10
174.589832
20
227.400699
70
0
0
VERTEX
8
Layer 1
10
174.876464
20
227.391879
70
0
0
VERTEX
8
Layer 1
10
174.977888
20
227.859310
70
0
0
VERTEX
8
Layer 1
10
174.836777
20
228.388477
70
0
0
VERTEX
8
Layer 1
10
174.483999
20
228.600144
70
0
0
VERTEX
8
Layer 1
10
174.246976
20
228.724719
70
0
0
VERTEX
8
Layer 1
10
174.043026
20
229.067575
70
0
0
VERTEX
8
Layer 1
10
173.760804
20
230.222923
70
0
0
VERTEX
8
Layer 1
10
173.690248
20
231.695771
70
0
0
VERTEX
8
Layer 1
10
173.884276
20
233.115702
70
0
0
VERTEX
8
Layer 1
10
174.743621
20
234.935816
70
0
0
VERTEX
8
Layer 1
10
176.075910
20
236.802232
70
0
0
VERTEX
8
Layer 1
10
177.361896
20
238.086565
70
0
0
VERTEX
8
Layer 1
10
177.825261
20
238.314079
70
0
0
VERTEX
8
Layer 1
10
178.082334
20
238.160428
70
0
0
VERTEX
8
Layer 1
10
177.659001
20
235.620426
70
0
0
VERTEX
8
Layer 1
10
177.659001
20
235.620426
70
0
0
SEQEND
8
Layer 1
0
POLYLINE
8
Layer 1
62
7
70
0
10
0.000000
20
0.000000
66
1
0
VERTEX
8
Layer 1
10
150.988984
20
236.325982
70
0
0
VERTEX
8
Layer 1
10
157.193467
20
235.876190
70
0
0
VERTEX
8
Layer 1
10
158.385746
20
235.591763
70
0
0
VERTEX
8
Layer 1
10
159.032322
20
235.161815
70
0
0
VERTEX
8
Layer 1
10
159.867414
20
234.316250
70
0
0
VERTEX
8
Layer 1
10
160.236177
20
233.530217
70
0
0
VERTEX
8
Layer 1
10
160.188222
20
232.572204
70
0
0
VERTEX
8
Layer 1
10
159.773156
20
231.210701
70
0
0
VERTEX
8
Layer 1
10
158.432600
20
225.777920
70
0
0
VERTEX
8
Layer 1
10
157.832877
20
222.461807
70
0
0
VERTEX
8
Layer 1
10
156.245376
20
221.967918
70
0
0
VERTEX
8
Layer 1
10
154.693153
20
221.474028
70
0
0
VERTEX
8
Layer 1
10
147.108426
20
225.107642
70
0
0
VERTEX
8
Layer 1
10
141.640367
20
227.788755
70
0
0
VERTEX
8
Layer 1
10
139.135643
20
229.199867
70
0
0
VERTEX
8
Layer 1
10
138.943820
20
229.839277
70
0
0
VERTEX
8
Layer 1
10
139.003351
20
231.007854
70
0
0
VERTEX
8
Layer 1
10
139.876477
20
234.879592
70
0
0
VERTEX
8
Layer 1
10
140.440922
20
236.714038
70
0
0
VERTEX
8
Layer 1
10
142.098978
20
236.714038
70
0
0
VERTEX
8
Layer 1
10
150.988984
20
236.325982
70
0
0
VERTEX
8
Layer 1
10
150.988984
20
236.325982
70
0
0
SEQEND
8
Layer 1
0
POLYLINE
8
Layer 1
62
7
70
0
10
0.000000
20
0.000000
66
1
0
VERTEX
8
Layer 1
10
151.765096
20
220.450972
70
0
0
VERTEX
8
Layer 1
10
149.577872
20
219.498472
70
0
0
VERTEX
8
Layer 1
10
147.637593
20
218.792916
70
0
0
VERTEX
8
Layer 1
10
143.510090
20
220.133472
70
0
0
VERTEX
8
Layer 1
10
140.132241
20
221.262913
70
0
0
VERTEX
8
Layer 1
10
138.500643
20
222.051702
70
0
0
VERTEX
8
Layer 1
10
138.157787
20
222.464081
70
0
0
VERTEX
8
Layer 1
10
138.033212
20
222.966169
70
0
0
VERTEX
8
Layer 1
10
138.147865
20
224.472641
70
0
0
VERTEX
8
Layer 1
10
138.500643
20
226.906810
70
0
0
VERTEX
8
Layer 1
10
140.559984
20
226.108649
70
0
0
VERTEX
8
Layer 1
10
145.344536
20
223.908197
70
0
0
VERTEX
8
Layer 1
10
149.983567
20
221.544584
70
0
0
VERTEX
8
Layer 1
10
151.765096
20
220.450972
70
0
0
VERTEX
8
Layer 1
10
151.765096
20
220.450972
70
0
0
SEQEND
8
Layer 1
0
POLYLINE
8
Layer 1
62
7
70
0
10
0.000000
20
0.000000
66
1
0
VERTEX
8
Layer 1
10
172.508442
20
219.745416
70
0
0
VERTEX
8
Layer 1
10
174.863235
20
215.745796
70
0
0
VERTEX
8
Layer 1
10
176.953445
20
212.619301
70
0
0
VERTEX
8
Layer 1
10
178.858446
20
209.832354
70
0
0
VERTEX
8
Layer 1
10
178.465980
20
209.625097
70
0
0
VERTEX
8
Layer 1
10
177.517890
20
209.550132
70
0
0
VERTEX
8
Layer 1
10
176.471682
20
209.706677
70
0
0
VERTEX
8
Layer 1
10
175.207194
20
210.246869
70
0
0
VERTEX
8
Layer 1
10
173.519371
20
211.276539
70
0
0
VERTEX
8
Layer 1
10
171.203163
20
212.901523
70
0
0
VERTEX
8
Layer 1
10
170.414925
20
213.533216
70
0
0
VERTEX
8
Layer 1
10
169.924343
20
214.145065
70
0
0
VERTEX
8
Layer 1
10
169.605741
20
214.955352
70
0
0
VERTEX
8
Layer 1
10
169.333440
20
216.182358
70
0
0
VERTEX
8
Layer 1
10
169.082086
20
218.391631
70
0
0
VERTEX
8
Layer 1
10
169.121773
20
220.521528
70
0
0
VERTEX
8
Layer 1
10
169.505419
20
223.224689
70
0
0
VERTEX
8
Layer 1
10
169.862607
20
224.366808
70
0
0
VERTEX
8
Layer 1
10
172.508442
20
219.745416
70
0
0
VERTEX
8
Layer 1
10
172.508442
20
219.745416
70
0
0
SEQEND
8
Layer 1
0
POLYLINE
8
Layer 1
62
7
70
0
10
0.000000
20
0.000000
66
1
0
VERTEX
8
Layer 1
10
141.569811
20
218.863471
70
0
0
VERTEX
8
Layer 1
10
143.739396
20
218.100589
70
0
0
VERTEX
8
Layer 1
10
144.638980
20
217.628748
70
0
0
VERTEX
8
Layer 1
10
143.735538
20
217.144230
70
0
0
VERTEX
8
Layer 1
10
141.697693
20
216.319060
70
0
0
VERTEX
8
Layer 1
10
139.534172
20
215.540192
70
0
0
VERTEX
8
Layer 1
10
138.253698
20
215.194580
70
0
0
VERTEX
8
Layer 1
10
138.028802
20
215.864858
70
0
0
VERTEX
8
Layer 1
10
137.936198
20
217.487637
70
0
0
VERTEX
8
Layer 1
10
138.011163
20
219.110416
70
0
0
VERTEX
8
Layer 1
10
138.218420
20
219.780694
70
0
0
VERTEX
8
Layer 1
10
141.569811
20
218.863471
70
0
0
VERTEX
8
Layer 1
10
141.569811
20
218.863471
70
0
0
SEQEND
8
Layer 1
0
POLYLINE
8
Layer 1
62
7
70
0
10
0.000000
20
0.000000
66
1
0
VERTEX
8
Layer 1
10
156.280654
20
218.545971
70
0
0
VERTEX
8
Layer 1
10
157.022590
20
218.100589
70
0
0
VERTEX
8
Layer 1
10
157.294891
20
217.734582
70
0
0
VERTEX
8
Layer 1
10
157.104170
20
217.395033
70
0
0
VERTEX
8
Layer 1
10
156.457043
20
217.029026
70
0
0
VERTEX
8
Layer 1
10
155.557459
20
216.718691
70
0
0
VERTEX
8
Layer 1
10
154.631417
20
216.636560
70
0
0
VERTEX
8
Layer 1
10
153.559854
20
216.785940
70
0
0
VERTEX
8
Layer 1
10
152.223707
20
217.170137
70
0
0
VERTEX
8
Layer 1
10
150.530373
20
217.769859
70
0
0
VERTEX
8
Layer 1
10
152.082596
20
218.369582
70
0
0
VERTEX
8
Layer 1
10
153.393387
20
218.833706
70
0
0
VERTEX
8
Layer 1
10
154.446208
20
219.013402
70
0
0
VERTEX
8
Layer 1
10
155.366738
20
218.915285
70
0
0
VERTEX
8
Layer 1
10
156.280654
20
218.545971
70
0
0
VERTEX
8
Layer 1
10
156.280654
20
218.545971
70
0
0
SEQEND
8
Layer 1
0
POLYLINE
8
Layer 1
62
7
70
0
10
0.000000
20
0.000000
66
1
0
VERTEX
8
Layer 1
10
150.459817
20
215.935414
70
0
0
VERTEX
8
Layer 1
10
151.707769
20
215.393018
70
0
0
VERTEX
8
Layer 1
10
152.188429
20
214.982913
70
0
0
VERTEX
8
Layer 1
10
150.235472
20
213.799453
70
0
0
VERTEX
8
Layer 1
10
145.931029
20
211.468362
70
0
0
VERTEX
8
Layer 1
10
141.527368
20
209.183574
70
0
0
VERTEX
8
Layer 1
10
139.276754
20
208.139020
70
0
0
VERTEX
8
Layer 1
10
138.923425
20
208.364467
70
0
0
VERTEX
8
Layer 1
10
138.619705
20
208.990097
70
0
0
VERTEX
8
Layer 1
10
138.253698
20
211.137633
70
0
0
VERTEX
8
Layer 1
10
138.147865
20
212.901523
70
0
0
VERTEX
8
Layer 1
10
142.875090
20
214.735969
70
0
0
VERTEX
8
Layer 1
10
146.394051
20
216.036837
70
0
0
VERTEX
8
Layer 1
10
148.166760
20
216.570414
70
0
0
VERTEX
8
Layer 1
10
150.459817
20
215.935414
70
0
0
VERTEX
8
Layer 1
10
150.459817
20
215.935414
70
0
0
SEQEND
8
Layer 1
0
POLYLINE
8
Layer 1
62
7
70
0
10
0.000000
20
0.000000
66
1
0
VERTEX
8
Layer 1
10
157.727044
20
213.501246
70
0
0
VERTEX
8
Layer 1
10
158.573711
20
210.608466
70
0
0
VERTEX
8
Layer 1
10
160.231768
20
205.069851
70
0
0
VERTEX
8
Layer 1
10
161.290102
20
202.141794
70
0
0
VERTEX
8
Layer 1
10
160.513990
20
200.907071
70
0
0
VERTEX
8
Layer 1
10
159.804024
20
200.038355
70
0
0
VERTEX
8
Layer 1
10
159.173434
20
199.672348
70
0
0
VERTEX
8
Layer 1
10
150.107039
20
199.002070
70
0
0
VERTEX
8
Layer 1
10
143.408667
20
198.543458
70
0
0
VERTEX
8
Layer 1
10
141.926448
20
198.555585
70
0
0
VERTEX
8
Layer 1
10
141.393422
20
198.719847
70
0
0
VERTEX
8
Layer 1
10
140.889060
20
199.850942
70
0
0
VERTEX
8
Layer 1
10
140.321859
20
201.577349
70
0
0
VERTEX
8
Layer 1
10
139.594255
20
204.752351
70
0
0
VERTEX
8
Layer 1
10
139.523699
20
206.092908
70
0
0
VERTEX
8
Layer 1
10
147.284815
20
210.114577
70
0
0
VERTEX
8
Layer 1
10
153.912632
20
213.382183
70
0
0
VERTEX
8
Layer 1
10
155.376109
20
213.889853
70
0
0
VERTEX
8
Layer 1
10
156.280654
20
213.924579
70
0
0
VERTEX
8
Layer 1
10
157.727044
20
213.501246
70
0
0
VERTEX
8
Layer 1
10
157.727044
20
213.501246
70
0
0
SEQEND
8
Layer 1
0
POLYLINE
8
Layer 1
62
7
70
0
10
0.000000
20
0.000000
66
1
0
VERTEX
8
Layer 1
10
179.564002
20
204.117351
70
0
0
VERTEX
8
Layer 1
10
184.123658
20
202.410787
70
0
0
VERTEX
8
Layer 1
10
184.414010
20
202.212556
70
0
0
VERTEX
8
Layer 1
10
184.455489
20
202.058560
70
0
0
VERTEX
8
Layer 1
10
183.973727
20
201.789016
70
0
0
VERTEX
8
Layer 1
10
182.300788
20
201.371195
70
0
0
VERTEX
8
Layer 1
10
180.062301
20
201.065821
70
0
0
VERTEX
8
Layer 1
10
177.936262
20
200.945656
70
0
0
VERTEX
8
Layer 1
10
176.600667
20
201.083460
70
0
0
VERTEX
8
Layer 1
10
175.495479
20
201.838625
70
0
0
VERTEX
8
Layer 1
10
174.267922
20
203.129572
70
0
0
VERTEX
8
Layer 1
10
173.271876
20
204.526353
70
0
0
VERTEX
8
Layer 1
10
172.861220
20
205.599018
70
0
0
VERTEX
8
Layer 1
10
172.993512
20
206.238429
70
0
0
VERTEX
8
Layer 1
10
173.496220
20
206.269297
70
0
0
VERTEX
8
Layer 1
10
179.564002
20
204.117351
70
0
0
VERTEX
8
Layer 1
10
179.564002
20
204.117351
70
0
0
SEQEND
8
Layer 1
0
POLYLINE
8
Layer 1
62
7
70
0
10
0.000000
20
0.000000
66
1
0
VERTEX
8
Layer 1
10
205.810685
20
202.177072
70
0
0
VERTEX
8
Layer 1
10
205.634296
20
200.942349
70
0
0
VERTEX
8
Layer 1
10
204.928740
20
198.437625
70
0
0
VERTEX
8
Layer 1
10
203.742524
20
195.439012
70
0
0
VERTEX
8
Layer 1
10
202.424016
20
193.287066
70
0
0
VERTEX
8
Layer 1
10
201.048182
20
191.523176
70
0
0
VERTEX
8
Layer 1
10
197.308735
20
191.629010
70
0
0
VERTEX
8
Layer 1
10
194.601164
20
191.805399
70
0
0
VERTEX
8
Layer 1
10
193.428177
20
192.087621
70
0
0
VERTEX
8
Layer 1
10
193.507001
20
192.375907
70
0
0
VERTEX
8
Layer 1
10
194.085226
20
192.832865
70
0
0
VERTEX
8
Layer 1
10
197.837902
20
194.980401
70
0
0
VERTEX
8
Layer 1
10
200.025126
20
196.215124
70
0
0
VERTEX
8
Layer 1
10
201.295127
20
195.474290
70
0
0
VERTEX
8
Layer 1
10
202.565128
20
194.733456
70
0
0
VERTEX
8
Layer 1
10
201.789016
20
195.932901
70
0
0
VERTEX
8
Layer 1
10
201.048182
20
197.167624
70
0
0
VERTEX
8
Layer 1
10
203.059017
20
199.813459
70
0
0
VERTEX
8
Layer 1
10
205.056622
20
202.212350
70
0
0
VERTEX
8
Layer 1
10
205.514682
20
202.432836
70
0
0
VERTEX
8
Layer 1
10
205.810685
20
202.177072
70
0
0
VERTEX
8
Layer 1
10
205.810685
20
202.177072
70
0
0
SEQEND
8
Layer 1
0
POLYLINE
8
Layer 1
62
7
70
0
10
0.000000
20
0.000000
66
1
0
VERTEX
8
Layer 1
10
195.791790
20
199.319570
70
0
0
VERTEX
8
Layer 1
10
192.334566
20
197.167624
70
0
0
VERTEX
8
Layer 1
10
190.636821
20
196.271899
70
0
0
VERTEX
8
Layer 1
10
189.653453
20
196.034325
70
0
0
VERTEX
8
Layer 1
10
189.371782
20
196.169579
70
0
0
VERTEX
8
Layer 1
10
189.199251
20
196.478053
70
0
0
VERTEX
8
Layer 1
10
189.089008
20
197.626236
70
0
0
VERTEX
8
Layer 1
10
189.147988
20
198.165324
70
0
0
VERTEX
8
Layer 1
10
189.402098
20
198.525819
70
0
0
VERTEX
8
Layer 1
10
190.958731
20
199.107903
70
0
0
VERTEX
8
Layer 1
10
193.551650
20
199.742904
70
0
0
VERTEX
8
Layer 1
10
195.615401
20
199.954570
70
0
0
VERTEX
8
Layer 1
10
196.673735
20
200.025126
70
0
0
VERTEX
8
Layer 1
10
195.791790
20
199.319570
70
0
0
VERTEX
8
Layer 1
10
195.791790
20
199.319570
70
0
0
SEQEND
8
Layer 1
0
POLYLINE
8
Layer 1
62
7
70
0
10
0.000000
20
0.000000
66
1
0
VERTEX
8
Layer 1
10
156.104265
20
195.650679
70
0
0
VERTEX
8
Layer 1
10
155.177120
20
194.622662
70
0
0
VERTEX
8
Layer 1
10
154.428569
20
193.988212
70
0
0
VERTEX
8
Layer 1
10
153.653560
20
193.611732
70
0
0
VERTEX
8
Layer 1
10
152.647041
20
193.357622
70
0
0
VERTEX
8
Layer 1
10
147.919815
20
192.440399
70
0
0
VERTEX
8
Layer 1
10
145.732592
20
192.109670
70
0
0
VERTEX
8
Layer 1
10
144.603702
20
192.122899
70
0
0
VERTEX
8
Layer 1
10
144.057448
20
192.879718
70
0
0
VERTEX
8
Layer 1
10
143.355750
20
194.288074
70
0
0
VERTEX
8
Layer 1
10
142.792959
20
195.689815
70
0
0
VERTEX
8
Layer 1
10
142.663423
20
196.426790
70
0
0
VERTEX
8
Layer 1
10
150.146727
20
197.180853
70
0
0
VERTEX
8
Layer 1
10
157.656488
20
197.696791
70
0
0
VERTEX
8
Layer 1
10
156.104265
20
195.650679
70
0
0
VERTEX
8
Layer 1
10
156.104265
20
195.650679
70
0
0
SEQEND
8
Layer 1
0
POLYLINE
8
Layer 1
62
7
70
0
10
0.000000
20
0.000000
66
1
0
VERTEX
8
Layer 1
10
163.336214
20
197.696791
70
0
0
VERTEX
8
Layer 1
10
162.736491
20
196.497346
70
0
0
VERTEX
8
Layer 1
10
162.379855
20
196.004008
70
0
0
VERTEX
8
Layer 1
10
161.920692
20
195.619811
70
0
0
VERTEX
8
Layer 1
10
160.549268
20
195.086234
70
0
0
VERTEX
8
Layer 1
10
158.291489
20
194.521789
70
0
0
VERTEX
8
Layer 1
10
157.815238
20
194.473282
70
0
0
VERTEX
8
Layer 1
10
157.973988
20
194.980401
70
0
0
VERTEX
8
Layer 1
10
159.420378
20
196.779568
70
0
0
VERTEX
8
Layer 1
10
160.004667
20
197.342911
70
0
0
VERTEX
8
Layer 1
10
160.549268
20
197.687972
70
0
0
VERTEX
8
Layer 1
10
161.146786
20
197.861053
70
0
0
VERTEX
8
Layer 1
10
161.889824
20
197.908458
70
0
0
VERTEX
8
Layer 1
10
162.917290
20
197.842312
70
0
0
VERTEX
8
Layer 1
10
163.336214
20
197.696791
70
0
0
VERTEX
8
Layer 1
10
163.336214
20
197.696791
70
0
0
SEQEND
8
Layer 1
0
POLYLINE
8
Layer 1
62
7
70
0
10
0.000000
20
0.000000
66
1
0
VERTEX
8
Layer 1
10
188.030674
20
196.885402
70
0
0
VERTEX
8
Layer 1
10
188.277067
20
196.062437
70
0
0
VERTEX
8
Layer 1
10
188.176195
20
195.487519
70
0
0
VERTEX
8
Layer 1
10
187.658603
20
195.064737
70
0
0
VERTEX
8
Layer 1
10
186.654840
20
194.698178
70
0
0
VERTEX
8
Layer 1
10
185.869909
20
194.514072
70
0
0
VERTEX
8
Layer 1
10
185.217269
20
194.521789
70
0
0
VERTEX
8
Layer 1
10
184.472026
20
194.767631
70
0
0
VERTEX
8
Layer 1
10
183.409282
20
195.297901
70
0
0
VERTEX
8
Layer 1
10
182.064316
20
196.135749
70
0
0
VERTEX
8
Layer 1
10
181.433725
20
196.709013
70
0
0
VERTEX
8
Layer 1
10
181.839971
20
197.039742
70
0
0
VERTEX
8
Layer 1
10
183.043275
20
197.396930
70
0
0
VERTEX
8
Layer 1
10
184.702985
20
197.701201
70
0
0
VERTEX
8
Layer 1
10
186.478451
20
197.873180
70
0
0
VERTEX
8
Layer 1
10
187.058330
20
197.852785
70
0
0
VERTEX
8
Layer 1
10
187.466229
20
197.710020
70
0
0
VERTEX
8
Layer 1
10
187.768295
20
197.401891
70
0
0
VERTEX
8
Layer 1
10
188.030674
20
196.885402
70
0
0
VERTEX
8
Layer 1
10
188.030674
20
196.885402
70
0
0
SEQEND
8
Layer 1
0
POLYLINE
8
Layer 1
62
7
70
0
10
0.000000
20
0.000000
66
1
0
VERTEX
8
Layer 1
10
232.868758
20
195.262623
70
0
0
VERTEX
8
Layer 1
10
234.209314
20
193.181233
70
0
0
VERTEX
8
Layer 1
10
229.482089
20
191.946510
70
0
0
VERTEX
8
Layer 1
10
224.225697
20
190.641231
70
0
0
VERTEX
8
Layer 1
10
223.950089
20
190.594378
70
0
0
VERTEX
8
Layer 1
10
223.925835
20
190.742655
70
0
0
VERTEX
8
Layer 1
10
224.684308
20
191.770121
70
0
0
VERTEX
8
Layer 1
10
227.471254
20
195.192067
70
0
0
VERTEX
8
Layer 1
10
228.992610
20
196.845714
70
0
0
VERTEX
8
Layer 1
10
229.569732
20
197.131795
70
0
0
VERTEX
8
Layer 1
10
230.222923
20
197.202902
70
0
0
VERTEX
8
Layer 1
10
230.889342
20
197.132898
70
0
0
VERTEX
8
Layer 1
10
231.453236
20
196.854534
70
0
0
VERTEX
8
Layer 1
10
232.868758
20
195.262623
70
0
0
VERTEX
8
Layer 1
10
232.868758
20
195.262623
70
0
0
SEQEND
8
Layer 1
0
POLYLINE
8
Layer 1
62
7
70
0
10
0.000000
20
0.000000
66
1
0
VERTEX
8
Layer 1
10
238.195706
20
195.756512
70
0
0
VERTEX
8
Layer 1
10
239.481692
20
195.264828
70
0
0
VERTEX
8
Layer 1
10
239.762743
20
194.999969
70
0
0
VERTEX
8
Layer 1
10
239.805255
20
194.733456
70
0
0
VERTEX
8
Layer 1
10
239.611296
20
194.473558
70
0
0
VERTEX
8
Layer 1
10
239.182933
20
194.228542
70
0
0
VERTEX
8
Layer 1
10
237.631261
20
193.816233
70
0
0
VERTEX
8
Layer 1
10
236.849637
20
193.721975
70
0
0
VERTEX
8
Layer 1
10
236.299524
20
193.803004
70
0
0
VERTEX
8
Layer 1
10
235.815557
20
194.128772
70
0
0
VERTEX
8
Layer 1
10
235.232370
20
194.768734
70
0
0
VERTEX
8
Layer 1
10
234.244592
20
196.285679
70
0
0
VERTEX
8
Layer 1
10
234.529570
20
196.411356
70
0
0
VERTEX
8
Layer 1
10
235.333794
20
196.365054
70
0
0
VERTEX
8
Layer 1
10
238.195706
20
195.756512
70
0
0
VERTEX
8
Layer 1
10
238.195706
20
195.756512
70
0
0
SEQEND
8
Layer 1
0
POLYLINE
8
Layer 1
62
7
70
0
10
0.000000
20
0.000000
66
1
0
VERTEX
8
Layer 1
10
167.498994
20
192.687344
70
0
0
VERTEX
8
Layer 1
10
169.346669
20
190.755884
70
0
0
VERTEX
8
Layer 1
10
171.802886
20
188.559841
70
0
0
VERTEX
8
Layer 1
10
174.144450
20
186.385847
70
0
0
VERTEX
8
Layer 1
10
174.466911
20
185.786675
70
0
0
VERTEX
8
Layer 1
10
174.448721
20
185.243728
70
0
0
VERTEX
8
Layer 1
10
173.884276
20
183.903171
70
0
0
VERTEX
8
Layer 1
10
166.687605
20
178.505668
70
0
0
VERTEX
8
Layer 1
10
161.237185
20
174.691256
70
0
0
VERTEX
8
Layer 1
10
159.841507
20
173.887032
70
0
0
VERTEX
8
Layer 1
10
159.173434
20
173.707887
70
0
0
VERTEX
8
Layer 1
10
158.000447
20
174.536915
70
0
0
VERTEX
8
Layer 1
10
156.139543
20
176.212611
70
0
0
VERTEX
8
Layer 1
10
154.203674
20
178.249904
70
0
0
VERTEX
8
Layer 1
10
154.031143
20
178.782378
70
0
0
VERTEX
8
Layer 1
10
154.199264
20
179.281780
70
0
0
VERTEX
8
Layer 1
10
159.124927
20
187.047305
70
0
0
VERTEX
8
Layer 1
10
162.141730
20
191.550186
70
0
0
VERTEX
8
Layer 1
10
163.759548
20
193.780955
70
0
0
VERTEX
8
Layer 1
10
164.626610
20
194.299649
70
0
0
VERTEX
8
Layer 1
10
165.483750
20
194.305713
70
0
0
VERTEX
8
Layer 1
10
166.413651
20
193.775994
70
0
0
VERTEX
8
Layer 1
10
167.498994
20
192.687344
70
0
0
VERTEX
8
Layer 1
10
167.498994
20
192.687344
70
0
0
SEQEND
8
Layer 1
0
POLYLINE
8
Layer 1
62
7
70
0
10
0.000000
20
0.000000
66
1
0
VERTEX
8
Layer 1
10
160.866768
20
193.110677
70
0
0
VERTEX
8
Layer 1
10
156.708397
20
186.760673
70
0
0
VERTEX
8
Layer 1
10
152.364818
20
180.622336
70
0
0
VERTEX
8
Layer 1
10
151.810295
20
181.129454
70
0
0
VERTEX
8
Layer 1
10
150.865512
20
182.271573
70
0
0
VERTEX
8
Layer 1
10
149.577872
20
184.185394
70
0
0
VERTEX
8
Layer 1
10
150.481866
20
185.486263
70
0
0
VERTEX
8
Layer 1
10
152.682318
20
188.242341
70
0
0
VERTEX
8
Layer 1
10
154.492511
20
190.454369
70
0
0
VERTEX
8
Layer 1
10
155.654473
20
191.651058
70
0
0
VERTEX
8
Layer 1
10
156.670915
20
192.245820
70
0
0
VERTEX
8
Layer 1
10
158.044544
20
192.652066
70
0
0
VERTEX
8
Layer 1
10
160.474302
20
193.251788
70
0
0
VERTEX
8
Layer 1
10
160.807788
20
193.257301
70
0
0
VERTEX
8
Layer 1
10
160.866768
20
193.110677
70
0
0
VERTEX
8
Layer 1
10
160.866768
20
193.110677
70
0
0
SEQEND
8
Layer 1
0
POLYLINE
8
Layer 1
62
7
70
0
10
0.000000
20
0.000000
66
1
0
VERTEX
8
Layer 1
10
249.766824
20
192.757899
70
0
0
VERTEX
8
Layer 1
10
248.818733
20
190.954322
70
0
0
VERTEX
8
Layer 1
10
247.685434
20
189.441786
70
0
0
VERTEX
8
Layer 1
10
246.274322
20
190.641231
70
0
0
VERTEX
8
Layer 1
10
245.074877
20
191.875954
70
0
0
VERTEX
8
Layer 1
10
246.627100
20
192.264010
70
0
0
VERTEX
8
Layer 1
10
248.532101
20
192.793177
70
0
0
VERTEX
8
Layer 1
10
249.361129
20
192.934288
70
0
0
VERTEX
8
Layer 1
10
249.766824
20
192.757899
70
0
0
VERTEX
8
Layer 1
10
249.766824
20
192.757899
70
0
0
SEQEND
8
Layer 1
0
POLYLINE
8
Layer 1
62
7
70
0
10
0.000000
20
0.000000
66
1
0
VERTEX
8
Layer 1
10
151.976762
20
190.570676
70
0
0
VERTEX
8
Layer 1
10
149.670476
20
187.585292
70
0
0
VERTEX
8
Layer 1
10
148.343149
20
186.266784
70
0
0
VERTEX
8
Layer 1
10
147.764373
20
186.832882
70
0
0
VERTEX
8
Layer 1
10
146.887940
20
188.096820
70
0
0
VERTEX
8
Layer 1
10
146.130569
20
189.407059
70
0
0
VERTEX
8
Layer 1
10
145.908981
20
190.112064
70
0
0
VERTEX
8
Layer 1
10
148.497489
20
190.680919
70
0
0
VERTEX
8
Layer 1
10
151.800373
20
191.170398
70
0
0
VERTEX
8
Layer 1
10
152.245756
20
191.095433
70
0
0
VERTEX
8
Layer 1
10
151.976762
20
190.570676
70
0
0
VERTEX
8
Layer 1
10
151.976762
20
190.570676
70
0
0
SEQEND
8
Layer 1
0
POLYLINE
8
Layer 1
62
7
70
0
10
0.000000
20
0.000000
66
1
0
VERTEX
8
Layer 1
10
244.651543
20
189.230119
70
0
0
VERTEX
8
Layer 1
10
246.344877
20
187.254562
70
0
0
VERTEX
8
Layer 1
10
245.709877
20
186.055117
70
0
0
VERTEX
8
Layer 1
10
244.298765
20
184.150116
70
0
0
VERTEX
8
Layer 1
10
243.522653
20
183.409282
70
0
0
VERTEX
8
Layer 1
10
241.758763
20
185.808173
70
0
0
VERTEX
8
Layer 1
10
239.426019
20
189.119876
70
0
0
VERTEX
8
Layer 1
10
238.935988
20
189.950558
70
0
0
VERTEX
8
Layer 1
10
238.865984
20
190.288453
70
0
0
VERTEX
8
Layer 1
10
240.457895
20
190.782342
70
0
0
VERTEX
8
Layer 1
10
242.393764
20
191.170398
70
0
0
VERTEX
8
Layer 1
10
243.271299
20
190.623592
70
0
0
VERTEX
8
Layer 1
10
244.651543
20
189.230119
70
0
0
VERTEX
8
Layer 1
10
244.651543
20
189.230119
70
0
0
SEQEND
8
Layer 1
0
POLYLINE
8
Layer 1
62
7
70
0
10
0.000000
20
0.000000
66
1
0
VERTEX
8
Layer 1
10
239.500984
20
185.596506
70
0
0
VERTEX
8
Layer 1
10
241.555916
20
182.496469
70
0
0
VERTEX
8
Layer 1
10
242.011220
20
181.583105
70
0
0
VERTEX
8
Layer 1
10
242.076264
20
181.116225
70
0
0
VERTEX
8
Layer 1
10
241.114392
20
179.865517
70
0
0
VERTEX
8
Layer 1
10
239.487755
20
178.042647
70
0
0
VERTEX
8
Layer 1
10
237.894191
20
176.398371
70
0
0
VERTEX
8
Layer 1
10
237.031538
20
175.683444
70
0
0
VERTEX
8
Layer 1
10
235.192683
20
176.697681
70
0
0
VERTEX
8
Layer 1
10
231.316535
20
179.140668
70
0
0
VERTEX
8
Layer 1
10
223.943474
20
183.903171
70
0
0
VERTEX
8
Layer 1
10
222.339437
20
185.079466
70
0
0
VERTEX
8
Layer 1
10
221.965299
20
185.539042
70
0
0
VERTEX
8
Layer 1
10
221.879723
20
185.931645
70
0
0
VERTEX
8
Layer 1
10
222.085189
20
186.271332
70
0
0
VERTEX
8
Layer 1
10
222.584177
20
186.572157
70
0
0
VERTEX
8
Layer 1
10
224.472641
20
187.113451
70
0
0
VERTEX
8
Layer 1
10
231.422368
20
188.700952
70
0
0
VERTEX
8
Layer 1
10
236.255427
20
189.653453
70
0
0
VERTEX
8
Layer 1
10
237.375497
20
188.458417
70
0
0
VERTEX
8
Layer 1
10
239.500984
20
185.596506
70
0
0
VERTEX
8
Layer 1
10
239.500984
20
185.596506
70
0
0
SEQEND
8
Layer 1
0
POLYLINE
8
Layer 1
62
7
70
0
10
0.000000
20
0.000000
66
1
0
VERTEX
8
Layer 1
10
219.392638
20
184.644005
70
0
0
VERTEX
8
Layer 1
10
219.899205
20
184.275242
70
0
0
VERTEX
8
Layer 1
10
220.243715
20
183.784109
70
0
0
VERTEX
8
Layer 1
10
220.697917
20
181.998170
70
0
0
VERTEX
8
Layer 1
10
220.909584
20
179.916780
70
0
0
VERTEX
8
Layer 1
10
219.216249
20
181.186781
70
0
0
VERTEX
8
Layer 1
10
218.408167
20
181.887927
70
0
0
VERTEX
8
Layer 1
10
217.937429
20
182.456782
70
0
0
VERTEX
8
Layer 1
10
217.718045
20
183.052094
70
0
0
VERTEX
8
Layer 1
10
217.664026
20
183.832616
70
0
0
VERTEX
8
Layer 1
10
217.730723
20
184.718419
70
0
0
VERTEX
8
Layer 1
10
217.985936
20
185.124665
70
0
0
VERTEX
8
Layer 1
10
218.512347
20
185.087734
70
0
0
VERTEX
8
Layer 1
10
219.392638
20
184.644005
70
0
0
VERTEX
8
Layer 1
10
219.392638
20
184.644005
70
0
0
SEQEND
8
Layer 1
0
POLYLINE
8
Layer 1
62
7
70
0
10
0.000000
20
0.000000
66
1
0
VERTEX
8
Layer 1
10
178.505668
20
182.809560
70
0
0
VERTEX
8
Layer 1
10
178.395976
20
181.905015
70
0
0
VERTEX
8
Layer 1
10
177.998550
20
181.102996
70
0
0
VERTEX
8
Layer 1
10
177.210862
20
180.254675
70
0
0
VERTEX
8
Layer 1
10
175.930389
20
179.211224
70
0
0
VERTEX
8
Layer 1
10
175.581469
20
178.990738
70
0
0
VERTEX
8
Layer 1
10
175.414451
20
179.087752
70
0
0
VERTEX
8
Layer 1
10
175.507055
20
180.657614
70
0
0
VERTEX
8
Layer 1
10
175.899521
20
182.306851
70
0
0
VERTEX
8
Layer 1
10
176.635945
20
183.374004
70
0
0
VERTEX
8
Layer 1
10
177.478753
20
184.000185
70
0
0
VERTEX
8
Layer 1
10
178.060286
20
184.123658
70
0
0
VERTEX
8
Layer 1
10
178.397079
20
183.731192
70
0
0
VERTEX
8
Layer 1
10
178.505668
20
182.809560
70
0
0
VERTEX
8
Layer 1
10
178.505668
20
182.809560
70
0
0
SEQEND
8
Layer 1
0
POLYLINE
8
Layer 1
62
7
70
0
10
0.000000
20
0.000000
66
1
0
VERTEX
8
Layer 1
10
215.476802
20
181.962892
70
0
0
VERTEX
8
Layer 1
10
215.882497
20
179.310443
70
0
0
VERTEX
8
Layer 1
10
216.499859
20
173.628512
70
0
0
VERTEX
8
Layer 1
10
217.064303
20
167.536477
70
0
0
VERTEX
8
Layer 1
10
217.311248
20
163.653714
70
0
0
VERTEX
8
Layer 1
10
217.131552
20
163.347238
70
0
0
VERTEX
8
Layer 1
10
216.561595
20
163.001075
70
0
0
VERTEX
8
Layer 1
10
214.065690
20
162.136769
70
0
0
VERTEX
8
Layer 1
10
210.361521
20
161.007879
70
0
0
VERTEX
8
Layer 1
10
209.847651
20
161.623863
70
0
0
VERTEX
8
Layer 1
10
208.823630
20
163.342829
70
0
0
VERTEX
8
Layer 1
10
205.969435
20
168.680801
70
0
0
VERTEX
8
Layer 1
10
203.247533
20
174.203981
70
0
0
VERTEX
8
Layer 1
10
202.388876
20
176.154458
70
0
0
VERTEX
8
Layer 1
10
202.106516
20
177.094556
70
0
0
VERTEX
8
Layer 1
10
202.459294
20
178.854036
70
0
0
VERTEX
8
Layer 1
10
202.679505
20
179.421237
70
0
0
VERTEX
8
Layer 1
10
202.997281
20
179.846224
70
0
0
VERTEX
8
Layer 1
10
204.130580
20
180.467996
70
0
0
VERTEX
8
Layer 1
10
206.269297
20
181.116225
70
0
0
VERTEX
8
Layer 1
10
209.237042
20
182.037858
70
0
0
VERTEX
8
Layer 1
10
211.490411
20
182.880115
70
0
0
VERTEX
8
Layer 1
10
213.148468
20
183.484248
70
0
0
VERTEX
8
Layer 1
10
213.623615
20
183.391092
70
0
0
VERTEX
8
Layer 1
10
214.171524
20
183.056504
70
0
0
VERTEX
8
Layer 1
10
215.476802
20
181.962892
70
0
0
VERTEX
8
Layer 1
10
215.476802
20
181.962892
70
0
0
SEQEND
8
Layer 1
0
POLYLINE
8
Layer 1
62
7
70
0
10
0.000000
20
0.000000
66
1
0
VERTEX
8
Layer 1
10
187.642618
20
180.939836
70
0
0
VERTEX
8
Layer 1
10
190.711787
20
180.216641
70
0
0
VERTEX
8
Layer 1
10
192.510955
20
179.916780
70
0
0
VERTEX
8
Layer 1
10
192.956888
20
179.847878
70
0
0
VERTEX
8
Layer 1
10
193.326754
20
179.603690
70
0
0
VERTEX
8
Layer 1
10
194.063178
20
178.364557
70
0
0
VERTEX
8
Layer 1
10
194.733456
20
176.812334
70
0
0
VERTEX
8
Layer 1
10
190.994009
20
168.945384
70
0
0
VERTEX
8
Layer 1
10
186.972340
20
160.760935
70
0
0
VERTEX
8
Layer 1
10
185.887548
20
160.798417
70
0
0
VERTEX
8
Layer 1
10
183.691505
20
161.193088
70
0
0
VERTEX
8
Layer 1
10
181.416087
20
161.733279
70
0
0
VERTEX
8
Layer 1
10
180.093169
20
162.207324
70
0
0
VERTEX
8
Layer 1
10
179.947648
20
162.891934
70
0
0
VERTEX
8
Layer 1
10
179.881502
20
164.667951
70
0
0
VERTEX
8
Layer 1
10
179.987336
20
171.414830
70
0
0
VERTEX
8
Layer 1
10
180.234280
20
180.340114
70
0
0
VERTEX
8
Layer 1
10
181.222059
20
181.398448
70
0
0
VERTEX
8
Layer 1
10
182.148101
20
182.121643
70
0
0
VERTEX
8
Layer 1
10
182.541669
20
182.241808
70
0
0
VERTEX
8
Layer 1
10
182.915393
20
182.209837
70
0
0
VERTEX
8
Layer 1
10
187.642618
20
180.939836
70
0
0
VERTEX
8
Layer 1
10
187.642618
20
180.939836
70
0
0
SEQEND
8
Layer 1
0
POLYLINE
8
Layer 1
62
7
70
0
10
0.000000
20
0.000000
66
1
0
VERTEX
8
Layer 1
10
229.199867
20
178.294001
70
0
0
VERTEX
8
Layer 1
10
233.494939
20
175.343895
70
0
0
VERTEX
8
Layer 1
10
234.726354
20
174.379819
70
0
0
VERTEX
8
Layer 1
10
235.091259
20
173.954832
70
0
0
VERTEX
8
Layer 1
10
233.080425
20
172.332053
70
0
0
VERTEX
8
Layer 1
10
231.422368
20
171.026774
70
0
0
VERTEX
8
Layer 1
10
229.411533
20
172.720109
70
0
0
VERTEX
8
Layer 1
10
225.998406
20
175.651473
70
0
0
VERTEX
8
Layer 1
10
224.199238
20
177.359139
70
0
0
VERTEX
8
Layer 1
10
223.418717
20
178.484722
70
0
0
VERTEX
8
Layer 1
10
223.061529
20
179.669835
70
0
0
VERTEX
8
Layer 1
10
222.642606
20
181.808552
70
0
0
VERTEX
8
Layer 1
10
222.649771
20
182.254485
70
0
0
VERTEX
8
Layer 1
10
222.779307
20
182.386226
70
0
0
VERTEX
8
Layer 1
10
229.199867
20
178.294001
70
0
0
VERTEX
8
Layer 1
10
229.199867
20
178.294001
70
0
0
SEQEND
8
Layer 1
0
POLYLINE
8
Layer 1
62
7
70
0
10
0.000000
20
0.000000
66
1
0
VERTEX
8
Layer 1
10
173.778443
20
180.728169
70
0
0
VERTEX
8
Layer 1
10
173.390387
20
178.223446
70
0
0
VERTEX
8
Layer 1
10
173.175413
20
177.108888
70
0
0
VERTEX
8
Layer 1
10
172.676012
20
176.159694
70
0
0
VERTEX
8
Layer 1
10
171.554839
20
174.919459
70
0
0
VERTEX
8
Layer 1
10
169.474551
20
172.931776
70
0
0
VERTEX
8
Layer 1
10
165.488160
20
169.403996
70
0
0
VERTEX
8
Layer 1
10
164.712048
20
169.774412
70
0
0
VERTEX
8
Layer 1
10
163.195103
20
170.779830
70
0
0
VERTEX
8
Layer 1
10
161.184268
20
172.226220
70
0
0
VERTEX
8
Layer 1
10
165.523438
20
175.401222
70
0
0
VERTEX
8
Layer 1
10
171.626497
20
179.952058
70
0
0
VERTEX
8
Layer 1
10
173.549137
20
181.239698
70
0
0
VERTEX
8
Layer 1
10
173.839077
20
181.192293
70
0
0
VERTEX
8
Layer 1
10
173.778443
20
180.728169
70
0
0
VERTEX
8
Layer 1
10
173.778443
20
180.728169
70
0
0
SEQEND
8
Layer 1
0
POLYLINE
8
Layer 1
62
7
70
0
10
0.000000
20
0.000000
66
1
0
VERTEX
8
Layer 1
10
199.143181
20
174.589832
70
0
0
VERTEX
8
Layer 1
10
198.437625
20
172.861220
70
0
0
VERTEX
8
Layer 1
10
198.085398
20
173.376607
70
0
0
VERTEX
8
Layer 1
10
197.551270
20
174.550145
70
0
0
VERTEX
8
Layer 1
10
196.850124
20
176.635945
70
0
0
VERTEX
8
Layer 1
10
197.414569
20
178.435112
70
0
0
VERTEX
8
Layer 1
10
197.979014
20
179.740391
70
0
0
VERTEX
8
Layer 1
10
198.825681
20
178.047057
70
0
0
VERTEX
8
Layer 1
10
199.326736
20
177.035576
70
0
0
VERTEX
8
Layer 1
10
199.526827
20
176.331674
70
0
0
VERTEX
8
Layer 1
10
199.455720
20
175.621157
70
0
0
VERTEX
8
Layer 1
10
199.143181
20
174.589832
70
0
0
VERTEX
8
Layer 1
10
199.143181
20
174.589832
70
0
0
SEQEND
8
Layer 1
0
POLYLINE
8
Layer 1
62
7
70
0
10
0.000000
20
0.000000
66
1
0
VERTEX
8
Layer 1
10
220.204028
20
177.694279
70
0
0
VERTEX
8
Layer 1
10
222.250140
20
175.859833
70
0
0
VERTEX
8
Layer 1
10
222.990974
20
171.344275
70
0
0
VERTEX
8
Layer 1
10
223.458405
20
168.036981
70
0
0
VERTEX
8
Layer 1
10
223.555419
20
166.370105
70
0
0
VERTEX
8
Layer 1
10
222.838287
20
165.808967
70
0
0
VERTEX
8
Layer 1
10
221.416702
20
165.003090
70
0
0
VERTEX
8
Layer 1
10
219.988502
20
164.316275
70
0
0
VERTEX
8
Layer 1
10
219.251527
20
164.112326
70
0
0
VERTEX
8
Layer 1
10
218.581249
20
170.568163
70
0
0
VERTEX
8
Layer 1
10
217.805137
20
178.258723
70
0
0
VERTEX
8
Layer 1
10
217.752221
20
179.175946
70
0
0
VERTEX
8
Layer 1
10
217.910971
20
179.564002
70
0
0
VERTEX
8
Layer 1
10
218.700311
20
179.012786
70
0
0
VERTEX
8
Layer 1
10
220.204028
20
177.694279
70
0
0
VERTEX
8
Layer 1
10
220.204028
20
177.694279
70
0
0
SEQEND
8
Layer 1
0
POLYLINE
8
Layer 1
62
7
70
0
10
0.000000
20
0.000000
66
1
0
VERTEX
8
Layer 1
10
178.047057
20
170.709274
70
0
0
VERTEX
8
Layer 1
10
177.659001
20
163.089269
70
0
0
VERTEX
8
Layer 1
10
176.922577
20
163.239200
70
0
0
VERTEX
8
Layer 1
10
175.365944
20
163.865381
70
0
0
VERTEX
8
Layer 1
10
173.946564
20
164.550542
70
0
0
VERTEX
8
Layer 1
10
173.554580
20
164.917721
70
0
0
VERTEX
8
Layer 1
10
173.350699
20
165.430833
70
0
0
VERTEX
8
Layer 1
10
173.436138
20
167.283469
70
0
0
VERTEX
8
Layer 1
10
174.060665
20
170.885663
70
0
0
VERTEX
8
Layer 1
10
174.557310
20
173.533152
70
0
0
VERTEX
8
Layer 1
10
174.964659
20
175.052853
70
0
0
VERTEX
8
Layer 1
10
175.484455
20
175.970627
70
0
0
VERTEX
8
Layer 1
10
176.318444
20
176.812334
70
0
0
VERTEX
8
Layer 1
10
178.011779
20
178.152890
70
0
0
VERTEX
8
Layer 1
10
178.122022
20
175.965666
70
0
0
VERTEX
8
Layer 1
10
178.047057
20
170.709274
70
0
0
VERTEX
8
Layer 1
10
178.047057
20
170.709274
70
0
0
SEQEND
8
Layer 1
0
POLYLINE
8
Layer 1
62
7
70
0
10
0.000000
20
0.000000
66
1
0
VERTEX
8
Layer 1
10
196.567902
20
172.226220
70
0
0
VERTEX
8
Layer 1
10
197.040845
20
170.723055
70
0
0
VERTEX
8
Layer 1
10
197.097069
20
169.302572
70
0
0
VERTEX
8
Layer 1
10
196.677042
20
167.359537
70
0
0
VERTEX
8
Layer 1
10
195.721234
20
164.288715
70
0
0
VERTEX
8
Layer 1
10
194.204289
20
159.737878
70
0
0
VERTEX
8
Layer 1
10
191.734843
20
159.984823
70
0
0
VERTEX
8
Layer 1
10
189.159564
20
160.337601
70
0
0
VERTEX
8
Layer 1
10
191.346787
20
165.311771
70
0
0
VERTEX
8
Layer 1
10
194.521789
20
172.296775
70
0
0
VERTEX
8
Layer 1
10
195.249394
20
173.703477
70
0
0
VERTEX
8
Layer 1
10
195.685957
20
174.131221
70
0
0
VERTEX
8
Layer 1
10
196.567902
20
172.226220
70
0
0
VERTEX
8
Layer 1
10
196.567902
20
172.226220
70
0
0
SEQEND
8
Layer 1
0
POLYLINE
8
Layer 1
62
7
70
0
10
0.000000
20
0.000000
66
1
0
VERTEX
8
Layer 1
10
227.047921
20
172.120386
70
0
0
VERTEX
8
Layer 1
10
228.833859
20
170.506427
70
0
0
VERTEX
8
Layer 1
10
229.482089
20
169.686218
70
0
0
VERTEX
8
Layer 1
10
228.810157
20
169.125080
70
0
0
VERTEX
8
Layer 1
10
227.625595
20
168.425037
70
0
0
VERTEX
8
Layer 1
10
226.460876
20
167.870514
70
0
0
VERTEX
8
Layer 1
10
225.848476
20
167.745939
70
0
0
VERTEX
8
Layer 1
10
224.869517
20
171.114969
70
0
0
VERTEX
8
Layer 1
10
224.380037
20
173.292271
70
0
0
VERTEX
8
Layer 1
10
224.260975
20
174.272332
70
0
0
VERTEX
8
Layer 1
10
227.047921
20
172.120386
70
0
0
VERTEX
8
Layer 1
10
227.047921
20
172.120386
70
0
0
SEQEND
8
Layer 1
0
POLYLINE
8
Layer 1
62
7
70
0
10
0.000000
20
0.000000
66
1
0
VERTEX
8
Layer 1
10
204.575962
20
167.252050
70
0
0
VERTEX
8
Layer 1
10
207.786242
20
160.866768
70
0
0
VERTEX
8
Layer 1
10
207.430157
20
160.637462
70
0
0
VERTEX
8
Layer 1
10
206.525061
20
160.408157
70
0
0
VERTEX
8
Layer 1
10
204.046795
20
160.161212
70
0
0
VERTEX
8
Layer 1
10
203.383683
20
160.236729
70
0
0
VERTEX
8
Layer 1
10
202.869399
20
160.738886
70
0
0
VERTEX
8
Layer 1
10
202.255896
20
162.081096
70
0
0
VERTEX
8
Layer 1
10
201.295127
20
164.676770
70
0
0
VERTEX
8
Layer 1
10
199.672348
20
169.650940
70
0
0
VERTEX
8
Layer 1
10
199.863620
20
170.715889
70
0
0
VERTEX
8
Layer 1
10
200.302939
20
172.111567
70
0
0
VERTEX
8
Layer 1
10
200.788560
20
173.282349
70
0
0
VERTEX
8
Layer 1
10
201.118738
20
173.672609
70
0
0
VERTEX
8
Layer 1
10
204.575962
20
167.252050
70
0
0
VERTEX
8
Layer 1
10
204.575962
20
167.252050
70
0
0
SEQEND
8
Layer 1
0
POLYLINE
8
Layer 1
62
7
70
0
10
0.000000
20
0.000000
66
1
0
VERTEX
8
Layer 1
10
172.508442
20
172.614275
70
0
0
VERTEX
8
Layer 1
10
171.873442
20
168.949794
70
0
0
VERTEX
8
Layer 1
10
171.377348
20
167.003452
70
0
0
VERTEX
8
Layer 1
10
171.026774
20
166.158438
70
0
0
VERTEX
8
Layer 1
10
168.923336
20
166.925730
70
0
0
VERTEX
8
Layer 1
10
167.216772
20
167.851772
70
0
0
VERTEX
8
Layer 1
10
167.954850
20
168.768444
70
0
0
VERTEX
8
Layer 1
10
169.602433
20
170.475559
70
0
0
VERTEX
8
Layer 1
10
171.309548
20
172.123142
70
0
0
VERTEX
8
Layer 1
10
172.226220
20
172.861220
70
0
0
VERTEX
8
Layer 1
10
172.433477
20
172.790664
70
0
0
VERTEX
8
Layer 1
10
172.508442
20
172.614275
70
0
0
VERTEX
8
Layer 1
10
172.508442
20
172.614275
70
0
0
SEQEND
8
Layer 1
0
POLYLINE
8
Layer 1
62
7
70
0
10
0.000000
20
0.000000
66
1
0
VERTEX
8
Layer 1
10
200.060404
20
162.595380
70
0
0
VERTEX
8
Layer 1
10
201.083460
20
159.808434
70
0
0
VERTEX
8
Layer 1
10
199.672348
20
159.773156
70
0
0
VERTEX
8
Layer 1
10
197.379291
20
159.702601
70
0
0
VERTEX
8
Layer 1
10
196.785632
20
159.730713
70
0
0
VERTEX
8
Layer 1
10
196.640731
20
159.854529
70
0
0
VERTEX
8
Layer 1
10
196.598770
20
160.112705
70
0
0
VERTEX
8
Layer 1
10
196.828627
20
161.215687
70
0
0
VERTEX
8
Layer 1
10
197.485124
20
163.406770
70
0
0
VERTEX
8
Layer 1
10
198.110754
20
165.358624
70
0
0
VERTEX
8
Layer 1
10
198.346468
20
165.819647
70
0
0
VERTEX
8
Layer 1
10
198.574326
20
165.924723
70
0
0
VERTEX
8
Layer 1
10
198.826990
20
165.664342
70
0
0
VERTEX
8
Layer 1
10
199.137118
20
165.028997
70
0
0
VERTEX
8
Layer 1
10
200.060404
20
162.595380
70
0
0
VERTEX
8
Layer 1
10
200.060404
20
162.595380
70
0
0
SEQEND
8
Layer 1
0
POLYLINE
8
Layer 1
62
7
70
0
10
0.000000
20
0.000000
66
1
0
VERTEX
8
Layer 1
10
675.217092
20
126.153413
70
0
0
VERTEX
8
Layer 1
10
675.124488
20
124.482127
70
0
0
VERTEX
8
Layer 1
10
674.899592
20
123.683967
70
0
0
VERTEX
8
Layer 1
10
674.352786
20
123.604592
70
0
0
VERTEX
8
Layer 1
10
673.488480
20
123.683967
70
0
0
VERTEX
8
Layer 1
10
672.637403
20
124.014696
70
0
0
VERTEX
8
Layer 1
10
672.540940
20
124.264397
70
0
0
VERTEX
8
Layer 1
10
672.606535
20
124.636467
70
0
0
VERTEX
8
Layer 1
10
673.783931
20
126.907476
70
0
0
VERTEX
8
Layer 1
10
674.496653
20
127.965259
70
0
0
VERTEX
8
Layer 1
10
674.934870
20
128.411192
70
0
0
VERTEX
8
Layer 1
10
675.142127
20
127.745324
70
0
0
VERTEX
8
Layer 1
10
675.217092
20
126.153413
70
0
0
VERTEX
8
Layer 1
10
675.217092
20
126.153413
70
0
0
SEQEND
8
Layer 1
0
POLYLINE
8
Layer 1
62
7
70
0
10
0.000000
20
0.000000
66
1
0
VERTEX
8
Layer 1
10
104.633955
20
109.325902
70
0
0
VERTEX
8
Layer 1
10
105.410066
20
107.773679
70
0
0
VERTEX
8
Layer 1
10
104.140066
20
108.620346
70
0
0
VERTEX
8
Layer 1
10
103.324266
20
109.502291
70
0
0
VERTEX
8
Layer 1
10
103.182604
20
109.860581
70
0
0
VERTEX
8
Layer 1
10
103.222843
20
110.172569
70
0
0
VERTEX
8
Layer 1
10
103.428446
20
110.610786
70
0
0
VERTEX
8
Layer 1
10
103.650586
20
110.662049
70
0
0
VERTEX
8
Layer 1
10
104.633955
20
109.325902
70
0
0
VERTEX
8
Layer 1
10
104.633955
20
109.325902
70
0
0
SEQEND
8
Layer 1
0
POLYLINE
8
Layer 1
62
7
70
0
10
0.000000
20
0.000000
66
1
0
VERTEX
8
Layer 1
10
105.268955
20
104.633955
70
0
0
VERTEX
8
Layer 1
10
105.908365
20
103.154492
70
0
0
VERTEX
8
Layer 1
10
106.230275
20
102.032217
70
0
0
VERTEX
8
Layer 1
10
106.221456
20
101.320046
70
0
0
VERTEX
8
Layer 1
10
106.088888
20
101.134287
70
0
0
VERTEX
8
Layer 1
10
105.868678
20
101.070897
70
0
0
VERTEX
8
Layer 1
10
105.294311
20
101.806219
70
0
0
VERTEX
8
Layer 1
10
104.475205
20
103.513885
70
0
0
VERTEX
8
Layer 1
10
103.735473
20
105.446447
70
0
0
VERTEX
8
Layer 1
10
103.399232
20
106.856456
70
0
0
VERTEX
8
Layer 1
10
103.431822
20
107.093755
70
0
0
VERTEX
8
Layer 1
10
103.547509
20
107.154113
70
0
0
VERTEX
8
Layer 1
10
103.976906
20
106.803539
70
0
0
VERTEX
8
Layer 1
10
104.584897
20
105.923799
70
0
0
VERTEX
8
Layer 1
10
105.268955
20
104.633955
70
0
0
VERTEX
8
Layer 1
10
105.268955
20
104.633955
70
0
0
SEQEND
8
Layer 1
0
POLYLINE
8
Layer 1
62
7
70
0
10
0.000000
20
0.000000
66
1
0
VERTEX
8
Layer 1
10
93.697837
20
104.245899
70
0
0
VERTEX
8
Layer 1
10
94.072112
20
102.937313
70
0
0
VERTEX
8
Layer 1
10
94.072663
20
102.270342
70
0
0
VERTEX
8
Layer 1
10
93.952430
20
102.216736
70
0
0
VERTEX
8
Layer 1
10
93.762329
20
102.370663
70
0
0
VERTEX
8
Layer 1
10
93.203948
20
103.363954
70
0
0
VERTEX
8
Layer 1
10
92.251447
20
105.833400
70
0
0
VERTEX
8
Layer 1
10
92.184750
20
106.473361
70
0
0
VERTEX
8
Layer 1
10
92.538079
20
106.269963
70
0
0
VERTEX
8
Layer 1
10
93.109690
20
105.451408
70
0
0
VERTEX
8
Layer 1
10
93.697837
20
104.245899
70
0
0
VERTEX
8
Layer 1
10
93.697837
20
104.245899
70
0
0
SEQEND
8
Layer 1
0
POLYLINE
8
Layer 1
62
7
70
0
10
0.000000
20
0.000000
66
1
0
VERTEX
8
Layer 1
10
91.792836
20
98.989507
70
0
0
VERTEX
8
Layer 1
10
92.538079
20
96.996311
70
0
0
VERTEX
8
Layer 1
10
92.551860
20
96.528880
70
0
0
VERTEX
8
Layer 1
10
92.357280
20
96.273116
70
0
0
VERTEX
8
Layer 1
10
91.846304
20
96.063103
70
0
0
VERTEX
8
Layer 1
10
91.444467
20
96.206970
70
0
0
VERTEX
8
Layer 1
10
91.102162
20
96.754327
70
0
0
VERTEX
8
Layer 1
10
90.769779
20
97.754784
70
0
0
VERTEX
8
Layer 1
10
90.372904
20
100.819543
70
0
0
VERTEX
8
Layer 1
10
90.372904
20
101.956701
70
0
0
VERTEX
8
Layer 1
10
90.439877
20
102.138533
70
0
0
VERTEX
8
Layer 1
10
90.558113
20
101.952842
70
0
0
VERTEX
8
Layer 1
10
91.792836
20
98.989507
70
0
0
VERTEX
8
Layer 1
10
91.792836
20
98.989507
70
0
0
SEQEND
8
Layer 1
0
POLYLINE
8
Layer 1
62
7
70
0
10
0.000000
20
0.000000
66
1
0
VERTEX
8
Layer 1
10
783.519938
20
99.307007
70
0
0
VERTEX
8
Layer 1
10
783.328115
20
98.684685
70
0
0
VERTEX
8
Layer 1
10
782.858479
20
97.873846
70
0
0
VERTEX
8
Layer 1
10
782.269781
20
97.109310
70
0
0
VERTEX
8
Layer 1
10
781.720770
20
96.625894
70
0
0
VERTEX
8
Layer 1
10
781.143096
20
96.431866
70
0
0
VERTEX
8
Layer 1
10
781.226881
20
97.084506
70
0
0
VERTEX
8
Layer 1
10
781.748882
20
98.091577
70
0
0
VERTEX
8
Layer 1
10
782.518930
20
99.002736
70
0
0
VERTEX
8
Layer 1
10
783.216218
20
99.510406
70
0
0
VERTEX
8
Layer 1
10
783.437325
20
99.516813
70
0
0
VERTEX
8
Layer 1
10
783.519938
20
99.307007
70
0
0
VERTEX
8
Layer 1
10
783.519938
20
99.307007
70
0
0
SEQEND
8
Layer 1
0
POLYLINE
8
Layer 1
62
7
70
0
10
0.000000
20
0.000000
66
1
0
VERTEX
8
Layer 1
10
779.286602
20
95.285338
70
0
0
VERTEX
8
Layer 1
10
778.854449
20
94.218184
70
0
0
VERTEX
8
Layer 1
10
778.369379
20
93.838948
70
0
0
VERTEX
8
Layer 1
10
778.151787
20
93.909090
70
0
0
VERTEX
8
Layer 1
10
778.024318
20
94.102429
70
0
0
VERTEX
8
Layer 1
10
778.016601
20
94.756171
70
0
0
VERTEX
8
Layer 1
10
778.299926
20
95.595121
70
0
0
VERTEX
8
Layer 1
10
778.827991
20
96.414227
70
0
0
VERTEX
8
Layer 1
10
779.306446
20
96.833151
70
0
0
VERTEX
8
Layer 1
10
779.533547
20
96.802283
70
0
0
VERTEX
8
Layer 1
10
779.286602
20
95.285338
70
0
0
VERTEX
8
Layer 1
10
779.286602
20
95.285338
70
0
0
SEQEND
8
Layer 1
0
POLYLINE
8
Layer 1
62
7
70
0
10
0.000000
20
0.000000
66
1
0
VERTEX
8
Layer 1
10
65.616708
20
92.851170
70
0
0
VERTEX
8
Layer 1
10
65.075965
20
92.789985
70
0
0
VERTEX
8
Layer 1
10
64.756812
20
92.890857
70
0
0
VERTEX
8
Layer 1
10
64.550106
20
93.262928
70
0
0
VERTEX
8
Layer 1
10
64.346707
20
94.015337
70
0
0
VERTEX
8
Layer 1
10
64.099763
20
95.073671
70
0
0
VERTEX
8
Layer 1
10
65.228652
20
94.015337
70
0
0
VERTEX
8
Layer 1
10
66.097368
20
93.102524
70
0
0
VERTEX
8
Layer 1
10
66.007520
20
92.938813
70
0
0
VERTEX
8
Layer 1
10
65.616708
20
92.851170
70
0
0
VERTEX
8
Layer 1
10
65.616708
20
92.851170
70
0
0
SEQEND
8
Layer 1
0
POLYLINE
8
Layer 1
62
7
70
0
10
0.000000
20
0.000000
66
1
0
VERTEX
8
Layer 1
10
800.982449
20
91.757558
70
0
0
VERTEX
8
Layer 1
10
799.999080
20
89.455681
70
0
0
VERTEX
8
Layer 1
10
798.618836
20
87.418388
70
0
0
VERTEX
8
Layer 1
10
797.892403
20
86.598455
70
0
0
VERTEX
8
Layer 1
10
797.311904
20
86.150592
70
0
0
VERTEX
8
Layer 1
10
796.894289
20
86.036766
70
0
0
VERTEX
8
Layer 1
10
796.656509
20
86.218943
70
0
0
VERTEX
8
Layer 1
10
796.615512
20
86.659089
70
0
0
VERTEX
8
Layer 1
10
796.788249
20
87.319170
70
0
0
VERTEX
8
Layer 1
10
797.191670
20
88.161151
70
0
0
VERTEX
8
Layer 1
10
797.842725
20
89.147001
70
0
0
VERTEX
8
Layer 1
10
799.981441
20
91.722280
70
0
0
VERTEX
8
Layer 1
10
801.405783
20
93.133392
70
0
0
VERTEX
8
Layer 1
10
800.982449
20
91.757558
70
0
0
VERTEX
8
Layer 1
10
800.982449
20
91.757558
70
0
0
SEQEND
8
Layer 1
0
POLYLINE
8
Layer 1
62
7
70
0
10
0.000000
20
0.000000
66
1
0
VERTEX
8
Layer 1
10
810.860233
20
84.878387
70
0
0
VERTEX
8
Layer 1
10
810.789677
20
82.461857
70
0
0
VERTEX
8
Layer 1
10
810.613288
20
81.315329
70
0
0
VERTEX
8
Layer 1
10
810.238462
20
81.209496
70
0
0
VERTEX
8
Layer 1
10
809.625510
20
81.315329
70
0
0
VERTEX
8
Layer 1
10
809.244069
20
81.485103
70
0
0
VERTEX
8
Layer 1
10
809.034607
20
81.721024
70
0
0
VERTEX
8
Layer 1
10
809.025787
20
82.655885
70
0
0
VERTEX
8
Layer 1
10
809.987107
20
87.903458
70
0
0
VERTEX
8
Layer 1
10
810.236257
20
88.589170
70
0
0
VERTEX
8
Layer 1
10
810.472177
20
88.547278
70
0
0
VERTEX
8
Layer 1
10
810.745580
20
87.334604
70
0
0
VERTEX
8
Layer 1
10
810.860233
20
84.878387
70
0
0
VERTEX
8
Layer 1
10
810.860233
20
84.878387
70
0
0
SEQEND
8
Layer 1
0
POLYLINE
8
Layer 1
62
7
70
0
10
0.000000
20
0.000000
66
1
0
VERTEX
8
Layer 1
10
48.436419
20
85.654498
70
0
0
VERTEX
8
Layer 1
10
50.764754
20
82.303107
70
0
0
VERTEX
8
Layer 1
10
50.985240
20
81.632829
70
0
0
VERTEX
8
Layer 1
10
50.517810
20
81.491718
70
0
0
VERTEX
8
Layer 1
10
49.827688
20
81.793233
70
0
0
VERTEX
8
Layer 1
10
48.912670
20
82.554462
70
0
0
VERTEX
8
Layer 1
10
47.997652
20
83.560430
70
0
0
VERTEX
8
Layer 1
10
47.307530
20
84.596164
70
0
0
VERTEX
8
Layer 1
10
46.346210
20
86.950958
70
0
0
VERTEX
8
Layer 1
10
46.126826
20
87.840620
70
0
0
VERTEX
8
Layer 1
10
46.178640
20
88.194500
70
0
0
VERTEX
8
Layer 1
10
46.976800
20
87.440437
70
0
0
VERTEX
8
Layer 1
10
48.436419
20
85.654498
70
0
0
VERTEX
8
Layer 1
10
48.436419
20
85.654498
70
0
0
SEQEND
8
Layer 1
0
POLYLINE
8
Layer 1
62
7
70
0
10
0.000000
20
0.000000
66
1
0
VERTEX
8
Layer 1
10
803.451895
20
85.760332
70
0
0
VERTEX
8
Layer 1
10
803.209911
20
85.061942
70
0
0
VERTEX
8
Layer 1
10
802.918318
20
84.697588
70
0
0
VERTEX
8
Layer 1
10
802.673027
20
84.723495
70
0
0
VERTEX
8
Layer 1
10
802.569950
20
85.195887
70
0
0
VERTEX
8
Layer 1
10
802.984464
20
86.382103
70
0
0
VERTEX
8
Layer 1
10
803.314091
20
86.857802
70
0
0
VERTEX
8
Layer 1
10
803.557728
20
86.959777
70
0
0
VERTEX
8
Layer 1
10
803.451895
20
85.760332
70
0
0
VERTEX
8
Layer 1
10
803.451895
20
85.760332
70
0
0
SEQEND
8
Layer 1
0
POLYLINE
8
Layer 1
62
7
70
0
10
0.000000
20
0.000000
66
1
0
VERTEX
8
Layer 1
10
38.276413
20
80.574495
70
0
0
VERTEX
8
Layer 1
10
38.532728
20
78.462788
70
0
0
VERTEX
8
Layer 1
10
38.527767
20
77.253972
70
0
0
VERTEX
8
Layer 1
10
38.211921
20
76.700001
70
0
0
VERTEX
8
Layer 1
10
37.535579
20
76.552826
70
0
0
VERTEX
8
Layer 1
10
37.344721
20
76.693248
70
0
0
VERTEX
8
Layer 1
10
37.172879
20
77.080891
70
0
0
VERTEX
8
Layer 1
10
36.909398
20
78.396091
70
0
0
VERTEX
8
Layer 1
10
36.791438
20
80.094938
70
0
0
VERTEX
8
Layer 1
10
36.865301
20
81.773940
70
0
0
VERTEX
8
Layer 1
10
37.204850
20
83.759419
70
0
0
VERTEX
8
Layer 1
10
37.361395
20
84.191159
70
0
0
VERTEX
8
Layer 1
10
37.517940
20
84.243386
70
0
0
VERTEX
8
Layer 1
10
37.857489
20
83.192769
70
0
0
VERTEX
8
Layer 1
10
38.276413
20
80.574495
70
0
0
VERTEX
8
Layer 1
10
38.276413
20
80.574495
70
0
0
SEQEND
8
Layer 1
0
POLYLINE
8
Layer 1
62
7
70
0
10
0.000000
20
0.000000
66
1
0
VERTEX
8
Layer 1
10
44.802806
20
80.468662
70
0
0
VERTEX
8
Layer 1
10
44.710202
20
79.904217
70
0
0
VERTEX
8
Layer 1
10
44.485306
20
79.948314
70
0
0
VERTEX
8
Layer 1
10
44.207493
20
80.508349
70
0
0
VERTEX
8
Layer 1
10
43.956139
20
81.491718
70
0
0
VERTEX
8
Layer 1
10
43.823847
20
82.448628
70
0
0
VERTEX
8
Layer 1
10
44.273639
20
82.056163
70
0
0
VERTEX
8
Layer 1
10
44.644056
20
81.302100
70
0
0
VERTEX
8
Layer 1
10
44.802806
20
80.468662
70
0
0
VERTEX
8
Layer 1
10
44.802806
20
80.468662
70
0
0
SEQEND
8
Layer 1
0
POLYLINE
8
Layer 1
62
7
70
0
10
0.000000
20
0.000000
66
1
0
VERTEX
8
Layer 1
10
569.912859
20
503.943373
70
0
0
VERTEX
8
Layer 1
10
568.431191
20
503.414206
70
0
0
VERTEX
8
Layer 1
10
568.337760
20
502.948498
70
0
0
VERTEX
8
Layer 1
10
568.464264
20
501.520780
70
0
0
VERTEX
8
Layer 1
10
569.436609
20
495.437013
70
0
0
VERTEX
8
Layer 1
10
574.675362
20
467.960017
70
0
0
VERTEX
8
Layer 1
10
576.562724
20
458.906852
70
0
0
VERTEX
8
Layer 1
10
577.235207
20
456.108330
70
0
0
VERTEX
8
Layer 1
10
577.603419
20
455.013064
70
0
0
VERTEX
8
Layer 1
10
578.437960
20
454.757300
70
0
0
VERTEX
8
Layer 1
10
579.517240
20
454.766120
70
0
0
VERTEX
8
Layer 1
10
580.609749
20
455.013064
70
0
0
VERTEX
8
Layer 1
10
581.483977
20
455.471676
70
0
0
VERTEX
8
Layer 1
10
582.483331
20
456.643009
70
0
0
VERTEX
8
Layer 1
10
583.525680
20
458.571712
70
0
0
VERTEX
8
Layer 1
10
584.534956
20
461.102343
70
0
0
VERTEX
8
Layer 1
10
585.435091
20
464.079459
70
0
0
VERTEX
8
Layer 1
10
585.941107
20
466.122815
70
0
0
VERTEX
8
Layer 1
10
586.228842
20
467.964427
70
0
0
VERTEX
8
Layer 1
10
586.387592
20
473.251687
70
0
0
VERTEX
8
Layer 1
10
586.290026
20
477.253512
70
0
0
VERTEX
8
Layer 1
10
585.924570
20
480.633567
70
0
0
VERTEX
8
Layer 1
10
585.182083
20
484.026850
70
0
0
VERTEX
8
Layer 1
10
583.953423
20
488.068363
70
0
0
VERTEX
8
Layer 1
10
583.093458
20
490.405655
70
0
0
VERTEX
8
Layer 1
10
582.067715
20
492.704086
70
0
0
VERTEX
8
Layer 1
10
580.905546
20
494.918182
70
0
0
VERTEX
8
Layer 1
10
579.636303
20
497.002466
70
0
0
VERTEX
8
Layer 1
10
578.289338
20
498.911463
70
0
0
VERTEX
8
Layer 1
10
576.894005
20
500.599699
70
0
0
VERTEX
8
Layer 1
10
575.479654
20
502.021698
70
0
0
VERTEX
8
Layer 1
10
574.075639
20
503.131984
70
0
0
VERTEX
8
Layer 1
10
572.879501
20
503.873920
70
0
0
VERTEX
8
Layer 1
10
571.914874
20
504.225595
70
0
0
VERTEX
8
Layer 1
10
570.989934
20
504.233312
70
0
0
VERTEX
8
Layer 1
10
569.912859
20
503.943373
70
0
0
VERTEX
8
Layer 1
10
569.912859
20
503.943373
70
0
0
SEQEND
8
Layer 1
0
POLYLINE
8
Layer 1
62
7
70
0
10
0.000000
20
0.000000
66
1
0
VERTEX
8
Layer 1
10
577.427030
20
496.252813
70
0
0
VERTEX
8
Layer 1
10
578.927991
20
493.952590
70
0
0
VERTEX
8
Layer 1
10
580.094914
20
491.821039
70
0
0
VERTEX
8
Layer 1
10
581.083244
20
489.550582
70
0
0
VERTEX
8
Layer 1
10
582.048422
20
486.833640
70
0
0
VERTEX
8
Layer 1
10
583.069274
20
483.389094
70
0
0
VERTEX
8
Layer 1
10
583.732937
20
480.205823
70
0
0
VERTEX
8
Layer 1
10
584.092330
20
476.976251
70
0
0
VERTEX
8
Layer 1
10
584.200368
20
473.392798
70
0
0
VERTEX
8
Layer 1
10
584.089574
20
470.034793
70
0
0
VERTEX
8
Layer 1
10
583.763805
20
466.981058
70
0
0
VERTEX
8
Layer 1
10
583.232985
20
464.284511
70
0
0
VERTEX
8
Layer 1
10
582.507034
20
461.998069
70
0
0
VERTEX
8
Layer 1
10
581.991096
20
460.913276
70
0
0
VERTEX
8
Layer 1
10
581.837307
20
461.005881
70
0
0
VERTEX
8
Layer 1
10
581.660366
20
461.468902
70
0
0
VERTEX
8
Layer 1
10
578.048802
20
480.413080
70
0
0
VERTEX
8
Layer 1
10
574.675362
20
499.145592
70
0
0
VERTEX
8
Layer 1
10
574.832458
20
499.417893
70
0
0
VERTEX
8
Layer 1
10
575.323592
20
499.048578
70
0
0
VERTEX
8
Layer 1
10
577.427030
20
496.252813
70
0
0
VERTEX
8
Layer 1
10
577.427030
20
496.252813
70
0
0
SEQEND
8
Layer 1
0
POLYLINE
8
Layer 1
62
7
70
0
10
0.000000
20
0.000000
66
1
0
VERTEX
8
Layer 1
10
564.092022
20
500.838927
70
0
0
VERTEX
8
Layer 1
10
561.325540
20
499.279951
70
0
0
VERTEX
8
Layer 1
10
558.708299
20
497.482023
70
0
0
VERTEX
8
Layer 1
10
556.270479
20
495.477390
70
0
0
VERTEX
8
Layer 1
10
554.042259
20
493.298297
70
0
0
VERTEX
8
Layer 1
10
552.053817
20
490.976990
70
0
0
VERTEX
8
Layer 1
10
550.335334
20
488.545716
70
0
0
VERTEX
8
Layer 1
10
548.916987
20
486.036720
70
0
0
VERTEX
8
Layer 1
10
547.828956
20
483.482249
70
0
0
VERTEX
8
Layer 1
10
547.238053
20
481.105407
70
0
0
VERTEX
8
Layer 1
10
546.911733
20
478.331690
70
0
0
VERTEX
8
Layer 1
10
546.700067
20
475.297799
70
0
0
VERTEX
8
Layer 1
10
550.368958
20
471.452519
70
0
0
VERTEX
8
Layer 1
10
562.072368
20
459.462477
70
0
0
VERTEX
8
Layer 1
10
567.216312
20
454.362079
70
0
0
VERTEX
8
Layer 1
10
569.489525
20
452.261396
70
0
0
VERTEX
8
Layer 1
10
569.648275
20
452.512750
70
0
0
VERTEX
8
Layer 1
10
569.595359
20
453.108063
70
0
0
VERTEX
8
Layer 1
10
569.546852
20
453.990008
70
0
0
VERTEX
8
Layer 1
10
569.736470
20
454.871953
70
0
0
VERTEX
8
Layer 1
10
569.970185
20
455.378520
70
0
0
VERTEX
8
Layer 1
10
570.389109
20
455.617197
70
0
0
VERTEX
8
Layer 1
10
572.946750
20
455.542231
70
0
0
VERTEX
8
Layer 1
10
575.372099
20
455.454037
70
0
0
VERTEX
8
Layer 1
10
575.665345
20
455.631528
70
0
0
VERTEX
8
Layer 1
10
575.627863
20
456.000843
70
0
0
VERTEX
8
Layer 1
10
571.112304
20
479.151899
70
0
0
VERTEX
8
Layer 1
10
566.914246
20
501.826705
70
0
0
VERTEX
8
Layer 1
10
566.785813
20
501.979943
70
0
0
VERTEX
8
Layer 1
10
566.336572
20
501.888441
70
0
0
VERTEX
8
Layer 1
10
564.092022
20
500.838927
70
0
0
VERTEX
8
Layer 1
10
564.092022
20
500.838927
70
0
0
SEQEND
8
Layer 1
0
POLYLINE
8
Layer 1
62
7
70
0
10
0.000000
20
0.000000
66
1
0
VERTEX
8
Layer 1
10
675.040703
20
432.117772
70
0
0
VERTEX
8
Layer 1
10
667.429311
20
431.240719
70
0
0
VERTEX
8
Layer 1
10
659.856366
20
429.844008
70
0
0
VERTEX
8
Layer 1
10
652.393389
20
427.953683
70
0
0
VERTEX
8
Layer 1
10
645.111899
20
425.595789
70
0
0
VERTEX
8
Layer 1
10
638.083418
20
422.796371
70
0
0
VERTEX
8
Layer 1
10
631.379465
20
419.581475
70
0
0
VERTEX
8
Layer 1
10
625.071560
20
415.977145
70
0
0
VERTEX
8
Layer 1
10
619.231223
20
412.009426
70
0
0
VERTEX
8
Layer 1
10
615.950388
20
409.363591
70
0
0
VERTEX
8
Layer 1
10
618.737334
20
406.188589
70
0
0
VERTEX
8
Layer 1
10
620.946606
20
403.595671
70
0
0
VERTEX
8
Layer 1
10
622.124003
20
401.637753
70
0
0
VERTEX
8
Layer 1
10
622.644351
20
400.513273
70
0
0
VERTEX
8
Layer 1
10
623.005948
20
400.050252
70
0
0
VERTEX
8
Layer 1
10
624.628727
20
401.143864
70
0
0
VERTEX
8
Layer 1
10
628.413924
20
403.908761
70
0
0
VERTEX
8
Layer 1
10
632.923420
20
406.753034
70
0
0
VERTEX
8
Layer 1
10
637.889321
20
409.517932
70
0
0
VERTEX
8
Layer 1
10
643.043738
20
412.044704
70
0
0
VERTEX
8
Layer 1
10
647.193290
20
413.820170
70
0
0
VERTEX
8
Layer 1
10
651.131174
20
415.268213
70
0
0
VERTEX
8
Layer 1
10
655.505621
20
416.603808
70
0
0
VERTEX
8
Layer 1
10
660.964861
20
418.041930
70
0
0
VERTEX
8
Layer 1
10
666.450559
20
419.580924
70
0
0
VERTEX
8
Layer 1
10
670.031255
20
420.828876
70
0
0
VERTEX
8
Layer 1
10
672.902538
20
422.386060
70
0
0
VERTEX
8
Layer 1
10
675.777127
20
424.290510
70
0
0
VERTEX
8
Layer 1
10
678.618644
20
426.519075
70
0
0
VERTEX
8
Layer 1
10
681.390707
20
429.048604
70
0
0
VERTEX
8
Layer 1
10
684.918487
20
432.505828
70
0
0
VERTEX
8
Layer 1
10
681.743485
20
432.435272
70
0
0
VERTEX
8
Layer 1
10
675.040703
20
432.117772
70
0
0
VERTEX
8
Layer 1
10
675.040703
20
432.117772
70
0
0
SEQEND
8
Layer 1
0
POLYLINE
8
Layer 1
62
7
70
0
10
0.000000
20
0.000000
66
1
0
VERTEX
8
Layer 1
10
677.016260
20
422.063599
70
0
0
VERTEX
8
Layer 1
10
673.497850
20
419.925985
70
0
0
VERTEX
8
Layer 1
10
670.326707
20
418.403527
70
0
0
VERTEX
8
Layer 1
10
666.593324
20
417.132424
70
0
0
VERTEX
8
Layer 1
10
661.388194
20
415.748873
70
0
0
VERTEX
8
Layer 1
10
654.998503
20
414.015851
70
0
0
VERTEX
8
Layer 1
10
650.169854
20
412.468038
70
0
0
VERTEX
8
Layer 1
10
643.926786
20
409.849212
70
0
0
VERTEX
8
Layer 1
10
637.769707
20
406.783902
70
0
0
VERTEX
8
Layer 1
10
632.062421
20
403.473852
70
0
0
VERTEX
8
Layer 1
10
627.168728
20
400.120808
70
0
0
VERTEX
8
Layer 1
10
624.064282
20
397.792473
70
0
0
VERTEX
8
Layer 1
10
631.155120
20
390.560524
70
0
0
VERTEX
8
Layer 1
10
639.974570
20
381.635240
70
0
0
VERTEX
8
Layer 1
10
641.703182
20
379.977184
70
0
0
VERTEX
8
Layer 1
10
643.043738
20
380.541629
70
0
0
VERTEX
8
Layer 1
10
644.498948
20
380.912045
70
0
0
VERTEX
8
Layer 1
10
646.324574
20
380.859129
70
0
0
VERTEX
8
Layer 1
10
648.022318
20
380.823851
70
0
0
VERTEX
8
Layer 1
10
648.482583
20
380.958348
70
0
0
VERTEX
8
Layer 1
10
648.794020
20
381.211907
70
0
0
VERTEX
8
Layer 1
10
649.835266
20
382.024950
70
0
0
VERTEX
8
Layer 1
10
651.382528
20
382.847915
70
0
0
VERTEX
8
Layer 1
10
652.817343
20
383.399682
70
0
0
VERTEX
8
Layer 1
10
653.299312
20
383.486016
70
0
0
VERTEX
8
Layer 1
10
653.521245
20
383.399130
70
0
0
VERTEX
8
Layer 1
10
654.632496
20
377.953120
70
0
0
VERTEX
8
Layer 1
10
656.167080
20
369.358566
70
0
0
VERTEX
8
Layer 1
10
657.049025
20
364.172729
70
0
0
VERTEX
8
Layer 1
10
657.417237
20
363.372916
70
0
0
VERTEX
8
Layer 1
10
658.089720
20
362.404430
70
0
0
VERTEX
8
Layer 1
10
658.815120
20
361.588079
70
0
0
VERTEX
8
Layer 1
10
659.342082
20
361.244672
70
0
0
VERTEX
8
Layer 1
10
659.333263
20
362.192763
70
0
0
VERTEX
8
Layer 1
10
658.954026
20
364.490230
70
0
0
VERTEX
8
Layer 1
10
657.137219
20
374.760479
70
0
0
VERTEX
8
Layer 1
10
655.743746
20
383.787186
70
0
0
VERTEX
8
Layer 1
10
655.637913
20
384.986631
70
0
0
VERTEX
8
Layer 1
10
658.989304
20
386.327188
70
0
0
VERTEX
8
Layer 1
10
661.516076
20
387.292918
70
0
0
VERTEX
8
Layer 1
10
662.905140
20
387.703022
70
0
0
VERTEX
8
Layer 1
10
663.964025
20
386.542162
70
0
0
VERTEX
8
Layer 1
10
665.925801
20
383.760728
70
0
0
VERTEX
8
Layer 1
10
668.079401
20
380.410439
70
0
0
VERTEX
8
Layer 1
10
669.713755
20
377.543016
70
0
0
VERTEX
8
Layer 1
10
673.312091
20
371.369401
70
0
0
VERTEX
8
Layer 1
10
675.393481
20
367.704919
70
0
0
VERTEX
8
Layer 1
10
676.204870
20
365.866064
70
0
0
VERTEX
8
Layer 1
10
675.724210
20
365.394223
70
0
0
VERTEX
8
Layer 1
10
674.687925
20
365.054674
70
0
0
VERTEX
8
Layer 1
10
672.404790
20
364.456054
70
0
0
VERTEX
8
Layer 1
10
669.757852
20
363.573007
70
0
0
VERTEX
8
Layer 1
10
667.018311
20
362.504751
70
0
0
VERTEX
8
Layer 1
10
664.457363
20
361.350505
70
0
0
VERTEX
8
Layer 1
10
661.141250
20
359.621893
70
0
0
VERTEX
8
Layer 1
10
663.451946
20
357.059843
70
0
0
VERTEX
8
Layer 1
10
669.255144
20
351.084666
70
0
0
VERTEX
8
Layer 1
10
686.188488
20
333.692710
70
0
0
VERTEX
8
Layer 1
10
693.640923
20
325.750795
70
0
0
VERTEX
8
Layer 1
10
694.860212
20
324.083368
70
0
0
VERTEX
8
Layer 1
10
695.325438
20
322.862426
70
0
0
VERTEX
8
Layer 1
10
695.648450
20
320.752372
70
0
0
VERTEX
8
Layer 1
10
695.584647
20
319.858576
70
0
0
VERTEX
8
Layer 1
10
695.343077
20
318.999506
70
0
0
VERTEX
8
Layer 1
10
694.903069
20
318.120593
70
0
0
VERTEX
8
Layer 1
10
694.243953
20
317.167266
70
0
0
VERTEX
8
Layer 1
10
692.185714
20
314.819087
70
0
0
VERTEX
8
Layer 1
10
690.545296
20
313.162409
70
0
0
VERTEX
8
Layer 1
10
689.023941
20
311.838113
70
0
0
VERTEX
8
Layer 1
10
687.601805
20
310.837932
70
0
0
VERTEX
8
Layer 1
10
686.259043
20
310.153598
70
0
0
VERTEX
8
Layer 1
10
684.975813
20
309.776842
70
0
0
VERTEX
8
Layer 1
10
683.732271
20
309.699396
70
0
0
VERTEX
8
Layer 1
10
682.508572
20
309.912993
70
0
0
VERTEX
8
Layer 1
10
681.284874
20
310.409362
70
0
0
VERTEX
8
Layer 1
10
678.287914
20
313.070631
70
0
0
VERTEX
8
Layer 1
10
672.231708
20
318.973048
70
0
0
VERTEX
8
Layer 1
10
664.819512
20
326.423279
70
0
0
VERTEX
8
Layer 1
10
657.754581
20
333.727988
70
0
0
VERTEX
8
Layer 1
10
641.914849
20
349.955776
70
0
0
VERTEX
8
Layer 1
10
640.080403
20
346.427996
70
0
0
VERTEX
8
Layer 1
10
638.792763
20
343.936501
70
0
0
VERTEX
8
Layer 1
10
638.140124
20
342.900216
70
0
0
VERTEX
8
Layer 1
10
631.543176
20
349.391331
70
0
0
VERTEX
8
Layer 1
10
626.890916
20
354.017133
70
0
0
VERTEX
8
Layer 1
10
624.699282
20
356.023558
70
0
0
VERTEX
8
Layer 1
10
624.561478
20
356.165220
70
0
0
VERTEX
8
Layer 1
10
624.575810
20
356.442481
70
0
0
VERTEX
8
Layer 1
10
625.087338
20
357.469947
70
0
0
VERTEX
8
Layer 1
10
625.682651
20
358.753177
70
0
0
VERTEX
8
Layer 1
10
625.677690
20
359.280691
70
0
0
VERTEX
8
Layer 1
10
625.510672
20
359.904116
70
0
0
VERTEX
8
Layer 1
10
625.209708
20
360.997176
70
0
0
VERTEX
8
Layer 1
10
625.166713
20
361.954638
70
0
0
VERTEX
8
Layer 1
10
625.401531
20
362.945172
70
0
0
VERTEX
8
Layer 1
10
625.934005
20
364.137452
70
0
0
VERTEX
8
Layer 1
10
626.745395
20
365.760230
70
0
0
VERTEX
8
Layer 1
10
617.996500
20
374.685514
70
0
0
VERTEX
8
Layer 1
10
609.282884
20
383.646075
70
0
0
VERTEX
8
Layer 1
10
608.542050
20
382.764130
70
0
0
VERTEX
8
Layer 1
10
604.415650
20
377.293315
70
0
0
VERTEX
8
Layer 1
10
600.613364
20
371.303255
70
0
0
VERTEX
8
Layer 1
10
597.221183
20
364.949392
70
0
0
VERTEX
8
Layer 1
10
594.325097
20
358.387170
70
0
0
VERTEX
8
Layer 1
10
591.972508
20
351.790773
70
0
0
VERTEX
8
Layer 1
10
590.162316
20
345.197683
70
0
0
VERTEX
8
Layer 1
10
588.828374
20
338.320165
70
0
0
VERTEX
8
Layer 1
10
587.904537
20
330.870486
70
0
0
VERTEX
8
Layer 1
10
587.426633
20
326.880788
70
0
0
VERTEX
8
Layer 1
10
586.780057
20
324.114788
70
0
0
VERTEX
8
Layer 1
10
585.716762
20
321.851496
70
0
0
VERTEX
8
Layer 1
10
583.988701
20
319.369923
70
0
0
VERTEX
8
Layer 1
10
582.976669
20
317.953299
70
0
0
VERTEX
8
Layer 1
10
582.401200
20
316.953394
70
0
0
VERTEX
8
Layer 1
10
582.143231
20
316.085781
70
0
0
VERTEX
8
Layer 1
10
582.083700
20
315.066032
70
0
0
VERTEX
8
Layer 1
10
582.246860
20
313.518218
70
0
0
VERTEX
8
Layer 1
10
582.515302
20
313.046929
70
0
0
VERTEX
8
Layer 1
10
582.965645
20
312.631864
70
0
0
VERTEX
8
Layer 1
10
583.570880
20
311.915283
70
0
0
VERTEX
8
Layer 1
10
583.838771
20
311.106099
70
0
0
VERTEX
8
Layer 1
10
583.749474
20
310.389518
70
0
0
VERTEX
8
Layer 1
10
583.283145
20
309.950751
70
0
0
VERTEX
8
Layer 1
10
582.989347
20
309.750660
70
0
0
VERTEX
8
Layer 1
10
582.837763
20
309.328980
70
0
0
VERTEX
8
Layer 1
10
582.895089
20
307.304916
70
0
0
VERTEX
8
Layer 1
10
583.174556
20
304.915396
70
0
0
VERTEX
8
Layer 1
10
583.490402
20
303.428768
70
0
0
VERTEX
8
Layer 1
10
583.931926
20
302.557296
70
0
0
VERTEX
8
Layer 1
10
584.588424
20
302.013246
70
0
0
VERTEX
8
Layer 1
10
585.332565
20
301.387616
70
0
0
VERTEX
8
Layer 1
10
585.699675
20
300.633002
70
0
0
VERTEX
8
Layer 1
10
585.669909
20
299.845315
70
0
0
VERTEX
8
Layer 1
10
585.223424
20
299.120466
70
0
0
VERTEX
8
Layer 1
10
584.768120
20
298.623821
70
0
0
VERTEX
8
Layer 1
10
584.623702
20
298.084181
70
0
0
VERTEX
8
Layer 1
10
585.293980
20
295.275186
70
0
0
VERTEX
8
Layer 1
10
585.897561
20
293.304039
70
0
0
VERTEX
8
Layer 1
10
586.471376
20
291.994351
70
0
0
VERTEX
8
Layer 1
10
587.065036
20
291.266746
70
0
0
VERTEX
8
Layer 1
10
587.728148
20
291.041850
70
0
0
VERTEX
8
Layer 1
10
588.255661
20
290.850578
70
0
0
VERTEX
8
Layer 1
10
588.588044
20
290.358343
70
0
0
VERTEX
8
Layer 1
10
588.675688
20
289.687513
70
0
0
VERTEX
8
Layer 1
10
588.468982
20
288.960460
70
0
0
VERTEX
8
Layer 1
10
588.172428
20
288.215216
70
0
0
VERTEX
8
Layer 1
10
588.160301
20
287.390598
70
0
0
VERTEX
8
Layer 1
10
588.478904
20
286.222021
70
0
0
VERTEX
8
Layer 1
10
589.174538
20
284.444901
70
0
0
VERTEX
8
Layer 1
10
590.272559
20
282.257678
70
0
0
VERTEX
8
Layer 1
10
590.747156
20
281.736228
70
0
0
VERTEX
8
Layer 1
10
591.291206
20
281.446288
70
0
0
VERTEX
8
Layer 1
10
592.011645
20
281.039491
70
0
0
VERTEX
8
Layer 1
10
592.450963
20
280.467329
70
0
0
VERTEX
8
Layer 1
10
592.566168
20
279.829022
70
0
0
VERTEX
8
Layer 1
10
592.314262
20
279.223787
70
0
0
VERTEX
8
Layer 1
10
592.066215
20
278.575557
70
0
0
VERTEX
8
Layer 1
10
592.181970
20
277.636286
70
0
0
VERTEX
8
Layer 1
10
592.681372
20
276.326598
70
0
0
VERTEX
8
Layer 1
10
593.584263
20
274.567117
70
0
0
VERTEX
8
Layer 1
10
594.682284
20
272.926700
70
0
0
VERTEX
8
Layer 1
10
595.595097
20
272.132949
70
0
0
VERTEX
8
Layer 1
10
596.366799
20
271.780171
70
0
0
VERTEX
8
Layer 1
10
597.112043
20
271.215726
70
0
0
VERTEX
8
Layer 1
10
597.667668
20
270.483712
70
0
0
VERTEX
8
Layer 1
10
597.535376
20
269.592948
70
0
0
VERTEX
8
Layer 1
10
597.382690
20
269.000942
70
0
0
VERTEX
8
Layer 1
10
597.504508
20
268.349405
70
0
0
VERTEX
8
Layer 1
10
598.875933
20
265.994612
70
0
0
VERTEX
8
Layer 1
10
600.816212
20
263.066555
70
0
0
VERTEX
8
Layer 1
10
601.199858
20
262.828429
70
0
0
VERTEX
8
Layer 1
10
601.874546
20
262.643221
70
0
0
VERTEX
8
Layer 1
10
602.677116
20
262.321862
70
0
0
VERTEX
8
Layer 1
10
603.294477
20
261.739227
70
0
0
VERTEX
8
Layer 1
10
603.660484
20
260.991228
70
0
0
VERTEX
8
Layer 1
10
603.708991
20
260.173775
70
0
0
VERTEX
8
Layer 1
10
603.766318
20
259.354117
70
0
0
VERTEX
8
Layer 1
10
604.273436
20
258.299642
70
0
0
VERTEX
8
Layer 1
10
605.256805
20
256.973968
70
0
0
VERTEX
8
Layer 1
10
606.742882
20
255.340716
70
0
0
VERTEX
8
Layer 1
10
607.946737
20
254.300021
70
0
0
VERTEX
8
Layer 1
10
608.494094
20
254.070716
70
0
0
VERTEX
8
Layer 1
10
609.071217
20
254.000160
70
0
0
VERTEX
8
Layer 1
10
609.965840
20
253.893224
70
0
0
VERTEX
8
Layer 1
10
610.539655
20
253.568007
70
0
0
VERTEX
8
Layer 1
10
610.802585
20
253.017894
70
0
0
VERTEX
8
Layer 1
10
610.764551
20
252.236270
70
0
0
VERTEX
8
Layer 1
10
610.765103
20
251.650879
70
0
0
VERTEX
8
Layer 1
10
611.060003
20
250.992728
70
0
0
VERTEX
8
Layer 1
10
613.022331
20
248.743768
70
0
0
VERTEX
8
Layer 1
10
615.231603
20
246.666787
70
0
0
VERTEX
8
Layer 1
10
615.845106
20
246.387321
70
0
0
VERTEX
8
Layer 1
10
616.408999
20
246.415433
70
0
0
VERTEX
8
Layer 1
10
617.244091
20
246.479374
70
0
0
VERTEX
8
Layer 1
10
617.877438
20
246.212586
70
0
0
VERTEX
8
Layer 1
10
618.279274
20
245.641526
70
0
0
VERTEX
8
Layer 1
10
618.419834
20
244.792654
70
0
0
VERTEX
8
Layer 1
10
618.521258
20
244.210570
70
0
0
VERTEX
8
Layer 1
10
618.887265
20
243.602028
70
0
0
VERTEX
8
Layer 1
10
620.783447
20
241.829319
70
0
0
VERTEX
8
Layer 1
10
622.957441
20
240.250637
70
0
0
VERTEX
8
Layer 1
10
623.725284
20
239.964005
70
0
0
VERTEX
8
Layer 1
10
624.522893
20
239.889040
70
0
0
VERTEX
8
Layer 1
10
625.759821
20
239.788168
70
0
0
VERTEX
8
Layer 1
10
626.613103
20
239.478936
70
0
0
VERTEX
8
Layer 1
10
627.082739
20
238.951422
70
0
0
VERTEX
8
Layer 1
10
627.168728
20
238.195706
70
0
0
VERTEX
8
Layer 1
10
627.194636
20
237.684177
70
0
0
VERTEX
8
Layer 1
10
627.428902
20
237.199108
70
0
0
VERTEX
8
Layer 1
10
628.826785
20
235.937926
70
0
0
VERTEX
8
Layer 1
10
630.555397
20
234.705959
70
0
0
VERTEX
8
Layer 1
10
631.860676
20
233.993238
70
0
0
VERTEX
8
Layer 1
10
632.874913
20
233.750152
70
0
0
VERTEX
8
Layer 1
10
633.730399
20
233.927092
70
0
0
VERTEX
8
Layer 1
10
634.539584
20
234.176792
70
0
0
VERTEX
8
Layer 1
10
635.176789
20
234.072613
70
0
0
VERTEX
8
Layer 1
10
635.655244
20
233.604631
70
0
0
VERTEX
8
Layer 1
10
635.988178
20
232.762924
70
0
0
VERTEX
8
Layer 1
10
636.226855
20
232.119105
70
0
0
VERTEX
8
Layer 1
10
636.680505
20
231.581118
70
0
0
VERTEX
8
Layer 1
10
638.880958
20
230.293478
70
0
0
VERTEX
8
Layer 1
10
640.682882
20
229.475474
70
0
0
VERTEX
8
Layer 1
10
641.945717
20
229.067575
70
0
0
VERTEX
8
Layer 1
10
642.805062
20
229.043321
70
0
0
VERTEX
8
Layer 1
10
643.396516
20
229.376256
70
0
0
VERTEX
8
Layer 1
10
643.976395
20
229.567527
70
0
0
VERTEX
8
Layer 1
10
644.701795
20
229.371846
70
0
0
VERTEX
8
Layer 1
10
645.321361
20
228.904966
70
0
0
VERTEX
8
Layer 1
10
645.583740
20
228.282644
70
0
0
VERTEX
8
Layer 1
10
645.697290
20
227.706072
70
0
0
VERTEX
8
Layer 1
10
646.148185
20
227.215490
70
0
0
VERTEX
8
Layer 1
10
647.101788
20
226.685221
70
0
0
VERTEX
8
Layer 1
10
648.723464
20
225.989587
70
0
0
VERTEX
8
Layer 1
10
650.377662
20
225.378289
70
0
0
VERTEX
8
Layer 1
10
651.532459
20
225.120871
70
0
0
VERTEX
8
Layer 1
10
652.349912
20
225.200797
70
0
0
VERTEX
8
Layer 1
10
652.992078
20
225.601531
70
0
0
VERTEX
8
Layer 1
10
653.675034
20
225.901944
70
0
0
VERTEX
8
Layer 1
10
654.460516
20
225.782330
70
0
0
VERTEX
8
Layer 1
10
655.199697
20
225.298914
70
0
0
VERTEX
8
Layer 1
10
655.743746
20
224.507919
70
0
0
VERTEX
8
Layer 1
10
656.136763
20
224.003006
70
0
0
VERTEX
8
Layer 1
10
657.009337
20
223.537780
70
0
0
VERTEX
8
Layer 1
10
661.846806
20
222.038473
70
0
0
VERTEX
8
Layer 1
10
662.424480
20
222.100209
70
0
0
VERTEX
8
Layer 1
10
663.081529
20
222.426529
70
0
0
VERTEX
8
Layer 1
10
663.833938
20
222.823404
70
0
0
VERTEX
8
Layer 1
10
664.602884
20
222.902779
70
0
0
VERTEX
8
Layer 1
10
665.378444
20
222.664654
70
0
0
VERTEX
8
Layer 1
10
666.150697
20
222.109029
70
0
0
VERTEX
8
Layer 1
10
667.394240
20
221.385834
70
0
0
VERTEX
8
Layer 1
10
669.325699
20
220.874306
70
0
0
VERTEX
8
Layer 1
10
671.189911
20
220.583815
70
0
0
VERTEX
8
Layer 1
10
672.465424
20
220.508299
70
0
0
VERTEX
8
Layer 1
10
673.344061
20
220.651063
70
0
0
VERTEX
8
Layer 1
10
674.017647
20
221.015417
70
0
0
VERTEX
8
Layer 1
10
674.730920
20
221.404575
70
0
0
VERTEX
8
Layer 1
10
675.437578
20
221.509306
70
0
0
VERTEX
8
Layer 1
10
676.131008
20
221.322995
70
0
0
VERTEX
8
Layer 1
10
676.804593
20
220.839028
70
0
0
VERTEX
8
Layer 1
10
677.305097
20
220.497274
70
0
0
VERTEX
8
Layer 1
10
678.030497
20
220.248125
70
0
0
VERTEX
8
Layer 1
10
680.579318
20
219.921805
70
0
0
VERTEX
8
Layer 1
10
683.247201
20
219.842430
70
0
0
VERTEX
8
Layer 1
10
683.858499
20
220.040868
70
0
0
VERTEX
8
Layer 1
10
684.354042
20
220.450972
70
0
0
VERTEX
8
Layer 1
10
685.083852
20
220.959744
70
0
0
VERTEX
8
Layer 1
10
685.879807
20
221.160938
70
0
0
VERTEX
8
Layer 1
10
686.636075
20
221.051246
70
0
0
VERTEX
8
Layer 1
10
687.246822
20
220.627361
70
0
0
VERTEX
8
Layer 1
10
687.616136
20
220.333012
70
0
0
VERTEX
8
Layer 1
10
688.269878
20
220.177569
70
0
0
VERTEX
8
Layer 1
10
691.197935
20
220.204028
70
0
0
VERTEX
8
Layer 1
10
693.175146
20
220.326949
70
0
0
VERTEX
8
Layer 1
10
694.315611
20
220.499479
70
0
0
VERTEX
8
Layer 1
10
694.973211
20
220.824145
70
0
0
VERTEX
8
Layer 1
10
695.501827
20
221.403473
70
0
0
VERTEX
8
Layer 1
10
696.313216
20
222.426529
70
0
0
VERTEX
8
Layer 1
10
697.583217
20
221.756251
70
0
0
VERTEX
8
Layer 1
10
698.870857
20
221.293230
70
0
0
VERTEX
8
Layer 1
10
700.264330
20
221.332917
70
0
0
VERTEX
8
Layer 1
10
702.599831
20
221.746329
70
0
0
VERTEX
8
Layer 1
10
704.237492
20
222.179584
70
0
0
VERTEX
8
Layer 1
10
705.379060
20
222.692215
70
0
0
VERTEX
8
Layer 1
10
706.226278
20
223.343752
70
0
0
VERTEX
8
Layer 1
10
707.319890
20
224.366808
70
0
0
VERTEX
8
Layer 1
10
708.307668
20
223.661252
70
0
0
VERTEX
8
Layer 1
10
709.295447
20
222.920418
70
0
0
VERTEX
8
Layer 1
10
712.470449
20
223.908197
70
0
0
VERTEX
8
Layer 1
10
715.045728
20
224.887156
70
0
0
VERTEX
8
Layer 1
10
715.546232
20
225.277416
70
0
0
VERTEX
8
Layer 1
10
715.716006
20
225.707364
70
0
0
VERTEX
8
Layer 1
10
716.002639
20
226.391974
70
0
0
VERTEX
8
Layer 1
10
716.580312
20
226.845073
70
0
0
VERTEX
8
Layer 1
10
717.422570
20
227.046818
70
0
0
VERTEX
8
Layer 1
10
718.502953
20
226.977365
70
0
0
VERTEX
8
Layer 1
10
719.288435
20
226.942087
70
0
0
VERTEX
8
Layer 1
10
720.183058
20
227.065560
70
0
0
VERTEX
8
Layer 1
10
722.736289
20
227.894588
70
0
0
VERTEX
8
Layer 1
10
724.304497
20
228.519667
70
0
0
VERTEX
8
Layer 1
10
725.227783
20
229.005839
70
0
0
VERTEX
8
Layer 1
10
725.707892
20
229.492011
70
0
0
VERTEX
8
Layer 1
10
725.946568
20
230.117089
70
0
0
VERTEX
8
Layer 1
10
726.147211
20
230.753192
70
0
0
VERTEX
8
Layer 1
10
726.440458
20
231.078409
70
0
0
VERTEX
8
Layer 1
10
726.998288
20
231.178731
70
0
0
VERTEX
8
Layer 1
10
727.992681
20
231.140146
70
0
0
VERTEX
8
Layer 1
10
728.982664
20
231.152272
70
0
0
VERTEX
8
Layer 1
10
729.932960
20
231.342993
70
0
0
VERTEX
8
Layer 1
10
732.614073
20
232.551258
70
0
0
VERTEX
8
Layer 1
10
734.924769
20
233.905043
70
0
0
VERTEX
8
Layer 1
10
735.402121
20
234.381845
70
0
0
VERTEX
8
Layer 1
10
735.542130
20
234.809037
70
0
0
VERTEX
8
Layer 1
10
735.687651
20
235.480969
70
0
0
VERTEX
8
Layer 1
10
736.071297
20
235.977614
70
0
0
VERTEX
8
Layer 1
10
736.613693
20
236.242749
70
0
0
VERTEX
8
Layer 1
10
737.235464
20
236.220149
70
0
0
VERTEX
8
Layer 1
10
737.693525
20
236.233378
70
0
0
VERTEX
8
Layer 1
10
738.386403
20
236.484732
70
0
0
VERTEX
8
Layer 1
10
740.516300
20
237.701816
70
0
0
VERTEX
8
Layer 1
10
742.303892
20
238.946461
70
0
0
VERTEX
8
Layer 1
10
743.466406
20
239.906679
70
0
0
VERTEX
8
Layer 1
10
744.132826
20
240.708146
70
0
0
VERTEX
8
Layer 1
10
744.432136
20
241.476541
70
0
0
VERTEX
8
Layer 1
10
744.555608
20
241.817743
70
0
0
VERTEX
8
Layer 1
10
744.837830
20
242.063034
70
0
0
VERTEX
8
Layer 1
10
745.984359
20
242.358486
70
0
0
VERTEX
8
Layer 1
10
747.052615
20
242.620313
70
0
0
VERTEX
8
Layer 1
10
748.127485
20
243.183105
70
0
0
VERTEX
8
Layer 1
10
749.427252
20
244.189073
70
0
0
VERTEX
8
Layer 1
10
751.170195
20
245.780433
70
0
0
VERTEX
8
Layer 1
10
752.519571
20
247.279739
70
0
0
VERTEX
8
Layer 1
10
752.698165
20
247.804496
70
0
0
VERTEX
8
Layer 1
10
752.651863
20
248.355712
70
0
0
VERTEX
8
Layer 1
10
752.646351
20
249.130721
70
0
0
VERTEX
8
Layer 1
10
752.951724
20
249.713907
70
0
0
VERTEX
8
Layer 1
10
753.495223
20
250.032510
70
0
0
VERTEX
8
Layer 1
10
754.204086
20
250.013769
70
0
0
VERTEX
8
Layer 1
10
755.036422
20
250.066134
70
0
0
VERTEX
8
Layer 1
10
756.047351
20
250.591443
70
0
0
VERTEX
8
Layer 1
10
757.230260
20
251.586387
70
0
0
VERTEX
8
Layer 1
10
758.578533
20
253.047659
70
0
0
VERTEX
8
Layer 1
10
759.901451
20
254.820369
70
0
0
VERTEX
8
Layer 1
10
760.136269
20
255.468598
70
0
0
VERTEX
8
Layer 1
10
760.166034
20
256.116828
70
0
0
VERTEX
8
Layer 1
10
760.172098
20
256.857111
70
0
0
VERTEX
8
Layer 1
10
760.426208
20
257.355961
70
0
0
VERTEX
8
Layer 1
10
761.044121
20
257.729134
70
0
0
VERTEX
8
Layer 1
10
762.141591
20
258.092385
70
0
0
VERTEX
8
Layer 1
10
762.765843
20
258.472999
70
0
0
VERTEX
8
Layer 1
10
763.550498
20
259.219070
70
0
0
VERTEX
8
Layer 1
10
765.263676
20
261.337942
70
0
0
VERTEX
8
Layer 1
10
766.606438
20
263.509732
70
0
0
VERTEX
8
Layer 1
10
766.928072
20
264.321948
70
0
0
VERTEX
8
Layer 1
10
766.904094
20
264.795167
70
0
0
VERTEX
8
Layer 1
10
766.686915
20
265.360714
70
0
0
VERTEX
8
Layer 1
10
766.780622
20
265.985793
70
0
0
VERTEX
8
Layer 1
10
767.112454
20
266.491808
70
0
0
VERTEX
8
Layer 1
10
767.609650
20
266.700168
70
0
0
VERTEX
8
Layer 1
10
768.496005
20
266.958688
70
0
0
VERTEX
8
Layer 1
10
769.435276
20
267.709995
70
0
0
VERTEX
8
Layer 1
10
770.387777
20
268.917708
70
0
0
VERTEX
8
Layer 1
10
771.313819
20
270.545448
70
0
0
VERTEX
8
Layer 1
10
772.253091
20
272.657706
70
0
0
VERTEX
8
Layer 1
10
772.271281
20
273.239239
70
0
0
VERTEX
8
Layer 1
10
772.054653
20
273.791006
70
0
0
VERTEX
8
Layer 1
10
771.786762
20
274.490498
70
0
0
VERTEX
8
Layer 1
10
771.869445
20
275.021319
70
0
0
VERTEX
8
Layer 1
10
772.362231
20
275.492608
70
0
0
VERTEX
8
Layer 1
10
773.324654
20
276.013507
70
0
0
VERTEX
8
Layer 1
10
774.289281
20
276.658981
70
0
0
VERTEX
8
Layer 1
10
775.141460
20
277.684793
70
0
0
VERTEX
8
Layer 1
10
775.914265
20
279.153783
70
0
0
VERTEX
8
Layer 1
10
776.640767
20
281.128788
70
0
0
VERTEX
8
Layer 1
10
777.033233
20
282.654553
70
0
0
VERTEX
8
Layer 1
10
777.002916
20
283.053633
70
0
0
VERTEX
8
Layer 1
10
776.817156
20
283.280734
70
0
0
VERTEX
8
Layer 1
10
776.570211
20
283.756984
70
0
0
VERTEX
8
Layer 1
10
776.534934
20
284.550735
70
0
0
VERTEX
8
Layer 1
10
776.786288
20
285.366534
70
0
0
VERTEX
8
Layer 1
10
777.381601
20
285.679624
70
0
0
VERTEX
8
Layer 1
10
778.178659
20
285.969564
70
0
0
VERTEX
8
Layer 1
10
778.836810
20
286.676222
70
0
0
VERTEX
8
Layer 1
10
779.455274
20
287.951735
70
0
0
VERTEX
8
Layer 1
10
780.133269
20
289.948238
70
0
0
VERTEX
8
Layer 1
10
780.838825
20
292.554386
70
0
0
VERTEX
8
Layer 1
10
780.778191
20
293.118279
70
0
0
VERTEX
8
Layer 1
10
780.486047
20
293.546574
70
0
0
VERTEX
8
Layer 1
10
780.110118
20
294.253783
70
0
0
VERTEX
8
Layer 1
10
780.124450
20
295.023832
70
0
0
VERTEX
8
Layer 1
10
780.495969
20
295.734349
70
0
0
VERTEX
8
Layer 1
10
781.191603
20
296.262964
70
0
0
VERTEX
8
Layer 1
10
781.840384
20
296.769532
70
0
0
VERTEX
8
Layer 1
10
782.333722
20
297.722583
70
0
0
VERTEX
8
Layer 1
10
782.714612
20
299.224646
70
0
0
VERTEX
8
Layer 1
10
783.026049
20
301.378245
70
0
0
VERTEX
8
Layer 1
10
783.114243
20
303.164184
70
0
0
VERTEX
8
Layer 1
10
782.936752
20
303.595786
70
0
0
VERTEX
8
Layer 1
10
782.567437
20
303.918247
70
0
0
VERTEX
8
Layer 1
10
782.100558
20
304.527340
70
0
0
VERTEX
8
Layer 1
10
782.007402
20
305.272033
70
0
0
VERTEX
8
Layer 1
10
782.264820
20
305.957194
70
0
0
VERTEX
8
Layer 1
10
782.849660
20
306.387693
70
0
0
VERTEX
8
Layer 1
10
783.451587
20
306.728344
70
0
0
VERTEX
8
Layer 1
10
783.881535
20
307.393110
70
0
0
VERTEX
8
Layer 1
10
784.218879
20
308.560585
70
0
0
VERTEX
8
Layer 1
10
784.542994
20
310.409362
70
0
0
VERTEX
8
Layer 1
10
784.770646
20
312.238296
70
0
0
VERTEX
8
Layer 1
10
784.750251
20
313.425614
70
0
0
VERTEX
8
Layer 1
10
784.458658
20
314.110224
70
0
0
VERTEX
8
Layer 1
10
783.872716
20
314.431031
70
0
0
VERTEX
8
Layer 1
10
783.511670
20
314.592606
70
0
0
VERTEX
8
Layer 1
10
783.272993
20
314.850506
70
0
0
VERTEX
8
Layer 1
10
783.149521
20
315.564331
70
0
0
VERTEX
8
Layer 1
10
783.475841
20
316.390603
70
0
0
VERTEX
8
Layer 1
10
784.225494
20
317.147422
70
0
0
VERTEX
8
Layer 1
10
784.837343
20
317.636350
70
0
0
VERTEX
8
Layer 1
10
785.151536
20
318.227805
70
0
0
VERTEX
8
Layer 1
10
785.267292
20
319.275666
70
0
0
VERTEX
8
Layer 1
10
785.283828
20
321.133813
70
0
0
VERTEX
8
Layer 1
10
785.246345
20
323.169453
70
0
0
VERTEX
8
Layer 1
10
785.089800
20
324.374961
70
0
0
VERTEX
8
Layer 1
10
784.748046
20
325.018230
70
0
0
VERTEX
8
Layer 1
10
784.154938
20
325.367149
70
0
0
VERTEX
8
Layer 1
10
783.692468
20
325.794342
70
0
0
VERTEX
8
Layer 1
10
783.524348
20
326.482810
70
0
0
VERTEX
8
Layer 1
10
783.653883
20
327.177893
70
0
0
VERTEX
8
Layer 1
10
784.084383
20
327.624929
70
0
0
VERTEX
8
Layer 1
10
784.627881
20
328.036687
70
0
0
VERTEX
8
Layer 1
10
784.939869
20
328.828784
70
0
0
VERTEX
8
Layer 1
10
785.026962
20
330.050829
70
0
0
VERTEX
8
Layer 1
10
784.895772
20
331.752431
70
0
0
VERTEX
8
Layer 1
10
784.622920
20
333.711452
70
0
0
VERTEX
8
Layer 1
10
784.326918
20
334.883336
70
0
0
VERTEX
8
Layer 1
10
783.918467
20
335.512824
70
0
0
VERTEX
8
Layer 1
10
783.308271
20
335.844656
70
0
0
VERTEX
8
Layer 1
10
782.723983
20
336.313740
70
0
0
VERTEX
8
Layer 1
10
782.470423
20
337.004414
70
0
0
VERTEX
8
Layer 1
10
782.574052
20
337.714931
70
0
0
VERTEX
8
Layer 1
10
783.061327
20
338.243546
70
0
0
VERTEX
8
Layer 1
10
783.404183
20
338.751285
70
0
0
VERTEX
8
Layer 1
10
783.548601
20
339.659619
70
0
0
VERTEX
8
Layer 1
10
783.334730
20
342.163792
70
0
0
VERTEX
8
Layer 1
10
782.604920
20
344.727496
70
0
0
VERTEX
8
Layer 1
10
782.104416
20
345.710244
70
0
0
VERTEX
8
Layer 1
10
781.544381
20
346.322163
70
0
0
VERTEX
8
Layer 1
10
780.859220
20
346.908105
70
0
0
VERTEX
8
Layer 1
10
780.508096
20
347.570115
70
0
0
VERTEX
8
Layer 1
10
780.507545
20
348.251969
70
0
0
VERTEX
8
Layer 1
10
780.874103
20
348.897442
70
0
0
VERTEX
8
Layer 1
10
781.174516
20
349.304790
70
0
0
VERTEX
8
Layer 1
10
781.293027
20
349.774977
70
0
0
VERTEX
8
Layer 1
10
781.050492
20
351.472721
70
0
0
VERTEX
8
Layer 1
10
780.537310
20
353.383235
70
0
0
VERTEX
8
Layer 1
10
779.855457
20
354.982863
70
0
0
VERTEX
8
Layer 1
10
779.100842
20
356.106240
70
0
0
VERTEX
8
Layer 1
10
778.369379
20
356.588002
70
0
0
VERTEX
8
Layer 1
10
777.684218
20
356.909912
70
0
0
VERTEX
8
Layer 1
10
777.227260
20
357.522864
70
0
0
VERTEX
8
Layer 1
10
777.094417
20
358.215191
70
0
0
VERTEX
8
Layer 1
10
777.381601
20
358.775226
70
0
0
VERTEX
8
Layer 1
10
777.759735
20
359.298330
70
0
0
VERTEX
8
Layer 1
10
777.813754
20
360.049637
70
0
0
VERTEX
8
Layer 1
10
777.510585
20
361.230892
70
0
0
VERTEX
8
Layer 1
10
776.817156
20
363.043840
70
0
0
VERTEX
8
Layer 1
10
775.999152
20
364.835291
70
0
0
VERTEX
8
Layer 1
10
775.300211
20
366.024814
70
0
0
VERTEX
8
Layer 1
10
774.654186
20
366.685170
70
0
0
VERTEX
8
Layer 1
10
773.994932
20
366.889120
70
0
0
VERTEX
8
Layer 1
10
773.456946
20
367.140474
70
0
0
VERTEX
8
Layer 1
10
772.971876
20
367.735787
70
0
0
VERTEX
8
Layer 1
10
772.707292
20
368.538357
70
0
0
VERTEX
8
Layer 1
10
772.971876
20
369.288010
70
0
0
VERTEX
8
Layer 1
10
773.179133
20
369.735046
70
0
0
VERTEX
8
Layer 1
10
773.201181
20
370.218462
70
0
0
VERTEX
8
Layer 1
10
772.583820
20
371.863290
70
0
0
VERTEX
8
Layer 1
10
771.560764
20
373.822861
70
0
0
VERTEX
8
Layer 1
10
770.590624
20
375.263188
70
0
0
VERTEX
8
Layer 1
10
769.726318
20
376.114816
70
0
0
VERTEX
8
Layer 1
10
769.350389
20
376.298164
70
0
0
VERTEX
8
Layer 1
10
769.020762
20
376.308293
70
0
0
VERTEX
8
Layer 1
10
768.389069
20
376.403653
70
0
0
VERTEX
8
Layer 1
10
767.830136
20
376.859508
70
0
0
VERTEX
8
Layer 1
10
767.522558
20
377.454270
70
0
0
VERTEX
8
Layer 1
10
767.644928
20
377.966349
70
0
0
VERTEX
8
Layer 1
10
767.946443
20
378.538511
70
0
0
VERTEX
8
Layer 1
10
767.808088
20
379.342183
70
0
0
VERTEX
8
Layer 1
10
767.173639
20
380.516273
70
0
0
VERTEX
8
Layer 1
10
765.986871
20
382.199685
70
0
0
VERTEX
8
Layer 1
10
764.205342
20
384.360450
70
0
0
VERTEX
8
Layer 1
10
763.615542
20
384.769452
70
0
0
VERTEX
8
Layer 1
10
763.058814
20
384.880798
70
0
0
VERTEX
8
Layer 1
10
762.130567
20
385.072621
70
0
0
VERTEX
8
Layer 1
10
761.453674
20
385.595173
70
0
0
VERTEX
8
Layer 1
10
761.094282
20
386.369080
70
0
0
VERTEX
8
Layer 1
10
761.118535
20
387.314966
70
0
0
VERTEX
8
Layer 1
10
761.173105
20
387.971464
70
0
0
VERTEX
8
Layer 1
10
760.920097
20
388.624655
70
0
0
VERTEX
8
Layer 1
10
758.896034
20
390.913302
70
0
0
VERTEX
8
Layer 1
10
756.757317
20
392.888859
70
0
0
VERTEX
8
Layer 1
10
756.142712
20
393.195334
70
0
0
VERTEX
8
Layer 1
10
755.650476
20
393.171081
70
0
0
VERTEX
8
Layer 1
10
754.851765
20
393.150135
70
0
0
VERTEX
8
Layer 1
10
754.182038
20
393.532678
70
0
0
VERTEX
8
Layer 1
10
753.770280
20
394.193035
70
0
0
VERTEX
8
Layer 1
10
753.745475
20
395.005527
70
0
0
VERTEX
8
Layer 1
10
753.789572
20
395.504928
70
0
0
VERTEX
8
Layer 1
10
753.622003
20
396.010944
70
0
0
VERTEX
8
Layer 1
10
752.440196
20
397.439695
70
0
0
VERTEX
8
Layer 1
10
750.902305
20
398.898211
70
0
0
VERTEX
8
Layer 1
10
749.529778
20
399.953238
70
0
0
VERTEX
8
Layer 1
10
748.421834
20
400.545244
70
0
0
VERTEX
8
Layer 1
10
747.677693
20
400.614697
70
0
0
VERTEX
8
Layer 1
10
747.052615
20
400.612492
70
0
0
VERTEX
8
Layer 1
10
746.434151
20
400.993933
70
0
0
VERTEX
8
Layer 1
10
745.961208
20
401.626729
70
0
0
VERTEX
8
Layer 1
10
745.772692
20
402.378587
70
0
0
VERTEX
8
Layer 1
10
745.560474
20
403.003665
70
0
0
VERTEX
8
Layer 1
10
744.815782
20
403.807338
70
0
0
VERTEX
8
Layer 1
10
741.080745
20
406.506089
70
0
0
VERTEX
8
Layer 1
10
739.823973
20
407.176368
70
0
0
VERTEX
8
Layer 1
10
739.349376
20
407.220465
70
0
0
VERTEX
8
Layer 1
10
738.858243
20
407.105812
70
0
0
VERTEX
8
Layer 1
10
738.073863
20
406.974623
70
0
0
VERTEX
8
Layer 1
10
737.345708
20
407.167548
70
0
0
VERTEX
8
Layer 1
10
736.809375
20
407.611828
70
0
0
VERTEX
8
Layer 1
10
736.600464
20
408.234702
70
0
0
VERTEX
8
Layer 1
10
736.487465
20
409.032311
70
0
0
VERTEX
8
Layer 1
10
736.066887
20
409.720779
70
0
0
VERTEX
8
Layer 1
10
735.216362
20
410.442320
70
0
0
VERTEX
8
Layer 1
10
733.813518
20
411.339148
70
0
0
VERTEX
8
Layer 1
10
731.972458
20
412.328580
70
0
0
VERTEX
8
Layer 1
10
730.620877
20
412.878142
70
0
0
VERTEX
8
Layer 1
10
729.666171
20
413.010985
70
0
0
VERTEX
8
Layer 1
10
729.015737
20
412.750260
70
0
0
VERTEX
8
Layer 1
10
728.335537
20
412.557886
70
0
0
VERTEX
8
Layer 1
10
727.516431
20
412.798767
70
0
0
VERTEX
8
Layer 1
10
726.803157
20
413.350534
70
0
0
VERTEX
8
Layer 1
10
726.440458
20
414.090816
70
0
0
VERTEX
8
Layer 1
10
726.004997
20
414.793616
70
0
0
VERTEX
8
Layer 1
10
724.941151
20
415.559255
70
0
0
VERTEX
8
Layer 1
10
723.295221
20
416.357966
70
0
0
VERTEX
8
Layer 1
10
721.113510
20
417.159985
70
0
0
VERTEX
8
Layer 1
10
719.455453
20
417.565680
70
0
0
VERTEX
8
Layer 1
10
718.920774
20
417.527095
70
0
0
VERTEX
8
Layer 1
10
718.432397
20
417.336374
70
0
0
VERTEX
8
Layer 1
10
717.490921
20
417.007298
70
0
0
VERTEX
8
Layer 1
10
716.721424
20
417.137936
70
0
0
VERTEX
8
Layer 1
10
716.110677
20
417.738210
70
0
0
VERTEX
8
Layer 1
10
715.645451
20
418.818042
70
0
0
VERTEX
8
Layer 1
10
714.987851
20
419.404535
70
0
0
VERTEX
8
Layer 1
10
713.559651
20
420.096862
70
0
0
VERTEX
8
Layer 1
10
711.780878
20
420.723043
70
0
0
VERTEX
8
Layer 1
10
710.071558
20
421.111099
70
0
0
VERTEX
8
Layer 1
10
708.933849
20
421.106689
70
0
0
VERTEX
8
Layer 1
10
708.533667
20
420.907700
70
0
0
VERTEX
8
Layer 1
10
708.166557
20
420.546654
70
0
0
VERTEX
8
Layer 1
10
707.483050
20
420.030716
70
0
0
VERTEX
8
Layer 1
10
706.720167
20
419.805820
70
0
0
VERTEX
8
Layer 1
10
706.070835
20
419.949687
70
0
0
VERTEX
8
Layer 1
10
705.467805
20
420.321758
70
0
0
VERTEX
8
Layer 1
10
705.023526
20
420.832735
70
0
0
VERTEX
8
Layer 1
10
704.850444
20
421.393321
70
0
0
VERTEX
8
Layer 1
10
704.734689
20
421.827679
70
0
0
VERTEX
8
Layer 1
10
704.294819
20
422.169433
70
0
0
VERTEX
8
Layer 1
10
701.887109
20
422.839711
70
0
0
VERTEX
8
Layer 1
10
699.871313
20
423.208474
70
0
0
VERTEX
8
Layer 1
10
698.460752
20
423.302732
70
0
0
VERTEX
8
Layer 1
10
697.546286
20
423.112563
70
0
0
VERTEX
8
Layer 1
10
697.018772
20
422.628044
70
0
0
VERTEX
8
Layer 1
10
696.329202
20
422.023360
70
0
0
VERTEX
8
Layer 1
10
695.444501
20
421.891620
70
0
0
VERTEX
8
Layer 1
10
694.553185
20
422.216286
70
0
0
VERTEX
8
Layer 1
10
693.843770
20
422.980822
70
0
0
VERTEX
8
Layer 1
10
693.244048
20
424.039156
70
0
0
VERTEX
8
Layer 1
10
689.716268
20
424.039156
70
0
0
VERTEX
8
Layer 1
10
687.105711
20
423.937732
70
0
0
VERTEX
8
Layer 1
10
686.322984
20
423.815914
70
0
0
VERTEX
8
Layer 1
10
685.976821
20
423.651100
70
0
0
VERTEX
8
Layer 1
10
685.544668
20
423.298322
70
0
0
VERTEX
8
Layer 1
10
684.847931
20
422.945544
70
0
0
VERTEX
8
Layer 1
10
684.371130
20
422.825379
70
0
0
VERTEX
8
Layer 1
10
683.943938
20
422.857350
70
0
0
VERTEX
8
Layer 1
10
682.907652
20
423.509989
70
0
0
VERTEX
8
Layer 1
10
681.999249
20
424.136170
70
0
0
VERTEX
8
Layer 1
10
681.249596
20
424.391934
70
0
0
VERTEX
8
Layer 1
10
679.741470
20
423.704017
70
0
0
VERTEX
8
Layer 1
10
677.016260
20
422.063599
70
0
0
VERTEX
8
Layer 1
10
677.016260
20
422.063599
70
0
0
SEQEND
8
Layer 1
0
POLYLINE
8
Layer 1
62
7
70
0
10
0.000000
20
0.000000
66
1
0
VERTEX
8
Layer 1
10
681.320151
20
389.043578
70
0
0
VERTEX
8
Layer 1
10
680.341192
20
383.597568
70
0
0
VERTEX
8
Layer 1
10
679.309317
20
379.342183
70
0
0
VERTEX
8
Layer 1
10
677.602753
20
383.209512
70
0
0
VERTEX
8
Layer 1
10
675.816815
20
388.055800
70
0
0
VERTEX
8
Layer 1
10
675.393481
20
389.713857
70
0
0
VERTEX
8
Layer 1
10
675.363164
20
390.252394
70
0
0
VERTEX
8
Layer 1
10
675.838863
20
390.582572
70
0
0
VERTEX
8
Layer 1
10
677.035552
20
390.760615
70
0
0
VERTEX
8
Layer 1
10
679.168206
20
390.842746
70
0
0
VERTEX
8
Layer 1
10
681.531818
20
390.878024
70
0
0
VERTEX
8
Layer 1
10
681.320151
20
389.043578
70
0
0
VERTEX
8
Layer 1
10
681.320151
20
389.043578
70
0
0
SEQEND
8
Layer 1
0
POLYLINE
8
Layer 1
62
7
70
0
10
0.000000
20
0.000000
66
1
0
VERTEX
8
Layer 1
10
689.398768
20
390.666357
70
0
0
VERTEX
8
Layer 1
10
690.704046
20
390.454690
70
0
0
VERTEX
8
Layer 1
10
690.210157
20
389.431634
70
0
0
VERTEX
8
Layer 1
10
689.839740
20
388.505592
70
0
0
VERTEX
8
Layer 1
10
689.680990
20
387.632466
70
0
0
VERTEX
8
Layer 1
10
688.743923
20
384.555581
70
0
0
VERTEX
8
Layer 1
10
686.655919
20
378.680725
70
0
0
VERTEX
8
Layer 1
10
684.501768
20
372.977848
70
0
0
VERTEX
8
Layer 1
10
683.366264
20
370.416900
70
0
0
VERTEX
8
Layer 1
10
682.832687
20
371.272387
70
0
0
VERTEX
8
Layer 1
10
681.849318
20
373.344957
70
0
0
VERTEX
8
Layer 1
10
680.508762
20
376.237737
70
0
0
VERTEX
8
Layer 1
10
681.602374
20
381.000240
70
0
0
VERTEX
8
Layer 1
10
683.260430
20
387.703022
70
0
0
VERTEX
8
Layer 1
10
684.001264
20
390.525246
70
0
0
VERTEX
8
Layer 1
10
684.571772
20
390.755654
70
0
0
VERTEX
8
Layer 1
10
685.945953
20
390.860385
70
0
0
VERTEX
8
Layer 1
10
687.697165
20
390.832824
70
0
0
VERTEX
8
Layer 1
10
689.398768
20
390.666357
70
0
0
VERTEX
8
Layer 1
10
689.398768
20
390.666357
70
0
0
SEQEND
8
Layer 1
0
POLYLINE
8
Layer 1
62
7
70
0
10
0.000000
20
0.000000
66
1
0
VERTEX
8
Layer 1
10
699.382385
20
389.043578
70
0
0
VERTEX
8
Layer 1
10
703.086554
20
388.055800
70
0
0
VERTEX
8
Layer 1
10
703.341216
20
387.550886
70
0
0
VERTEX
8
Layer 1
10
703.483429
20
386.080243
70
0
0
VERTEX
8
Layer 1
10
703.509888
20
378.283849
70
0
0
VERTEX
8
Layer 1
10
703.407361
20
370.765268
70
0
0
VERTEX
8
Layer 1
10
703.192387
20
366.448147
70
0
0
VERTEX
8
Layer 1
10
702.765747
20
364.274153
70
0
0
VERTEX
8
Layer 1
10
702.442045
20
363.660099
70
0
0
VERTEX
8
Layer 1
10
702.028220
20
363.184951
70
0
0
VERTEX
8
Layer 1
10
701.040442
20
362.232450
70
0
0
VERTEX
8
Layer 1
10
698.253495
20
363.290784
70
0
0
VERTEX
8
Layer 1
10
695.486393
20
364.193676
70
0
0
VERTEX
8
Layer 1
10
692.256269
20
365.010577
70
0
0
VERTEX
8
Layer 1
10
689.184896
20
365.602583
70
0
0
VERTEX
8
Layer 1
10
686.894044
20
365.830786
70
0
0
VERTEX
8
Layer 1
10
685.659321
20
365.998356
70
0
0
VERTEX
8
Layer 1
10
685.266855
20
366.247505
70
0
0
VERTEX
8
Layer 1
10
684.953765
20
366.642175
70
0
0
VERTEX
8
Layer 1
10
684.731625
20
367.266151
70
0
0
VERTEX
8
Layer 1
10
684.922897
20
368.432524
70
0
0
VERTEX
8
Layer 1
10
687.246822
20
374.826625
70
0
0
VERTEX
8
Layer 1
10
690.809880
20
384.351631
70
0
0
VERTEX
8
Layer 1
10
692.432658
20
388.338022
70
0
0
VERTEX
8
Layer 1
10
693.314603
20
390.207746
70
0
0
VERTEX
8
Layer 1
10
694.760993
20
389.996079
70
0
0
VERTEX
8
Layer 1
10
699.382385
20
389.043578
70
0
0
VERTEX
8
Layer 1
10
699.382385
20
389.043578
70
0
0
SEQEND
8
Layer 1
0
POLYLINE
8
Layer 1
62
7
70
0
10
0.000000
20
0.000000
66
1
0
VERTEX
8
Layer 1
10
673.206257
20
388.479134
70
0
0
VERTEX
8
Layer 1
10
676.235738
20
381.608782
70
0
0
VERTEX
8
Layer 1
10
678.286261
20
376.378848
70
0
0
VERTEX
8
Layer 1
10
678.241612
20
375.100028
70
0
0
VERTEX
8
Layer 1
10
677.929073
20
373.106832
70
0
0
VERTEX
8
Layer 1
10
677.477627
20
371.100407
70
0
0
VERTEX
8
Layer 1
10
677.016260
20
369.781900
70
0
0
VERTEX
8
Layer 1
10
676.798530
20
369.526687
70
0
0
VERTEX
8
Layer 1
10
676.200461
20
370.253740
70
0
0
VERTEX
8
Layer 1
10
671.336534
20
378.530794
70
0
0
VERTEX
8
Layer 1
10
667.350143
20
385.705417
70
0
0
VERTEX
8
Layer 1
10
666.345828
20
387.773026
70
0
0
VERTEX
8
Layer 1
10
666.115420
20
388.620245
70
0
0
VERTEX
8
Layer 1
10
668.434935
20
389.294933
70
0
0
VERTEX
8
Layer 1
10
671.336534
20
389.784412
70
0
0
VERTEX
8
Layer 1
10
672.010671
20
389.744173
70
0
0
VERTEX
8
Layer 1
10
672.469833
20
389.568336
70
0
0
VERTEX
8
Layer 1
10
672.829777
20
389.174217
70
0
0
VERTEX
8
Layer 1
10
673.206257
20
388.479134
70
0
0
VERTEX
8
Layer 1
10
673.206257
20
388.479134
70
0
0
SEQEND
8
Layer 1
0
POLYLINE
8
Layer 1
62
7
70
0
10
0.000000
20
0.000000
66
1
0
VERTEX
8
Layer 1
10
708.977947
20
386.115521
70
0
0
VERTEX
8
Layer 1
10
711.311794
20
385.104040
70
0
0
VERTEX
8
Layer 1
10
713.996214
20
383.765138
70
0
0
VERTEX
8
Layer 1
10
716.270529
20
382.498995
70
0
0
VERTEX
8
Layer 1
10
717.374063
20
381.705796
70
0
0
VERTEX
8
Layer 1
10
717.034514
20
380.881177
70
0
0
VERTEX
8
Layer 1
10
715.927673
20
379.342183
70
0
0
VERTEX
8
Layer 1
10
709.846662
20
372.286623
70
0
0
VERTEX
8
Layer 1
10
705.273778
20
367.241898
70
0
0
VERTEX
8
Layer 1
10
705.232436
20
369.948918
70
0
0
VERTEX
8
Layer 1
10
705.366382
20
376.012841
70
0
0
VERTEX
8
Layer 1
10
705.802945
20
385.868576
70
0
0
VERTEX
8
Layer 1
10
706.023431
20
386.657917
70
0
0
VERTEX
8
Layer 1
10
706.296834
20
386.997466
70
0
0
VERTEX
8
Layer 1
10
708.977947
20
386.115521
70
0
0
VERTEX
8
Layer 1
10
708.977947
20
386.115521
70
0
0
SEQEND
8
Layer 1
0
POLYLINE
8
Layer 1
62
7
70
0
10
0.000000
20
0.000000
66
1
0
VERTEX
8
Layer 1
10
720.972399
20
379.448017
70
0
0
VERTEX
8
Layer 1
10
721.677955
20
378.663086
70
0
0
VERTEX
8
Layer 1
10
721.706618
20
378.396297
70
0
0
VERTEX
8
Layer 1
10
721.536843
20
378.142738
70
0
0
VERTEX
8
Layer 1
10
721.214933
20
377.657668
70
0
0
VERTEX
8
Layer 1
10
721.078232
20
377.119682
70
0
0
VERTEX
8
Layer 1
10
720.266843
20
374.950097
70
0
0
VERTEX
8
Layer 1
10
718.291286
20
370.558011
70
0
0
VERTEX
8
Layer 1
10
714.798784
20
362.938006
70
0
0
VERTEX
8
Layer 1
10
714.246466
20
361.890697
70
0
0
VERTEX
8
Layer 1
10
713.449408
20
361.015366
70
0
0
VERTEX
8
Layer 1
10
712.109954
20
360.060661
70
0
0
VERTEX
8
Layer 1
10
709.930447
20
358.775226
70
0
0
VERTEX
8
Layer 1
10
708.484057
20
357.928559
70
0
0
VERTEX
8
Layer 1
10
706.649612
20
359.092726
70
0
0
VERTEX
8
Layer 1
10
705.654668
20
359.769068
70
0
0
VERTEX
8
Layer 1
10
705.119437
20
360.296581
70
0
0
VERTEX
8
Layer 1
10
704.908322
20
360.883626
70
0
0
VERTEX
8
Layer 1
10
704.885722
20
361.738561
70
0
0
VERTEX
8
Layer 1
10
704.956277
20
362.933597
70
0
0
VERTEX
8
Layer 1
10
705.132666
20
363.784674
70
0
0
VERTEX
8
Layer 1
10
711.376837
20
371.157734
70
0
0
VERTEX
8
Layer 1
10
718.361841
20
379.130517
70
0
0
VERTEX
8
Layer 1
10
719.160002
20
379.950725
70
0
0
VERTEX
8
Layer 1
10
719.667120
20
380.294684
70
0
0
VERTEX
8
Layer 1
10
720.972399
20
379.448017
70
0
0
VERTEX
8
Layer 1
10
720.972399
20
379.448017
70
0
0
SEQEND
8
Layer 1
0
POLYLINE
8
Layer 1
62
7
70
0
10
0.000000
20
0.000000
66
1
0
VERTEX
8
Layer 1
10
725.523235
20
376.343570
70
0
0
VERTEX
8
Layer 1
10
729.143619
20
373.283221
70
0
0
VERTEX
8
Layer 1
10
731.308794
20
371.122456
70
0
0
VERTEX
8
Layer 1
10
730.872231
20
370.646206
70
0
0
VERTEX
8
Layer 1
10
729.827126
20
369.852455
70
0
0
VERTEX
8
Layer 1
10
722.815664
20
365.910161
70
0
0
VERTEX
8
Layer 1
10
718.952745
20
363.899326
70
0
0
VERTEX
8
Layer 1
10
717.127118
20
363.079118
70
0
0
VERTEX
8
Layer 1
10
717.660144
20
364.681501
70
0
0
VERTEX
8
Layer 1
10
719.221738
20
368.172350
70
0
0
VERTEX
8
Layer 1
10
721.041301
20
371.894709
70
0
0
VERTEX
8
Layer 1
10
722.348233
20
374.191625
70
0
0
VERTEX
8
Layer 1
10
723.547678
20
376.202459
70
0
0
VERTEX
8
Layer 1
10
723.851398
20
376.839664
70
0
0
VERTEX
8
Layer 1
10
724.204727
20
377.066765
70
0
0
VERTEX
8
Layer 1
10
724.723421
20
376.896991
70
0
0
VERTEX
8
Layer 1
10
725.523235
20
376.343570
70
0
0
VERTEX
8
Layer 1
10
725.523235
20
376.343570
70
0
0
SEQEND
8
Layer 1
0
POLYLINE
8
Layer 1
62
7
70
0
10
0.000000
20
0.000000
66
1
0
VERTEX
8
Layer 1
10
681.249596
20
370.134678
70
0
0
VERTEX
8
Layer 1
10
682.108390
20
367.973912
70
0
0
VERTEX
8
Layer 1
10
682.280231
20
367.222605
70
0
0
VERTEX
8
Layer 1
10
682.272652
20
366.659814
70
0
0
VERTEX
8
Layer 1
10
682.079864
20
366.262388
70
0
0
VERTEX
8
Layer 1
10
681.696080
20
366.007175
70
0
0
VERTEX
8
Layer 1
10
680.332373
20
365.830786
70
0
0
VERTEX
8
Layer 1
10
679.057962
20
365.963078
70
0
0
VERTEX
8
Layer 1
10
678.497927
20
366.359953
70
0
0
VERTEX
8
Layer 1
10
678.562420
20
367.632710
70
0
0
VERTEX
8
Layer 1
10
678.934490
20
369.848045
70
0
0
VERTEX
8
Layer 1
10
679.405780
20
371.950933
70
0
0
VERTEX
8
Layer 1
10
679.767928
20
372.886346
70
0
0
VERTEX
8
Layer 1
10
680.310324
20
372.079366
70
0
0
VERTEX
8
Layer 1
10
681.249596
20
370.134678
70
0
0
VERTEX
8
Layer 1
10
681.249596
20
370.134678
70
0
0
SEQEND
8
Layer 1
0
POLYLINE
8
Layer 1
62
7
70
0
10
0.000000
20
0.000000
66
1
0
VERTEX
8
Layer 1
10
735.365741
20
366.289397
70
0
0
VERTEX
8
Layer 1
10
737.306020
20
363.714118
70
0
0
VERTEX
8
Layer 1
10
736.706849
20
363.171171
70
0
0
VERTEX
8
Layer 1
10
734.840984
20
362.254499
70
0
0
VERTEX
8
Layer 1
10
726.899069
20
359.128004
70
0
0
VERTEX
8
Layer 1
10
716.209896
20
355.176890
70
0
0
VERTEX
8
Layer 1
10
714.102047
20
354.466925
70
0
0
VERTEX
8
Layer 1
10
713.105449
20
354.259668
70
0
0
VERTEX
8
Layer 1
10
713.256482
20
355.049008
70
0
0
VERTEX
8
Layer 1
10
713.837464
20
356.632100
70
0
0
VERTEX
8
Layer 1
10
714.563966
20
358.307795
70
0
0
VERTEX
8
Layer 1
10
715.151562
20
359.374949
70
0
0
VERTEX
8
Layer 1
10
718.098912
20
361.206638
70
0
0
VERTEX
8
Layer 1
10
723.940144
20
364.344709
70
0
0
VERTEX
8
Layer 1
10
729.840907
20
367.317415
70
0
0
VERTEX
8
Layer 1
10
732.966851
20
368.653010
70
0
0
VERTEX
8
Layer 1
10
733.848796
20
367.960683
70
0
0
VERTEX
8
Layer 1
10
735.365741
20
366.289397
70
0
0
VERTEX
8
Layer 1
10
735.365741
20
366.289397
70
0
0
SEQEND
8
Layer 1
0
POLYLINE
8
Layer 1
62
7
70
0
10
0.000000
20
0.000000
66
1
0
VERTEX
8
Layer 1
10
740.410466
20
359.233837
70
0
0
VERTEX
8
Layer 1
10
742.350745
20
356.058835
70
0
0
VERTEX
8
Layer 1
10
742.950468
20
354.965224
70
0
0
VERTEX
8
Layer 1
10
740.551578
20
352.531055
70
0
0
VERTEX
8
Layer 1
10
731.732128
20
344.029106
70
0
0
VERTEX
8
Layer 1
10
726.572749
20
339.368026
70
0
0
VERTEX
8
Layer 1
10
725.173764
20
338.299219
70
0
0
VERTEX
8
Layer 1
10
724.429623
20
337.961324
70
0
0
VERTEX
8
Layer 1
10
723.948412
20
338.071567
70
0
0
VERTEX
8
Layer 1
10
723.490352
20
338.499310
70
0
0
VERTEX
8
Layer 1
10
722.207122
20
340.889381
70
0
0
VERTEX
8
Layer 1
10
720.915072
20
343.458597
70
0
0
VERTEX
8
Layer 1
10
719.570106
20
345.753308
70
0
0
VERTEX
8
Layer 1
10
718.079619
20
347.909112
70
0
0
VERTEX
8
Layer 1
10
716.351007
20
350.061609
70
0
0
VERTEX
8
Layer 1
10
715.050138
20
351.768173
70
0
0
VERTEX
8
Layer 1
10
714.738701
20
352.338681
70
0
0
VERTEX
8
Layer 1
10
714.728228
20
352.601611
70
0
0
VERTEX
8
Layer 1
10
718.432397
20
354.012723
70
0
0
VERTEX
8
Layer 1
10
727.992681
20
357.540503
70
0
0
VERTEX
8
Layer 1
10
736.529908
20
360.503838
70
0
0
VERTEX
8
Layer 1
10
738.964077
20
361.209394
70
0
0
VERTEX
8
Layer 1
10
740.410466
20
359.233837
70
0
0
VERTEX
8
Layer 1
10
740.410466
20
359.233837
70
0
0
SEQEND
8
Layer 1
0
POLYLINE
8
Layer 1
62
7
70
0
10
0.000000
20
0.000000
66
1
0
VERTEX
8
Layer 1
10
712.011837
20
356.834947
70
0
0
VERTEX
8
Layer 1
10
711.580787
20
356.021353
70
0
0
VERTEX
8
Layer 1
10
711.235726
20
355.670780
70
0
0
VERTEX
8
Layer 1
10
710.890665
20
355.743540
70
0
0
VERTEX
8
Layer 1
10
710.459614
20
356.199947
70
0
0
VERTEX
8
Layer 1
10
710.181802
20
356.658558
70
0
0
VERTEX
8
Layer 1
10
710.353781
20
356.905503
70
0
0
VERTEX
8
Layer 1
10
711.412115
20
357.540503
70
0
0
VERTEX
8
Layer 1
10
712.041603
20
357.956120
70
0
0
VERTEX
8
Layer 1
10
712.346976
20
357.981475
70
0
0
VERTEX
8
Layer 1
10
712.334850
20
357.609956
70
0
0
VERTEX
8
Layer 1
10
712.011837
20
356.834947
70
0
0
VERTEX
8
Layer 1
10
712.011837
20
356.834947
70
0
0
SEQEND
8
Layer 1
0
POLYLINE
8
Layer 1
62
7
70
0
10
0.000000
20
0.000000
66
1
0
VERTEX
8
Layer 1
10
683.436819
20
353.095500
70
0
0
VERTEX
8
Layer 1
10
684.424598
20
351.296332
70
0
0
VERTEX
8
Layer 1
10
683.189875
20
349.497165
70
0
0
VERTEX
8
Layer 1
10
681.073207
20
346.604385
70
0
0
VERTEX
8
Layer 1
10
680.261817
20
345.581329
70
0
0
VERTEX
8
Layer 1
10
678.780150
20
346.216329
70
0
0
VERTEX
8
Layer 1
10
677.765913
20
346.816052
70
0
0
VERTEX
8
Layer 1
10
677.333760
20
347.309941
70
0
0
VERTEX
8
Layer 1
10
678.242163
20
350.352651
70
0
0
VERTEX
8
Layer 1
10
679.626817
20
354.294945
70
0
0
VERTEX
8
Layer 1
10
680.125116
20
354.753557
70
0
0
VERTEX
8
Layer 1
10
681.179040
20
354.894668
70
0
0
VERTEX
8
Layer 1
10
681.893967
20
354.841751
70
0
0
VERTEX
8
Layer 1
10
682.400534
20
354.603626
70
0
0
VERTEX
8
Layer 1
10
682.860799
20
354.061230
70
0
0
VERTEX
8
Layer 1
10
683.436819
20
353.095500
70
0
0
VERTEX
8
Layer 1
10
683.436819
20
353.095500
70
0
0
SEQEND
8
Layer 1
0
POLYLINE
8
Layer 1
62
7
70
0
10
0.000000
20
0.000000
66
1
0
VERTEX
8
Layer 1
10
686.611821
20
354.683001
70
0
0
VERTEX
8
Layer 1
10
686.594182
20
354.202341
70
0
0
VERTEX
8
Layer 1
10
686.259043
20
353.377723
70
0
0
VERTEX
8
Layer 1
10
685.886422
20
352.774141
70
0
0
VERTEX
8
Layer 1
10
685.579946
20
352.676576
70
0
0
VERTEX
8
Layer 1
10
685.286699
20
353.114793
70
0
0
VERTEX
8
Layer 1
10
684.953765
20
354.118556
70
0
0
VERTEX
8
Layer 1
10
684.896438
20
354.744737
70
0
0
VERTEX
8
Layer 1
10
685.553487
20
354.894668
70
0
0
VERTEX
8
Layer 1
10
686.611821
20
354.683001
70
0
0
VERTEX
8
Layer 1
10
686.611821
20
354.683001
70
0
0
SEQEND
8
Layer 1
0
POLYLINE
8
Layer 1
62
7
70
0
10
0.000000
20
0.000000
66
1
0
VERTEX
8
Layer 1
10
677.862927
20
353.942167
70
0
0
VERTEX
8
Layer 1
10
676.734037
20
351.049388
70
0
0
VERTEX
8
Layer 1
10
675.715391
20
348.593171
70
0
0
VERTEX
8
Layer 1
10
675.409466
20
348.345675
70
0
0
VERTEX
8
Layer 1
10
675.040703
20
348.438831
70
0
0
VERTEX
8
Layer 1
10
674.698398
20
348.917286
70
0
0
VERTEX
8
Layer 1
10
674.524765
20
349.911679
70
0
0
VERTEX
8
Layer 1
10
674.529726
20
351.236801
70
0
0
VERTEX
8
Layer 1
10
674.723203
20
352.707444
70
0
0
VERTEX
8
Layer 1
10
674.885811
20
353.260314
70
0
0
VERTEX
8
Layer 1
10
675.150946
20
353.637896
70
0
0
VERTEX
8
Layer 1
10
676.240148
20
354.118556
70
0
0
VERTEX
8
Layer 1
10
677.845288
20
354.466925
70
0
0
VERTEX
8
Layer 1
10
677.986399
20
354.321955
70
0
0
VERTEX
8
Layer 1
10
677.862927
20
353.942167
70
0
0
VERTEX
8
Layer 1
10
677.862927
20
353.942167
70
0
0
SEQEND
8
Layer 1
0
POLYLINE
8
Layer 1
62
7
70
0
10
0.000000
20
0.000000
66
1
0
VERTEX
8
Layer 1
10
692.785436
20
353.624667
70
0
0
VERTEX
8
Layer 1
10
693.363662
20
353.345201
70
0
0
VERTEX
8
Layer 1
10
693.707069
20
353.029354
70
0
0
VERTEX
8
Layer 1
10
693.871882
20
352.587831
70
0
0
VERTEX
8
Layer 1
10
693.914326
20
351.931333
70
0
0
VERTEX
8
Layer 1
10
693.864717
20
351.280347
70
0
0
VERTEX
8
Layer 1
10
693.676201
20
350.798033
70
0
0
VERTEX
8
Layer 1
10
693.289247
20
350.388480
70
0
0
VERTEX
8
Layer 1
10
692.644325
20
349.955776
70
0
0
VERTEX
8
Layer 1
10
691.268491
20
349.285498
70
0
0
VERTEX
8
Layer 1
10
690.218976
20
351.750534
70
0
0
VERTEX
8
Layer 1
10
689.328212
20
354.294945
70
0
0
VERTEX
8
Layer 1
10
689.635239
20
354.438261
70
0
0
VERTEX
8
Layer 1
10
690.435053
20
354.356682
70
0
0
VERTEX
8
Layer 1
10
692.785436
20
353.624667
70
0
0
VERTEX
8
Layer 1
10
692.785436
20
353.624667
70
0
0
SEQEND
8
Layer 1
0
POLYLINE
8
Layer 1
62
7
70
0
10
0.000000
20
0.000000
66
1
0
VERTEX
8
Layer 1
10
630.555397
20
347.521608
70
0
0
VERTEX
8
Layer 1
10
636.023456
20
341.797785
70
0
0
VERTEX
8
Layer 1
10
636.895479
20
340.576291
70
0
0
VERTEX
8
Layer 1
10
637.046512
20
339.831047
70
0
0
VERTEX
8
Layer 1
10
636.940128
20
339.273217
70
0
0
VERTEX
8
Layer 1
10
636.671686
20
338.966741
70
0
0
VERTEX
8
Layer 1
10
636.079129
20
338.819016
70
0
0
VERTEX
8
Layer 1
10
635.000400
20
338.737436
70
0
0
VERTEX
8
Layer 1
10
633.060121
20
338.666880
70
0
0
VERTEX
8
Layer 1
10
627.168728
20
343.782161
70
0
0
VERTEX
8
Layer 1
10
622.975080
20
347.534837
70
0
0
VERTEX
8
Layer 1
10
621.242058
20
349.356053
70
0
0
VERTEX
8
Layer 1
10
621.567275
20
350.393992
70
0
0
VERTEX
8
Layer 1
10
622.309211
20
352.023937
70
0
0
VERTEX
8
Layer 1
10
623.117294
20
353.528204
70
0
0
VERTEX
8
Layer 1
10
623.640948
20
354.189112
70
0
0
VERTEX
8
Layer 1
10
625.788484
20
352.231194
70
0
0
VERTEX
8
Layer 1
10
630.555397
20
347.521608
70
0
0
VERTEX
8
Layer 1
10
630.555397
20
347.521608
70
0
0
SEQEND
8
Layer 1
0
POLYLINE
8
Layer 1
62
7
70
0
10
0.000000
20
0.000000
66
1
0
VERTEX
8
Layer 1
10
688.587378
20
351.366888
70
0
0
VERTEX
8
Layer 1
10
689.313329
20
349.665285
70
0
0
VERTEX
8
Layer 1
10
689.606025
20
348.707824
70
0
0
VERTEX
8
Layer 1
10
689.495230
20
348.206769
70
0
0
VERTEX
8
Layer 1
10
689.010712
20
347.874386
70
0
0
VERTEX
8
Layer 1
10
688.623207
20
347.752567
70
0
0
VERTEX
8
Layer 1
10
688.239010
20
347.931712
70
0
0
VERTEX
8
Layer 1
10
687.070433
20
349.602998
70
0
0
VERTEX
8
Layer 1
10
686.365979
20
350.828350
70
0
0
VERTEX
8
Layer 1
10
686.065016
20
351.574145
70
0
0
VERTEX
8
Layer 1
10
686.108010
20
352.128117
70
0
0
VERTEX
8
Layer 1
10
686.435432
20
352.778000
70
0
0
VERTEX
8
Layer 1
10
687.246822
20
353.836334
70
0
0
VERTEX
8
Layer 1
10
687.731892
20
353.104320
70
0
0
VERTEX
8
Layer 1
10
688.587378
20
351.366888
70
0
0
VERTEX
8
Layer 1
10
688.587378
20
351.366888
70
0
0
SEQEND
8
Layer 1
0
POLYLINE
8
Layer 1
62
7
70
0
10
0.000000
20
0.000000
66
1
0
VERTEX
8
Layer 1
10
672.959313
20
352.001888
70
0
0
VERTEX
8
Layer 1
10
672.747646
20
350.731888
70
0
0
VERTEX
8
Layer 1
10
672.588896
20
350.458485
70
0
0
VERTEX
8
Layer 1
10
672.006812
20
350.661332
70
0
0
VERTEX
8
Layer 1
10
671.241174
20
351.329405
70
0
0
VERTEX
8
Layer 1
10
671.093999
20
352.010708
70
0
0
VERTEX
8
Layer 1
10
671.535523
20
352.546489
70
0
0
VERTEX
8
Layer 1
10
672.535979
20
352.778000
70
0
0
VERTEX
8
Layer 1
10
672.999000
20
352.614840
70
0
0
VERTEX
8
Layer 1
10
672.959313
20
352.001888
70
0
0
VERTEX
8
Layer 1
10
672.959313
20
352.001888
70
0
0
SEQEND
8
Layer 1
0
POLYLINE
8
Layer 1
62
7
70
0
10
0.000000
20
0.000000
66
1
0
VERTEX
8
Layer 1
10
745.666859
20
349.250220
70
0
0
VERTEX
8
Layer 1
10
746.901582
20
346.286885
70
0
0
VERTEX
8
Layer 1
10
745.737414
20
345.263829
70
0
0
VERTEX
8
Layer 1
10
739.599077
20
340.924659
70
0
0
VERTEX
8
Layer 1
10
736.438958
20
338.848230
70
0
0
VERTEX
8
Layer 1
10
734.347095
20
337.833442
70
0
0
VERTEX
8
Layer 1
10
733.419605
20
337.638381
70
0
0
VERTEX
8
Layer 1
10
732.420596
20
337.605790
70
0
0
VERTEX
8
Layer 1
10
729.756571
20
337.890768
70
0
0
VERTEX
8
Layer 1
10
728.027959
20
338.137713
70
0
0
VERTEX
8
Layer 1
10
735.718519
20
345.299106
70
0
0
VERTEX
8
Layer 1
10
741.310050
20
350.335012
70
0
0
VERTEX
8
Layer 1
10
743.130164
20
351.837626
70
0
0
VERTEX
8
Layer 1
10
743.938246
20
352.354666
70
0
0
VERTEX
8
Layer 1
10
744.657032
20
351.397756
70
0
0
VERTEX
8
Layer 1
10
745.666859
20
349.250220
70
0
0
VERTEX
8
Layer 1
10
745.666859
20
349.250220
70
0
0
SEQEND
8
Layer 1
0
POLYLINE
8
Layer 1
62
7
70
0
10
0.000000
20
0.000000
66
1
0
VERTEX
8
Layer 1
10
685.624043
20
349.214942
70
0
0
VERTEX
8
Layer 1
10
686.099191
20
347.951556
70
0
0
VERTEX
8
Layer 1
10
686.128819
20
347.421562
70
0
0
VERTEX
8
Layer 1
10
686.012099
20
346.939524
70
0
0
VERTEX
8
Layer 1
10
685.316465
20
346.059784
70
0
0
VERTEX
8
Layer 1
10
683.965986
20
345.193273
70
0
0
VERTEX
8
Layer 1
10
682.162409
20
344.390703
70
0
0
VERTEX
8
Layer 1
10
681.738524
20
344.419366
70
0
0
VERTEX
8
Layer 1
10
681.390707
20
344.699384
70
0
0
VERTEX
8
Layer 1
10
681.102972
20
345.046650
70
0
0
VERTEX
8
Layer 1
10
681.046748
20
345.387301
70
0
0
VERTEX
8
Layer 1
10
681.708207
20
346.604385
70
0
0
VERTEX
8
Layer 1
10
682.537235
20
347.693587
70
0
0
VERTEX
8
Layer 1
10
683.260430
20
348.438831
70
0
0
VERTEX
8
Layer 1
10
683.547063
20
348.747511
70
0
0
VERTEX
8
Layer 1
10
683.330986
20
348.685775
70
0
0
VERTEX
8
Layer 1
10
683.197592
20
348.656010
70
0
0
VERTEX
8
Layer 1
10
683.216333
20
348.765150
70
0
0
VERTEX
8
Layer 1
10
683.683764
20
349.320776
70
0
0
VERTEX
8
Layer 1
10
684.388769
20
349.993810
70
0
0
VERTEX
8
Layer 1
10
684.852341
20
350.207130
70
0
0
VERTEX
8
Layer 1
10
685.216695
20
349.950815
70
0
0
VERTEX
8
Layer 1
10
685.624043
20
349.214942
70
0
0
VERTEX
8
Layer 1
10
685.624043
20
349.214942
70
0
0
SEQEND
8
Layer 1
0
POLYLINE
8
Layer 1
62
7
70
0
10
0.000000
20
0.000000
66
1
0
VERTEX
8
Layer 1
10
699.205996
20
347.556886
70
0
0
VERTEX
8
Layer 1
10
699.034568
20
347.076777
70
0
0
VERTEX
8
Layer 1
10
698.628322
20
346.467684
70
0
0
VERTEX
8
Layer 1
10
698.149316
20
345.944580
70
0
0
VERTEX
8
Layer 1
10
697.759606
20
345.722440
70
0
0
VERTEX
8
Layer 1
10
697.476833
20
345.906546
70
0
0
VERTEX
8
Layer 1
10
697.455335
20
346.348621
70
0
0
VERTEX
8
Layer 1
10
697.665348
20
346.883300
70
0
0
VERTEX
8
Layer 1
10
698.077106
20
347.345219
70
0
0
VERTEX
8
Layer 1
10
698.892906
20
347.808240
70
0
0
VERTEX
8
Layer 1
10
699.123865
20
347.776821
70
0
0
VERTEX
8
Layer 1
10
699.205996
20
347.556886
70
0
0
VERTEX
8
Layer 1
10
699.205996
20
347.556886
70
0
0
SEQEND
8
Layer 1
0
POLYLINE
8
Layer 1
62
7
70
0
10
0.000000
20
0.000000
66
1
0
VERTEX
8
Layer 1
10
705.414889
20
346.039940
70
0
0
VERTEX
8
Layer 1
10
706.896556
20
344.593550
70
0
0
VERTEX
8
Layer 1
10
705.626556
20
341.806604
70
0
0
VERTEX
8
Layer 1
10
704.356555
20
339.019658
70
0
0
VERTEX
8
Layer 1
10
702.063498
20
339.019658
70
0
0
VERTEX
8
Layer 1
10
699.805719
20
339.019658
70
0
0
VERTEX
8
Layer 1
10
700.052663
20
341.559660
70
0
0
VERTEX
8
Layer 1
10
700.334886
20
343.601362
70
0
0
VERTEX
8
Layer 1
10
700.722941
20
344.981606
70
0
0
VERTEX
8
Layer 1
10
701.266440
20
345.700391
70
0
0
VERTEX
8
Layer 1
10
702.160512
20
346.525010
70
0
0
VERTEX
8
Layer 1
10
703.094271
20
347.204108
70
0
0
VERTEX
8
Layer 1
10
703.756832
20
347.486330
70
0
0
VERTEX
8
Layer 1
10
705.414889
20
346.039940
70
0
0
VERTEX
8
Layer 1
10
705.414889
20
346.039940
70
0
0
SEQEND
8
Layer 1
0
POLYLINE
8
Layer 1
62
7
70
0
10
0.000000
20
0.000000
66
1
0
VERTEX
8
Layer 1
10
621.912336
20
343.499939
70
0
0
VERTEX
8
Layer 1
10
625.651783
20
340.183825
70
0
0
VERTEX
8
Layer 1
10
627.415673
20
338.702158
70
0
0
VERTEX
8
Layer 1
10
624.240671
20
338.702158
70
0
0
VERTEX
8
Layer 1
10
620.113168
20
338.927054
70
0
0
VERTEX
8
Layer 1
10
618.634808
20
339.163525
70
0
0
VERTEX
8
Layer 1
10
617.890667
20
339.442992
70
0
0
VERTEX
8
Layer 1
10
617.997603
20
340.305093
70
0
0
VERTEX
8
Layer 1
10
618.428653
20
342.106466
70
0
0
VERTEX
8
Layer 1
10
619.337057
20
345.087440
70
0
0
VERTEX
8
Layer 1
10
619.585655
20
345.320604
70
0
0
VERTEX
8
Layer 1
10
619.976467
20
345.206502
70
0
0
VERTEX
8
Layer 1
10
621.912336
20
343.499939
70
0
0
VERTEX
8
Layer 1
10
621.912336
20
343.499939
70
0
0
SEQEND
8
Layer 1
0
POLYLINE
8
Layer 1
62
7
70
0
10
0.000000
20
0.000000
66
1
0
VERTEX
8
Layer 1
10
694.902104
20
343.923272
70
0
0
VERTEX
8
Layer 1
10
694.231826
20
343.660342
70
0
0
VERTEX
8
Layer 1
10
693.905507
20
343.830668
70
0
0
VERTEX
8
Layer 1
10
693.989291
20
344.285421
70
0
0
VERTEX
8
Layer 1
10
694.549326
20
344.875773
70
0
0
VERTEX
8
Layer 1
10
695.060855
20
345.140356
70
0
0
VERTEX
8
Layer 1
10
695.254882
20
344.769939
70
0
0
VERTEX
8
Layer 1
10
695.210785
20
344.293689
70
0
0
VERTEX
8
Layer 1
10
694.902104
20
343.923272
70
0
0
VERTEX
8
Layer 1
10
694.902104
20
343.923272
70
0
0
SEQEND
8
Layer 1
0
POLYLINE
8
Layer 1
62
7
70
0
10
0.000000
20
0.000000
66
1
0
VERTEX
8
Layer 1
10
698.324051
20
342.300493
70
0
0
VERTEX
8
Layer 1
10
698.052302
20
340.671100
70
0
0
VERTEX
8
Layer 1
10
697.764016
20
339.954520
70
0
0
VERTEX
8
Layer 1
10
697.637443
20
339.959205
70
0
0
VERTEX
8
Layer 1
10
697.535261
20
340.216898
70
0
0
VERTEX
8
Layer 1
10
697.442106
20
341.524382
70
0
0
VERTEX
8
Layer 1
10
697.517071
20
342.659335
70
0
0
VERTEX
8
Layer 1
10
697.724328
20
343.539626
70
0
0
VERTEX
8
Layer 1
10
698.037419
20
344.109032
70
0
0
VERTEX
8
Layer 1
10
698.429884
20
344.311328
70
0
0
VERTEX
8
Layer 1
10
698.324051
20
342.300493
70
0
0
VERTEX
8
Layer 1
10
698.324051
20
342.300493
70
0
0
SEQEND
8
Layer 1
0
POLYLINE
8
Layer 1
62
7
70
0
10
0.000000
20
0.000000
66
1
0
VERTEX
8
Layer 1
10
748.030471
20
343.006049
70
0
0
VERTEX
8
Layer 1
10
748.912416
20
339.831047
70
0
0
VERTEX
8
Layer 1
10
749.617972
20
337.255768
70
0
0
VERTEX
8
Layer 1
10
748.136305
20
336.867712
70
0
0
VERTEX
8
Layer 1
10
746.290835
20
336.697938
70
0
0
VERTEX
8
Layer 1
10
743.453177
20
336.700143
70
0
0
VERTEX
8
Layer 1
10
740.575831
20
336.847868
70
0
0
VERTEX
8
Layer 1
10
738.611299
20
337.114657
70
0
0
VERTEX
8
Layer 1
10
738.454202
20
337.301519
70
0
0
VERTEX
8
Layer 1
10
738.703903
20
337.683511
70
0
0
VERTEX
8
Layer 1
10
740.622133
20
339.231325
70
0
0
VERTEX
8
Layer 1
10
744.842240
20
342.049139
70
0
0
VERTEX
8
Layer 1
10
747.607138
20
343.570494
70
0
0
VERTEX
8
Layer 1
10
747.832034
20
343.420564
70
0
0
VERTEX
8
Layer 1
10
748.030471
20
343.006049
70
0
0
VERTEX
8
Layer 1
10
748.030471
20
343.006049
70
0
0
SEQEND
8
Layer 1
0
POLYLINE
8
Layer 1
62
7
70
0
10
0.000000
20
0.000000
66
1
0
VERTEX
8
Layer 1
10
710.600725
20
339.760492
70
0
0
VERTEX
8
Layer 1
10
711.235726
20
338.666880
70
0
0
VERTEX
8
Layer 1
10
708.942669
20
338.666880
70
0
0
VERTEX
8
Layer 1
10
707.275793
20
338.741845
70
0
0
VERTEX
8
Layer 1
10
706.508501
20
338.949102
70
0
0
VERTEX
8
Layer 1
10
706.662841
20
339.698756
70
0
0
VERTEX
8
Layer 1
10
707.214057
20
341.136326
70
0
0
VERTEX
8
Layer 1
10
708.096002
20
343.076605
70
0
0
VERTEX
8
Layer 1
10
709.013224
20
341.947715
70
0
0
VERTEX
8
Layer 1
10
710.600725
20
339.760492
70
0
0
VERTEX
8
Layer 1
10
710.600725
20
339.760492
70
0
0
SEQEND
8
Layer 1
0
POLYLINE
8
Layer 1
62
7
70
0
10
0.000000
20
0.000000
66
1
0
VERTEX
8
Layer 1
10
695.678216
20
340.783548
70
0
0
VERTEX
8
Layer 1
10
695.624197
20
340.100041
70
0
0
VERTEX
8
Layer 1
10
695.431271
20
339.786950
70
0
0
VERTEX
8
Layer 1
10
695.053137
20
339.831047
70
0
0
VERTEX
8
Layer 1
10
694.443493
20
340.219103
70
0
0
VERTEX
8
Layer 1
10
693.980472
20
340.721812
70
0
0
VERTEX
8
Layer 1
10
694.231826
20
341.277437
70
0
0
VERTEX
8
Layer 1
10
694.785247
20
341.750931
70
0
0
VERTEX
8
Layer 1
10
695.246063
20
341.811014
70
0
0
VERTEX
8
Layer 1
10
695.561358
20
341.480836
70
0
0
VERTEX
8
Layer 1
10
695.678216
20
340.783548
70
0
0
VERTEX
8
Layer 1
10
695.678216
20
340.783548
70
0
0
SEQEND
8
Layer 1
0
POLYLINE
8
Layer 1
62
7
70
0
10
0.000000
20
0.000000
66
1
0
VERTEX
8
Layer 1
10
702.451554
20
337.255768
70
0
0
VERTEX
8
Layer 1
10
703.452561
20
337.149935
70
0
0
VERTEX
8
Layer 1
10
703.607453
20
336.987877
70
0
0
VERTEX
8
Layer 1
10
703.580443
20
336.726601
70
0
0
VERTEX
8
Layer 1
10
703.296223
20
336.430805
70
0
0
VERTEX
8
Layer 1
10
702.788346
20
336.252004
70
0
0
VERTEX
8
Layer 1
10
701.424088
20
336.210663
70
0
0
VERTEX
8
Layer 1
10
700.132589
20
336.533124
70
0
0
VERTEX
8
Layer 1
10
699.715664
20
336.809077
70
0
0
VERTEX
8
Layer 1
10
699.558774
20
337.149935
70
0
0
VERTEX
8
Layer 1
10
699.739573
20
337.520351
70
0
0
VERTEX
8
Layer 1
10
700.370163
20
337.467435
70
0
0
VERTEX
8
Layer 1
10
702.451554
20
337.255768
70
0
0
VERTEX
8
Layer 1
10
702.451554
20
337.255768
70
0
0
SEQEND
8
Layer 1
0
POLYLINE
8
Layer 1
62
7
70
0
10
0.000000
20
0.000000
66
1
0
VERTEX
8
Layer 1
10
712.047115
20
336.726601
70
0
0
VERTEX
8
Layer 1
10
712.757081
20
335.518336
70
0
0
VERTEX
8
Layer 1
10
712.915280
20
334.930740
70
0
0
VERTEX
8
Layer 1
10
712.858505
20
334.574655
70
0
0
VERTEX
8
Layer 1
10
711.634806
20
334.660645
70
0
0
VERTEX
8
Layer 1
10
709.127877
20
335.077364
70
0
0
VERTEX
8
Layer 1
10
706.607719
20
335.586687
70
0
0
VERTEX
8
Layer 1
10
705.344333
20
335.950489
70
0
0
VERTEX
8
Layer 1
10
705.234090
20
336.259170
70
0
0
VERTEX
8
Layer 1
10
705.309055
20
336.726601
70
0
0
VERTEX
8
Layer 1
10
705.657906
20
336.981263
70
0
0
VERTEX
8
Layer 1
10
706.386682
20
337.163164
70
0
0
VERTEX
8
Layer 1
10
708.506106
20
337.308685
70
0
0
VERTEX
8
Layer 1
10
710.711520
20
337.163164
70
0
0
VERTEX
8
Layer 1
10
711.547783
20
336.981263
70
0
0
VERTEX
8
Layer 1
10
712.047115
20
336.726601
70
0
0
VERTEX
8
Layer 1
10
712.047115
20
336.726601
70
0
0
SEQEND
8
Layer 1
0
POLYLINE
8
Layer 1
62
7
70
0
10
0.000000
20
0.000000
66
1
0
VERTEX
8
Layer 1
10
632.495676
20
334.892155
70
0
0
VERTEX
8
Layer 1
10
635.176789
20
332.881321
70
0
0
VERTEX
8
Layer 1
10
631.649009
20
332.281598
70
0
0
VERTEX
8
Layer 1
10
624.981505
20
331.117431
70
0
0
VERTEX
8
Layer 1
10
618.843168
20
330.306041
70
0
0
VERTEX
8
Layer 1
10
615.879832
20
330.094375
70
0
0
VERTEX
8
Layer 1
10
616.126777
20
331.822987
70
0
0
VERTEX
8
Layer 1
10
616.499950
20
334.216365
70
0
0
VERTEX
8
Layer 1
10
616.863201
20
335.491878
70
0
0
VERTEX
8
Layer 1
10
617.431504
20
336.079474
70
0
0
VERTEX
8
Layer 1
10
618.419834
20
336.409101
70
0
0
VERTEX
8
Layer 1
10
620.990704
20
336.717782
70
0
0
VERTEX
8
Layer 1
10
624.910949
20
336.867712
70
0
0
VERTEX
8
Layer 1
10
629.814563
20
336.902990
70
0
0
VERTEX
8
Layer 1
10
632.495676
20
334.892155
70
0
0
VERTEX
8
Layer 1
10
632.495676
20
334.892155
70
0
0
SEQEND
8
Layer 1
0
POLYLINE
8
Layer 1
62
7
70
0
10
0.000000
20
0.000000
66
1
0
VERTEX
8
Layer 1
10
731.661572
20
335.879934
70
0
0
VERTEX
8
Layer 1
10
732.098135
20
335.693623
70
0
0
VERTEX
8
Layer 1
10
732.058447
20
335.394864
70
0
0
VERTEX
8
Layer 1
10
730.074071
20
333.798544
70
0
0
VERTEX
8
Layer 1
10
728.441370
20
332.680678
70
0
0
VERTEX
8
Layer 1
10
727.251847
20
332.105209
70
0
0
VERTEX
8
Layer 1
10
726.353366
20
332.032449
70
0
0
VERTEX
8
Layer 1
10
725.593790
20
332.422709
70
0
0
VERTEX
8
Layer 1
10
725.101555
20
333.082515
70
0
0
VERTEX
8
Layer 1
10
724.857366
20
333.970523
70
0
0
VERTEX
8
Layer 1
10
724.884376
20
334.878375
70
0
0
VERTEX
8
Layer 1
10
725.205735
20
335.597711
70
0
0
VERTEX
8
Layer 1
10
725.600956
20
335.884344
70
0
0
VERTEX
8
Layer 1
10
726.171464
20
336.065142
70
0
0
VERTEX
8
Layer 1
10
728.274903
20
336.162156
70
0
0
VERTEX
8
Layer 1
10
731.661572
20
335.879934
70
0
0
VERTEX
8
Layer 1
10
731.661572
20
335.879934
70
0
0
SEQEND
8
Layer 1
0
POLYLINE
8
Layer 1
62
7
70
0
10
0.000000
20
0.000000
66
1
0
VERTEX
8
Layer 1
10
744.220469
20
334.962711
70
0
0
VERTEX
8
Layer 1
10
748.228909
20
334.490870
70
0
0
VERTEX
8
Layer 1
10
750.041306
20
334.151322
70
0
0
VERTEX
8
Layer 1
10
750.632209
20
331.196806
70
0
0
VERTEX
8
Layer 1
10
751.064362
20
327.554373
70
0
0
VERTEX
8
Layer 1
10
750.986641
20
327.369165
70
0
0
VERTEX
8
Layer 1
10
750.733633
20
327.289789
70
0
0
VERTEX
8
Layer 1
10
749.582694
20
327.448540
70
0
0
VERTEX
8
Layer 1
10
739.105188
20
329.494652
70
0
0
VERTEX
8
Layer 1
10
730.038793
20
331.364375
70
0
0
VERTEX
8
Layer 1
10
732.614073
20
333.481043
70
0
0
VERTEX
8
Layer 1
10
734.541674
20
334.808922
70
0
0
VERTEX
8
Layer 1
10
735.384138
20
335.186987
70
0
0
VERTEX
8
Layer 1
10
736.340290
20
335.399274
70
0
0
VERTEX
8
Layer 1
10
739.177397
20
335.400927
70
0
0
VERTEX
8
Layer 1
10
744.220469
20
334.962711
70
0
0
VERTEX
8
Layer 1
10
744.220469
20
334.962711
70
0
0
SEQEND
8
Layer 1
0
POLYLINE
8
Layer 1
62
7
70
0
10
0.000000
20
0.000000
66
1
0
VERTEX
8
Layer 1
10
702.557387
20
334.468822
70
0
0
VERTEX
8
Layer 1
10
702.611406
20
334.087932
70
0
0
VERTEX
8
Layer 1
10
702.328081
20
333.908787
70
0
0
VERTEX
8
Layer 1
10
701.833090
20
333.947923
70
0
0
VERTEX
8
Layer 1
10
701.252108
20
334.221877
70
0
0
VERTEX
8
Layer 1
10
700.475997
20
334.786322
70
0
0
VERTEX
8
Layer 1
10
701.393220
20
334.786322
70
0
0
VERTEX
8
Layer 1
10
702.120824
20
334.693718
70
0
0
VERTEX
8
Layer 1
10
702.557387
20
334.468822
70
0
0
VERTEX
8
Layer 1
10
702.557387
20
334.468822
70
0
0
SEQEND
8
Layer 1
0
POLYLINE
8
Layer 1
62
7
70
0
10
0.000000
20
0.000000
66
1
0
VERTEX
8
Layer 1
10
709.789336
20
333.269377
70
0
0
VERTEX
8
Layer 1
10
713.846283
20
332.457987
70
0
0
VERTEX
8
Layer 1
10
714.163783
20
330.799931
70
0
0
VERTEX
8
Layer 1
10
714.300485
20
329.265346
70
0
0
VERTEX
8
Layer 1
10
714.099291
20
328.775867
70
0
0
VERTEX
8
Layer 1
10
713.669894
20
328.259929
70
0
0
VERTEX
8
Layer 1
10
712.977567
20
327.633748
70
0
0
VERTEX
8
Layer 1
10
712.470449
20
327.377984
70
0
0
VERTEX
8
Layer 1
10
710.816802
20
328.161813
70
0
0
VERTEX
8
Layer 1
10
707.866696
20
329.917986
70
0
0
VERTEX
8
Layer 1
10
705.048882
20
331.753534
70
0
0
VERTEX
8
Layer 1
10
703.792110
20
332.775487
70
0
0
VERTEX
8
Layer 1
10
703.918338
20
333.246777
70
0
0
VERTEX
8
Layer 1
10
704.246312
20
333.661842
70
0
0
VERTEX
8
Layer 1
10
704.699962
20
333.951230
70
0
0
VERTEX
8
Layer 1
10
705.203222
20
334.045488
70
0
0
VERTEX
8
Layer 1
10
709.789336
20
333.269377
70
0
0
VERTEX
8
Layer 1
10
709.789336
20
333.269377
70
0
0
SEQEND
8
Layer 1
0
POLYLINE
8
Layer 1
62
7
70
0
10
0.000000
20
0.000000
66
1
0
VERTEX
8
Layer 1
10
635.000400
20
330.129652
70
0
0
VERTEX
8
Layer 1
10
634.400677
20
324.026593
70
0
0
VERTEX
8
Layer 1
10
633.938759
20
320.922147
70
0
0
VERTEX
8
Layer 1
10
633.589288
20
319.405201
70
0
0
VERTEX
8
Layer 1
10
633.418962
20
319.089355
70
0
0
VERTEX
8
Layer 1
10
633.443767
20
318.677597
70
0
0
VERTEX
8
Layer 1
10
634.118455
20
317.288533
70
0
0
VERTEX
8
Layer 1
10
634.749046
20
316.115546
70
0
0
VERTEX
8
Layer 1
10
634.929844
20
315.524643
70
0
0
VERTEX
8
Layer 1
10
632.588280
20
315.939157
70
0
0
VERTEX
8
Layer 1
10
627.204006
20
317.147422
70
0
0
VERTEX
8
Layer 1
10
618.878445
20
318.911312
70
0
0
VERTEX
8
Layer 1
10
618.265494
20
319.021555
70
0
0
VERTEX
8
Layer 1
10
617.890667
20
319.264090
70
0
0
VERTEX
8
Layer 1
10
617.489382
20
319.519854
70
0
0
VERTEX
8
Layer 1
10
616.797055
20
319.616868
70
0
0
VERTEX
8
Layer 1
10
615.971885
20
319.858852
70
0
0
VERTEX
8
Layer 1
10
615.487367
20
320.653153
70
0
0
VERTEX
8
Layer 1
10
615.313734
20
322.102299
70
0
0
VERTEX
8
Layer 1
10
615.421221
20
324.308815
70
0
0
VERTEX
8
Layer 1
10
615.568396
20
326.000496
70
0
0
VERTEX
8
Layer 1
10
615.751950
20
326.914963
70
0
0
VERTEX
8
Layer 1
10
616.061182
20
327.320106
70
0
0
VERTEX
8
Layer 1
10
616.585388
20
327.483817
70
0
0
VERTEX
8
Layer 1
10
619.830946
20
328.259929
70
0
0
VERTEX
8
Layer 1
10
627.433312
20
329.750416
70
0
0
VERTEX
8
Layer 1
10
634.400677
20
330.870486
70
0
0
VERTEX
8
Layer 1
10
634.846060
20
330.711736
70
0
0
VERTEX
8
Layer 1
10
635.000400
20
330.129652
70
0
0
VERTEX
8
Layer 1
10
635.000400
20
330.129652
70
0
0
SEQEND
8
Layer 1
0
POLYLINE
8
Layer 1
62
7
70
0
10
0.000000
20
0.000000
66
1
0
VERTEX
8
Layer 1
10
659.694860
20
329.424096
70
0
0
VERTEX
8
Layer 1
10
660.753194
20
327.695484
70
0
0
VERTEX
8
Layer 1
10
660.335373
20
327.276560
70
0
0
VERTEX
8
Layer 1
10
659.368540
20
326.698886
70
0
0
VERTEX
8
Layer 1
10
658.282646
20
326.187358
70
0
0
VERTEX
8
Layer 1
10
657.507636
20
325.966872
70
0
0
VERTEX
8
Layer 1
10
656.890275
20
326.231455
70
0
0
VERTEX
8
Layer 1
10
656.061247
20
326.813539
70
0
0
VERTEX
8
Layer 1
10
655.479163
20
327.301365
70
0
0
VERTEX
8
Layer 1
10
655.241038
20
327.673436
70
0
0
VERTEX
8
Layer 1
10
655.307184
20
328.118267
70
0
0
VERTEX
8
Layer 1
10
655.637913
20
328.824374
70
0
0
VERTEX
8
Layer 1
10
656.232123
20
329.893732
70
0
0
VERTEX
8
Layer 1
10
656.713886
20
330.526528
70
0
0
VERTEX
8
Layer 1
10
657.195648
20
330.828594
70
0
0
VERTEX
8
Layer 1
10
657.789859
20
330.905764
70
0
0
VERTEX
8
Layer 1
10
658.221461
20
330.818121
70
0
0
VERTEX
8
Layer 1
10
658.676214
20
330.548576
70
0
0
VERTEX
8
Layer 1
10
659.694860
20
329.424096
70
0
0
VERTEX
8
Layer 1
10
659.694860
20
329.424096
70
0
0
SEQEND
8
Layer 1
0
POLYLINE
8
Layer 1
62
7
70
0
10
0.000000
20
0.000000
66
1
0
VERTEX
8
Layer 1
10
734.377963
20
328.612707
70
0
0
VERTEX
8
Layer 1
10
744.229288
20
326.421074
70
0
0
VERTEX
8
Layer 1
10
748.418527
20
325.261316
70
0
0
VERTEX
8
Layer 1
10
749.935472
20
324.732149
70
0
0
VERTEX
8
Layer 1
10
751.099640
20
324.485204
70
0
0
VERTEX
8
Layer 1
10
750.993806
20
320.569369
70
0
0
VERTEX
8
Layer 1
10
750.887973
20
316.653533
70
0
0
VERTEX
8
Layer 1
10
749.653250
20
316.371310
70
0
0
VERTEX
8
Layer 1
10
737.698486
20
314.051795
70
0
0
VERTEX
8
Layer 1
10
727.463514
20
312.208530
70
0
0
VERTEX
8
Layer 1
10
726.832923
20
312.411377
70
0
0
VERTEX
8
Layer 1
10
726.228791
20
312.878808
70
0
0
VERTEX
8
Layer 1
10
725.903022
20
313.363878
70
0
0
VERTEX
8
Layer 1
10
725.765770
20
314.087073
70
0
0
VERTEX
8
Layer 1
10
726.017124
20
317.570756
70
0
0
VERTEX
8
Layer 1
10
726.268478
20
321.442494
70
0
0
VERTEX
8
Layer 1
10
726.228791
20
325.155483
70
0
0
VERTEX
8
Layer 1
10
726.127367
20
328.317255
70
0
0
VERTEX
8
Layer 1
10
726.342892
20
328.900993
70
0
0
VERTEX
8
Layer 1
10
726.793236
20
329.282985
70
0
0
VERTEX
8
Layer 1
10
727.447529
20
329.694192
70
0
0
VERTEX
8
Layer 1
10
728.402785
20
329.768055
70
0
0
VERTEX
8
Layer 1
10
734.377963
20
328.612707
70
0
0
VERTEX
8
Layer 1
10
734.377963
20
328.612707
70
0
0
SEQEND
8
Layer 1
0
POLYLINE
8
Layer 1
62
7
70
0
10
0.000000
20
0.000000
66
1
0
VERTEX
8
Layer 1
10
655.814302
20
325.190760
70
0
0
VERTEX
8
Layer 1
10
655.038190
20
324.379371
70
0
0
VERTEX
8
Layer 1
10
654.474297
20
324.103212
70
0
0
VERTEX
8
Layer 1
10
654.151836
20
324.180933
70
0
0
VERTEX
8
Layer 1
10
654.060885
20
324.622457
70
0
0
VERTEX
8
Layer 1
10
654.191523
20
325.437705
70
0
0
VERTEX
8
Layer 1
10
654.504614
20
326.090344
70
0
0
VERTEX
8
Layer 1
10
655.108746
20
325.896316
70
0
0
VERTEX
8
Layer 1
10
655.814302
20
325.190760
70
0
0
VERTEX
8
Layer 1
10
655.814302
20
325.190760
70
0
0
SEQEND
8
Layer 1
0
POLYLINE
8
Layer 1
62
7
70
0
10
0.000000
20
0.000000
66
1
0
VERTEX
8
Layer 1
10
662.517084
20
325.614094
70
0
0
VERTEX
8
Layer 1
10
662.256910
20
325.089888
70
0
0
VERTEX
8
Layer 1
10
661.652778
20
324.383781
70
0
0
VERTEX
8
Layer 1
10
660.969271
20
323.763663
70
0
0
VERTEX
8
Layer 1
10
660.470972
20
323.497426
70
0
0
VERTEX
8
Layer 1
10
660.106618
20
323.660035
70
0
0
VERTEX
8
Layer 1
10
659.699270
20
324.031003
70
0
0
VERTEX
8
Layer 1
10
659.404369
20
324.435044
70
0
0
VERTEX
8
Layer 1
10
659.377360
20
324.696871
70
0
0
VERTEX
8
Layer 1
10
660.748784
20
325.450934
70
0
0
VERTEX
8
Layer 1
10
662.093750
20
325.966872
70
0
0
VERTEX
8
Layer 1
10
662.384792
20
325.856629
70
0
0
VERTEX
8
Layer 1
10
662.517084
20
325.614094
70
0
0
VERTEX
8
Layer 1
10
662.517084
20
325.614094
70
0
0
SEQEND
8
Layer 1
0
POLYLINE
8
Layer 1
62
7
70
0
10
0.000000
20
0.000000
66
1
0
VERTEX
8
Layer 1
10
705.732389
20
324.132426
70
0
0
VERTEX
8
Layer 1
10
706.521179
20
323.510655
70
0
0
VERTEX
8
Layer 1
10
706.909786
20
322.968259
70
0
0
VERTEX
8
Layer 1
10
706.868444
20
322.584613
70
0
0
VERTEX
8
Layer 1
10
706.367389
20
322.439092
70
0
0
VERTEX
8
Layer 1
10
705.722467
20
322.659027
70
0
0
VERTEX
8
Layer 1
10
704.991555
20
323.193155
70
0
0
VERTEX
8
Layer 1
10
704.392935
20
323.852960
70
0
0
VERTEX
8
Layer 1
10
704.144888
20
324.449927
70
0
0
VERTEX
8
Layer 1
10
704.194497
20
324.797192
70
0
0
VERTEX
8
Layer 1
10
704.409471
20
324.873260
70
0
0
VERTEX
8
Layer 1
10
705.732389
20
324.132426
70
0
0
VERTEX
8
Layer 1
10
705.732389
20
324.132426
70
0
0
SEQEND
8
Layer 1
0
POLYLINE
8
Layer 1
62
7
70
0
10
0.000000
20
0.000000
66
1
0
VERTEX
8
Layer 1
10
658.777637
20
322.827148
70
0
0
VERTEX
8
Layer 1
10
658.715901
20
322.447911
70
0
0
VERTEX
8
Layer 1
10
658.283748
20
321.909925
70
0
0
VERTEX
8
Layer 1
10
657.871439
20
321.572581
70
0
0
VERTEX
8
Layer 1
10
657.551734
20
321.460133
70
0
0
VERTEX
8
Layer 1
10
656.660969
20
321.909925
70
0
0
VERTEX
8
Layer 1
10
655.708469
20
322.544925
70
0
0
VERTEX
8
Layer 1
10
656.555136
20
323.144648
70
0
0
VERTEX
8
Layer 1
10
657.175253
20
323.477031
70
0
0
VERTEX
8
Layer 1
10
657.785449
20
323.528294
70
0
0
VERTEX
8
Layer 1
10
658.336113
20
323.308359
70
0
0
VERTEX
8
Layer 1
10
658.777637
20
322.827148
70
0
0
VERTEX
8
Layer 1
10
658.777637
20
322.827148
70
0
0
SEQEND
8
Layer 1
0
POLYLINE
8
Layer 1
62
7
70
0
10
0.000000
20
0.000000
66
1
0
VERTEX
8
Layer 1
10
710.142114
20
321.380758
70
0
0
VERTEX
8
Layer 1
10
710.455204
20
320.992702
70
0
0
VERTEX
8
Layer 1
10
710.001003
20
320.498813
70
0
0
VERTEX
8
Layer 1
10
709.449787
20
320.121782
70
0
0
VERTEX
8
Layer 1
10
709.057322
20
319.996104
70
0
0
VERTEX
8
Layer 1
10
708.731002
20
320.121782
70
0
0
VERTEX
8
Layer 1
10
708.378224
20
320.498813
70
0
0
VERTEX
8
Layer 1
10
708.171863
20
320.853589
70
0
0
VERTEX
8
Layer 1
10
708.142855
20
321.167438
70
0
0
VERTEX
8
Layer 1
10
708.506106
20
321.614473
70
0
0
VERTEX
8
Layer 1
10
709.246389
20
321.724165
70
0
0
VERTEX
8
Layer 1
10
710.142114
20
321.380758
70
0
0
VERTEX
8
Layer 1
10
710.142114
20
321.380758
70
0
0
SEQEND
8
Layer 1
0
POLYLINE
8
Layer 1
62
7
70
0
10
0.000000
20
0.000000
66
1
0
VERTEX
8
Layer 1
10
655.073468
20
320.816313
70
0
0
VERTEX
8
Layer 1
10
655.884858
20
320.251868
70
0
0
VERTEX
8
Layer 1
10
653.803467
20
318.876034
70
0
0
VERTEX
8
Layer 1
10
652.061626
20
317.844159
70
0
0
VERTEX
8
Layer 1
10
651.704990
20
317.844159
70
0
0
VERTEX
8
Layer 1
10
651.510410
20
318.135200
70
0
0
VERTEX
8
Layer 1
10
651.308114
20
318.851781
70
0
0
VERTEX
8
Layer 1
10
651.373709
20
319.396382
70
0
0
VERTEX
8
Layer 1
10
651.763418
20
319.901295
70
0
0
VERTEX
8
Layer 1
10
652.533467
20
320.498813
70
0
0
VERTEX
8
Layer 1
10
653.436358
20
321.094126
70
0
0
VERTEX
8
Layer 1
10
653.988676
20
321.319022
70
0
0
VERTEX
8
Layer 1
10
654.448390
20
321.213188
70
0
0
VERTEX
8
Layer 1
10
655.073468
20
320.816313
70
0
0
VERTEX
8
Layer 1
10
655.073468
20
320.816313
70
0
0
SEQEND
8
Layer 1
0
POLYLINE
8
Layer 1
62
7
70
0
10
0.000000
20
0.000000
66
1
0
VERTEX
8
Layer 1
10
661.388194
20
320.816313
70
0
0
VERTEX
8
Layer 1
10
661.867201
20
320.255176
70
0
0
VERTEX
8
Layer 1
10
662.151077
20
319.502215
70
0
0
VERTEX
8
Layer 1
10
662.176984
20
318.841859
70
0
0
VERTEX
8
Layer 1
10
662.073562
20
318.635291
70
0
0
VERTEX
8
Layer 1
10
661.882084
20
318.558534
70
0
0
VERTEX
8
Layer 1
10
660.259305
20
319.475757
70
0
0
VERTEX
8
Layer 1
10
659.174512
20
320.353292
70
0
0
VERTEX
8
Layer 1
10
659.197664
20
320.611812
70
0
0
VERTEX
8
Layer 1
10
659.518471
20
320.886869
70
0
0
VERTEX
8
Layer 1
10
660.033858
20
321.223110
70
0
0
VERTEX
8
Layer 1
10
660.413645
20
321.327841
70
0
0
VERTEX
8
Layer 1
10
660.813277
20
321.194447
70
0
0
VERTEX
8
Layer 1
10
661.388194
20
320.816313
70
0
0
VERTEX
8
Layer 1
10
661.388194
20
320.816313
70
0
0
SEQEND
8
Layer 1
0
POLYLINE
8
Layer 1
62
7
70
0
10
0.000000
20
0.000000
66
1
0
VERTEX
8
Layer 1
10
707.072945
20
318.911312
70
0
0
VERTEX
8
Layer 1
10
705.035652
20
317.429644
70
0
0
VERTEX
8
Layer 1
10
704.274975
20
316.996389
70
0
0
VERTEX
8
Layer 1
10
703.897943
20
316.900477
70
0
0
VERTEX
8
Layer 1
10
703.767788
20
317.277509
70
0
0
VERTEX
8
Layer 1
10
703.915031
20
317.760374
70
0
0
VERTEX
8
Layer 1
10
704.775479
20
318.805479
70
0
0
VERTEX
8
Layer 1
10
705.946812
20
319.559542
70
0
0
VERTEX
8
Layer 1
10
706.482662
20
319.678604
70
0
0
VERTEX
8
Layer 1
10
706.896556
20
319.546312
70
0
0
VERTEX
8
Layer 1
10
707.130272
20
319.202354
70
0
0
VERTEX
8
Layer 1
10
707.072945
20
318.911312
70
0
0
VERTEX
8
Layer 1
10
707.072945
20
318.911312
70
0
0
SEQEND
8
Layer 1
0
POLYLINE
8
Layer 1
62
7
70
0
10
0.000000
20
0.000000
66
1
0
VERTEX
8
Layer 1
10
715.222117
20
316.653533
70
0
0
VERTEX
8
Layer 1
10
714.763506
20
315.312976
70
0
0
VERTEX
8
Layer 1
10
714.044721
20
315.674574
70
0
0
VERTEX
8
Layer 1
10
712.611560
20
316.829922
70
0
0
VERTEX
8
Layer 1
10
710.671281
20
318.593812
70
0
0
VERTEX
8
Layer 1
10
711.553226
20
319.264090
70
0
0
VERTEX
8
Layer 1
10
712.071369
20
319.614112
70
0
0
VERTEX
8
Layer 1
10
712.496907
20
319.683014
70
0
0
VERTEX
8
Layer 1
10
713.041508
20
319.427801
70
0
0
VERTEX
8
Layer 1
10
713.916839
20
318.805479
70
0
0
VERTEX
8
Layer 1
10
714.730984
20
318.186463
70
0
0
VERTEX
8
Layer 1
10
715.164791
20
317.716277
70
0
0
VERTEX
8
Layer 1
10
715.300941
20
317.252704
70
0
0
VERTEX
8
Layer 1
10
715.222117
20
316.653533
70
0
0
VERTEX
8
Layer 1
10
715.222117
20
316.653533
70
0
0
SEQEND
8
Layer 1
0
POLYLINE
8
Layer 1
62
7
70
0
10
0.000000
20
0.000000
66
1
0
VERTEX
8
Layer 1
10
659.024582
20
318.276312
70
0
0
VERTEX
8
Layer 1
10
660.500737
20
317.258216
70
0
0
VERTEX
8
Layer 1
10
661.202986
20
316.455095
70
0
0
VERTEX
8
Layer 1
10
661.303169
20
316.048367
70
0
0
VERTEX
8
Layer 1
10
661.257005
20
315.592443
70
0
0
VERTEX
8
Layer 1
10
660.788472
20
314.395754
70
0
0
VERTEX
8
Layer 1
10
659.377360
20
311.891030
70
0
0
VERTEX
8
Layer 1
10
658.964499
20
311.409267
70
0
0
VERTEX
8
Layer 1
10
658.455727
20
311.211932
70
0
0
VERTEX
8
Layer 1
10
655.814302
20
311.538252
70
0
0
VERTEX
8
Layer 1
10
653.951744
20
311.900952
70
0
0
VERTEX
8
Layer 1
10
652.899474
20
312.402558
70
0
0
VERTEX
8
Layer 1
10
652.595547
20
312.777798
70
0
0
VERTEX
8
Layer 1
10
652.396214
20
313.274581
70
0
0
VERTEX
8
Layer 1
10
652.180689
20
314.748532
70
0
0
VERTEX
8
Layer 1
10
652.213210
20
315.367547
70
0
0
VERTEX
8
Layer 1
10
652.520237
20
315.917109
70
0
0
VERTEX
8
Layer 1
10
654.579579
20
317.535478
70
0
0
VERTEX
8
Layer 1
10
657.260692
20
319.264090
70
0
0
VERTEX
8
Layer 1
10
659.024582
20
318.276312
70
0
0
VERTEX
8
Layer 1
10
659.024582
20
318.276312
70
0
0
SEQEND
8
Layer 1
0
POLYLINE
8
Layer 1
62
7
70
0
10
0.000000
20
0.000000
66
1
0
VERTEX
8
Layer 1
10
710.565448
20
316.547699
70
0
0
VERTEX
8
Layer 1
10
713.034894
20
314.395754
70
0
0
VERTEX
8
Layer 1
10
714.340172
20
313.161031
70
0
0
VERTEX
8
Layer 1
10
713.705172
20
311.538252
70
0
0
VERTEX
8
Layer 1
10
713.316565
20
310.657960
70
0
0
VERTEX
8
Layer 1
10
712.951109
20
310.158008
70
0
0
VERTEX
8
Layer 1
10
712.459976
20
309.916024
70
0
0
VERTEX
8
Layer 1
10
711.694337
20
309.809640
70
0
0
VERTEX
8
Layer 1
10
710.274406
20
309.783181
70
0
0
VERTEX
8
Layer 1
10
708.801558
20
309.915473
70
0
0
VERTEX
8
Layer 1
10
707.917959
20
310.089106
70
0
0
VERTEX
8
Layer 1
10
707.341939
20
310.431411
70
0
0
VERTEX
8
Layer 1
10
706.851908
20
311.150747
70
0
0
VERTEX
8
Layer 1
10
706.226278
20
312.455475
70
0
0
VERTEX
8
Layer 1
10
705.203222
20
315.207143
70
0
0
VERTEX
8
Layer 1
10
705.641438
20
315.803558
70
0
0
VERTEX
8
Layer 1
10
706.671660
20
316.565338
70
0
0
VERTEX
8
Layer 1
10
707.867247
20
317.221285
70
0
0
VERTEX
8
Layer 1
10
708.801558
20
317.500200
70
0
0
VERTEX
8
Layer 1
10
709.551211
20
317.222387
70
0
0
VERTEX
8
Layer 1
10
710.565448
20
316.547699
70
0
0
VERTEX
8
Layer 1
10
710.565448
20
316.547699
70
0
0
SEQEND
8
Layer 1
0
POLYLINE
8
Layer 1
62
7
70
0
10
0.000000
20
0.000000
66
1
0
VERTEX
8
Layer 1
10
627.415673
20
315.101310
70
0
0
VERTEX
8
Layer 1
10
636.693734
20
313.090475
70
0
0
VERTEX
8
Layer 1
10
634.859289
20
311.758738
70
0
0
VERTEX
8
Layer 1
10
631.860676
20
309.950751
70
0
0
VERTEX
8
Layer 1
10
631.101101
20
309.637109
70
0
0
VERTEX
8
Layer 1
10
630.176161
20
309.478910
70
0
0
VERTEX
8
Layer 1
10
626.745395
20
309.562695
70
0
0
VERTEX
8
Layer 1
10
621.519871
20
310.016897
70
0
0
VERTEX
8
Layer 1
10
617.326222
20
310.656307
70
0
0
VERTEX
8
Layer 1
10
616.755163
20
310.799072
70
0
0
VERTEX
8
Layer 1
10
616.408999
20
311.322175
70
0
0
VERTEX
8
Layer 1
10
615.703443
20
315.665754
70
0
0
VERTEX
8
Layer 1
10
615.527054
20
317.147422
70
0
0
VERTEX
8
Layer 1
10
616.867611
20
317.112144
70
0
0
VERTEX
8
Layer 1
10
620.540912
20
316.490373
70
0
0
VERTEX
8
Layer 1
10
627.415673
20
315.101310
70
0
0
VERTEX
8
Layer 1
10
627.415673
20
315.101310
70
0
0
SEQEND
8
Layer 1
0
POLYLINE
8
Layer 1
62
7
70
0
10
0.000000
20
0.000000
66
1
0
VERTEX
8
Layer 1
10
663.081529
20
311.749919
70
0
0
VERTEX
8
Layer 1
10
662.468577
20
310.713633
70
0
0
VERTEX
8
Layer 1
10
662.114145
20
310.504723
70
0
0
VERTEX
8
Layer 1
10
661.670417
20
310.444640
70
0
0
VERTEX
8
Layer 1
10
661.013368
20
310.510786
70
0
0
VERTEX
8
Layer 1
10
660.753194
20
310.656307
70
0
0
VERTEX
8
Layer 1
10
661.882084
20
313.019919
70
0
0
VERTEX
8
Layer 1
10
663.046251
20
315.171865
70
0
0
VERTEX
8
Layer 1
10
663.328473
20
314.113531
70
0
0
VERTEX
8
Layer 1
10
663.429897
20
312.997871
70
0
0
VERTEX
8
Layer 1
10
663.081529
20
311.749919
70
0
0
VERTEX
8
Layer 1
10
663.081529
20
311.749919
70
0
0
SEQEND
8
Layer 1
0
POLYLINE
8
Layer 1
62
7
70
0
10
0.000000
20
0.000000
66
1
0
VERTEX
8
Layer 1
10
704.815166
20
311.608807
70
0
0
VERTEX
8
Layer 1
10
705.273778
20
310.144779
70
0
0
VERTEX
8
Layer 1
10
705.261651
20
309.713728
70
0
0
VERTEX
8
Layer 1
10
705.097389
20
309.421584
70
0
0
VERTEX
8
Layer 1
10
704.572631
20
309.071562
70
0
0
VERTEX
8
Layer 1
10
704.127249
20
309.214327
70
0
0
VERTEX
8
Layer 1
10
703.708325
20
309.892873
70
0
0
VERTEX
8
Layer 1
10
703.262943
20
311.150196
70
0
0
VERTEX
8
Layer 1
10
702.830790
20
312.962593
70
0
0
VERTEX
8
Layer 1
10
702.875990
20
313.437190
70
0
0
VERTEX
8
Layer 1
10
703.086554
20
313.796031
70
0
0
VERTEX
8
Layer 1
10
703.440986
20
314.124004
70
0
0
VERTEX
8
Layer 1
10
703.752422
20
313.985649
70
0
0
VERTEX
8
Layer 1
10
704.815166
20
311.608807
70
0
0
VERTEX
8
Layer 1
10
704.815166
20
311.608807
70
0
0
SEQEND
8
Layer 1
0
POLYLINE
8
Layer 1
62
7
70
0
10
0.000000
20
0.000000
66
1
0
VERTEX
8
Layer 1
10
750.464639
20
312.490752
70
0
0
VERTEX
8
Layer 1
10
749.864917
20
309.209917
70
0
0
VERTEX
8
Layer 1
10
749.610806
20
308.201744
70
0
0
VERTEX
8
Layer 1
10
749.313701
20
307.653284
70
0
0
VERTEX
8
Layer 1
10
748.798315
20
307.389252
70
0
0
VERTEX
8
Layer 1
10
747.889360
20
307.234360
70
0
0
VERTEX
8
Layer 1
10
740.833800
20
306.740471
70
0
0
VERTEX
8
Layer 1
10
735.365741
20
306.493526
70
0
0
VERTEX
8
Layer 1
10
732.437684
20
308.539639
70
0
0
VERTEX
8
Layer 1
10
730.466537
20
310.038945
70
0
0
VERTEX
8
Layer 1
10
729.791849
20
310.691585
70
0
0
VERTEX
8
Layer 1
10
738.302618
20
312.243808
70
0
0
VERTEX
8
Layer 1
10
747.183804
20
313.584364
70
0
0
VERTEX
8
Layer 1
10
750.464639
20
313.937142
70
0
0
VERTEX
8
Layer 1
10
750.570473
20
313.518218
70
0
0
VERTEX
8
Layer 1
10
750.464639
20
312.490752
70
0
0
VERTEX
8
Layer 1
10
750.464639
20
312.490752
70
0
0
SEQEND
8
Layer 1
0
POLYLINE
8
Layer 1
62
7
70
0
10
0.000000
20
0.000000
66
1
0
VERTEX
8
Layer 1
10
641.703182
20
311.538252
70
0
0
VERTEX
8
Layer 1
10
641.990917
20
310.878447
70
0
0
VERTEX
8
Layer 1
10
641.967766
20
310.387314
70
0
0
VERTEX
8
Layer 1
10
641.574198
20
309.916024
70
0
0
VERTEX
8
Layer 1
10
640.750681
20
309.315750
70
0
0
VERTEX
8
Layer 1
10
639.961892
20
308.837846
70
0
0
VERTEX
8
Layer 1
10
639.229326
20
308.588146
70
0
0
VERTEX
8
Layer 1
10
636.940679
20
308.574917
70
0
0
VERTEX
8
Layer 1
10
635.132692
20
308.773354
70
0
0
VERTEX
8
Layer 1
10
634.224288
20
308.998250
70
0
0
VERTEX
8
Layer 1
10
634.740226
20
309.580334
70
0
0
VERTEX
8
Layer 1
10
636.340956
20
310.691585
70
0
0
VERTEX
8
Layer 1
10
638.235485
20
311.682119
70
0
0
VERTEX
8
Layer 1
10
639.802591
20
312.160023
70
0
0
VERTEX
8
Layer 1
10
640.979436
20
312.115375
70
0
0
VERTEX
8
Layer 1
10
641.401874
20
311.893993
70
0
0
VERTEX
8
Layer 1
10
641.703182
20
311.538252
70
0
0
VERTEX
8
Layer 1
10
641.703182
20
311.538252
70
0
0
SEQEND
8
Layer 1
0
POLYLINE
8
Layer 1
62
7
70
0
10
0.000000
20
0.000000
66
1
0
VERTEX
8
Layer 1
10
657.754581
20
309.315750
70
0
0
VERTEX
8
Layer 1
10
657.847323
20
309.111318
70
0
0
VERTEX
8
Layer 1
10
657.775527
20
308.857690
70
0
0
VERTEX
8
Layer 1
10
657.260692
20
308.297104
70
0
0
VERTEX
8
Layer 1
10
656.454815
20
307.822507
70
0
0
VERTEX
8
Layer 1
10
655.602635
20
307.622416
70
0
0
VERTEX
8
Layer 1
10
654.977557
20
307.863297
70
0
0
VERTEX
8
Layer 1
10
654.359093
20
308.464673
70
0
0
VERTEX
8
Layer 1
10
653.886150
20
309.244644
70
0
0
VERTEX
8
Layer 1
10
653.697634
20
310.021306
70
0
0
VERTEX
8
Layer 1
10
654.262079
20
310.139267
70
0
0
VERTEX
8
Layer 1
10
655.540899
20
309.986029
70
0
0
VERTEX
8
Layer 1
10
656.912324
20
309.674041
70
0
0
VERTEX
8
Layer 1
10
657.754581
20
309.315750
70
0
0
VERTEX
8
Layer 1
10
657.754581
20
309.315750
70
0
0
SEQEND
8
Layer 1
0
POLYLINE
8
Layer 1
62
7
70
0
10
0.000000
20
0.000000
66
1
0
VERTEX
8
Layer 1
10
729.439071
20
308.398528
70
0
0
VERTEX
8
Layer 1
10
731.260287
20
306.943318
70
0
0
VERTEX
8
Layer 1
10
731.249814
20
306.672120
70
0
0
VERTEX
8
Layer 1
10
730.779627
20
306.493526
70
0
0
VERTEX
8
Layer 1
10
727.922125
20
306.176026
70
0
0
VERTEX
8
Layer 1
10
726.889147
20
306.165002
70
0
0
VERTEX
8
Layer 1
10
726.167055
20
306.273040
70
0
0
VERTEX
8
Layer 1
10
725.590483
20
306.553058
70
0
0
VERTEX
8
Layer 1
10
724.994068
20
307.057971
70
0
0
VERTEX
8
Layer 1
10
724.457735
20
307.619660
70
0
0
VERTEX
8
Layer 1
10
724.195908
20
308.058979
70
0
0
VERTEX
8
Layer 1
10
724.165591
20
308.491683
70
0
0
VERTEX
8
Layer 1
10
724.323790
20
309.033528
70
0
0
VERTEX
8
Layer 1
10
724.678221
20
309.676797
70
0
0
VERTEX
8
Layer 1
10
725.227783
20
310.105091
70
0
0
VERTEX
8
Layer 1
10
725.916252
20
310.288646
70
0
0
VERTEX
8
Layer 1
10
726.687402
20
310.197695
70
0
0
VERTEX
8
Layer 1
10
729.439071
20
308.398528
70
0
0
VERTEX
8
Layer 1
10
729.439071
20
308.398528
70
0
0
SEQEND
8
Layer 1
0
POLYLINE
8
Layer 1
62
7
70
0
10
0.000000
20
0.000000
66
1
0
VERTEX
8
Layer 1
10
661.141250
20
308.751306
70
0
0
VERTEX
8
Layer 1
10
661.493477
20
308.330728
70
0
0
VERTEX
8
Layer 1
10
661.445521
20
307.715020
70
0
0
VERTEX
8
Layer 1
10
661.086679
20
307.158844
70
0
0
VERTEX
8
Layer 1
10
660.506249
20
306.916860
70
0
0
VERTEX
8
Layer 1
10
659.767069
20
307.007259
70
0
0
VERTEX
8
Layer 1
10
659.355311
20
307.269638
70
0
0
VERTEX
8
Layer 1
10
659.280897
20
307.690767
70
0
0
VERTEX
8
Layer 1
10
659.553749
20
308.257416
70
0
0
VERTEX
8
Layer 1
10
659.915897
20
308.726501
70
0
0
VERTEX
8
Layer 1
10
660.228437
20
308.940924
70
0
0
VERTEX
8
Layer 1
10
660.600507
20
308.937065
70
0
0
VERTEX
8
Layer 1
10
661.141250
20
308.751306
70
0
0
VERTEX
8
Layer 1
10
661.141250
20
308.751306
70
0
0
SEQEND
8
Layer 1
0
POLYLINE
8
Layer 1
62
7
70
0
10
0.000000
20
0.000000
66
1
0
VERTEX
8
Layer 1
10
626.004561
20
307.692972
70
0
0
VERTEX
8
Layer 1
10
628.121229
20
307.410749
70
0
0
VERTEX
8
Layer 1
10
625.122616
20
305.470470
70
0
0
VERTEX
8
Layer 1
10
620.465946
20
302.577691
70
0
0
VERTEX
8
Layer 1
10
618.807890
20
301.625190
70
0
0
VERTEX
8
Layer 1
10
618.243445
20
303.636025
70
0
0
VERTEX
8
Layer 1
10
617.326222
20
306.705193
70
0
0
VERTEX
8
Layer 1
10
617.008722
20
307.975194
70
0
0
VERTEX
8
Layer 1
10
618.007525
20
308.104730
70
0
0
VERTEX
8
Layer 1
10
620.421849
20
308.085437
70
0
0
VERTEX
8
Layer 1
10
626.004561
20
307.692972
70
0
0
VERTEX
8
Layer 1
10
626.004561
20
307.692972
70
0
0
SEQEND
8
Layer 1
0
POLYLINE
8
Layer 1
62
7
70
0
10
0.000000
20
0.000000
66
1
0
VERTEX
8
Layer 1
10
664.669030
20
307.975194
70
0
0
VERTEX
8
Layer 1
10
665.193787
20
307.571704
70
0
0
VERTEX
8
Layer 1
10
665.295211
20
307.234360
70
0
0
VERTEX
8
Layer 1
10
664.986530
20
307.002850
70
0
0
VERTEX
8
Layer 1
10
664.280974
20
306.916860
70
0
0
VERTEX
8
Layer 1
10
663.653139
20
307.019386
70
0
0
VERTEX
8
Layer 1
10
663.279966
20
307.287277
70
0
0
VERTEX
8
Layer 1
10
663.204450
20
307.661001
70
0
0
VERTEX
8
Layer 1
10
663.469585
20
308.081027
70
0
0
VERTEX
8
Layer 1
10
663.870870
20
308.305923
70
0
0
VERTEX
8
Layer 1
10
664.669030
20
307.975194
70
0
0
VERTEX
8
Layer 1
10
664.669030
20
307.975194
70
0
0
SEQEND
8
Layer 1
0
POLYLINE
8
Layer 1
62
7
70
0
10
0.000000
20
0.000000
66
1
0
VERTEX
8
Layer 1
10
711.764893
20
307.340194
70
0
0
VERTEX
8
Layer 1
10
711.153595
20
306.316035
70
0
0
VERTEX
8
Layer 1
10
710.605135
20
305.814429
70
0
0
VERTEX
8
Layer 1
10
710.063290
20
305.802302
70
0
0
VERTEX
8
Layer 1
10
709.471836
20
306.246582
70
0
0
VERTEX
8
Layer 1
10
708.823606
20
307.131834
70
0
0
VERTEX
8
Layer 1
10
708.762421
20
307.458292
70
0
0
VERTEX
8
Layer 1
10
708.889752
20
307.719430
70
0
0
VERTEX
8
Layer 1
10
709.749648
20
308.082130
70
0
0
VERTEX
8
Layer 1
10
711.482670
20
308.292694
70
0
0
VERTEX
8
Layer 1
10
711.923643
20
308.292694
70
0
0
VERTEX
8
Layer 1
10
712.100032
20
308.186861
70
0
0
VERTEX
8
Layer 1
10
711.764893
20
307.340194
70
0
0
VERTEX
8
Layer 1
10
711.764893
20
307.340194
70
0
0
SEQEND
8
Layer 1
0
POLYLINE
8
Layer 1
62
7
70
0
10
0.000000
20
0.000000
66
1
0
VERTEX
8
Layer 1
10
706.967112
20
306.952138
70
0
0
VERTEX
8
Layer 1
10
707.253744
20
306.249889
70
0
0
VERTEX
8
Layer 1
10
707.249334
20
305.805609
70
0
0
VERTEX
8
Layer 1
10
706.927424
20
305.572996
70
0
0
VERTEX
8
Layer 1
10
706.261556
20
305.505748
70
0
0
VERTEX
8
Layer 1
10
705.348743
20
305.686547
70
0
0
VERTEX
8
Layer 1
10
704.885722
20
306.317137
70
0
0
VERTEX
8
Layer 1
10
704.797527
20
306.987416
70
0
0
VERTEX
8
Layer 1
10
705.344333
20
307.340194
70
0
0
VERTEX
8
Layer 1
10
706.446764
20
307.543041
70
0
0
VERTEX
8
Layer 1
10
706.713553
20
307.360037
70
0
0
VERTEX
8
Layer 1
10
706.967112
20
306.952138
70
0
0
VERTEX
8
Layer 1
10
706.967112
20
306.952138
70
0
0
SEQEND
8
Layer 1
0
POLYLINE
8
Layer 1
62
7
70
0
10
0.000000
20
0.000000
66
1
0
VERTEX
8
Layer 1
10
637.787346
20
306.705193
70
0
0
VERTEX
8
Layer 1
10
637.584499
20
306.378874
70
0
0
VERTEX
8
Layer 1
10
636.905401
20
305.787970
70
0
0
VERTEX
8
Layer 1
10
631.119842
20
300.954912
70
0
0
VERTEX
8
Layer 1
10
624.443518
20
295.341332
70
0
0
VERTEX
8
Layer 1
10
622.370948
20
293.722963
70
0
0
VERTEX
8
Layer 1
10
622.053999
20
293.681070
70
0
0
VERTEX
8
Layer 1
10
621.687440
20
294.155116
70
0
0
VERTEX
8
Layer 1
10
620.183724
20
297.709354
70
0
0
VERTEX
8
Layer 1
10
619.513446
20
299.402689
70
0
0
VERTEX
8
Layer 1
10
620.818724
20
300.284634
70
0
0
VERTEX
8
Layer 1
10
626.710117
20
304.235747
70
0
0
VERTEX
8
Layer 1
10
631.296231
20
307.304916
70
0
0
VERTEX
8
Layer 1
10
634.471233
20
307.057971
70
0
0
VERTEX
8
Layer 1
10
637.787346
20
306.705193
70
0
0
VERTEX
8
Layer 1
10
637.787346
20
306.705193
70
0
0
SEQEND
8
Layer 1
0
POLYLINE
8
Layer 1
62
7
70
0
10
0.000000
20
0.000000
66
1
0
VERTEX
8
Layer 1
10
703.192387
20
306.211304
70
0
0
VERTEX
8
Layer 1
10
703.238690
20
305.848053
70
0
0
VERTEX
8
Layer 1
10
703.139471
20
305.633630
70
0
0
VERTEX
8
Layer 1
10
702.345720
20
305.505748
70
0
0
VERTEX
8
Layer 1
10
701.543150
20
305.660088
70
0
0
VERTEX
8
Layer 1
10
701.373376
20
305.877819
70
0
0
VERTEX
8
Layer 1
10
701.322664
20
306.211304
70
0
0
VERTEX
8
Layer 1
10
701.521102
20
306.749290
70
0
0
VERTEX
8
Layer 1
10
702.169331
20
306.916860
70
0
0
VERTEX
8
Layer 1
10
702.839609
20
306.736061
70
0
0
VERTEX
8
Layer 1
10
703.192387
20
306.211304
70
0
0
VERTEX
8
Layer 1
10
703.192387
20
306.211304
70
0
0
SEQEND
8
Layer 1
0
POLYLINE
8
Layer 1
62
7
70
0
10
0.000000
20
0.000000
66
1
0
VERTEX
8
Layer 1
10
644.842906
20
303.142135
70
0
0
VERTEX
8
Layer 1
10
646.686171
20
299.826022
70
0
0
VERTEX
8
Layer 1
10
648.582353
20
296.721576
70
0
0
VERTEX
8
Layer 1
10
650.205132
20
294.084560
70
0
0
VERTEX
8
Layer 1
10
650.249229
20
293.536652
70
0
0
VERTEX
8
Layer 1
10
649.922909
20
293.087962
70
0
0
VERTEX
8
Layer 1
10
649.106559
20
292.385714
70
0
0
VERTEX
8
Layer 1
10
647.916485
20
291.703309
70
0
0
VERTEX
8
Layer 1
10
644.349017
20
290.371572
70
0
0
VERTEX
8
Layer 1
10
635.882345
20
287.549348
70
0
0
VERTEX
8
Layer 1
10
631.190398
20
286.005944
70
0
0
VERTEX
8
Layer 1
10
628.297618
20
285.256291
70
0
0
VERTEX
8
Layer 1
10
626.674839
20
285.009346
70
0
0
VERTEX
8
Layer 1
10
624.981505
20
287.831570
70
0
0
VERTEX
8
Layer 1
10
623.834976
20
289.965877
70
0
0
VERTEX
8
Layer 1
10
623.429282
20
291.147683
70
0
0
VERTEX
8
Layer 1
10
624.300202
20
292.240193
70
0
0
VERTEX
8
Layer 1
10
626.507270
20
294.384422
70
0
0
VERTEX
8
Layer 1
10
633.765677
20
300.743245
70
0
0
VERTEX
8
Layer 1
10
639.233736
20
305.399915
70
0
0
VERTEX
8
Layer 1
10
640.490508
20
306.299498
70
0
0
VERTEX
8
Layer 1
10
641.104011
20
306.501243
70
0
0
VERTEX
8
Layer 1
10
641.773738
20
306.564082
70
0
0
VERTEX
8
Layer 1
10
642.555913
20
306.505653
70
0
0
VERTEX
8
Layer 1
10
643.136343
20
306.123109
70
0
0
VERTEX
8
Layer 1
10
643.802762
20
305.105565
70
0
0
VERTEX
8
Layer 1
10
644.842906
20
303.142135
70
0
0
VERTEX
8
Layer 1
10
644.842906
20
303.142135
70
0
0
SEQEND
8
Layer 1
0
POLYLINE
8
Layer 1
62
7
70
0
10
0.000000
20
0.000000
66
1
0
VERTEX
8
Layer 1
10
660.294583
20
304.729636
70
0
0
VERTEX
8
Layer 1
10
659.659582
20
302.930469
70
0
0
VERTEX
8
Layer 1
10
659.288614
20
302.089314
70
0
0
VERTEX
8
Layer 1
10
658.914339
20
301.783940
70
0
0
VERTEX
8
Layer 1
10
658.454074
20
302.007734
70
0
0
VERTEX
8
Layer 1
10
657.825137
20
302.754080
70
0
0
VERTEX
8
Layer 1
10
657.318569
20
303.724219
70
0
0
VERTEX
8
Layer 1
10
657.370935
20
304.482692
70
0
0
VERTEX
8
Layer 1
10
657.959082
20
304.976581
70
0
0
VERTEX
8
Layer 1
10
659.059860
20
305.152970
70
0
0
VERTEX
8
Layer 1
10
660.100555
20
305.047137
70
0
0
VERTEX
8
Layer 1
10
660.300095
20
304.914845
70
0
0
VERTEX
8
Layer 1
10
660.294583
20
304.729636
70
0
0
VERTEX
8
Layer 1
10
660.294583
20
304.729636
70
0
0
SEQEND
8
Layer 1
0
POLYLINE
8
Layer 1
62
7
70
0
10
0.000000
20
0.000000
66
1
0
VERTEX
8
Layer 1
10
665.127641
20
304.941303
70
0
0
VERTEX
8
Layer 1
10
665.409312
20
304.711997
70
0
0
VERTEX
8
Layer 1
10
665.581843
20
304.218108
70
0
0
VERTEX
8
Layer 1
10
665.692086
20
302.013246
70
0
0
VERTEX
8
Layer 1
10
665.692086
20
299.296855
70
0
0
VERTEX
8
Layer 1
10
664.139863
20
298.556021
70
0
0
VERTEX
8
Layer 1
10
662.587640
20
297.779910
70
0
0
VERTEX
8
Layer 1
10
661.494028
20
298.873522
70
0
0
VERTEX
8
Layer 1
10
660.819891
20
299.587897
70
0
0
VERTEX
8
Layer 1
10
660.598854
20
300.275814
70
0
0
VERTEX
8
Layer 1
10
660.834223
20
301.373836
70
0
0
VERTEX
8
Layer 1
10
661.529306
20
303.318524
70
0
0
VERTEX
8
Layer 1
10
661.935552
20
304.334415
70
0
0
VERTEX
8
Layer 1
10
662.292188
20
304.883977
70
0
0
VERTEX
8
Layer 1
10
662.734814
20
305.109424
70
0
0
VERTEX
8
Layer 1
10
663.399029
20
305.152970
70
0
0
VERTEX
8
Layer 1
10
665.127641
20
304.941303
70
0
0
VERTEX
8
Layer 1
10
665.127641
20
304.941303
70
0
0
SEQEND
8
Layer 1
0
POLYLINE
8
Layer 1
62
7
70
0
10
0.000000
20
0.000000
66
1
0
VERTEX
8
Layer 1
10
748.277416
20
304.800192
70
0
0
VERTEX
8
Layer 1
10
748.582789
20
304.710895
70
0
0
VERTEX
8
Layer 1
10
748.630194
20
304.297483
70
0
0
VERTEX
8
Layer 1
10
747.818804
20
301.625190
70
0
0
VERTEX
8
Layer 1
10
746.989776
20
299.389459
70
0
0
VERTEX
8
Layer 1
10
746.478248
20
298.450188
70
0
0
VERTEX
8
Layer 1
10
744.922166
20
299.338748
70
0
0
VERTEX
8
Layer 1
10
742.046474
20
301.325329
70
0
0
VERTEX
8
Layer 1
10
739.270001
20
303.391285
70
0
0
VERTEX
8
Layer 1
10
738.011576
20
304.517970
70
0
0
VERTEX
8
Layer 1
10
739.113456
20
304.727432
70
0
0
VERTEX
8
Layer 1
10
741.667238
20
304.897206
70
0
0
VERTEX
8
Layer 1
10
744.545135
20
304.974376
70
0
0
VERTEX
8
Layer 1
10
746.619359
20
304.906025
70
0
0
VERTEX
8
Layer 1
10
748.277416
20
304.800192
70
0
0
VERTEX
8
Layer 1
10
748.277416
20
304.800192
70
0
0
SEQEND
8
Layer 1
0
POLYLINE
8
Layer 1
62
7
70
0
10
0.000000
20
0.000000
66
1
0
VERTEX
8
Layer 1
10
673.382646
20
303.459636
70
0
0
VERTEX
8
Layer 1
10
674.171987
20
302.793767
70
0
0
VERTEX
8
Layer 1
10
674.511536
20
302.366024
70
0
0
VERTEX
8
Layer 1
10
674.159860
20
302.030885
70
0
0
VERTEX
8
Layer 1
10
673.365008
20
301.695746
70
0
0
VERTEX
8
Layer 1
10
672.517238
20
301.492898
70
0
0
VERTEX
8
Layer 1
10
672.006812
20
301.554634
70
0
0
VERTEX
8
Layer 1
10
671.583479
20
303.318524
70
0
0
VERTEX
8
Layer 1
10
671.497489
20
304.233542
70
0
0
VERTEX
8
Layer 1
10
671.662854
20
304.553247
70
0
0
VERTEX
8
Layer 1
10
672.238323
20
304.290869
70
0
0
VERTEX
8
Layer 1
10
673.382646
20
303.459636
70
0
0
VERTEX
8
Layer 1
10
673.382646
20
303.459636
70
0
0
SEQEND
8
Layer 1
0
POLYLINE
8
Layer 1
62
7
70
0
10
0.000000
20
0.000000
66
1
0
VERTEX
8
Layer 1
10
736.212408
20
303.318524
70
0
0
VERTEX
8
Layer 1
10
741.962690
20
298.838244
70
0
0
VERTEX
8
Layer 1
10
744.377565
20
296.890799
70
0
0
VERTEX
8
Layer 1
10
745.040333
20
296.217007
70
0
0
VERTEX
8
Layer 1
10
745.380226
20
295.614735
70
0
0
VERTEX
8
Layer 1
10
745.427424
20
294.987658
70
0
0
VERTEX
8
Layer 1
10
745.212106
20
294.239452
70
0
0
VERTEX
8
Layer 1
10
744.114635
20
291.994351
70
0
0
VERTEX
8
Layer 1
10
743.118038
20
290.274558
70
0
0
VERTEX
8
Layer 1
10
742.755338
20
289.910756
70
0
0
VERTEX
8
Layer 1
10
742.491857
20
289.877683
70
0
0
VERTEX
8
Layer 1
10
734.730741
20
297.180187
70
0
0
VERTEX
8
Layer 1
10
727.392958
20
304.271025
70
0
0
VERTEX
8
Layer 1
10
729.615460
20
304.482692
70
0
0
VERTEX
8
Layer 1
10
732.273421
20
304.702627
70
0
0
VERTEX
8
Layer 1
10
733.839976
20
304.654671
70
0
0
VERTEX
8
Layer 1
10
734.943510
20
304.229684
70
0
0
VERTEX
8
Layer 1
10
736.212408
20
303.318524
70
0
0
VERTEX
8
Layer 1
10
736.212408
20
303.318524
70
0
0
SEQEND
8
Layer 1
0
POLYLINE
8
Layer 1
62
7
70
0
10
0.000000
20
0.000000
66
1
0
VERTEX
8
Layer 1
10
731.908517
20
297.321298
70
0
0
VERTEX
8
Layer 1
10
737.336888
20
291.866469
70
0
0
VERTEX
8
Layer 1
10
740.198800
20
288.819349
70
0
0
VERTEX
8
Layer 1
10
741.023418
20
287.540528
70
0
0
VERTEX
8
Layer 1
10
741.047120
20
287.073098
70
0
0
VERTEX
8
Layer 1
10
740.869078
20
286.526292
70
0
0
VERTEX
8
Layer 1
10
739.990991
20
285.063365
70
0
0
VERTEX
8
Layer 1
10
738.712722
20
283.289553
70
0
0
VERTEX
8
Layer 1
10
737.480755
20
281.793554
70
0
0
VERTEX
8
Layer 1
10
736.741575
20
281.164066
70
0
0
VERTEX
8
Layer 1
10
733.919351
20
282.257678
70
0
0
VERTEX
8
Layer 1
10
727.428236
20
285.079902
70
0
0
VERTEX
8
Layer 1
10
720.325823
20
288.020637
70
0
0
VERTEX
8
Layer 1
10
716.831667
20
289.608689
70
0
0
VERTEX
8
Layer 1
10
716.006704
20
290.125936
70
0
0
VERTEX
8
Layer 1
10
715.566627
20
290.581585
70
0
0
VERTEX
8
Layer 1
10
715.151562
20
291.676850
70
0
0
VERTEX
8
Layer 1
10
714.972417
20
292.394533
70
0
0
VERTEX
8
Layer 1
10
715.120694
20
293.079143
70
0
0
VERTEX
8
Layer 1
10
715.751835
20
294.068024
70
0
0
VERTEX
8
Layer 1
10
717.021285
20
295.698520
70
0
0
VERTEX
8
Layer 1
10
719.080627
20
298.564841
70
0
0
VERTEX
8
Layer 1
10
720.901843
20
301.484079
70
0
0
VERTEX
8
Layer 1
10
721.720605
20
302.927230
70
0
0
VERTEX
8
Layer 1
10
722.418237
20
303.914388
70
0
0
VERTEX
8
Layer 1
10
723.134886
20
304.393050
70
0
0
VERTEX
8
Layer 1
10
724.010699
20
304.310713
70
0
0
VERTEX
8
Layer 1
10
725.185822
20
303.614872
70
0
0
VERTEX
8
Layer 1
10
726.800401
20
302.253025
70
0
0
VERTEX
8
Layer 1
10
731.908517
20
297.321298
70
0
0
VERTEX
8
Layer 1
10
731.908517
20
297.321298
70
0
0
SEQEND
8
Layer 1
0
POLYLINE
8
Layer 1
62
7
70
0
10
0.000000
20
0.000000
66
1
0
VERTEX
8
Layer 1
10
670.595700
20
301.731023
70
0
0
VERTEX
8
Layer 1
10
670.529554
20
301.153349
70
0
0
VERTEX
8
Layer 1
10
670.278200
20
300.919634
70
0
0
VERTEX
8
Layer 1
10
670.040075
20
301.409113
70
0
0
VERTEX
8
Layer 1
10
669.960700
20
302.612968
70
0
0
VERTEX
8
Layer 1
10
670.040075
20
303.768316
70
0
0
VERTEX
8
Layer 1
10
670.129372
20
303.753985
70
0
0
VERTEX
8
Layer 1
10
670.278200
20
303.389080
70
0
0
VERTEX
8
Layer 1
10
670.595700
20
301.731023
70
0
0
VERTEX
8
Layer 1
10
670.595700
20
301.731023
70
0
0
SEQEND
8
Layer 1
0
POLYLINE
8
Layer 1
62
7
70
0
10
0.000000
20
0.000000
66
1
0
VERTEX
8
Layer 1
10
694.549326
20
301.907412
70
0
0
VERTEX
8
Layer 1
10
694.125993
20
299.931856
70
0
0
VERTEX
8
Layer 1
10
692.785436
20
300.672689
70
0
0
VERTEX
8
Layer 1
10
691.444880
20
301.660468
70
0
0
VERTEX
8
Layer 1
10
691.934911
20
302.271766
70
0
0
VERTEX
8
Layer 1
10
693.036791
20
303.111267
70
0
0
VERTEX
8
Layer 1
10
694.198202
20
303.798633
70
0
0
VERTEX
8
Layer 1
10
694.866827
20
303.953525
70
0
0
VERTEX
8
Layer 1
10
694.549326
20
301.907412
70
0
0
VERTEX
8
Layer 1
10
694.549326
20
301.907412
70
0
0
SEQEND
8
Layer 1
0
POLYLINE
8
Layer 1
62
7
70
0
10
0.000000
20
0.000000
66
1
0
VERTEX
8
Layer 1
10
708.378224
20
303.600747
70
0
0
VERTEX
8
Layer 1
10
708.540833
20
303.293168
70
0
0
VERTEX
8
Layer 1
10
708.541384
20
302.965746
70
0
0
VERTEX
8
Layer 1
10
707.990168
20
302.013246
70
0
0
VERTEX
8
Layer 1
10
706.967112
20
300.919634
70
0
0
VERTEX
8
Layer 1
10
706.631973
20
301.334148
70
0
0
VERTEX
8
Layer 1
10
706.191000
20
302.330746
70
0
0
VERTEX
8
Layer 1
10
705.888934
20
303.206076
70
0
0
VERTEX
8
Layer 1
10
705.917597
20
303.724219
70
0
0
VERTEX
8
Layer 1
10
706.329907
20
303.977778
70
0
0
VERTEX
8
Layer 1
10
707.178779
20
304.059358
70
0
0
VERTEX
8
Layer 1
10
707.844647
20
303.949115
70
0
0
VERTEX
8
Layer 1
10
708.378224
20
303.600747
70
0
0
VERTEX
8
Layer 1
10
708.378224
20
303.600747
70
0
0
SEQEND
8
Layer 1
0
POLYLINE
8
Layer 1
62
7
70
0
10
0.000000
20
0.000000
66
1
0
VERTEX
8
Layer 1
10
704.815166
20
301.554634
70
0
0
VERTEX
8
Layer 1
10
705.556000
20
299.367411
70
0
0
VERTEX
8
Layer 1
10
704.250721
20
298.026854
70
0
0
VERTEX
8
Layer 1
10
703.221602
20
297.073251
70
0
0
VERTEX
8
Layer 1
10
702.394227
20
296.562826
70
0
0
VERTEX
8
Layer 1
10
701.666071
20
296.449275
70
0
0
VERTEX
8
Layer 1
10
700.934608
20
296.686298
70
0
0
VERTEX
8
Layer 1
10
700.539387
20
296.977340
70
0
0
VERTEX
8
Layer 1
10
700.339295
20
297.400673
70
0
0
VERTEX
8
Layer 1
10
700.405441
20
299.437966
70
0
0
VERTEX
8
Layer 1
10
700.677191
20
301.941037
70
0
0
VERTEX
8
Layer 1
10
700.991935
20
303.217101
70
0
0
VERTEX
8
Layer 1
10
701.228475
20
303.524197
70
0
0
VERTEX
8
Layer 1
10
701.551418
20
303.679571
70
0
0
VERTEX
8
Layer 1
10
702.557387
20
303.741858
70
0
0
VERTEX
8
Layer 1
10
704.074332
20
303.741858
70
0
0
VERTEX
8
Layer 1
10
704.815166
20
301.554634
70
0
0
VERTEX
8
Layer 1
10
704.815166
20
301.554634
70
0
0
SEQEND
8
Layer 1
0
POLYLINE
8
Layer 1
62
7
70
0
10
0.000000
20
0.000000
66
1
0
VERTEX
8
Layer 1
10
674.864314
20
300.602134
70
0
0
VERTEX
8
Layer 1
10
672.747646
20
299.720189
70
0
0
VERTEX
8
Layer 1
10
672.543145
20
299.710267
70
0
0
VERTEX
8
Layer 1
10
672.646222
20
299.826022
70
0
0
VERTEX
8
Layer 1
10
673.629591
20
300.355189
70
0
0
VERTEX
8
Layer 1
10
675.702162
20
301.219495
70
0
0
VERTEX
8
Layer 1
10
675.819295
20
301.212329
70
0
0
VERTEX
8
Layer 1
10
675.733030
20
301.109252
70
0
0
VERTEX
8
Layer 1
10
674.864314
20
300.602134
70
0
0
VERTEX
8
Layer 1
10
674.864314
20
300.602134
70
0
0
SEQEND
8
Layer 1
0
POLYLINE
8
Layer 1
62
7
70
0
10
0.000000
20
0.000000
66
1
0
VERTEX
8
Layer 1
10
685.271265
20
299.861300
70
0
0
VERTEX
8
Layer 1
10
685.121334
20
299.252758
70
0
0
VERTEX
8
Layer 1
10
684.495153
20
298.273799
70
0
0
VERTEX
8
Layer 1
10
683.507375
20
297.003798
70
0
0
VERTEX
8
Layer 1
10
682.731263
20
297.991577
70
0
0
VERTEX
8
Layer 1
10
681.955152
20
298.944077
70
0
0
VERTEX
8
Layer 1
10
682.907652
20
299.579078
70
0
0
VERTEX
8
Layer 1
10
683.678803
20
299.995245
70
0
0
VERTEX
8
Layer 1
10
684.367271
20
300.183210
70
0
0
VERTEX
8
Layer 1
10
684.916833
20
300.139664
70
0
0
VERTEX
8
Layer 1
10
685.271265
20
299.861300
70
0
0
VERTEX
8
Layer 1
10
685.271265
20
299.861300
70
0
0
SEQEND
8
Layer 1
0
POLYLINE
8
Layer 1
62
7
70
0
10
0.000000
20
0.000000
66
1
0
VERTEX
8
Layer 1
10
692.538492
20
299.085188
70
0
0
VERTEX
8
Layer 1
10
693.596826
20
298.317896
70
0
0
VERTEX
8
Layer 1
10
693.838258
20
297.924328
70
0
0
VERTEX
8
Layer 1
10
693.914326
20
297.497687
70
0
0
VERTEX
8
Layer 1
10
693.884560
20
297.066086
70
0
0
VERTEX
8
Layer 1
10
693.702659
20
296.955291
70
0
0
VERTEX
8
Layer 1
10
692.326825
20
297.815188
70
0
0
VERTEX
8
Layer 1
10
691.202345
20
298.754459
70
0
0
VERTEX
8
Layer 1
10
690.739324
20
299.402689
70
0
0
VERTEX
8
Layer 1
10
690.797202
20
299.749954
70
0
0
VERTEX
8
Layer 1
10
691.043595
20
299.826022
70
0
0
VERTEX
8
Layer 1
10
692.538492
20
299.085188
70
0
0
VERTEX
8
Layer 1
10
692.538492
20
299.085188
70
0
0
SEQEND
8
Layer 1
0
POLYLINE
8
Layer 1
62
7
70
0
10
0.000000
20
0.000000
66
1
0
VERTEX
8
Layer 1
10
687.705433
20
298.520744
70
0
0
VERTEX
8
Layer 1
10
687.462898
20
297.700535
70
0
0
VERTEX
8
Layer 1
10
686.611821
20
296.192409
70
0
0
VERTEX
8
Layer 1
10
685.474112
20
294.587269
70
0
0
VERTEX
8
Layer 1
10
685.143383
20
294.466001
70
0
0
VERTEX
8
Layer 1
10
684.812654
20
294.675463
70
0
0
VERTEX
8
Layer 1
10
684.582797
20
295.024383
70
0
0
VERTEX
8
Layer 1
10
684.614216
20
295.429526
70
0
0
VERTEX
8
Layer 1
10
685.659321
20
297.003798
70
0
0
VERTEX
8
Layer 1
10
687.092481
20
298.635396
70
0
0
VERTEX
8
Layer 1
10
687.450220
20
298.759971
70
0
0
VERTEX
8
Layer 1
10
687.705433
20
298.520744
70
0
0
VERTEX
8
Layer 1
10
687.705433
20
298.520744
70
0
0
SEQEND
8
Layer 1
0
POLYLINE
8
Layer 1
62
7
70
0
10
0.000000
20
0.000000
66
1
0
VERTEX
8
Layer 1
10
681.355429
20
296.686298
70
0
0
VERTEX
8
Layer 1
10
681.877430
20
295.760256
70
0
0
VERTEX
8
Layer 1
10
682.065395
20
295.098797
70
0
0
VERTEX
8
Layer 1
10
681.916015
20
294.701922
70
0
0
VERTEX
8
Layer 1
10
681.425985
20
294.569630
70
0
0
VERTEX
8
Layer 1
10
680.867052
20
295.001232
70
0
0
VERTEX
8
Layer 1
10
680.208901
20
295.985152
70
0
0
VERTEX
8
Layer 1
10
679.709499
20
297.055061
70
0
0
VERTEX
8
Layer 1
10
679.626817
20
297.744632
70
0
0
VERTEX
8
Layer 1
10
679.926678
20
298.050557
70
0
0
VERTEX
8
Layer 1
10
680.279456
20
297.995986
70
0
0
VERTEX
8
Layer 1
10
680.738068
20
297.551155
70
0
0
VERTEX
8
Layer 1
10
681.355429
20
296.686298
70
0
0
VERTEX
8
Layer 1
10
681.355429
20
296.686298
70
0
0
SEQEND
8
Layer 1
0
POLYLINE
8
Layer 1
62
7
70
0
10
0.000000
20
0.000000
66
1
0
VERTEX
8
Layer 1
10
692.750159
20
295.345742
70
0
0
VERTEX
8
Layer 1
10
693.165224
20
294.979183
70
0
0
VERTEX
8
Layer 1
10
693.371930
20
294.582859
70
0
0
VERTEX
8
Layer 1
10
693.279326
20
293.158518
70
0
0
VERTEX
8
Layer 1
10
693.096322
20
292.261139
70
0
0
VERTEX
8
Layer 1
10
692.794256
20
291.720948
70
0
0
VERTEX
8
Layer 1
10
692.187919
20
291.352736
70
0
0
VERTEX
8
Layer 1
10
691.092102
20
290.971294
70
0
0
VERTEX
8
Layer 1
10
689.269783
20
290.476854
70
0
0
VERTEX
8
Layer 1
10
688.075850
20
290.375982
70
0
0
VERTEX
8
Layer 1
10
687.331709
20
290.678599
70
0
0
VERTEX
8
Layer 1
10
686.858766
20
291.394628
70
0
0
VERTEX
8
Layer 1
10
686.666392
20
292.040101
70
0
0
VERTEX
8
Layer 1
10
686.722065
20
292.669039
70
0
0
VERTEX
8
Layer 1
10
687.881822
20
294.922408
70
0
0
VERTEX
8
Layer 1
10
689.363490
20
297.427132
70
0
0
VERTEX
8
Layer 1
10
690.668768
20
296.686298
70
0
0
VERTEX
8
Layer 1
10
692.750159
20
295.345742
70
0
0
VERTEX
8
Layer 1
10
692.750159
20
295.345742
70
0
0
SEQEND
8
Layer 1
0
POLYLINE
8
Layer 1
62
7
70
0
10
0.000000
20
0.000000
66
1
0
VERTEX
8
Layer 1
10
678.321538
20
295.522131
70
0
0
VERTEX
8
Layer 1
10
679.591539
20
293.440740
70
0
0
VERTEX
8
Layer 1
10
679.903527
20
292.903305
70
0
0
VERTEX
8
Layer 1
10
679.970776
20
292.501469
70
0
0
VERTEX
8
Layer 1
10
679.760211
20
292.066560
70
0
0
VERTEX
8
Layer 1
10
679.238761
20
291.429906
70
0
0
VERTEX
8
Layer 1
10
678.570137
20
290.734272
70
0
0
VERTEX
8
Layer 1
10
677.911434
20
290.415669
70
0
0
VERTEX
8
Layer 1
10
677.060908
20
290.427796
70
0
0
VERTEX
8
Layer 1
10
675.816815
20
290.724350
70
0
0
VERTEX
8
Layer 1
10
674.663120
20
291.163669
70
0
0
VERTEX
8
Layer 1
10
673.810390
20
291.778274
70
0
0
VERTEX
8
Layer 1
10
673.281774
20
292.545015
70
0
0
VERTEX
8
Layer 1
10
673.100424
20
293.440740
70
0
0
VERTEX
8
Layer 1
10
673.174838
20
293.989200
70
0
0
VERTEX
8
Layer 1
10
673.484070
20
294.441748
70
0
0
VERTEX
8
Layer 1
10
675.322925
20
295.522131
70
0
0
VERTEX
8
Layer 1
10
677.580705
20
296.651020
70
0
0
VERTEX
8
Layer 1
10
678.321538
20
295.522131
70
0
0
VERTEX
8
Layer 1
10
678.321538
20
295.522131
70
0
0
SEQEND
8
Layer 1
0
POLYLINE
8
Layer 1
62
7
70
0
10
0.000000
20
0.000000
66
1
0
VERTEX
8
Layer 1
10
683.824875
20
292.982129
70
0
0
VERTEX
8
Layer 1
10
683.816056
20
291.989941
70
0
0
VERTEX
8
Layer 1
10
683.656203
20
291.568261
70
0
0
VERTEX
8
Layer 1
10
683.436819
20
291.394628
70
0
0
VERTEX
8
Layer 1
10
683.090105
20
291.594168
70
0
0
VERTEX
8
Layer 1
10
682.753312
20
292.064906
70
0
0
VERTEX
8
Layer 1
10
682.528967
20
292.615019
70
0
0
VERTEX
8
Layer 1
10
682.519597
20
293.052685
70
0
0
VERTEX
8
Layer 1
10
682.793000
20
293.398848
70
0
0
VERTEX
8
Layer 1
10
683.172236
20
293.493657
70
0
0
VERTEX
8
Layer 1
10
683.551472
20
293.350341
70
0
0
VERTEX
8
Layer 1
10
683.824875
20
292.982129
70
0
0
VERTEX
8
Layer 1
10
683.824875
20
292.982129
70
0
0
SEQEND
8
Layer 1
0
POLYLINE
8
Layer 1
62
7
70
0
10
0.000000
20
0.000000
66
1
0
VERTEX
8
Layer 1
10
653.697634
20
290.865461
70
0
0
VERTEX
8
Layer 1
10
653.931694
20
290.443505
70
0
0
VERTEX
8
Layer 1
10
653.975998
20
289.976901
70
0
0
VERTEX
8
Layer 1
10
653.835920
20
289.473917
70
0
0
VERTEX
8
Layer 1
10
653.516835
20
288.942821
70
0
0
VERTEX
8
Layer 1
10
652.363141
20
287.829365
70
0
0
VERTEX
8
Layer 1
10
650.557910
20
286.702681
70
0
0
VERTEX
8
Layer 1
10
648.789610
20
285.803097
70
0
0
VERTEX
8
Layer 1
10
648.053186
20
285.538513
70
0
0
VERTEX
8
Layer 1
10
649.182076
20
288.043237
70
0
0
VERTEX
8
Layer 1
10
650.293326
20
289.899731
70
0
0
VERTEX
8
Layer 1
10
650.839030
20
290.469137
70
0
0
VERTEX
8
Layer 1
10
651.404577
20
290.830183
70
0
0
VERTEX
8
Layer 1
10
652.254000
20
291.227610
70
0
0
VERTEX
8
Layer 1
10
652.855377
20
291.363760
70
0
0
VERTEX
8
Layer 1
10
653.304617
20
291.241941
70
0
0
VERTEX
8
Layer 1
10
653.697634
20
290.865461
70
0
0
VERTEX
8
Layer 1
10
653.697634
20
290.865461
70
0
0
SEQEND
8
Layer 1
0
POLYLINE
8
Layer 1
62
7
70
0
10
0.000000
20
0.000000
66
1
0
VERTEX
8
Layer 1
10
647.982630
20
289.348516
70
0
0
VERTEX
8
Layer 1
10
646.500963
20
286.385180
70
0
0
VERTEX
8
Layer 1
10
645.089851
20
283.739345
70
0
0
VERTEX
8
Layer 1
10
638.880958
20
280.634899
70
0
0
VERTEX
8
Layer 1
10
634.347761
20
278.505002
70
0
0
VERTEX
8
Layer 1
10
632.888142
20
277.921264
70
0
0
VERTEX
8
Layer 1
10
632.248732
20
277.777397
70
0
0
VERTEX
8
Layer 1
10
630.237897
20
280.176288
70
0
0
VERTEX
8
Layer 1
10
628.579840
20
282.398789
70
0
0
VERTEX
8
Layer 1
10
629.391230
20
282.927956
70
0
0
VERTEX
8
Layer 1
10
638.545819
20
286.407229
70
0
0
VERTEX
8
Layer 1
10
647.806241
20
289.595460
70
0
0
VERTEX
8
Layer 1
10
647.987040
20
289.538134
70
0
0
VERTEX
8
Layer 1
10
647.982630
20
289.348516
70
0
0
VERTEX
8
Layer 1
10
647.982630
20
289.348516
70
0
0
SEQEND
8
Layer 1
0
POLYLINE
8
Layer 1
62
7
70
0
10
0.000000
20
0.000000
66
1
0
VERTEX
8
Layer 1
10
713.599338
20
288.889904
70
0
0
VERTEX
8
Layer 1
10
714.028735
20
288.585633
70
0
0
VERTEX
8
Layer 1
10
714.520971
20
287.990320
70
0
0
VERTEX
8
Layer 1
10
715.680729
20
285.926569
70
0
0
VERTEX
8
Layer 1
10
716.505347
20
283.981880
70
0
0
VERTEX
8
Layer 1
10
716.774340
20
283.069067
70
0
0
VERTEX
8
Layer 1
10
716.004292
20
283.331446
70
0
0
VERTEX
8
Layer 1
10
714.476874
20
284.162679
70
0
0
VERTEX
8
Layer 1
10
712.889924
20
285.152662
70
0
0
VERTEX
8
Layer 1
10
711.941282
20
285.891291
70
0
0
VERTEX
8
Layer 1
10
711.597323
20
286.702681
70
0
0
VERTEX
8
Layer 1
10
711.306281
20
288.043237
70
0
0
VERTEX
8
Layer 1
10
711.193282
20
289.083381
70
0
0
VERTEX
8
Layer 1
10
711.234968
20
289.368428
70
0
0
VERTEX
8
Layer 1
10
711.381247
20
289.511675
70
0
0
VERTEX
8
Layer 1
10
712.104993
20
289.417418
70
0
0
VERTEX
8
Layer 1
10
713.599338
20
288.889904
70
0
0
VERTEX
8
Layer 1
10
713.599338
20
288.889904
70
0
0
SEQEND
8
Layer 1
0
POLYLINE
8
Layer 1
62
7
70
0
10
0.000000
20
0.000000
66
1
0
VERTEX
8
Layer 1
10
664.915974
20
283.139623
70
0
0
VERTEX
8
Layer 1
10
667.632365
20
281.693233
70
0
0
VERTEX
8
Layer 1
10
667.949865
20
279.682398
70
0
0
VERTEX
8
Layer 1
10
668.146649
20
278.384286
70
0
0
VERTEX
8
Layer 1
10
668.073269
20
277.848711
70
0
0
VERTEX
8
Layer 1
10
667.777886
20
277.208543
70
0
0
VERTEX
8
Layer 1
10
666.198653
20
275.073685
70
0
0
VERTEX
8
Layer 1
10
662.764029
20
270.898226
70
0
0
VERTEX
8
Layer 1
10
656.114163
20
262.921034
70
0
0
VERTEX
8
Layer 1
10
654.737227
20
261.457556
70
0
0
VERTEX
8
Layer 1
10
654.120968
20
261.055720
70
0
0
VERTEX
8
Layer 1
10
652.877425
20
261.584887
70
0
0
VERTEX
8
Layer 1
10
650.522632
20
262.854888
70
0
0
VERTEX
8
Layer 1
10
648.437935
20
264.027323
70
0
0
VERTEX
8
Layer 1
10
647.884652
20
264.514943
70
0
0
VERTEX
8
Layer 1
10
647.629852
20
265.090618
70
0
0
VERTEX
8
Layer 1
10
647.652866
20
265.869693
70
0
0
VERTEX
8
Layer 1
10
647.933021
20
266.967508
70
0
0
VERTEX
8
Layer 1
10
649.182076
20
270.580726
70
0
0
VERTEX
8
Layer 1
10
652.498189
20
280.529066
70
0
0
VERTEX
8
Layer 1
10
654.279718
20
285.512055
70
0
0
VERTEX
8
Layer 1
10
654.889362
20
286.611179
70
0
0
VERTEX
8
Layer 1
10
655.532080
20
287.267125
70
0
0
VERTEX
8
Layer 1
10
656.625691
20
288.149070
70
0
0
VERTEX
8
Layer 1
10
659.412638
20
286.385180
70
0
0
VERTEX
8
Layer 1
10
664.915974
20
283.139623
70
0
0
VERTEX
8
Layer 1
10
664.915974
20
283.139623
70
0
0
SEQEND
8
Layer 1
0
POLYLINE
8
Layer 1
62
7
70
0
10
0.000000
20
0.000000
66
1
0
VERTEX
8
Layer 1
10
722.207122
20
285.256291
70
0
0
VERTEX
8
Layer 1
10
730.845773
20
281.574170
70
0
0
VERTEX
8
Layer 1
10
735.330463
20
279.400176
70
0
0
VERTEX
8
Layer 1
10
735.273481
20
279.096801
70
0
0
VERTEX
8
Layer 1
10
734.920910
20
278.494529
70
0
0
VERTEX
8
Layer 1
10
733.667997
20
276.811667
70
0
0
VERTEX
8
Layer 1
10
732.249719
20
275.188337
70
0
0
VERTEX
8
Layer 1
10
731.344072
20
274.461284
70
0
0
VERTEX
8
Layer 1
10
728.667369
20
275.894445
70
0
0
VERTEX
8
Layer 1
10
722.842122
20
279.364898
70
0
0
VERTEX
8
Layer 1
10
720.421183
20
281.040594
70
0
0
VERTEX
8
Layer 1
10
719.691925
20
281.746150
70
0
0
VERTEX
8
Layer 1
10
719.243786
20
282.398789
70
0
0
VERTEX
8
Layer 1
10
717.920869
20
285.362124
70
0
0
VERTEX
8
Layer 1
10
717.338785
20
287.161292
70
0
0
VERTEX
8
Layer 1
10
722.207122
20
285.256291
70
0
0
VERTEX
8
Layer 1
10
722.207122
20
285.256291
70
0
0
SEQEND
8
Layer 1
0
POLYLINE
8
Layer 1
62
7
70
0
10
0.000000
20
0.000000
66
1
0
VERTEX
8
Layer 1
10
708.554613
20
285.397402
70
0
0
VERTEX
8
Layer 1
10
710.036281
20
284.691846
70
0
0
VERTEX
8
Layer 1
10
712.223504
20
277.001286
70
0
0
VERTEX
8
Layer 1
10
715.292673
20
266.594335
70
0
0
VERTEX
8
Layer 1
10
716.139340
20
263.172388
70
0
0
VERTEX
8
Layer 1
10
715.960195
20
262.789293
70
0
0
VERTEX
8
Layer 1
10
715.394096
20
262.303672
70
0
0
VERTEX
8
Layer 1
10
712.929060
20
260.879331
70
0
0
VERTEX
8
Layer 1
10
709.718780
20
259.221274
70
0
0
VERTEX
8
Layer 1
10
708.766280
20
260.138497
70
0
0
VERTEX
8
Layer 1
10
707.337529
20
261.796554
70
0
0
VERTEX
8
Layer 1
10
705.273778
20
264.512944
70
0
0
VERTEX
8
Layer 1
10
699.735163
20
271.956560
70
0
0
VERTEX
8
Layer 1
10
696.771828
20
275.978229
70
0
0
VERTEX
8
Layer 1
10
696.983495
20
278.306564
70
0
0
VERTEX
8
Layer 1
10
697.203981
20
280.039586
70
0
0
VERTEX
8
Layer 1
10
697.477384
20
280.952399
70
0
0
VERTEX
8
Layer 1
10
702.164921
20
283.602644
70
0
0
VERTEX
8
Layer 1
10
706.931834
20
286.067680
70
0
0
VERTEX
8
Layer 1
10
708.554613
20
285.397402
70
0
0
VERTEX
8
Layer 1
10
708.554613
20
285.397402
70
0
0
SEQEND
8
Layer 1
0
POLYLINE
8
Layer 1
62
7
70
0
10
0.000000
20
0.000000
66
1
0
VERTEX
8
Layer 1
10
649.040964
20
275.978229
70
0
0
VERTEX
8
Layer 1
10
645.583740
20
266.241557
70
0
0
VERTEX
8
Layer 1
10
645.277953
20
266.263192
70
0
0
VERTEX
8
Layer 1
10
644.691873
20
266.566774
70
0
0
VERTEX
8
Layer 1
10
643.079016
20
267.705585
70
0
0
VERTEX
8
Layer 1
10
641.545534
20
269.029605
70
0
0
VERTEX
8
Layer 1
10
641.058673
20
269.564698
70
0
0
VERTEX
8
Layer 1
10
640.891793
20
269.910448
70
0
0
VERTEX
8
Layer 1
10
641.132123
20
270.939016
70
0
0
VERTEX
8
Layer 1
10
641.729640
20
272.476908
70
0
0
VERTEX
8
Layer 1
10
644.207906
20
277.636286
70
0
0
VERTEX
8
Layer 1
10
646.606796
20
282.363511
70
0
0
VERTEX
8
Layer 1
10
649.182076
20
283.880457
70
0
0
VERTEX
8
Layer 1
10
652.004300
20
285.362124
70
0
0
VERTEX
8
Layer 1
10
651.223778
20
282.628095
70
0
0
VERTEX
8
Layer 1
10
649.040964
20
275.978229
70
0
0
VERTEX
8
Layer 1
10
649.040964
20
275.978229
70
0
0
SEQEND
8
Layer 1
0
POLYLINE
8
Layer 1
62
7
70
0
10
0.000000
20
0.000000
66
1
0
VERTEX
8
Layer 1
10
717.938508
20
279.858787
70
0
0
VERTEX
8
Layer 1
10
719.173231
20
277.679832
70
0
0
VERTEX
8
Layer 1
10
721.069413
20
273.513193
70
0
0
VERTEX
8
Layer 1
10
722.740698
20
269.406086
70
0
0
VERTEX
8
Layer 1
10
723.215019
20
268.014611
70
0
0
VERTEX
8
Layer 1
10
723.300733
20
267.405724
70
0
0
VERTEX
8
Layer 1
10
720.654898
20
265.500723
70
0
0
VERTEX
8
Layer 1
10
718.256008
20
263.807388
70
0
0
VERTEX
8
Layer 1
10
717.903230
20
264.759889
70
0
0
VERTEX
8
Layer 1
10
715.045728
20
274.205520
70
0
0
VERTEX
8
Layer 1
10
712.611560
20
282.857400
70
0
0
VERTEX
8
Layer 1
10
713.255380
20
282.696445
70
0
0
VERTEX
8
Layer 1
10
714.772325
20
281.913719
70
0
0
VERTEX
8
Layer 1
10
716.540625
20
280.853180
70
0
0
VERTEX
8
Layer 1
10
717.938508
20
279.858787
70
0
0
VERTEX
8
Layer 1
10
717.938508
20
279.858787
70
0
0
SEQEND
8
Layer 1
0
POLYLINE
8
Layer 1
62
7
70
0
10
0.000000
20
0.000000
66
1
0
VERTEX
8
Layer 1
10
641.879571
20
277.036563
70
0
0
VERTEX
8
Layer 1
10
639.233736
20
272.450449
70
0
0
VERTEX
8
Layer 1
10
638.598736
20
271.603782
70
0
0
VERTEX
8
Layer 1
10
636.517345
20
273.544061
70
0
0
VERTEX
8
Layer 1
10
634.471233
20
275.484340
70
0
0
VERTEX
8
Layer 1
10
635.529567
20
276.366285
70
0
0
VERTEX
8
Layer 1
10
637.113761
20
277.407532
70
0
0
VERTEX
8
Layer 1
10
639.683528
20
278.875419
70
0
0
VERTEX
8
Layer 1
10
642.187149
20
280.191170
70
0
0
VERTEX
8
Layer 1
10
643.572905
20
280.776010
70
0
0
VERTEX
8
Layer 1
10
643.202488
20
279.700037
70
0
0
VERTEX
8
Layer 1
10
641.879571
20
277.036563
70
0
0
VERTEX
8
Layer 1
10
641.879571
20
277.036563
70
0
0
SEQEND
8
Layer 1
0
POLYLINE
8
Layer 1
62
7
70
0
10
0.000000
20
0.000000
66
1
0
VERTEX
8
Layer 1
10
695.325438
20
279.788232
70
0
0
VERTEX
8
Layer 1
10
695.232834
20
279.241426
70
0
0
VERTEX
8
Layer 1
10
695.007938
20
278.906287
70
0
0
VERTEX
8
Layer 1
10
694.721857
20
278.930540
70
0
0
VERTEX
8
Layer 1
10
694.492000
20
279.259065
70
0
0
VERTEX
8
Layer 1
10
694.387820
20
279.719881
70
0
0
VERTEX
8
Layer 1
10
694.478771
20
280.141010
70
0
0
VERTEX
8
Layer 1
10
694.745008
20
280.423232
70
0
0
VERTEX
8
Layer 1
10
695.021167
20
280.440871
70
0
0
VERTEX
8
Layer 1
10
695.237795
20
280.220385
70
0
0
VERTEX
8
Layer 1
10
695.325438
20
279.788232
70
0
0
VERTEX
8
Layer 1
10
695.325438
20
279.788232
70
0
0
SEQEND
8
Layer 1
0
POLYLINE
8
Layer 1
62
7
70
0
10
0.000000
20
0.000000
66
1
0
VERTEX
8
Layer 1
10
675.428759
20
278.800453
70
0
0
VERTEX
8
Layer 1
10
675.217092
20
278.130175
70
0
0
VERTEX
8
Layer 1
10
674.864314
20
277.989064
70
0
0
VERTEX
8
Layer 1
10
674.621779
20
278.244828
70
0
0
VERTEX
8
Layer 1
10
674.511536
20
278.871009
70
0
0
VERTEX
8
Layer 1
10
674.635008
20
279.492780
70
0
0
VERTEX
8
Layer 1
10
675.075981
20
279.506009
70
0
0
VERTEX
8
Layer 1
10
675.397891
20
279.219377
70
0
0
VERTEX
8
Layer 1
10
675.428759
20
278.800453
70
0
0
VERTEX
8
Layer 1
10
675.428759
20
278.800453
70
0
0
SEQEND
8
Layer 1
0
POLYLINE
8
Layer 1
62
7
70
0
10
0.000000
20
0.000000
66
1
0
VERTEX
8
Layer 1
10
673.065146
20
277.812675
70
0
0
VERTEX
8
Layer 1
10
673.285081
20
276.711897
70
0
0
VERTEX
8
Layer 1
10
673.184209
20
275.806250
70
0
0
VERTEX
8
Layer 1
10
672.653388
20
274.722009
70
0
0
VERTEX
8
Layer 1
10
671.583479
20
273.085450
70
0
0
VERTEX
8
Layer 1
10
670.648617
20
271.903644
70
0
0
VERTEX
8
Layer 1
10
670.422618
20
271.894824
70
0
0
VERTEX
8
Layer 1
10
670.242922
20
272.203505
70
0
0
VERTEX
8
Layer 1
10
670.048894
20
273.270658
70
0
0
VERTEX
8
Layer 1
10
669.960700
20
274.919895
70
0
0
VERTEX
8
Layer 1
10
670.110630
20
276.811667
70
0
0
VERTEX
8
Layer 1
10
670.387341
20
277.494624
70
0
0
VERTEX
8
Layer 1
10
670.842645
20
278.200731
70
0
0
VERTEX
8
Layer 1
10
671.636395
20
279.051808
70
0
0
VERTEX
8
Layer 1
10
672.218479
20
279.400176
70
0
0
VERTEX
8
Layer 1
10
672.655042
20
278.937155
70
0
0
VERTEX
8
Layer 1
10
673.065146
20
277.812675
70
0
0
VERTEX
8
Layer 1
10
673.065146
20
277.812675
70
0
0
SEQEND
8
Layer 1
0
POLYLINE
8
Layer 1
62
7
70
0
10
0.000000
20
0.000000
66
1
0
VERTEX
8
Layer 1
10
687.070433
20
278.094897
70
0
0
VERTEX
8
Layer 1
10
687.846544
20
277.005695
70
0
0
VERTEX
8
Layer 1
10
688.622656
20
275.625451
70
0
0
VERTEX
8
Layer 1
10
689.398768
20
274.037950
70
0
0
VERTEX
8
Layer 1
10
688.305156
20
269.275447
70
0
0
VERTEX
8
Layer 1
10
687.290919
20
264.526174
70
0
0
VERTEX
8
Layer 1
10
686.435432
20
259.856275
70
0
0
VERTEX
8
Layer 1
10
685.588765
20
254.776272
70
0
0
VERTEX
8
Layer 1
10
685.364972
20
254.577283
70
0
0
VERTEX
8
Layer 1
10
684.803834
20
254.454362
70
0
0
VERTEX
8
Layer 1
10
682.378485
20
254.423494
70
0
0
VERTEX
8
Layer 1
10
679.274039
20
254.529327
70
0
0
VERTEX
8
Layer 1
10
678.850705
20
256.469606
70
0
0
VERTEX
8
Layer 1
10
677.686538
20
263.172388
70
0
0
VERTEX
8
Layer 1
10
676.932475
20
267.679127
70
0
0
VERTEX
8
Layer 1
10
676.099037
20
271.815449
70
0
0
VERTEX
8
Layer 1
10
675.252370
20
275.696007
70
0
0
VERTEX
8
Layer 1
10
676.451815
20
277.530453
70
0
0
VERTEX
8
Layer 1
10
677.686538
20
279.364898
70
0
0
VERTEX
8
Layer 1
10
681.990430
20
279.153231
70
0
0
VERTEX
8
Layer 1
10
685.800432
20
278.862190
70
0
0
VERTEX
8
Layer 1
10
686.554495
20
278.577762
70
0
0
VERTEX
8
Layer 1
10
687.070433
20
278.094897
70
0
0
VERTEX
8
Layer 1
10
687.070433
20
278.094897
70
0
0
SEQEND
8
Layer 1
0
POLYLINE
8
Layer 1
62
7
70
0
10
0.000000
20
0.000000
66
1
0
VERTEX
8
Layer 1
10
690.351268
20
278.271286
70
0
0
VERTEX
8
Layer 1
10
690.033768
20
276.930730
70
0
0
VERTEX
8
Layer 1
10
689.830921
20
277.102709
70
0
0
VERTEX
8
Layer 1
10
689.363490
20
277.777397
70
0
0
VERTEX
8
Layer 1
10
688.934644
20
278.536972
70
0
0
VERTEX
8
Layer 1
10
688.869601
20
279.038579
70
0
0
VERTEX
8
Layer 1
10
689.174974
20
279.315289
70
0
0
VERTEX
8
Layer 1
10
689.857379
20
279.400176
70
0
0
VERTEX
8
Layer 1
10
690.306620
20
279.372615
70
0
0
VERTEX
8
Layer 1
10
690.514428
20
279.232606
70
0
0
VERTEX
8
Layer 1
10
690.351268
20
278.271286
70
0
0
VERTEX
8
Layer 1
10
690.351268
20
278.271286
70
0
0
SEQEND
8
Layer 1
0
POLYLINE
8
Layer 1
62
7
70
0
10
0.000000
20
0.000000
66
1
0
VERTEX
8
Layer 1
10
693.737937
20
277.495175
70
0
0
VERTEX
8
Layer 1
10
694.221904
20
276.563620
70
0
0
VERTEX
8
Layer 1
10
694.487590
20
275.678368
70
0
0
VERTEX
8
Layer 1
10
694.581297
20
274.528532
70
0
0
VERTEX
8
Layer 1
10
694.549326
20
272.803227
70
0
0
VERTEX
8
Layer 1
10
694.443493
20
269.698781
70
0
0
VERTEX
8
Layer 1
10
692.891270
20
271.956560
70
0
0
VERTEX
8
Layer 1
10
691.339047
20
274.602395
70
0
0
VERTEX
8
Layer 1
10
691.841755
20
277.235001
70
0
0
VERTEX
8
Layer 1
10
692.222094
20
278.506655
70
0
0
VERTEX
8
Layer 1
10
692.503214
20
279.047398
70
0
0
VERTEX
8
Layer 1
10
693.001513
20
278.588787
70
0
0
VERTEX
8
Layer 1
10
693.737937
20
277.495175
70
0
0
VERTEX
8
Layer 1
10
693.737937
20
277.495175
70
0
0
SEQEND
8
Layer 1
0
POLYLINE
8
Layer 1
62
7
70
0
10
0.000000
20
0.000000
66
1
0
VERTEX
8
Layer 1
10
725.558513
20
275.484340
70
0
0
VERTEX
8
Layer 1
10
729.615460
20
272.979616
70
0
0
VERTEX
8
Layer 1
10
728.063236
20
271.392115
70
0
0
VERTEX
8
Layer 1
10
725.911291
20
269.451836
70
0
0
VERTEX
8
Layer 1
10
725.334168
20
269.346554
70
0
0
VERTEX
8
Layer 1
10
724.786811
20
269.773746
70
0
0
VERTEX
8
Layer 1
10
724.140235
20
270.895470
70
0
0
VERTEX
8
Layer 1
10
723.265456
20
272.873783
70
0
0
VERTEX
8
Layer 1
10
721.642677
20
276.683785
70
0
0
VERTEX
8
Layer 1
10
721.307538
20
277.601008
70
0
0
VERTEX
8
Layer 1
10
721.289899
20
277.989064
70
0
0
VERTEX
8
Layer 1
10
725.558513
20
275.484340
70
0
0
VERTEX
8
Layer 1
10
725.558513
20
275.484340
70
0
0
SEQEND
8
Layer 1
0
POLYLINE
8
Layer 1
62
7
70
0
10
0.000000
20
0.000000
66
1
0
VERTEX
8
Layer 1
10
668.655421
20
271.074615
70
0
0
VERTEX
8
Layer 1
10
668.867088
20
268.217113
70
0
0
VERTEX
8
Layer 1
10
667.420698
20
265.959334
70
0
0
VERTEX
8
Layer 1
10
664.175141
20
260.702942
70
0
0
VERTEX
8
Layer 1
10
662.305417
20
257.563218
70
0
0
VERTEX
8
Layer 1
10
661.424023
20
257.750080
70
0
0
VERTEX
8
Layer 1
10
659.672811
20
258.396656
70
0
0
VERTEX
8
Layer 1
10
657.914985
20
259.155680
70
0
0
VERTEX
8
Layer 1
10
657.013747
20
259.679886
70
0
0
VERTEX
8
Layer 1
10
656.959935
20
259.989256
70
0
0
VERTEX
8
Layer 1
10
657.138873
20
260.507812
70
0
0
VERTEX
8
Layer 1
10
658.491005
20
262.572665
70
0
0
VERTEX
8
Layer 1
10
667.244309
20
273.614617
70
0
0
VERTEX
8
Layer 1
10
667.813164
20
274.139374
70
0
0
VERTEX
8
Layer 1
10
668.196810
20
274.214339
70
0
0
VERTEX
8
Layer 1
10
668.655421
20
271.074615
70
0
0
VERTEX
8
Layer 1
10
668.655421
20
271.074615
70
0
0
SEQEND
8
Layer 1
0
POLYLINE
8
Layer 1
62
7
70
0
10
0.000000
20
0.000000
66
1
0
VERTEX
8
Layer 1
10
675.569870
20
264.971556
70
0
0
VERTEX
8
Layer 1
10
676.566468
20
259.058115
70
0
0
VERTEX
8
Layer 1
10
676.980982
20
255.869883
70
0
0
VERTEX
8
Layer 1
10
676.980982
20
254.599883
70
0
0
VERTEX
8
Layer 1
10
674.793758
20
254.846827
70
0
0
VERTEX
8
Layer 1
10
672.682051
20
255.184171
70
0
0
VERTEX
8
Layer 1
10
672.029894
20
255.531437
70
0
0
VERTEX
8
Layer 1
10
671.579069
20
256.143286
70
0
0
VERTEX
8
Layer 1
10
671.278725
20
257.128860
70
0
0
VERTEX
8
Layer 1
10
671.078014
20
258.597298
70
0
0
VERTEX
8
Layer 1
10
670.772089
20
263.419333
70
0
0
VERTEX
8
Layer 1
10
670.525145
20
267.723224
70
0
0
VERTEX
8
Layer 1
10
672.253757
20
270.616004
70
0
0
VERTEX
8
Layer 1
10
673.466431
20
272.565102
70
0
0
VERTEX
8
Layer 1
10
674.017647
20
273.191283
70
0
0
VERTEX
8
Layer 1
10
675.569870
20
264.971556
70
0
0
VERTEX
8
Layer 1
10
675.569870
20
264.971556
70
0
0
SEQEND
8
Layer 1
0
POLYLINE
8
Layer 1
62
7
70
0
10
0.000000
20
0.000000
66
1
0
VERTEX
8
Layer 1
10
700.193774
20
268.393502
70
0
0
VERTEX
8
Layer 1
10
705.247319
20
261.364401
70
0
0
VERTEX
8
Layer 1
10
706.533857
20
259.364590
70
0
0
VERTEX
8
Layer 1
10
706.967112
20
258.409885
70
0
0
VERTEX
8
Layer 1
10
706.407628
20
257.983244
70
0
0
VERTEX
8
Layer 1
10
705.084159
20
257.457384
70
0
0
VERTEX
8
Layer 1
10
703.529180
20
257.010900
70
0
0
VERTEX
8
Layer 1
10
702.275165
20
256.822384
70
0
0
VERTEX
8
Layer 1
10
701.581184
20
257.231937
70
0
0
VERTEX
8
Layer 1
10
700.612698
20
258.458392
70
0
0
VERTEX
8
Layer 1
10
699.373014
20
260.498441
70
0
0
VERTEX
8
Layer 1
10
697.865440
20
263.348777
70
0
0
VERTEX
8
Layer 1
10
696.101550
20
266.911835
70
0
0
VERTEX
8
Layer 1
10
696.277939
20
269.981003
70
0
0
VERTEX
8
Layer 1
10
696.595439
20
273.050172
70
0
0
VERTEX
8
Layer 1
10
700.193774
20
268.393502
70
0
0
VERTEX
8
Layer 1
10
700.193774
20
268.393502
70
0
0
SEQEND
8
Layer 1
0
POLYLINE
8
Layer 1
62
7
70
0
10
0.000000
20
0.000000
66
1
0
VERTEX
8
Layer 1
10
692.820714
20
268.675725
70
0
0
VERTEX
8
Layer 1
10
693.834951
20
266.717807
70
0
0
VERTEX
8
Layer 1
10
694.267104
20
265.500723
70
0
0
VERTEX
8
Layer 1
10
693.685020
20
259.604920
70
0
0
VERTEX
8
Layer 1
10
693.225306
20
256.447006
70
0
0
VERTEX
8
Layer 1
10
692.891270
20
254.952661
70
0
0
VERTEX
8
Layer 1
10
691.929950
20
254.661619
70
0
0
VERTEX
8
Layer 1
10
690.069046
20
254.423494
70
0
0
VERTEX
8
Layer 1
10
688.075850
20
254.383806
70
0
0
VERTEX
8
Layer 1
10
687.677872
20
254.507830
70
0
0
VERTEX
8
Layer 1
10
687.564322
20
254.740994
70
0
0
VERTEX
8
Layer 1
10
688.075850
20
258.429178
70
0
0
VERTEX
8
Layer 1
10
689.195920
20
264.138118
70
0
0
VERTEX
8
Layer 1
10
690.382136
20
269.311276
70
0
0
VERTEX
8
Layer 1
10
690.830550
20
270.898019
70
0
0
VERTEX
8
Layer 1
10
691.092102
20
271.392115
70
0
0
VERTEX
8
Layer 1
10
692.820714
20
268.675725
70
0
0
VERTEX
8
Layer 1
10
692.820714
20
268.675725
70
0
0
SEQEND
8
Layer 1
0
POLYLINE
8
Layer 1
62
7
70
0
10
0.000000
20
0.000000
66
1
0
VERTEX
8
Layer 1
10
669.360977
20
260.350164
70
0
0
VERTEX
8
Layer 1
10
669.413894
20
257.594086
70
0
0
VERTEX
8
Layer 1
10
669.255144
20
256.187384
70
0
0
VERTEX
8
Layer 1
10
669.052848
20
255.968000
70
0
0
VERTEX
8
Layer 1
10
668.721567
20
255.887522
70
0
0
VERTEX
8
Layer 1
10
667.420698
20
256.116828
70
0
0
VERTEX
8
Layer 1
10
665.021808
20
256.813565
70
0
0
VERTEX
8
Layer 1
10
664.692181
20
257.089172
70
0
0
VERTEX
8
Layer 1
10
664.633752
20
257.457384
70
0
0
VERTEX
8
Layer 1
10
665.261035
20
258.918657
70
0
0
VERTEX
8
Layer 1
10
666.662225
20
261.315894
70
0
0
VERTEX
8
Layer 1
10
668.116332
20
263.494849
70
0
0
VERTEX
8
Layer 1
10
668.637920
20
264.141770
70
0
0
VERTEX
8
Layer 1
10
668.902366
20
264.301278
70
0
0
VERTEX
8
Layer 1
10
669.131671
20
263.040096
70
0
0
VERTEX
8
Layer 1
10
669.360977
20
260.350164
70
0
0
VERTEX
8
Layer 1
10
669.360977
20
260.350164
70
0
0
SEQEND
8
Layer 1
0
POLYLINE
8
Layer 1
62
7
70
0
10
0.000000
20
0.000000
66
1
0
VERTEX
8
Layer 1
10
697.971273
20
259.221274
70
0
0
VERTEX
8
Layer 1
10
699.003149
20
257.003183
70
0
0
VERTEX
8
Layer 1
10
699.241274
20
255.975717
70
0
0
VERTEX
8
Layer 1
10
697.054050
20
255.552383
70
0
0
VERTEX
8
Layer 1
10
695.149049
20
255.340716
70
0
0
VERTEX
8
Layer 1
10
695.466549
20
259.291830
70
0
0
VERTEX
8
Layer 1
10
695.784049
20
262.078776
70
0
0
VERTEX
8
Layer 1
10
695.942800
20
262.695035
70
0
0
VERTEX
8
Layer 1
10
696.101550
20
262.749054
70
0
0
VERTEX
8
Layer 1
10
697.971273
20
259.221274
70
0
0
VERTEX
8
Layer 1
10
697.971273
20
259.221274
70
0
0
SEQEND
8
Layer 1
0
POLYLINE
8
Layer 1
62
7
70
0
10
0.000000
20
0.000000
66
1
0
VERTEX
8
Layer 1
10
459.422789
20
392.218580
70
0
0
VERTEX
8
Layer 1
10
458.724950
20
391.544444
70
0
0
VERTEX
8
Layer 1
10
457.994038
20
390.238614
70
0
0
VERTEX
8
Layer 1
10
457.289585
20
388.423461
70
0
0
VERTEX
8
Layer 1
10
456.671121
20
386.221354
70
0
0
VERTEX
8
Layer 1
10
456.261568
20
384.261232
70
0
0
VERTEX
8
Layer 1
10
456.146364
20
382.975797
70
0
0
VERTEX
8
Layer 1
10
456.328816
20
382.272446
70
0
0
VERTEX
8
Layer 1
10
456.812232
20
382.058574
70
0
0
VERTEX
8
Layer 1
10
458.860549
20
381.709655
70
0
0
VERTEX
8
Layer 1
10
462.112722
20
380.854719
70
0
0
VERTEX
8
Layer 1
10
465.563331
20
379.781502
70
0
0
VERTEX
8
Layer 1
10
468.206962
20
378.777739
70
0
0
VERTEX
8
Layer 1
10
470.508838
20
377.604201
70
0
0
VERTEX
8
Layer 1
10
472.810714
20
376.215688
70
0
0
VERTEX
8
Layer 1
10
474.953841
20
374.714728
70
0
0
VERTEX
8
Layer 1
10
476.779467
20
373.203846
70
0
0
VERTEX
8
Layer 1
10
477.812445
20
372.418915
70
0
0
VERTEX
8
Layer 1
10
479.725163
20
371.713359
70
0
0
VERTEX
8
Layer 1
10
483.913300
20
370.703532
70
0
0
VERTEX
8
Layer 1
10
491.772532
20
369.005788
70
0
0
VERTEX
8
Layer 1
10
510.646155
20
364.948841
70
0
0
VERTEX
8
Layer 1
10
515.937825
20
363.784674
70
0
0
VERTEX
8
Layer 1
10
516.713937
20
364.490230
70
0
0
VERTEX
8
Layer 1
10
517.588165
20
365.626836
70
0
0
VERTEX
8
Layer 1
10
518.442549
20
367.285995
70
0
0
VERTEX
8
Layer 1
10
519.164641
20
369.222967
70
0
0
VERTEX
8
Layer 1
10
519.641994
20
371.193012
70
0
0
VERTEX
8
Layer 1
10
519.888939
20
373.799159
70
0
0
VERTEX
8
Layer 1
10
519.924216
20
376.908015
70
0
0
VERTEX
8
Layer 1
10
519.690501
20
379.981594
70
0
0
VERTEX
8
Layer 1
10
519.403318
20
380.613838
70
0
0
VERTEX
8
Layer 1
10
518.901160
20
381.070796
70
0
0
VERTEX
8
Layer 1
10
517.838416
20
381.617601
70
0
0
VERTEX
8
Layer 1
10
516.537548
20
381.952741
70
0
0
VERTEX
8
Layer 1
10
515.294005
20
381.974789
70
0
0
VERTEX
8
Layer 1
10
514.940125
20
381.769186
70
0
0
VERTEX
8
Layer 1
10
514.632546
20
381.388296
70
0
0
VERTEX
8
Layer 1
10
514.201496
20
380.885036
70
0
0
VERTEX
8
Layer 1
10
513.644768
20
380.695969
70
0
0
VERTEX
8
Layer 1
10
512.796998
20
380.817788
70
0
0
VERTEX
8
Layer 1
10
511.492822
20
381.247185
70
0
0
VERTEX
8
Layer 1
10
510.600404
20
381.599411
70
0
0
VERTEX
8
Layer 1
10
510.068481
20
381.948331
70
0
0
VERTEX
8
Layer 1
10
509.781298
20
382.422928
70
0
0
VERTEX
8
Layer 1
10
509.623099
20
383.152186
70
0
0
VERTEX
8
Layer 1
10
509.469861
20
383.880893
70
0
0
VERTEX
8
Layer 1
10
509.190946
20
384.351631
70
0
0
VERTEX
8
Layer 1
10
508.660676
20
384.690077
70
0
0
VERTEX
8
Layer 1
10
507.753375
20
385.021909
70
0
0
VERTEX
8
Layer 1
10
500.830107
20
386.843126
70
0
0
VERTEX
8
Layer 1
10
494.277256
20
388.267467
70
0
0
VERTEX
8
Layer 1
10
493.323102
20
388.365032
70
0
0
VERTEX
8
Layer 1
10
492.755901
20
388.280696
70
0
0
VERTEX
8
Layer 1
10
492.367294
20
387.925162
70
0
0
VERTEX
8
Layer 1
10
491.948921
20
387.209133
70
0
0
VERTEX
8
Layer 1
10
491.412588
20
386.416485
70
0
0
VERTEX
8
Layer 1
10
490.833261
20
386.027326
70
0
0
VERTEX
8
Layer 1
10
490.088568
20
386.008585
70
0
0
VERTEX
8
Layer 1
10
489.056141
20
386.327188
70
0
0
VERTEX
8
Layer 1
10
488.327986
20
386.668390
70
0
0
VERTEX
8
Layer 1
10
487.861106
20
387.098890
70
0
0
VERTEX
8
Layer 1
10
487.612508
20
387.681525
70
0
0
VERTEX
8
Layer 1
10
487.539196
20
388.479134
70
0
0
VERTEX
8
Layer 1
10
487.424543
20
389.219967
70
0
0
VERTEX
8
Layer 1
10
487.151140
20
389.643301
70
0
0
VERTEX
8
Layer 1
10
480.981935
20
390.811878
70
0
0
VERTEX
8
Layer 1
10
472.299186
20
392.112747
70
0
0
VERTEX
8
Layer 1
10
470.288352
20
392.359692
70
0
0
VERTEX
8
Layer 1
10
469.688629
20
391.089691
70
0
0
VERTEX
8
Layer 1
10
469.231120
20
390.277199
70
0
0
VERTEX
8
Layer 1
10
468.727309
20
389.907884
70
0
0
VERTEX
8
Layer 1
10
467.892769
20
389.908987
70
0
0
VERTEX
8
Layer 1
10
466.443072
20
390.207746
70
0
0
VERTEX
8
Layer 1
10
465.014321
20
390.657538
70
0
0
VERTEX
8
Layer 1
10
464.597602
20
390.971731
70
0
0
VERTEX
8
Layer 1
10
464.326404
20
391.371913
70
0
0
VERTEX
8
Layer 1
10
464.040460
20
391.764241
70
0
0
VERTEX
8
Layer 1
10
463.580058
20
392.089596
70
0
0
VERTEX
8
Layer 1
10
462.297930
20
392.509622
70
0
0
VERTEX
8
Layer 1
10
460.804136
20
392.572461
70
0
0
VERTEX
8
Layer 1
10
459.422789
20
392.218580
70
0
0
VERTEX
8
Layer 1
10
459.422789
20
392.218580
70
0
0
SEQEND
8
Layer 1
0
POLYLINE
8
Layer 1
62
7
70
0
10
0.000000
20
0.000000
66
1
0
VERTEX
8
Layer 1
10
412.291649
20
381.388296
70
0
0
VERTEX
8
Layer 1
10
410.779113
20
380.400517
70
0
0
VERTEX
8
Layer 1
10
410.480905
20
379.919857
70
0
0
VERTEX
8
Layer 1
10
410.351370
20
379.306906
70
0
0
VERTEX
8
Layer 1
10
410.224039
20
378.695056
70
0
0
VERTEX
8
Layer 1
10
409.941265
20
378.222113
70
0
0
VERTEX
8
Layer 1
10
408.552202
20
377.296071
70
0
0
VERTEX
8
Layer 1
10
406.858867
20
376.449404
70
0
0
VERTEX
8
Layer 1
10
405.941645
20
377.366627
70
0
0
VERTEX
8
Layer 1
10
405.059700
20
378.283849
70
0
0
VERTEX
8
Layer 1
10
402.413865
20
377.013849
70
0
0
VERTEX
8
Layer 1
10
396.548930
20
373.746242
70
0
0
VERTEX
8
Layer 1
10
390.948580
20
370.134678
70
0
0
VERTEX
8
Layer 1
10
390.306413
20
369.607715
70
0
0
VERTEX
8
Layer 1
10
389.965211
20
369.120441
70
0
0
VERTEX
8
Layer 1
10
389.842290
20
368.487645
70
0
0
VERTEX
8
Layer 1
10
389.854968
20
367.524120
70
0
0
VERTEX
8
Layer 1
10
389.883631
20
366.555083
70
0
0
VERTEX
8
Layer 1
10
389.766773
20
365.910161
70
0
0
VERTEX
8
Layer 1
10
389.438249
20
365.410760
70
0
0
VERTEX
8
Layer 1
10
388.831912
20
364.878285
70
0
0
VERTEX
8
Layer 1
10
387.667744
20
363.996340
70
0
0
VERTEX
8
Layer 1
10
386.468299
20
364.913563
70
0
0
VERTEX
8
Layer 1
10
385.515798
20
365.557383
70
0
0
VERTEX
8
Layer 1
10
384.880798
20
365.830786
70
0
0
VERTEX
8
Layer 1
10
383.017689
20
364.747096
70
0
0
VERTEX
8
Layer 1
10
379.421558
20
362.214811
70
0
0
VERTEX
8
Layer 1
10
375.574073
20
359.312110
70
0
0
VERTEX
8
Layer 1
10
372.956902
20
357.117169
70
0
0
VERTEX
8
Layer 1
10
371.444366
20
355.489981
70
0
0
VERTEX
8
Layer 1
10
371.255299
20
354.969082
70
0
0
VERTEX
8
Layer 1
10
371.334123
20
354.471334
70
0
0
VERTEX
8
Layer 1
10
371.558468
20
353.573404
70
0
0
VERTEX
8
Layer 1
10
371.488463
20
352.923521
70
0
0
VERTEX
8
Layer 1
10
371.041427
20
352.333169
70
0
0
VERTEX
8
Layer 1
10
370.134678
20
351.613833
70
0
0
VERTEX
8
Layer 1
10
368.763253
20
350.789214
70
0
0
VERTEX
8
Layer 1
10
368.343778
20
350.765512
70
0
0
VERTEX
8
Layer 1
10
367.947454
20
350.943554
70
0
0
VERTEX
8
Layer 1
10
366.818564
20
351.366888
70
0
0
VERTEX
8
Layer 1
10
366.010482
20
350.909930
70
0
0
VERTEX
8
Layer 1
10
364.851827
20
349.854352
70
0
0
VERTEX
8
Layer 1
10
363.812234
20
348.673097
70
0
0
VERTEX
8
Layer 1
10
363.361340
20
347.839108
70
0
0
VERTEX
8
Layer 1
10
363.574109
20
346.880544
70
0
0
VERTEX
8
Layer 1
10
364.137452
20
345.303516
70
0
0
VERTEX
8
Layer 1
10
365.866064
20
341.418548
70
0
0
VERTEX
8
Layer 1
10
366.978968
20
339.597883
70
0
0
VERTEX
8
Layer 1
10
368.419295
20
337.754067
70
0
0
VERTEX
8
Layer 1
10
369.958840
20
336.154990
70
0
0
VERTEX
8
Layer 1
10
371.369401
20
335.068544
70
0
0
VERTEX
8
Layer 1
10
372.392457
20
334.504100
70
0
0
VERTEX
8
Layer 1
10
388.655523
20
345.299106
70
0
0
VERTEX
8
Layer 1
10
404.918588
20
356.129391
70
0
0
VERTEX
8
Layer 1
10
405.729978
20
358.034392
70
0
0
VERTEX
8
Layer 1
10
406.618675
20
359.898052
70
0
0
VERTEX
8
Layer 1
10
407.759554
20
361.817936
70
0
0
VERTEX
8
Layer 1
10
409.126982
20
363.764279
70
0
0
VERTEX
8
Layer 1
10
410.695328
20
365.707314
70
0
0
VERTEX
8
Layer 1
10
412.438961
20
367.617276
70
0
0
VERTEX
8
Layer 1
10
414.332249
20
369.464399
70
0
0
VERTEX
8
Layer 1
10
416.349560
20
371.218919
70
0
0
VERTEX
8
Layer 1
10
418.465264
20
372.851068
70
0
0
VERTEX
8
Layer 1
10
421.569710
20
375.073570
70
0
0
VERTEX
8
Layer 1
10
420.088042
20
377.190238
70
0
0
VERTEX
8
Layer 1
10
418.725989
20
378.910030
70
0
0
VERTEX
8
Layer 1
10
417.261409
20
380.444615
70
0
0
VERTEX
8
Layer 1
10
415.896048
20
381.595553
70
0
0
VERTEX
8
Layer 1
10
414.831650
20
382.164407
70
0
0
VERTEX
8
Layer 1
10
413.813004
20
382.027706
70
0
0
VERTEX
8
Layer 1
10
412.291649
20
381.388296
70
0
0
VERTEX
8
Layer 1
10
412.291649
20
381.388296
70
0
0
SEQEND
8
Layer 1
0
POLYLINE
8
Layer 1
62
7
70
0
10
0.000000
20
0.000000
66
1
0
VERTEX
8
Layer 1
10
444.606113
20
380.294684
70
0
0
VERTEX
8
Layer 1
10
441.177277
20
379.823739
70
0
0
VERTEX
8
Layer 1
10
437.766630
20
379.133273
70
0
0
VERTEX
8
Layer 1
10
434.408900
20
378.235274
70
0
0
VERTEX
8
Layer 1
10
431.138813
20
377.141731
70
0
0
VERTEX
8
Layer 1
10
427.991096
20
375.864633
70
0
0
VERTEX
8
Layer 1
10
425.000476
20
374.415969
70
0
0
VERTEX
8
Layer 1
10
422.201679
20
372.807729
70
0
0
VERTEX
8
Layer 1
10
419.629431
20
371.051900
70
0
0
VERTEX
8
Layer 1
10
416.888236
20
368.763253
70
0
0
VERTEX
8
Layer 1
10
413.945295
20
365.918980
70
0
0
VERTEX
8
Layer 1
10
411.339699
20
363.074708
70
0
0
VERTEX
8
Layer 1
10
409.610536
20
360.786061
70
0
0
VERTEX
8
Layer 1
10
407.926985
20
357.519557
70
0
0
VERTEX
8
Layer 1
10
406.791619
20
354.319199
70
0
0
VERTEX
8
Layer 1
10
406.203610
20
351.201523
70
0
0
VERTEX
8
Layer 1
10
406.162131
20
348.183067
70
0
0
VERTEX
8
Layer 1
10
406.666355
20
345.280365
70
0
0
VERTEX
8
Layer 1
10
407.715456
20
342.509955
70
0
0
VERTEX
8
Layer 1
10
409.308607
20
339.888374
70
0
0
VERTEX
8
Layer 1
10
411.444981
20
337.432157
70
0
0
VERTEX
8
Layer 1
10
412.967430
20
336.080990
70
0
0
VERTEX
8
Layer 1
10
414.678343
20
334.821600
70
0
0
VERTEX
8
Layer 1
10
416.559479
20
333.658121
70
0
0
VERTEX
8
Layer 1
10
418.592594
20
332.594689
70
0
0
VERTEX
8
Layer 1
10
423.041800
20
330.784497
70
0
0
VERTEX
8
Layer 1
10
427.880026
20
329.424096
70
0
0
VERTEX
8
Layer 1
10
432.961339
20
328.546561
70
0
0
VERTEX
8
Layer 1
10
438.139803
20
328.184964
70
0
0
VERTEX
8
Layer 1
10
443.269484
20
328.372377
70
0
0
VERTEX
8
Layer 1
10
445.770427
20
328.682298
70
0
0
VERTEX
8
Layer 1
10
448.204449
20
329.141874
70
0
0
VERTEX
8
Layer 1
10
452.824187
20
330.356753
70
0
0
VERTEX
8
Layer 1
10
456.957753
20
331.849445
70
0
0
VERTEX
8
Layer 1
10
460.859809
20
333.725783
70
0
0
VERTEX
8
Layer 1
10
464.785015
20
336.091601
70
0
0
VERTEX
8
Layer 1
10
468.330985
20
338.806338
70
0
0
VERTEX
8
Layer 1
10
472.012554
20
342.172611
70
0
0
VERTEX
8
Layer 1
10
475.237717
20
345.611646
70
0
0
VERTEX
8
Layer 1
10
476.494144
20
347.177580
70
0
0
VERTEX
8
Layer 1
10
477.414467
20
348.544664
70
0
0
VERTEX
8
Layer 1
10
478.758882
20
351.212134
70
0
0
VERTEX
8
Layer 1
10
479.722958
20
353.923426
70
0
0
VERTEX
8
Layer 1
10
480.306696
20
356.639679
70
0
0
VERTEX
8
Layer 1
10
480.510094
20
359.322032
70
0
0
VERTEX
8
Layer 1
10
480.333154
20
361.931624
70
0
0
VERTEX
8
Layer 1
10
479.775875
20
364.429596
70
0
0
VERTEX
8
Layer 1
10
478.838257
20
366.777085
70
0
0
VERTEX
8
Layer 1
10
477.520301
20
368.935232
70
0
0
VERTEX
8
Layer 1
10
475.914058
20
370.832999
70
0
0
VERTEX
8
Layer 1
10
473.996931
20
372.601368
70
0
0
VERTEX
8
Layer 1
10
471.795375
20
374.226696
70
0
0
VERTEX
8
Layer 1
10
469.335851
20
375.695341
70
0
0
VERTEX
8
Layer 1
10
466.644817
20
376.993660
70
0
0
VERTEX
8
Layer 1
10
463.748730
20
378.108012
70
0
0
VERTEX
8
Layer 1
10
460.674049
20
379.024752
70
0
0
VERTEX
8
Layer 1
10
457.447233
20
379.730239
70
0
0
VERTEX
8
Layer 1
10
454.339479
20
380.165700
70
0
0
VERTEX
8
Layer 1
10
450.947298
20
380.409337
70
0
0
VERTEX
8
Layer 1
10
447.594805
20
380.454537
70
0
0
VERTEX
8
Layer 1
10
444.606113
20
380.294684
70
0
0
VERTEX
8
Layer 1
10
444.606113
20
380.294684
70
0
0
SEQEND
8
Layer 1
0
POLYLINE
8
Layer 1
62
7
70
0
10
0.000000
20
0.000000
66
1
0
VERTEX
8
Layer 1
10
448.310282
20
376.026070
70
0
0
VERTEX
8
Layer 1
10
450.549320
20
375.295158
70
0
0
VERTEX
8
Layer 1
10
452.914035
20
374.200444
70
0
0
VERTEX
8
Layer 1
10
455.146459
20
372.880834
70
0
0
VERTEX
8
Layer 1
10
456.988621
20
371.475234
70
0
0
VERTEX
8
Layer 1
10
458.402489
20
369.979786
70
0
0
VERTEX
8
Layer 1
10
459.832894
20
368.137072
70
0
0
VERTEX
8
Layer 1
10
461.111163
20
366.181910
70
0
0
VERTEX
8
Layer 1
10
462.068624
20
364.349118
70
0
0
VERTEX
8
Layer 1
10
462.366832
20
363.549305
70
0
0
VERTEX
8
Layer 1
10
462.370622
20
363.415841
70
0
0
VERTEX
8
Layer 1
10
462.284701
20
363.453944
70
0
0
VERTEX
8
Layer 1
10
461.151402
20
365.231063
70
0
0
VERTEX
8
Layer 1
10
460.269250
20
366.585193
70
0
0
VERTEX
8
Layer 1
10
459.200650
20
367.908318
70
0
0
VERTEX
8
Layer 1
10
456.604975
20
370.377212
70
0
0
VERTEX
8
Layer 1
10
453.566123
20
372.469076
70
0
0
VERTEX
8
Layer 1
10
451.943551
20
373.320911
70
0
0
VERTEX
8
Layer 1
10
450.285839
20
374.015236
70
0
0
VERTEX
8
Layer 1
10
447.879232
20
374.591256
70
0
0
VERTEX
8
Layer 1
10
444.844239
20
374.919229
70
0
0
VERTEX
8
Layer 1
10
441.743099
20
374.962775
70
0
0
VERTEX
8
Layer 1
10
439.138054
20
374.685514
70
0
0
VERTEX
8
Layer 1
10
436.172032
20
373.797023
70
0
0
VERTEX
8
Layer 1
10
433.388324
20
372.432696
70
0
0
VERTEX
8
Layer 1
10
430.830339
20
370.639247
70
0
0
VERTEX
8
Layer 1
10
428.541485
20
368.463392
70
0
0
VERTEX
8
Layer 1
10
426.565171
20
365.951847
70
0
0
VERTEX
8
Layer 1
10
424.944803
20
363.151327
70
0
0
VERTEX
8
Layer 1
10
423.723792
20
360.108548
70
0
0
VERTEX
8
Layer 1
10
422.945544
20
356.870225
70
0
0
VERTEX
8
Layer 1
10
422.716238
20
355.723696
70
0
0
VERTEX
8
Layer 1
10
422.804433
20
357.540503
70
0
0
VERTEX
8
Layer 1
10
423.291845
20
361.015297
70
0
0
VERTEX
8
Layer 1
10
424.329095
20
364.264782
70
0
0
VERTEX
8
Layer 1
10
425.874015
20
367.242243
70
0
0
VERTEX
8
Layer 1
10
427.884436
20
369.900962
70
0
0
VERTEX
8
Layer 1
10
430.318191
20
372.194226
70
0
0
VERTEX
8
Layer 1
10
433.133111
20
374.075318
70
0
0
VERTEX
8
Layer 1
10
436.287029
20
375.497523
70
0
0
VERTEX
8
Layer 1
10
439.737777
20
376.414126
70
0
0
VERTEX
8
Layer 1
10
441.603091
20
376.581696
70
0
0
VERTEX
8
Layer 1
10
443.891738
20
376.564057
70
0
0
VERTEX
8
Layer 1
10
446.246531
20
376.374438
70
0
0
VERTEX
8
Layer 1
10
448.310282
20
376.026070
70
0
0
VERTEX
8
Layer 1
10
448.310282
20
376.026070
70
0
0
SEQEND
8
Layer 1
0
POLYLINE
8
Layer 1
62
7
70
0
10
0.000000
20
0.000000
66
1
0
VERTEX
8
Layer 1
10
445.593892
20
357.046614
70
0
0
VERTEX
8
Layer 1
10
446.246255
20
356.159432
70
0
0
VERTEX
8
Layer 1
10
446.579465
20
355.181300
70
0
0
VERTEX
8
Layer 1
10
446.618326
20
354.176710
70
0
0
VERTEX
8
Layer 1
10
446.387642
20
353.210153
70
0
0
VERTEX
8
Layer 1
10
445.912219
20
352.346123
70
0
0
VERTEX
8
Layer 1
10
445.216860
20
351.649110
70
0
0
VERTEX
8
Layer 1
10
444.326371
20
351.183609
70
0
0
VERTEX
8
Layer 1
10
443.265557
20
351.014110
70
0
0
VERTEX
8
Layer 1
10
442.035244
20
351.247825
70
0
0
VERTEX
8
Layer 1
10
440.937222
20
352.037166
70
0
0
VERTEX
8
Layer 1
10
440.284859
20
352.924348
70
0
0
VERTEX
8
Layer 1
10
439.951649
20
353.902480
70
0
0
VERTEX
8
Layer 1
10
439.912788
20
354.907070
70
0
0
VERTEX
8
Layer 1
10
440.143472
20
355.873627
70
0
0
VERTEX
8
Layer 1
10
440.618895
20
356.737657
70
0
0
VERTEX
8
Layer 1
10
441.314254
20
357.434670
70
0
0
VERTEX
8
Layer 1
10
442.204743
20
357.900171
70
0
0
VERTEX
8
Layer 1
10
443.265557
20
358.069670
70
0
0
VERTEX
8
Layer 1
10
444.495870
20
357.835955
70
0
0
VERTEX
8
Layer 1
10
445.593892
20
357.046614
70
0
0
VERTEX
8
Layer 1
10
445.593892
20
357.046614
70
0
0
SEQEND
8
Layer 1
0
POLYLINE
8
Layer 1
62
7
70
0
10
0.000000
20
0.000000
66
1
0
VERTEX
8
Layer 1
10
479.425302
20
370.240511
70
0
0
VERTEX
8
Layer 1
10
479.727919
20
369.497472
70
0
0
VERTEX
8
Layer 1
10
480.443948
20
368.503079
70
0
0
VERTEX
8
Layer 1
10
481.285655
20
367.601291
70
0
0
VERTEX
8
Layer 1
10
481.965304
20
367.136065
70
0
0
VERTEX
8
Layer 1
10
515.514491
20
360.009949
70
0
0
VERTEX
8
Layer 1
10
516.819770
20
359.763004
70
0
0
VERTEX
8
Layer 1
10
516.819770
20
361.033005
70
0
0
VERTEX
8
Layer 1
10
516.687478
20
361.994325
70
0
0
VERTEX
8
Layer 1
10
516.396436
20
362.479395
70
0
0
VERTEX
8
Layer 1
10
497.915279
20
366.540752
70
0
0
VERTEX
8
Layer 1
10
479.566413
20
370.416900
70
0
0
VERTEX
8
Layer 1
10
479.425302
20
370.240511
70
0
0
VERTEX
8
Layer 1
10
479.425302
20
370.240511
70
0
0
SEQEND
8
Layer 1
0
POLYLINE
8
Layer 1
62
7
70
0
10
0.000000
20
0.000000
66
1
0
VERTEX
8
Layer 1
10
481.753637
20
365.336897
70
0
0
VERTEX
8
Layer 1
10
482.155473
20
364.199739
70
0
0
VERTEX
8
Layer 1
10
482.587075
20
363.409847
70
0
0
VERTEX
8
Layer 1
10
483.078208
20
362.930841
70
0
0
VERTEX
8
Layer 1
10
483.658638
20
362.726340
70
0
0
VERTEX
8
Layer 1
10
499.445453
20
359.401407
70
0
0
VERTEX
8
Layer 1
10
514.279768
20
356.129391
70
0
0
VERTEX
8
Layer 1
10
514.173935
20
355.600224
70
0
0
VERTEX
8
Layer 1
10
513.794699
20
355.378084
70
0
0
VERTEX
8
Layer 1
10
512.410045
20
355.516439
70
0
0
VERTEX
8
Layer 1
10
502.602817
20
357.575781
70
0
0
VERTEX
8
Layer 1
10
493.501144
20
359.480782
70
0
0
VERTEX
8
Layer 1
10
493.145610
20
359.124145
70
0
0
VERTEX
8
Layer 1
10
492.879373
20
358.321024
70
0
0
VERTEX
8
Layer 1
10
492.791730
20
357.471601
70
0
0
VERTEX
8
Layer 1
10
492.971977
20
356.976058
70
0
0
VERTEX
8
Layer 1
10
501.932538
20
354.894668
70
0
0
VERTEX
8
Layer 1
10
507.960632
20
353.483556
70
0
0
VERTEX
8
Layer 1
10
510.469766
20
352.707444
70
0
0
VERTEX
8
Layer 1
10
510.395765
20
352.473798
70
0
0
VERTEX
8
Layer 1
10
510.135729
20
352.333169
70
0
0
VERTEX
8
Layer 1
10
508.829348
20
352.359076
70
0
0
VERTEX
8
Layer 1
10
501.473927
20
353.836334
70
0
0
VERTEX
8
Layer 1
10
492.795588
20
355.600224
70
0
0
VERTEX
8
Layer 1
10
492.324299
20
355.281070
70
0
0
VERTEX
8
Layer 1
10
491.829858
20
354.555119
70
0
0
VERTEX
8
Layer 1
10
491.500783
20
353.769637
70
0
0
VERTEX
8
Layer 1
10
491.525587
20
353.271889
70
0
0
VERTEX
8
Layer 1
10
499.180870
20
351.543277
70
0
0
VERTEX
8
Layer 1
10
507.471153
20
349.638276
70
0
0
VERTEX
8
Layer 1
10
507.978271
20
349.325185
70
0
0
VERTEX
8
Layer 1
10
507.506431
20
349.038553
70
0
0
VERTEX
8
Layer 1
10
504.917922
20
349.303137
70
0
0
VERTEX
8
Layer 1
10
499.075037
20
350.414387
70
0
0
VERTEX
8
Layer 1
10
491.172809
20
351.931333
70
0
0
VERTEX
8
Layer 1
10
490.714198
20
350.696610
70
0
0
VERTEX
8
Layer 1
10
490.568677
20
349.797026
70
0
0
VERTEX
8
Layer 1
10
490.639784
20
349.555593
70
0
0
VERTEX
8
Layer 1
10
490.820031
20
349.426609
70
0
0
VERTEX
8
Layer 1
10
497.910869
20
347.874386
70
0
0
VERTEX
8
Layer 1
10
504.754762
20
346.251607
70
0
0
VERTEX
8
Layer 1
10
504.790040
20
346.013482
70
0
0
VERTEX
8
Layer 1
10
504.613651
20
345.722440
70
0
0
VERTEX
8
Layer 1
10
504.008416
20
345.680548
70
0
0
VERTEX
8
Layer 1
10
502.549900
20
345.863551
70
0
0
VERTEX
8
Layer 1
10
497.311147
20
346.851330
70
0
0
VERTEX
8
Layer 1
10
492.964811
20
347.739889
70
0
0
VERTEX
8
Layer 1
10
490.692149
20
348.006678
70
0
0
VERTEX
8
Layer 1
10
490.121572
20
347.898639
70
0
0
VERTEX
8
Layer 1
10
489.815165
20
347.625236
70
0
0
VERTEX
8
Layer 1
10
489.655864
20
346.569107
70
0
0
VERTEX
8
Layer 1
10
489.830599
20
346.134749
70
0
0
VERTEX
8
Layer 1
10
490.630413
20
345.740079
70
0
0
VERTEX
8
Layer 1
10
495.758923
20
344.487717
70
0
0
VERTEX
8
Layer 1
10
500.133371
20
343.477890
70
0
0
VERTEX
8
Layer 1
10
502.179483
20
342.864938
70
0
0
VERTEX
8
Layer 1
10
502.414508
20
342.569142
70
0
0
VERTEX
8
Layer 1
10
502.372960
20
342.370498
70
0
0
VERTEX
8
Layer 1
10
501.425420
20
342.269625
70
0
0
VERTEX
8
Layer 1
10
499.267411
20
342.572243
70
0
0
VERTEX
8
Layer 1
10
495.829479
20
343.288272
70
0
0
VERTEX
8
Layer 1
10
491.529997
20
344.165807
70
0
0
VERTEX
8
Layer 1
10
489.585308
20
344.381884
70
0
0
VERTEX
8
Layer 1
10
489.232530
20
343.076605
70
0
0
VERTEX
8
Layer 1
10
489.126697
20
342.053549
70
0
0
VERTEX
8
Layer 1
10
495.970590
20
340.536603
70
0
0
VERTEX
8
Layer 1
10
500.971218
20
339.337158
70
0
0
VERTEX
8
Layer 1
10
503.378928
20
338.561047
70
0
0
VERTEX
8
Layer 1
10
504.204649
20
337.967939
70
0
0
VERTEX
8
Layer 1
10
504.825318
20
337.837852
70
0
0
VERTEX
8
Layer 1
10
505.313695
20
338.184015
70
0
0
VERTEX
8
Layer 1
10
505.742541
20
339.019658
70
0
0
VERTEX
8
Layer 1
10
506.280527
20
340.016256
70
0
0
VERTEX
8
Layer 1
10
506.765597
20
340.430770
70
0
0
VERTEX
8
Layer 1
10
507.241847
20
340.020666
70
0
0
VERTEX
8
Layer 1
10
507.823931
20
339.054936
70
0
0
VERTEX
8
Layer 1
10
508.158519
20
338.208820
70
0
0
VERTEX
8
Layer 1
10
508.251674
20
337.498303
70
0
0
VERTEX
8
Layer 1
10
508.086861
20
336.569505
70
0
0
VERTEX
8
Layer 1
10
507.647542
20
335.068544
70
0
0
VERTEX
8
Layer 1
10
498.453265
20
310.087452
70
0
0
VERTEX
8
Layer 1
10
484.364194
20
272.697394
70
0
0
VERTEX
8
Layer 1
10
481.751983
20
265.989651
70
0
0
VERTEX
8
Layer 1
10
479.897143
20
261.897977
70
0
0
VERTEX
8
Layer 1
10
479.056332
20
260.460063
70
0
0
VERTEX
8
Layer 1
10
478.167979
20
259.228440
70
0
0
VERTEX
8
Layer 1
10
475.932800
20
256.787106
70
0
0
VERTEX
8
Layer 1
10
473.314526
20
254.395933
70
0
0
VERTEX
8
Layer 1
10
470.649949
20
252.633145
70
0
0
VERTEX
8
Layer 1
10
467.390060
20
251.201087
70
0
0
VERTEX
8
Layer 1
10
462.985847
20
249.802102
70
0
0
VERTEX
8
Layer 1
10
442.780487
20
244.483973
70
0
0
VERTEX
8
Layer 1
10
424.215545
20
239.853762
70
0
0
VERTEX
8
Layer 1
10
421.115508
20
239.589179
70
0
0
VERTEX
8
Layer 1
10
415.925262
20
239.642095
70
0
0
VERTEX
8
Layer 1
10
410.624773
20
239.690602
70
0
0
VERTEX
8
Layer 1
10
407.282201
20
239.395151
70
0
0
VERTEX
8
Layer 1
10
389.303752
20
234.954558
70
0
0
VERTEX
8
Layer 1
10
349.602998
20
224.719586
70
0
0
VERTEX
8
Layer 1
10
339.031785
20
221.937050
70
0
0
VERTEX
8
Layer 1
10
332.369793
20
219.974722
70
0
0
VERTEX
8
Layer 1
10
326.633843
20
217.853644
70
0
0
VERTEX
8
Layer 1
10
318.840756
20
214.594857
70
0
0
VERTEX
8
Layer 1
10
316.075859
20
213.302808
70
0
0
VERTEX
8
Layer 1
10
315.303606
20
212.823802
70
0
0
VERTEX
8
Layer 1
10
315.030754
20
212.513467
70
0
0
VERTEX
8
Layer 1
10
316.763776
20
205.515234
70
0
0
VERTEX
8
Layer 1
10
318.629090
20
198.755125
70
0
0
VERTEX
8
Layer 1
10
327.907151
20
199.672348
70
0
0
VERTEX
8
Layer 1
10
336.484066
20
200.792418
70
0
0
VERTEX
8
Layer 1
10
339.669541
20
201.428521
70
0
0
VERTEX
8
Layer 1
10
343.076605
20
202.282905
70
0
0
VERTEX
8
Layer 1
10
365.301619
20
207.962631
70
0
0
VERTEX
8
Layer 1
10
394.438326
20
215.378135
70
0
0
VERTEX
8
Layer 1
10
409.218070
20
219.370590
70
0
0
VERTEX
8
Layer 1
10
413.120608
20
220.654715
70
0
0
VERTEX
8
Layer 1
10
415.709737
20
221.768929
70
0
0
VERTEX
8
Layer 1
10
417.744067
20
222.941847
70
0
0
VERTEX
8
Layer 1
10
419.982209
20
224.402086
70
0
0
VERTEX
8
Layer 1
10
422.804433
20
226.104240
70
0
0
VERTEX
8
Layer 1
10
425.097490
20
227.330143
70
0
0
VERTEX
8
Layer 1
10
430.838952
20
229.041116
70
0
0
VERTEX
8
Layer 1
10
441.925001
20
231.916257
70
0
0
VERTEX
8
Layer 1
10
458.939925
20
236.252119
70
0
0
VERTEX
8
Layer 1
10
469.247657
20
239.192303
70
0
0
VERTEX
8
Layer 1
10
472.634601
20
240.380862
70
0
0
VERTEX
8
Layer 1
10
475.242678
20
241.510716
70
0
0
VERTEX
8
Layer 1
10
477.371197
20
242.678604
70
0
0
VERTEX
8
Layer 1
10
479.319469
20
243.981265
70
0
0
VERTEX
8
Layer 1
10
482.960248
20
246.894439
70
0
0
VERTEX
8
Layer 1
10
486.114855
20
250.088734
70
0
0
VERTEX
8
Layer 1
10
488.799826
20
253.580685
70
0
0
VERTEX
8
Layer 1
10
491.031698
20
257.386829
70
0
0
VERTEX
8
Layer 1
10
494.308124
20
265.478674
70
0
0
VERTEX
8
Layer 1
10
500.203926
20
280.846566
70
0
0
VERTEX
8
Layer 1
10
513.256712
20
315.559921
70
0
0
VERTEX
8
Layer 1
10
519.289216
20
331.928820
70
0
0
VERTEX
8
Layer 1
10
519.778627
20
334.040665
70
0
0
VERTEX
8
Layer 1
10
519.983196
20
336.242634
70
0
0
VERTEX
8
Layer 1
10
519.912434
20
338.485943
70
0
0
VERTEX
8
Layer 1
10
519.575848
20
340.721812
70
0
0
VERTEX
8
Layer 1
10
518.982947
20
342.901456
70
0
0
VERTEX
8
Layer 1
10
518.143239
20
344.976094
70
0
0
VERTEX
8
Layer 1
10
517.066232
20
346.896943
70
0
0
VERTEX
8
Layer 1
10
515.761436
20
348.615220
70
0
0
VERTEX
8
Layer 1
10
514.350324
20
350.379110
70
0
0
VERTEX
8
Layer 1
10
514.676644
20
350.445255
70
0
0
VERTEX
8
Layer 1
10
515.479214
20
350.379110
70
0
0
VERTEX
8
Layer 1
10
516.572825
20
350.202721
70
0
0
VERTEX
8
Layer 1
10
516.325881
20
354.365501
70
0
0
VERTEX
8
Layer 1
10
516.008381
20
358.598837
70
0
0
VERTEX
8
Layer 1
10
498.722259
20
362.373562
70
0
0
VERTEX
8
Layer 1
10
484.152527
20
365.389813
70
0
0
VERTEX
8
Layer 1
10
482.063420
20
365.637861
70
0
0
VERTEX
8
Layer 1
10
481.765075
20
365.542362
70
0
0
VERTEX
8
Layer 1
10
481.753637
20
365.336897
70
0
0
VERTEX
8
Layer 1
10
481.753637
20
365.336897
70
0
0
SEQEND
8
Layer 1
0
POLYLINE
8
Layer 1
62
7
70
0
10
0.000000
20
0.000000
66
1
0
VERTEX
8
Layer 1
10
486.974751
20
360.468560
70
0
0
VERTEX
8
Layer 1
10
486.167772
20
358.466545
70
0
0
VERTEX
8
Layer 1
10
484.752250
20
354.294945
70
0
0
VERTEX
8
Layer 1
10
483.177978
20
349.841123
70
0
0
VERTEX
8
Layer 1
10
482.000581
20
347.239385
70
0
0
VERTEX
8
Layer 1
10
481.005637
20
345.575265
70
0
0
VERTEX
8
Layer 1
10
480.285198
20
343.901224
70
0
0
VERTEX
8
Layer 1
10
479.822728
20
342.194109
70
0
0
VERTEX
8
Layer 1
10
479.601691
20
340.430770
70
0
0
VERTEX
8
Layer 1
10
479.411522
20
338.928707
70
0
0
VERTEX
8
Layer 1
10
478.927003
20
336.775108
70
0
0
VERTEX
8
Layer 1
10
476.955856
20
330.023819
70
0
0
VERTEX
8
Layer 1
10
474.098354
20
321.380758
70
0
0
VERTEX
8
Layer 1
10
473.851410
20
321.098536
70
0
0
VERTEX
8
Layer 1
10
473.921965
20
321.557147
70
0
0
VERTEX
8
Layer 1
10
475.509466
20
330.552986
70
0
0
VERTEX
8
Layer 1
10
476.744189
20
337.026462
70
0
0
VERTEX
8
Layer 1
10
477.661412
20
340.959937
70
0
0
VERTEX
8
Layer 1
10
478.159711
20
342.820841
70
0
0
VERTEX
8
Layer 1
10
478.366968
20
344.311328
70
0
0
VERTEX
8
Layer 1
10
478.331690
20
345.546051
70
0
0
VERTEX
8
Layer 1
10
477.590856
20
344.487717
70
0
0
VERTEX
8
Layer 1
10
474.310021
20
340.783548
70
0
0
VERTEX
8
Layer 1
10
471.805297
20
338.137713
70
0
0
VERTEX
8
Layer 1
10
470.641130
20
330.552986
70
0
0
VERTEX
8
Layer 1
10
468.811094
20
319.541903
70
0
0
VERTEX
8
Layer 1
10
467.642517
20
314.007698
70
0
0
VERTEX
8
Layer 1
10
467.148628
20
313.879816
70
0
0
VERTEX
8
Layer 1
10
466.231405
20
314.042976
70
0
0
VERTEX
8
Layer 1
10
465.150471
20
314.269525
70
0
0
VERTEX
8
Layer 1
10
464.436647
20
314.109121
70
0
0
VERTEX
8
Layer 1
10
463.994021
20
313.492311
70
0
0
VERTEX
8
Layer 1
10
463.726681
20
312.349641
70
0
0
VERTEX
8
Layer 1
10
463.427371
20
310.706467
70
0
0
VERTEX
8
Layer 1
10
463.078451
20
309.681758
70
0
0
VERTEX
8
Layer 1
10
462.630313
20
309.179600
70
0
0
VERTEX
8
Layer 1
10
462.033347
20
309.104084
70
0
0
VERTEX
8
Layer 1
10
461.504180
20
309.328980
70
0
0
VERTEX
8
Layer 1
10
461.398346
20
309.739084
70
0
0
VERTEX
8
Layer 1
10
461.715846
20
311.644085
70
0
0
VERTEX
8
Layer 1
10
461.980430
20
312.896447
70
0
0
VERTEX
8
Layer 1
10
462.350847
20
313.937142
70
0
0
VERTEX
8
Layer 1
10
462.611021
20
314.669157
70
0
0
VERTEX
8
Layer 1
10
462.527236
20
315.136587
70
0
0
VERTEX
8
Layer 1
10
461.139826
20
315.594648
70
0
0
VERTEX
8
Layer 1
10
458.333587
20
316.261067
70
0
0
VERTEX
8
Layer 1
10
453.425563
20
317.147422
70
0
0
VERTEX
8
Layer 1
10
452.827494
20
316.948433
70
0
0
VERTEX
8
Layer 1
10
452.451014
20
316.455095
70
0
0
VERTEX
8
Layer 1
10
452.358961
20
315.822851
70
0
0
VERTEX
8
Layer 1
10
452.614174
20
315.207143
70
0
0
VERTEX
8
Layer 1
10
453.743064
20
314.673566
70
0
0
VERTEX
8
Layer 1
10
455.824454
20
314.113531
70
0
0
VERTEX
8
Layer 1
10
457.800011
20
313.566725
70
0
0
VERTEX
8
Layer 1
10
458.344612
20
313.319781
70
0
0
VERTEX
8
Layer 1
10
458.505567
20
313.125753
70
0
0
VERTEX
8
Layer 1
10
458.388709
20
312.866681
70
0
0
VERTEX
8
Layer 1
10
458.020497
20
312.772975
70
0
0
VERTEX
8
Layer 1
10
455.154176
20
313.055197
70
0
0
VERTEX
8
Layer 1
10
452.927264
20
313.191899
70
0
0
VERTEX
8
Layer 1
10
452.361166
20
313.060158
70
0
0
VERTEX
8
Layer 1
10
451.943896
20
312.772975
70
0
0
VERTEX
8
Layer 1
10
451.216291
20
312.371690
70
0
0
VERTEX
8
Layer 1
10
450.356395
20
312.420197
70
0
0
VERTEX
8
Layer 1
10
449.797462
20
312.459884
70
0
0
VERTEX
8
Layer 1
10
449.112852
20
312.287905
70
0
0
VERTEX
8
Layer 1
10
446.969726
20
311.150196
70
0
0
VERTEX
8
Layer 1
10
445.086773
20
310.149188
70
0
0
VERTEX
8
Layer 1
10
444.076946
20
309.809640
70
0
0
VERTEX
8
Layer 1
10
444.124902
20
310.009180
70
0
0
VERTEX
8
Layer 1
10
444.539968
20
310.453459
70
0
0
VERTEX
8
Layer 1
10
446.193614
20
311.785196
70
0
0
VERTEX
8
Layer 1
10
448.204449
20
313.434434
70
0
0
VERTEX
8
Layer 1
10
448.614553
20
313.997776
70
0
0
VERTEX
8
Layer 1
10
448.733616
20
314.501587
70
0
0
VERTEX
8
Layer 1
10
448.542895
20
315.344396
70
0
0
VERTEX
8
Layer 1
10
448.283411
20
315.520440
70
0
0
VERTEX
8
Layer 1
10
447.895768
20
315.529053
70
0
0
VERTEX
8
Layer 1
10
446.679787
20
315.032408
70
0
0
VERTEX
8
Layer 1
10
444.782502
20
313.831309
70
0
0
VERTEX
8
Layer 1
10
441.883659
20
311.842523
70
0
0
VERTEX
8
Layer 1
10
440.430104
20
310.673946
70
0
0
VERTEX
8
Layer 1
10
440.118185
20
310.264944
70
0
0
VERTEX
8
Layer 1
10
440.015038
20
309.902244
70
0
0
VERTEX
8
Layer 1
10
440.231666
20
309.104084
70
0
0
VERTEX
8
Layer 1
10
440.853437
20
308.006062
70
0
0
VERTEX
8
Layer 1
10
441.713334
20
306.881582
70
0
0
VERTEX
8
Layer 1
10
442.380305
20
305.988062
70
0
0
VERTEX
8
Layer 1
10
442.683473
20
305.236755
70
0
0
VERTEX
8
Layer 1
10
442.616225
20
304.664042
70
0
0
VERTEX
8
Layer 1
10
442.171945
20
304.306303
70
0
0
VERTEX
8
Layer 1
10
441.665378
20
304.189996
70
0
0
VERTEX
8
Layer 1
10
441.215035
20
304.407726
70
0
0
VERTEX
8
Layer 1
10
440.678702
20
305.095092
70
0
0
VERTEX
8
Layer 1
10
439.914166
20
306.387693
70
0
0
VERTEX
8
Layer 1
10
438.467776
20
308.539639
70
0
0
VERTEX
8
Layer 1
10
437.793088
20
308.407347
70
0
0
VERTEX
8
Layer 1
10
436.668608
20
307.798805
70
0
0
VERTEX
8
Layer 1
10
435.601455
20
307.216721
70
0
0
VERTEX
8
Layer 1
10
435.010552
20
307.163805
70
0
0
VERTEX
8
Layer 1
10
431.804682
20
312.204120
70
0
0
VERTEX
8
Layer 1
10
427.037769
20
320.287146
70
0
0
VERTEX
8
Layer 1
10
423.016100
20
326.963470
70
0
0
VERTEX
8
Layer 1
10
421.808938
20
328.601683
70
0
0
VERTEX
8
Layer 1
10
421.111099
20
329.141874
70
0
0
VERTEX
8
Layer 1
10
417.159985
20
330.870486
70
0
0
VERTEX
8
Layer 1
10
413.491094
20
332.493265
70
0
0
VERTEX
8
Layer 1
10
413.809145
20
331.685183
70
0
0
VERTEX
8
Layer 1
10
414.765504
20
330.076736
70
0
0
VERTEX
8
Layer 1
10
415.887228
20
328.415372
70
0
0
VERTEX
8
Layer 1
10
416.701374
20
327.448540
70
0
0
VERTEX
8
Layer 1
10
417.790576
20
325.930492
70
0
0
VERTEX
8
Layer 1
10
420.017487
20
322.394995
70
0
0
VERTEX
8
Layer 1
10
426.085268
20
312.208530
70
0
0
VERTEX
8
Layer 1
10
426.248222
20
311.844934
70
0
0
VERTEX
8
Layer 1
10
426.112278
20
311.879454
70
0
0
VERTEX
8
Layer 1
10
425.004886
20
313.068426
70
0
0
VERTEX
8
Layer 1
10
419.876376
20
319.405201
70
0
0
VERTEX
8
Layer 1
10
416.533804
20
323.836975
70
0
0
VERTEX
8
Layer 1
10
414.514150
20
326.919373
70
0
0
VERTEX
8
Layer 1
10
413.125087
20
329.013992
70
0
0
VERTEX
8
Layer 1
10
411.127481
20
331.082153
70
0
0
VERTEX
8
Layer 1
10
409.406035
20
332.755092
70
0
0
VERTEX
8
Layer 1
10
407.224875
20
335.152329
70
0
0
VERTEX
8
Layer 1
10
401.919975
20
341.630215
70
0
0
VERTEX
8
Layer 1
10
401.099767
20
342.375459
70
0
0
VERTEX
8
Layer 1
10
400.699584
20
342.468614
70
0
0
VERTEX
8
Layer 1
10
400.226641
20
342.406327
70
0
0
VERTEX
8
Layer 1
10
399.316033
20
341.952125
70
0
0
VERTEX
8
Layer 1
10
398.206987
20
341.153965
70
0
0
VERTEX
8
Layer 1
10
397.269920
20
340.302888
70
0
0
VERTEX
8
Layer 1
10
396.875250
20
339.689936
70
0
0
VERTEX
8
Layer 1
10
397.982091
20
338.115664
70
0
0
VERTEX
8
Layer 1
10
400.649975
20
334.715766
70
0
0
VERTEX
8
Layer 1
10
403.538344
20
330.830799
70
0
0
VERTEX
8
Layer 1
10
405.236089
20
328.083540
70
0
0
VERTEX
8
Layer 1
10
406.174258
20
326.482810
70
0
0
VERTEX
8
Layer 1
10
407.502687
20
324.749788
70
0
0
VERTEX
8
Layer 1
10
408.817888
20
323.360725
70
0
0
VERTEX
8
Layer 1
10
409.716369
20
322.791870
70
0
0
VERTEX
8
Layer 1
10
410.721442
20
321.893871
70
0
0
VERTEX
8
Layer 1
10
412.822469
20
319.517098
70
0
0
VERTEX
8
Layer 1
10
418.795993
20
312.230579
70
0
0
VERTEX
8
Layer 1
10
424.604152
20
304.739007
70
0
0
VERTEX
8
Layer 1
10
426.498473
20
302.105919
70
0
0
VERTEX
8
Layer 1
10
427.214158
20
300.849078
70
0
0
VERTEX
8
Layer 1
10
426.592387
20
300.364009
70
0
0
VERTEX
8
Layer 1
10
425.097490
20
299.614355
70
0
0
VERTEX
8
Layer 1
10
423.602593
20
298.877931
70
0
0
VERTEX
8
Layer 1
10
422.980822
20
298.379632
70
0
0
VERTEX
8
Layer 1
10
424.250823
20
295.557408
70
0
0
VERTEX
8
Layer 1
10
425.220962
20
293.361365
70
0
0
VERTEX
8
Layer 1
10
425.203323
20
292.868579
70
0
0
VERTEX
8
Layer 1
10
424.921101
20
292.488240
70
0
0
VERTEX
8
Layer 1
10
424.594230
20
292.200505
70
0
0
VERTEX
8
Layer 1
10
424.343427
20
292.144281
70
0
0
VERTEX
8
Layer 1
10
423.686378
20
292.805740
70
0
0
VERTEX
8
Layer 1
10
422.976412
20
293.983137
70
0
0
VERTEX
8
Layer 1
10
422.239988
20
295.557408
70
0
0
VERTEX
8
Layer 1
10
421.591759
20
296.845048
70
0
0
VERTEX
8
Layer 1
10
421.075821
20
297.391854
70
0
0
VERTEX
8
Layer 1
10
420.013628
20
296.948125
70
0
0
VERTEX
8
Layer 1
10
418.399118
20
295.932235
70
0
0
VERTEX
8
Layer 1
10
416.923513
20
294.817126
70
0
0
VERTEX
8
Layer 1
10
416.278040
20
294.075741
70
0
0
VERTEX
8
Layer 1
10
416.455531
20
293.454521
70
0
0
VERTEX
8
Layer 1
10
416.930679
20
293.048275
70
0
0
VERTEX
8
Layer 1
10
417.617494
20
292.899998
70
0
0
VERTEX
8
Layer 1
10
418.429986
20
293.052685
70
0
0
VERTEX
8
Layer 1
10
419.022543
20
293.258839
70
0
0
VERTEX
8
Layer 1
10
419.386896
20
293.273171
70
0
0
VERTEX
8
Layer 1
10
419.625572
20
293.062606
70
0
0
VERTEX
8
Layer 1
10
419.841098
20
292.594073
70
0
0
VERTEX
8
Layer 1
10
420.158598
20
291.535739
70
0
0
VERTEX
8
Layer 1
10
419.705499
20
291.176347
70
0
0
VERTEX
8
Layer 1
10
418.412347
20
290.697891
70
0
0
VERTEX
8
Layer 1
10
413.702761
20
289.489627
70
0
0
VERTEX
8
Layer 1
10
410.634694
20
288.876055
70
0
0
VERTEX
8
Layer 1
10
407.698920
20
288.437356
70
0
0
VERTEX
8
Layer 1
10
404.931818
20
288.173117
70
0
0
VERTEX
8
Layer 1
10
402.369767
20
288.082925
70
0
0
VERTEX
8
Layer 1
10
400.049150
20
288.166365
70
0
0
VERTEX
8
Layer 1
10
398.006344
20
288.423025
70
0
0
VERTEX
8
Layer 1
10
396.277732
20
288.852490
70
0
0
VERTEX
8
Layer 1
10
394.899693
20
289.454349
70
0
0
VERTEX
8
Layer 1
10
393.582288
20
290.485122
70
0
0
VERTEX
8
Layer 1
10
391.980455
20
292.170740
70
0
0
VERTEX
8
Layer 1
10
390.127268
20
294.464899
70
0
0
VERTEX
8
Layer 1
10
388.055800
20
297.321298
70
0
0
VERTEX
8
Layer 1
10
386.433021
20
299.508522
70
0
0
VERTEX
8
Layer 1
10
385.233576
20
295.910186
70
0
0
VERTEX
8
Layer 1
10
384.171935
20
292.795818
70
0
0
VERTEX
8
Layer 1
10
382.931700
20
289.780669
70
0
0
VERTEX
8
Layer 1
10
381.572402
20
286.990415
70
0
0
VERTEX
8
Layer 1
10
380.153573
20
284.550735
70
0
0
VERTEX
8
Layer 1
10
379.407227
20
283.243803
70
0
0
VERTEX
8
Layer 1
10
379.183433
20
282.429657
70
0
0
VERTEX
8
Layer 1
10
379.269561
20
282.175340
70
0
0
VERTEX
8
Layer 1
10
379.488807
20
282.005772
70
0
0
VERTEX
8
Layer 1
10
380.329962
20
281.869622
70
0
0
VERTEX
8
Layer 1
10
381.572402
20
281.515742
70
0
0
VERTEX
8
Layer 1
10
383.310936
20
280.626080
70
0
0
VERTEX
8
Layer 1
10
385.102387
20
279.458605
70
0
0
VERTEX
8
Layer 1
10
386.503577
20
278.271286
70
0
0
VERTEX
8
Layer 1
10
390.595802
20
273.305936
70
0
0
VERTEX
8
Layer 1
10
398.392195
20
263.525166
70
0
0
VERTEX
8
Layer 1
10
406.263555
20
253.704708
70
0
0
VERTEX
8
Layer 1
10
408.834975
20
250.671369
70
0
0
VERTEX
8
Layer 1
10
410.139703
20
249.308213
70
0
0
VERTEX
8
Layer 1
10
411.566249
20
248.488004
70
0
0
VERTEX
8
Layer 1
10
413.085399
20
247.853003
70
0
0
VERTEX
8
Layer 1
10
414.604549
20
247.442899
70
0
0
VERTEX
8
Layer 1
10
416.031095
20
247.297378
70
0
0
VERTEX
8
Layer 1
10
418.134534
20
247.553142
70
0
0
VERTEX
8
Layer 1
10
421.216932
20
248.179323
70
0
0
VERTEX
8
Layer 1
10
423.361161
20
248.718963
70
0
0
VERTEX
8
Layer 1
10
424.533045
20
249.136233
70
0
0
VERTEX
8
Layer 1
10
425.096388
20
249.613035
70
0
0
VERTEX
8
Layer 1
10
425.414990
20
250.331269
70
0
0
VERTEX
8
Layer 1
10
425.845972
20
251.161951
70
0
0
VERTEX
8
Layer 1
10
426.448519
20
251.797502
70
0
0
VERTEX
8
Layer 1
10
427.179225
20
252.231309
70
0
0
VERTEX
8
Layer 1
10
427.994679
20
252.456756
70
0
0
VERTEX
8
Layer 1
10
428.851475
20
252.467229
70
0
0
VERTEX
8
Layer 1
10
429.706204
20
252.256114
70
0
0
VERTEX
8
Layer 1
10
430.515457
20
251.816795
70
0
0
VERTEX
8
Layer 1
10
431.235827
20
251.142658
70
0
0
VERTEX
8
Layer 1
10
431.753419
20
250.359036
70
0
0
VERTEX
8
Layer 1
10
432.042807
20
249.536967
70
0
0
VERTEX
8
Layer 1
10
432.113914
20
248.707456
70
0
0
VERTEX
8
Layer 1
10
431.976661
20
247.901510
70
0
0
VERTEX
8
Layer 1
10
431.640971
20
247.150135
70
0
0
VERTEX
8
Layer 1
10
431.116765
20
246.484335
70
0
0
VERTEX
8
Layer 1
10
430.413965
20
245.935117
70
0
0
VERTEX
8
Layer 1
10
429.542493
20
245.533488
70
0
0
VERTEX
8
Layer 1
10
428.586134
20
245.373635
70
0
0
VERTEX
8
Layer 1
10
427.606624
20
245.471752
70
0
0
VERTEX
8
Layer 1
10
426.660186
20
245.821223
70
0
0
VERTEX
8
Layer 1
10
425.803046
20
246.415433
70
0
0
VERTEX
8
Layer 1
10
425.395146
20
246.617178
70
0
0
VERTEX
8
Layer 1
10
424.735893
20
246.627100
70
0
0
VERTEX
8
Layer 1
10
421.922488
20
245.992099
70
0
0
VERTEX
8
Layer 1
10
419.452422
20
245.471545
70
0
0
VERTEX
8
Layer 1
10
417.144000
20
245.234178
70
0
0
VERTEX
8
Layer 1
10
414.990194
20
245.282065
70
0
0
VERTEX
8
Layer 1
10
412.983975
20
245.617273
70
0
0
VERTEX
8
Layer 1
10
411.118317
20
246.241869
70
0
0
VERTEX
8
Layer 1
10
409.386191
20
247.157920
70
0
0
VERTEX
8
Layer 1
10
407.780569
20
248.367494
70
0
0
VERTEX
8
Layer 1
10
406.294423
20
249.872657
70
0
0
VERTEX
8
Layer 1
10
395.464138
20
263.525166
70
0
0
VERTEX
8
Layer 1
10
388.699620
20
272.110901
70
0
0
VERTEX
8
Layer 1
10
384.951354
20
276.648508
70
0
0
VERTEX
8
Layer 1
10
383.582134
20
277.841338
70
0
0
VERTEX
8
Layer 1
10
382.040935
20
278.809273
70
0
0
VERTEX
8
Layer 1
10
380.367444
20
279.525853
70
0
0
VERTEX
8
Layer 1
10
378.601350
20
279.964621
70
0
0
VERTEX
8
Layer 1
10
377.731531
20
280.035728
70
0
0
VERTEX
8
Layer 1
10
376.960932
20
279.766183
70
0
0
VERTEX
8
Layer 1
10
375.872832
20
278.907940
70
0
0
VERTEX
8
Layer 1
10
374.050513
20
277.212952
70
0
0
VERTEX
8
Layer 1
10
366.501064
20
270.686559
70
0
0
VERTEX
8
Layer 1
10
358.422448
20
264.089611
70
0
0
VERTEX
8
Layer 1
10
355.036330
20
261.391410
70
0
0
VERTEX
8
Layer 1
10
351.944562
20
259.199226
70
0
0
VERTEX
8
Layer 1
10
348.872637
20
257.317927
70
0
0
VERTEX
8
Layer 1
10
345.546051
20
255.552383
70
0
0
VERTEX
8
Layer 1
10
341.840780
20
253.893775
70
0
0
VERTEX
8
Layer 1
10
337.308685
20
252.258319
70
0
0
VERTEX
8
Layer 1
10
331.030339
20
250.338435
70
0
0
VERTEX
8
Layer 1
10
322.086314
20
247.826545
70
0
0
VERTEX
8
Layer 1
10
310.903251
20
244.722099
70
0
0
VERTEX
8
Layer 1
10
311.326585
20
242.675986
70
0
0
VERTEX
8
Layer 1
10
312.254832
20
238.605259
70
0
0
VERTEX
8
Layer 1
10
312.905267
20
234.346016
70
0
0
VERTEX
8
Layer 1
10
313.330805
20
229.524533
70
0
0
VERTEX
8
Layer 1
10
313.584364
20
223.767085
70
0
0
VERTEX
8
Layer 1
10
313.796031
20
215.229858
70
0
0
VERTEX
8
Layer 1
10
321.027980
20
218.228471
70
0
0
VERTEX
8
Layer 1
10
330.023819
20
221.897362
70
0
0
VERTEX
8
Layer 1
10
337.339553
20
224.084586
70
0
0
VERTEX
8
Layer 1
10
349.920498
20
227.435977
70
0
0
VERTEX
8
Layer 1
10
356.552725
20
229.270422
70
0
0
VERTEX
8
Layer 1
10
356.663519
20
229.464450
70
0
0
VERTEX
8
Layer 1
10
356.460120
20
229.790770
70
0
0
VERTEX
8
Layer 1
10
355.071057
20
230.893201
70
0
0
VERTEX
8
Layer 1
10
353.103562
20
232.454381
70
0
0
VERTEX
8
Layer 1
10
351.541623
20
234.142066
70
0
0
VERTEX
8
Layer 1
10
350.387309
20
235.947159
70
0
0
VERTEX
8
Layer 1
10
349.642686
20
237.860567
70
0
0
VERTEX
8
Layer 1
10
349.309820
20
239.873193
70
0
0
VERTEX
8
Layer 1
10
349.390780
20
241.975942
70
0
0
VERTEX
8
Layer 1
10
349.887632
20
244.159721
70
0
0
VERTEX
8
Layer 1
10
350.802443
20
246.415433
70
0
0
VERTEX
8
Layer 1
10
352.231194
20
248.836372
70
0
0
VERTEX
8
Layer 1
10
353.871612
20
250.966269
70
0
0
VERTEX
8
Layer 1
10
354.882541
20
252.118861
70
0
0
VERTEX
8
Layer 1
10
355.423835
20
252.963875
70
0
0
VERTEX
8
Layer 1
10
355.647629
20
253.868419
70
0
0
VERTEX
8
Layer 1
10
355.706057
20
255.199605
70
0
0
VERTEX
8
Layer 1
10
355.782470
20
256.378587
70
0
0
VERTEX
8
Layer 1
10
355.973397
20
257.328951
70
0
0
VERTEX
8
Layer 1
10
356.340438
20
258.099895
70
0
0
VERTEX
8
Layer 1
10
356.945190
20
258.740614
70
0
0
VERTEX
8
Layer 1
10
357.849253
20
259.300305
70
0
0
VERTEX
8
Layer 1
10
359.114224
20
259.828163
70
0
0
VERTEX
8
Layer 1
10
362.973284
20
260.985164
70
0
0
VERTEX
8
Layer 1
10
372.608533
20
263.520205
70
0
0
VERTEX
8
Layer 1
10
375.975910
20
264.272408
70
0
0
VERTEX
8
Layer 1
10
378.566072
20
264.702563
70
0
0
VERTEX
8
Layer 1
10
380.521234
20
264.826793
70
0
0
VERTEX
8
Layer 1
10
381.983609
20
264.661221
70
0
0
VERTEX
8
Layer 1
10
383.095411
20
264.221971
70
0
0
VERTEX
8
Layer 1
10
383.998853
20
263.525166
70
0
0
VERTEX
8
Layer 1
10
384.916076
20
262.405096
70
0
0
VERTEX
8
Layer 1
10
385.409965
20
261.337942
70
0
0
VERTEX
8
Layer 1
10
385.709826
20
260.645616
70
0
0
VERTEX
8
Layer 1
10
386.115521
20
260.350164
70
0
0
VERTEX
8
Layer 1
10
389.502190
20
258.868496
70
0
0
VERTEX
8
Layer 1
10
392.221061
20
257.265148
70
0
0
VERTEX
8
Layer 1
10
394.419033
20
255.434423
70
0
0
VERTEX
8
Layer 1
10
396.087838
20
253.400300
70
0
0
VERTEX
8
Layer 1
10
397.219209
20
251.186755
70
0
0
VERTEX
8
Layer 1
10
397.804875
20
248.817768
70
0
0
VERTEX
8
Layer 1
10
397.836570
20
246.317317
70
0
0
VERTEX
8
Layer 1
10
397.306025
20
243.709378
70
0
0
VERTEX
8
Layer 1
10
396.204972
20
241.017930
70
0
0
VERTEX
8
Layer 1
10
395.706673
20
239.875811
70
0
0
VERTEX
8
Layer 1
10
395.605249
20
239.289317
70
0
0
VERTEX
8
Layer 1
10
397.272125
20
239.536262
70
0
0
VERTEX
8
Layer 1
10
401.002753
20
240.418207
70
0
0
VERTEX
8
Layer 1
10
405.129704
20
241.359683
70
0
0
VERTEX
8
Layer 1
10
408.803556
20
241.891055
70
0
0
VERTEX
8
Layer 1
10
412.616315
20
242.065239
70
0
0
VERTEX
8
Layer 1
10
417.159985
20
241.935152
70
0
0
VERTEX
8
Layer 1
10
420.391762
20
241.805066
70
0
0
VERTEX
8
Layer 1
10
422.905857
20
241.979250
70
0
0
VERTEX
8
Layer 1
10
426.074795
20
242.669372
70
0
0
VERTEX
8
Layer 1
10
431.271105
20
244.087098
70
0
0
VERTEX
8
Layer 1
10
434.992913
20
245.229217
70
0
0
VERTEX
8
Layer 1
10
435.894702
20
245.629951
70
0
0
VERTEX
8
Layer 1
10
436.174719
20
245.921544
70
0
0
VERTEX
8
Layer 1
10
431.094716
20
269.522392
70
0
0
VERTEX
8
Layer 1
10
428.922926
20
279.490024
70
0
0
VERTEX
8
Layer 1
10
428.007908
20
284.837367
70
0
0
VERTEX
8
Layer 1
10
427.967945
20
286.323100
70
0
0
VERTEX
8
Layer 1
10
428.177683
20
287.307364
70
0
0
VERTEX
8
Layer 1
10
428.615624
20
288.008028
70
0
0
VERTEX
8
Layer 1
10
429.260270
20
288.642960
70
0
0
VERTEX
8
Layer 1
10
431.702156
20
290.562292
70
0
0
VERTEX
8
Layer 1
10
435.275135
20
293.070323
70
0
0
VERTEX
8
Layer 1
10
438.874573
20
295.419604
70
0
0
VERTEX
8
Layer 1
10
441.395834
20
296.862687
70
0
0
VERTEX
8
Layer 1
10
442.944750
20
297.507058
70
0
0
VERTEX
8
Layer 1
10
444.050488
20
297.678486
70
0
0
VERTEX
8
Layer 1
10
444.957789
20
297.353820
70
0
0
VERTEX
8
Layer 1
10
445.911392
20
296.509909
70
0
0
VERTEX
8
Layer 1
10
446.943268
20
295.641193
70
0
0
VERTEX
8
Layer 1
10
447.710560
20
295.275186
70
0
0
VERTEX
8
Layer 1
10
449.925895
20
295.657730
70
0
0
VERTEX
8
Layer 1
10
453.844487
20
296.536367
70
0
0
VERTEX
8
Layer 1
10
457.756465
20
297.507609
70
0
0
VERTEX
8
Layer 1
10
459.951956
20
298.167966
70
0
0
VERTEX
8
Layer 1
10
460.741297
20
298.855883
70
0
0
VERTEX
8
Layer 1
10
461.186679
20
300.072967
70
0
0
VERTEX
8
Layer 1
10
461.443821
20
300.968417
70
0
0
VERTEX
8
Layer 1
10
461.887826
20
301.620780
70
0
0
VERTEX
8
Layer 1
10
462.622872
20
302.035019
70
0
0
VERTEX
8
Layer 1
10
463.753139
20
302.216093
70
0
0
VERTEX
8
Layer 1
10
465.382808
20
302.168964
70
0
0
VERTEX
8
Layer 1
10
467.616058
20
301.898593
70
0
0
VERTEX
8
Layer 1
10
474.310021
20
300.707967
70
0
0
VERTEX
8
Layer 1
10
477.328478
20
300.027216
70
0
0
VERTEX
8
Layer 1
10
479.566413
20
299.310084
70
0
0
VERTEX
8
Layer 1
10
481.037056
20
298.559880
70
0
0
VERTEX
8
Layer 1
10
481.753637
20
297.779910
70
0
0
VERTEX
8
Layer 1
10
482.538568
20
294.772477
70
0
0
VERTEX
8
Layer 1
10
484.117249
20
287.372959
70
0
0
VERTEX
8
Layer 1
10
485.281417
20
281.799066
70
0
0
VERTEX
8
Layer 1
10
486.763084
20
285.785458
70
0
0
VERTEX
8
Layer 1
10
493.360033
20
303.530191
70
0
0
VERTEX
8
Layer 1
10
493.438306
20
303.831155
70
0
0
VERTEX
8
Layer 1
10
493.245380
20
303.874150
70
0
0
VERTEX
8
Layer 1
10
491.701976
20
303.106858
70
0
0
VERTEX
8
Layer 1
10
489.761697
20
301.977968
70
0
0
VERTEX
8
Layer 1
10
489.020864
20
302.789357
70
0
0
VERTEX
8
Layer 1
10
488.086002
20
304.127709
70
0
0
VERTEX
8
Layer 1
10
487.627390
20
305.532206
70
0
0
VERTEX
8
Layer 1
10
487.671488
20
306.817641
70
0
0
VERTEX
8
Layer 1
10
487.890320
20
307.357832
70
0
0
VERTEX
8
Layer 1
10
488.244752
20
307.798805
70
0
0
VERTEX
8
Layer 1
10
488.747461
20
308.486722
70
0
0
VERTEX
8
Layer 1
10
488.879752
20
309.174639
70
0
0
VERTEX
8
Layer 1
10
488.631154
20
309.663016
70
0
0
VERTEX
8
Layer 1
10
487.922842
20
310.065404
70
0
0
VERTEX
8
Layer 1
10
484.399472
20
310.903251
70
0
0
VERTEX
8
Layer 1
10
483.200027
20
311.150196
70
0
0
VERTEX
8
Layer 1
10
483.411693
20
309.386306
70
0
0
VERTEX
8
Layer 1
10
483.470673
20
307.998896
70
0
0
VERTEX
8
Layer 1
10
483.301450
20
306.780159
70
0
0
VERTEX
8
Layer 1
10
482.940404
20
305.859077
70
0
0
VERTEX
8
Layer 1
10
482.423915
20
305.364637
70
0
0
VERTEX
8
Layer 1
10
481.949870
20
305.338178
70
0
0
VERTEX
8
Layer 1
10
481.674262
20
305.761512
70
0
0
VERTEX
8
Layer 1
10
481.570633
20
306.753700
70
0
0
VERTEX
8
Layer 1
10
481.612526
20
308.433805
70
0
0
VERTEX
8
Layer 1
10
481.718359
20
310.973807
70
0
0
VERTEX
8
Layer 1
10
479.284191
20
311.291307
70
0
0
VERTEX
8
Layer 1
10
476.885300
20
311.608807
70
0
0
VERTEX
8
Layer 1
10
477.096967
20
313.019919
70
0
0
VERTEX
8
Layer 1
10
478.155301
20
316.777005
70
0
0
VERTEX
8
Layer 1
10
480.377803
20
323.814926
70
0
0
VERTEX
8
Layer 1
10
483.905583
20
334.856878
70
0
0
VERTEX
8
Layer 1
10
484.509715
20
336.373823
70
0
0
VERTEX
8
Layer 1
10
485.246139
20
337.679102
70
0
0
VERTEX
8
Layer 1
10
486.158401
20
339.075331
70
0
0
VERTEX
8
Layer 1
10
486.829230
20
340.541013
70
0
0
VERTEX
8
Layer 1
10
487.334695
20
342.277894
70
0
0
VERTEX
8
Layer 1
10
487.750863
20
344.487717
70
0
0
VERTEX
8
Layer 1
10
488.579891
20
348.368275
70
0
0
VERTEX
8
Layer 1
10
489.832253
20
353.201334
70
0
0
VERTEX
8
Layer 1
10
491.419754
20
359.269115
70
0
0
VERTEX
8
Layer 1
10
491.256250
20
359.672261
70
0
0
VERTEX
8
Layer 1
10
490.819480
20
360.046880
70
0
0
VERTEX
8
Layer 1
10
489.448607
20
360.622901
70
0
0
VERTEX
8
Layer 1
10
487.952057
20
360.821890
70
0
0
VERTEX
8
Layer 1
10
487.358191
20
360.725220
70
0
0
VERTEX
8
Layer 1
10
486.974751
20
360.468560
70
0
0
VERTEX
8
Layer 1
10
486.974751
20
360.468560
70
0
0
SEQEND
8
Layer 1
0
POLYLINE
8
Layer 1
62
7
70
0
10
0.000000
20
0.000000
66
1
0
VERTEX
8
Layer 1
10
390.701635
20
282.504622
70
0
0
VERTEX
8
Layer 1
10
399.803307
20
271.180449
70
0
0
VERTEX
8
Layer 1
10
408.799146
20
260.314886
70
0
0
VERTEX
8
Layer 1
10
411.013931
20
258.265467
70
0
0
VERTEX
8
Layer 1
10
412.091971
20
257.555363
70
0
0
VERTEX
8
Layer 1
10
413.182413
20
257.042870
70
0
0
VERTEX
8
Layer 1
10
414.309236
20
256.718893
70
0
0
VERTEX
8
Layer 1
10
415.496416
20
256.574337
70
0
0
VERTEX
8
Layer 1
10
416.767933
20
256.600106
70
0
0
VERTEX
8
Layer 1
10
418.147763
20
256.787106
70
0
0
VERTEX
8
Layer 1
10
420.572010
20
257.274932
70
0
0
VERTEX
8
Layer 1
10
422.037141
20
257.699919
70
0
0
VERTEX
8
Layer 1
10
422.801126
20
258.171209
70
0
0
VERTEX
8
Layer 1
10
423.121933
20
258.797941
70
0
0
VERTEX
8
Layer 1
10
423.604247
20
259.890450
70
0
0
VERTEX
8
Layer 1
10
424.387524
20
260.711761
70
0
0
VERTEX
8
Layer 1
10
425.428771
20
261.228802
70
0
0
VERTEX
8
Layer 1
10
426.684991
20
261.408498
70
0
0
VERTEX
8
Layer 1
10
427.854119
20
261.272348
70
0
0
VERTEX
8
Layer 1
10
428.788430
20
260.848463
70
0
0
VERTEX
8
Layer 1
10
429.517688
20
260.113692
70
0
0
VERTEX
8
Layer 1
10
430.071660
20
259.044885
70
0
0
VERTEX
8
Layer 1
10
430.225449
20
257.970015
70
0
0
VERTEX
8
Layer 1
10
429.979056
20
256.848842
70
0
0
VERTEX
8
Layer 1
10
429.382089
20
255.820274
70
0
0
VERTEX
8
Layer 1
10
428.484159
20
255.023216
70
0
0
VERTEX
8
Layer 1
10
427.474332
20
254.533186
70
0
0
VERTEX
8
Layer 1
10
426.517421
20
254.383806
70
0
0
VERTEX
8
Layer 1
10
425.547282
20
254.571771
70
0
0
VERTEX
8
Layer 1
10
424.497767
20
255.093772
70
0
0
VERTEX
8
Layer 1
10
423.263044
20
255.869883
70
0
0
VERTEX
8
Layer 1
10
420.687765
20
255.093772
70
0
0
VERTEX
8
Layer 1
10
418.332421
20
254.584449
70
0
0
VERTEX
8
Layer 1
10
415.973769
20
254.379396
70
0
0
VERTEX
8
Layer 1
10
413.846628
20
254.478615
70
0
0
VERTEX
8
Layer 1
10
412.185815
20
254.882105
70
0
0
VERTEX
8
Layer 1
10
410.121513
20
256.005482
70
0
0
VERTEX
8
Layer 1
10
407.789319
20
258.074746
70
0
0
VERTEX
8
Layer 1
10
404.471553
20
261.837344
70
0
0
VERTEX
8
Layer 1
10
399.450529
20
268.040724
70
0
0
VERTEX
8
Layer 1
10
388.584967
20
281.340455
70
0
0
VERTEX
8
Layer 1
10
386.719653
20
283.540908
70
0
0
VERTEX
8
Layer 1
10
385.939132
20
284.656568
70
0
0
VERTEX
8
Layer 1
10
386.331598
20
284.929971
70
0
0
VERTEX
8
Layer 1
10
387.279688
20
285.044624
70
0
0
VERTEX
8
Layer 1
10
388.062415
20
284.975171
70
0
0
VERTEX
8
Layer 1
10
388.726078
20
284.647749
70
0
0
VERTEX
8
Layer 1
10
389.522034
20
283.883764
70
0
0
VERTEX
8
Layer 1
10
390.701635
20
282.504622
70
0
0
VERTEX
8
Layer 1
10
390.701635
20
282.504622
70
0
0
SEQEND
8
Layer 1
0
POLYLINE
8
Layer 1
62
7
70
0
10
0.000000
20
0.000000
66
1
0
VERTEX
8
Layer 1
10
398.215806
20
350.167443
70
0
0
VERTEX
8
Layer 1
10
382.623019
20
339.901603
70
0
0
VERTEX
8
Layer 1
10
376.758085
20
336.019391
70
0
0
VERTEX
8
Layer 1
10
373.777110
20
333.794134
70
0
0
VERTEX
8
Layer 1
10
373.124196
20
333.080654
70
0
0
VERTEX
8
Layer 1
10
372.899575
20
332.514762
70
0
0
VERTEX
8
Layer 1
10
373.005684
20
332.007575
70
0
0
VERTEX
8
Layer 1
10
373.344957
20
331.470209
70
0
0
VERTEX
8
Layer 1
10
373.549734
20
331.276939
70
0
0
VERTEX
8
Layer 1
10
373.957909
20
331.299883
70
0
0
VERTEX
8
Layer 1
10
376.370029
20
332.594689
70
0
0
VERTEX
8
Layer 1
10
394.476360
20
344.381884
70
0
0
VERTEX
8
Layer 1
10
403.860254
20
350.590776
70
0
0
VERTEX
8
Layer 1
10
404.107199
20
352.248833
70
0
0
VERTEX
8
Layer 1
10
404.248310
20
353.977445
70
0
0
VERTEX
8
Layer 1
10
398.215806
20
350.167443
70
0
0
VERTEX
8
Layer 1
10
398.215806
20
350.167443
70
0
0
SEQEND
8
Layer 1
0
POLYLINE
8
Layer 1
62
7
70
0
10
0.000000
20
0.000000
66
1
0
VERTEX
8
Layer 1
10
399.133029
20
346.110496
70
0
0
VERTEX
8
Layer 1
10
384.845520
20
336.761879
70
0
0
VERTEX
8
Layer 1
10
374.685514
20
329.988541
70
0
0
VERTEX
8
Layer 1
10
374.437467
20
329.704114
70
0
0
VERTEX
8
Layer 1
10
374.394472
20
329.432916
70
0
0
VERTEX
8
Layer 1
10
375.003014
20
328.612707
70
0
0
VERTEX
8
Layer 1
10
375.814403
20
327.730762
70
0
0
VERTEX
8
Layer 1
10
377.084404
20
328.506874
70
0
0
VERTEX
8
Layer 1
10
403.472199
20
345.687162
70
0
0
VERTEX
8
Layer 1
10
404.076331
20
346.423586
70
0
0
VERTEX
8
Layer 1
10
404.283588
20
347.556886
70
0
0
VERTEX
8
Layer 1
10
404.213032
20
348.518206
70
0
0
VERTEX
8
Layer 1
10
404.036643
20
349.003275
70
0
0
VERTEX
8
Layer 1
10
402.471191
20
348.231574
70
0
0
VERTEX
8
Layer 1
10
399.133029
20
346.110496
70
0
0
VERTEX
8
Layer 1
10
399.133029
20
346.110496
70
0
0
SEQEND
8
Layer 1
0
POLYLINE
8
Layer 1
62
7
70
0
10
0.000000
20
0.000000
66
1
0
VERTEX
8
Layer 1
10
488.280030
20
339.654658
70
0
0
VERTEX
8
Layer 1
10
488.033085
20
338.419935
70
0
0
VERTEX
8
Layer 1
10
494.219929
20
336.964726
70
0
0
VERTEX
8
Layer 1
10
502.285316
20
335.244933
70
0
0
VERTEX
8
Layer 1
10
502.908190
20
335.163905
70
0
0
VERTEX
8
Layer 1
10
503.246636
20
335.231704
70
0
0
VERTEX
8
Layer 1
10
503.386645
20
335.517785
70
0
0
VERTEX
8
Layer 1
10
503.414206
20
336.091601
70
0
0
VERTEX
8
Layer 1
10
503.255456
20
336.982365
70
0
0
VERTEX
8
Layer 1
10
502.885039
20
337.608546
70
0
0
VERTEX
8
Layer 1
10
500.734196
20
338.248507
70
0
0
VERTEX
8
Layer 1
10
496.314549
20
339.315110
70
0
0
VERTEX
8
Layer 1
10
491.722923
20
340.322181
70
0
0
VERTEX
8
Layer 1
10
489.056141
20
340.783548
70
0
0
VERTEX
8
Layer 1
10
488.668086
20
340.457228
70
0
0
VERTEX
8
Layer 1
10
488.280030
20
339.654658
70
0
0
VERTEX
8
Layer 1
10
488.280030
20
339.654658
70
0
0
SEQEND
8
Layer 1
0
POLYLINE
8
Layer 1
62
7
70
0
10
0.000000
20
0.000000
66
1
0
VERTEX
8
Layer 1
10
391.759969
20
336.691323
70
0
0
VERTEX
8
Layer 1
10
382.517185
20
330.658819
70
0
0
VERTEX
8
Layer 1
10
376.061348
20
326.566595
70
0
0
VERTEX
8
Layer 1
10
376.061348
20
324.732149
70
0
0
VERTEX
8
Layer 1
10
376.228918
20
323.104960
70
0
0
VERTEX
8
Layer 1
10
376.766904
20
321.980481
70
0
0
VERTEX
8
Layer 1
10
377.260242
20
321.264452
70
0
0
VERTEX
8
Layer 1
10
377.406314
20
320.564959
70
0
0
VERTEX
8
Layer 1
10
377.188584
20
319.514893
70
0
0
VERTEX
8
Layer 1
10
376.590515
20
317.747145
70
0
0
VERTEX
8
Layer 1
10
375.439577
20
314.060614
70
0
0
VERTEX
8
Layer 1
10
373.944680
20
308.680750
70
0
0
VERTEX
8
Layer 1
10
371.630677
20
300.570163
70
0
0
VERTEX
8
Layer 1
10
370.562559
20
297.482667
70
0
0
VERTEX
8
Layer 1
10
369.482038
20
294.887130
70
0
0
VERTEX
8
Layer 1
10
368.335372
20
292.668625
70
0
0
VERTEX
8
Layer 1
10
367.068816
20
290.712223
70
0
0
VERTEX
8
Layer 1
10
365.628628
20
288.902996
70
0
0
VERTEX
8
Layer 1
10
363.961063
20
287.126014
70
0
0
VERTEX
8
Layer 1
10
360.478482
20
284.002826
70
0
0
VERTEX
8
Layer 1
10
355.044599
20
279.444273
70
0
0
VERTEX
8
Layer 1
10
349.385819
20
274.872491
70
0
0
VERTEX
8
Layer 1
10
345.228551
20
271.709616
70
0
0
VERTEX
8
Layer 1
10
343.080464
20
270.296299
70
0
0
VERTEX
8
Layer 1
10
340.690944
20
268.975586
70
0
0
VERTEX
8
Layer 1
10
338.109601
20
267.760707
70
0
0
VERTEX
8
Layer 1
10
335.386045
20
266.664890
70
0
0
VERTEX
8
Layer 1
10
326.841100
20
264.110006
70
0
0
VERTEX
8
Layer 1
10
312.032141
20
260.010615
70
0
0
VERTEX
8
Layer 1
10
297.196724
20
256.063360
70
0
0
VERTEX
8
Layer 1
10
288.572404
20
253.964882
70
0
0
VERTEX
8
Layer 1
10
285.318027
20
253.735576
70
0
0
VERTEX
8
Layer 1
10
280.105732
20
253.823771
70
0
0
VERTEX
8
Layer 1
10
275.922005
20
253.914722
70
0
0
VERTEX
8
Layer 1
10
272.644477
20
253.678250
70
0
0
VERTEX
8
Layer 1
10
268.864241
20
252.905997
70
0
0
VERTEX
8
Layer 1
10
263.172388
20
251.389603
70
0
0
VERTEX
8
Layer 1
10
250.648769
20
248.038212
70
0
0
VERTEX
8
Layer 1
10
215.370969
20
238.442650
70
0
0
VERTEX
8
Layer 1
10
202.494572
20
234.985426
70
0
0
VERTEX
8
Layer 1
10
196.356235
20
233.080425
70
0
0
VERTEX
8
Layer 1
10
188.736230
20
230.117089
70
0
0
VERTEX
8
Layer 1
10
180.304836
20
226.589309
70
0
0
VERTEX
8
Layer 1
10
180.717145
20
224.391061
70
0
0
VERTEX
8
Layer 1
10
181.857059
20
219.666041
70
0
0
VERTEX
8
Layer 1
10
183.102806
20
214.901333
70
0
0
VERTEX
8
Layer 1
10
183.832616
20
212.584023
70
0
0
VERTEX
8
Layer 1
10
186.302062
20
212.592842
70
0
0
VERTEX
8
Layer 1
10
192.158177
20
213.077912
70
0
0
VERTEX
8
Layer 1
10
196.933909
20
213.594952
70
0
0
VERTEX
8
Layer 1
10
200.783599
20
214.197982
70
0
0
VERTEX
8
Layer 1
10
205.374122
20
215.211116
70
0
0
VERTEX
8
Layer 1
10
212.372356
20
216.958470
70
0
0
VERTEX
8
Layer 1
10
232.092646
20
222.042883
70
0
0
VERTEX
8
Layer 1
10
250.119602
20
226.836254
70
0
0
VERTEX
8
Layer 1
10
266.171001
20
231.104868
70
0
0
VERTEX
8
Layer 1
10
273.220498
20
233.012625
70
0
0
VERTEX
8
Layer 1
10
277.772987
20
234.513585
70
0
0
VERTEX
8
Layer 1
10
281.286987
20
236.179910
70
0
0
VERTEX
8
Layer 1
10
285.221013
20
238.583761
70
0
0
VERTEX
8
Layer 1
10
288.276401
20
240.430334
70
0
0
VERTEX
8
Layer 1
10
291.222649
20
241.794041
70
0
0
VERTEX
8
Layer 1
10
295.128011
20
243.078374
70
0
0
VERTEX
8
Layer 1
10
301.060745
20
244.686821
70
0
0
VERTEX
8
Layer 1
10
315.207143
20
248.532101
70
0
0
VERTEX
8
Layer 1
10
326.143261
20
251.530714
70
0
0
VERTEX
8
Layer 1
10
331.430521
20
253.007972
70
0
0
VERTEX
8
Layer 1
10
336.585490
20
254.617521
70
0
0
VERTEX
8
Layer 1
10
341.026083
20
256.174154
70
0
0
VERTEX
8
Layer 1
10
344.170217
20
257.492662
70
0
0
VERTEX
8
Layer 1
10
347.218990
20
259.069139
70
0
0
VERTEX
8
Layer 1
10
350.145394
20
260.870512
70
0
0
VERTEX
8
Layer 1
10
353.382684
20
263.187822
70
0
0
VERTEX
8
Layer 1
10
357.364114
20
266.312112
70
0
0
VERTEX
8
Layer 1
10
366.354992
20
273.699504
70
0
0
VERTEX
8
Layer 1
10
372.458603
20
279.214968
70
0
0
VERTEX
8
Layer 1
10
374.691233
20
281.529109
70
0
0
VERTEX
8
Layer 1
10
376.518306
20
283.685326
70
0
0
VERTEX
8
Layer 1
10
378.045242
20
285.786974
70
0
0
VERTEX
8
Layer 1
10
379.377461
20
287.937404
70
0
0
VERTEX
8
Layer 1
10
380.539424
20
290.577726
70
0
0
VERTEX
8
Layer 1
10
382.164407
20
295.089978
70
0
0
VERTEX
8
Layer 1
10
384.001058
20
300.726709
70
0
0
VERTEX
8
Layer 1
10
385.798021
20
306.740471
70
0
0
VERTEX
8
Layer 1
10
387.495765
20
312.208530
70
0
0
VERTEX
8
Layer 1
10
388.114780
20
313.775085
70
0
0
VERTEX
8
Layer 1
10
388.584967
20
314.607420
70
0
0
VERTEX
8
Layer 1
10
389.003891
20
314.453080
70
0
0
VERTEX
8
Layer 1
10
389.819690
20
313.901864
70
0
0
VERTEX
8
Layer 1
10
390.948580
20
313.090475
70
0
0
VERTEX
8
Layer 1
10
393.135803
20
315.418810
70
0
0
VERTEX
8
Layer 1
10
396.006534
20
317.985270
70
0
0
VERTEX
8
Layer 1
10
400.226641
20
321.027980
70
0
0
VERTEX
8
Layer 1
10
405.306644
20
324.414649
70
0
0
VERTEX
8
Layer 1
10
405.196401
20
324.811524
70
0
0
VERTEX
8
Layer 1
10
404.742199
20
325.578816
70
0
0
VERTEX
8
Layer 1
10
404.071921
20
326.672428
70
0
0
VERTEX
8
Layer 1
10
398.533307
20
322.932981
70
0
0
VERTEX
8
Layer 1
10
394.035387
20
320.101938
70
0
0
VERTEX
8
Layer 1
10
392.937366
20
319.589307
70
0
0
VERTEX
8
Layer 1
10
392.394969
20
319.546312
70
0
0
VERTEX
8
Layer 1
10
392.301125
20
319.683427
70
0
0
VERTEX
8
Layer 1
10
392.378433
20
319.895783
70
0
0
VERTEX
8
Layer 1
10
393.135803
20
320.622285
70
0
0
VERTEX
8
Layer 1
10
397.686639
20
323.814926
70
0
0
VERTEX
8
Layer 1
10
401.849420
20
326.672428
70
0
0
VERTEX
8
Layer 1
10
403.578032
20
328.048262
70
0
0
VERTEX
8
Layer 1
10
402.907754
20
329.177152
70
0
0
VERTEX
8
Layer 1
10
402.272753
20
329.988541
70
0
0
VERTEX
8
Layer 1
10
396.028583
20
325.861039
70
0
0
VERTEX
8
Layer 1
10
389.466912
20
321.733536
70
0
0
VERTEX
8
Layer 1
10
389.119784
20
321.786315
70
0
0
VERTEX
8
Layer 1
10
389.011608
20
321.950715
70
0
0
VERTEX
8
Layer 1
10
389.555106
20
322.650759
70
0
0
VERTEX
8
Layer 1
10
391.183397
20
323.906428
70
0
0
VERTEX
8
Layer 1
10
393.982470
20
325.790483
70
0
0
VERTEX
8
Layer 1
10
400.297197
20
330.094375
70
0
0
VERTEX
8
Layer 1
10
400.941568
20
330.587161
70
0
0
VERTEX
8
Layer 1
10
401.218829
20
330.941042
70
0
0
VERTEX
8
Layer 1
10
401.185205
20
331.294922
70
0
0
VERTEX
8
Layer 1
10
400.896919
20
331.787709
70
0
0
VERTEX
8
Layer 1
10
400.403030
20
332.413890
70
0
0
VERTEX
8
Layer 1
10
400.014974
20
332.669654
70
0
0
VERTEX
8
Layer 1
10
392.818303
20
328.224651
70
0
0
VERTEX
8
Layer 1
10
387.367883
20
324.864441
70
0
0
VERTEX
8
Layer 1
10
386.021814
20
324.196367
70
0
0
VERTEX
8
Layer 1
10
385.409965
20
324.097149
70
0
0
VERTEX
8
Layer 1
10
385.350709
20
324.237157
70
0
0
VERTEX
8
Layer 1
10
385.504774
20
324.483000
70
0
0
VERTEX
8
Layer 1
10
386.538855
20
325.358330
70
0
0
VERTEX
8
Layer 1
10
392.112747
20
329.106596
70
0
0
VERTEX
8
Layer 1
10
396.483336
20
331.993864
70
0
0
VERTEX
8
Layer 1
10
398.581814
20
333.630974
70
0
0
VERTEX
8
Layer 1
10
398.949543
20
334.160554
70
0
0
VERTEX
8
Layer 1
10
398.953884
20
334.593397
70
0
0
VERTEX
8
Layer 1
10
398.663049
20
335.001434
70
0
0
VERTEX
8
Layer 1
10
398.145251
20
335.456600
70
0
0
VERTEX
8
Layer 1
10
397.855311
20
335.539696
70
0
0
VERTEX
8
Layer 1
10
397.340476
20
335.420220
70
0
0
VERTEX
8
Layer 1
10
395.384763
20
334.424725
70
0
0
VERTEX
8
Layer 1
10
386.009688
20
328.365762
70
0
0
VERTEX
8
Layer 1
10
383.063991
20
326.540136
70
0
0
VERTEX
8
Layer 1
10
382.279060
20
326.232558
70
0
0
VERTEX
8
Layer 1
10
381.811629
20
326.249094
70
0
0
VERTEX
8
Layer 1
10
381.648745
20
326.381317
70
0
0
VERTEX
8
Layer 1
10
381.666108
20
326.572658
70
0
0
VERTEX
8
Layer 1
10
382.737672
20
327.488227
70
0
0
VERTEX
8
Layer 1
10
392.500803
20
333.939655
70
0
0
VERTEX
8
Layer 1
10
396.663583
20
336.832434
70
0
0
VERTEX
8
Layer 1
10
396.645393
20
337.326875
70
0
0
VERTEX
8
Layer 1
10
396.279937
20
337.930456
70
0
0
VERTEX
8
Layer 1
10
395.735887
20
338.434818
70
0
0
VERTEX
8
Layer 1
10
395.181916
20
338.631602
70
0
0
VERTEX
8
Layer 1
10
393.933963
20
338.058338
70
0
0
VERTEX
8
Layer 1
10
391.759969
20
336.691323
70
0
0
VERTEX
8
Layer 1
10
391.759969
20
336.691323
70
0
0
SEQEND
8
Layer 1
0
POLYLINE
8
Layer 1
62
7
70
0
10
0.000000
20
0.000000
66
1
0
VERTEX
8
Layer 1
10
340.642437
20
336.902990
70
0
0
VERTEX
8
Layer 1
10
338.578686
20
336.201293
70
0
0
VERTEX
8
Layer 1
10
337.202851
20
335.311079
70
0
0
VERTEX
8
Layer 1
10
336.748098
20
334.769441
70
0
0
VERTEX
8
Layer 1
10
336.435559
20
334.149668
70
0
0
VERTEX
8
Layer 1
10
336.197434
20
332.634376
70
0
0
VERTEX
8
Layer 1
10
336.154439
20
332.000478
70
0
0
VERTEX
8
Layer 1
10
335.932850
20
331.611320
70
0
0
VERTEX
8
Layer 1
10
335.393762
20
331.354454
70
0
0
VERTEX
8
Layer 1
10
334.398266
20
331.117431
70
0
0
VERTEX
8
Layer 1
10
333.331113
20
330.623542
70
0
0
VERTEX
8
Layer 1
10
332.105209
20
329.706319
70
0
0
VERTEX
8
Layer 1
10
318.029367
20
318.170478
70
0
0
VERTEX
8
Layer 1
10
301.223905
20
304.420956
70
0
0
VERTEX
8
Layer 1
10
298.369159
20
301.898593
70
0
0
VERTEX
8
Layer 1
10
297.568243
20
300.884356
70
0
0
VERTEX
8
Layer 1
10
297.653268
20
300.403834
70
0
0
VERTEX
8
Layer 1
10
298.043391
20
299.480961
70
0
0
VERTEX
8
Layer 1
10
299.596717
20
296.562826
70
0
0
VERTEX
8
Layer 1
10
301.943793
20
292.639273
70
0
0
VERTEX
8
Layer 1
10
304.800192
20
288.219626
70
0
0
VERTEX
8
Layer 1
10
309.033528
20
281.340455
70
0
0
VERTEX
8
Layer 1
10
312.357358
20
275.834362
70
0
0
VERTEX
8
Layer 1
10
314.483948
20
272.560693
70
0
0
VERTEX
8
Layer 1
10
315.790329
20
270.986972
70
0
0
VERTEX
8
Layer 1
10
316.253764
20
270.671194
70
0
0
VERTEX
8
Layer 1
10
316.653533
20
270.580726
70
0
0
VERTEX
8
Layer 1
10
317.557526
20
270.721837
70
0
0
VERTEX
8
Layer 1
10
318.487978
20
271.074615
70
0
0
VERTEX
8
Layer 1
10
332.140487
20
276.331007
70
0
0
VERTEX
8
Layer 1
10
353.690813
20
284.577193
70
0
0
VERTEX
8
Layer 1
10
358.765855
20
286.669608
70
0
0
VERTEX
8
Layer 1
10
361.033005
20
287.796292
70
0
0
VERTEX
8
Layer 1
10
362.568692
20
289.101020
70
0
0
VERTEX
8
Layer 1
10
364.137452
20
290.905149
70
0
0
VERTEX
8
Layer 1
10
365.626836
20
293.059850
70
0
0
VERTEX
8
Layer 1
10
366.924398
20
295.416297
70
0
0
VERTEX
8
Layer 1
10
367.903357
20
297.524146
70
0
0
VERTEX
8
Layer 1
10
368.300232
20
298.626577
70
0
0
VERTEX
8
Layer 1
10
365.085542
20
304.420956
70
0
0
VERTEX
8
Layer 1
10
352.001888
20
326.672428
70
0
0
VERTEX
8
Layer 1
10
351.286411
20
327.977707
70
0
0
VERTEX
8
Layer 1
10
350.881818
20
328.991943
70
0
0
VERTEX
8
Layer 1
10
350.702122
20
330.045868
70
0
0
VERTEX
8
Layer 1
10
350.661332
20
331.470209
70
0
0
VERTEX
8
Layer 1
10
350.532348
20
333.352059
70
0
0
VERTEX
8
Layer 1
10
350.079248
20
334.671669
70
0
0
VERTEX
8
Layer 1
10
349.202815
20
335.607633
70
0
0
VERTEX
8
Layer 1
10
347.803830
20
336.338545
70
0
0
VERTEX
8
Layer 1
10
346.168925
20
336.798810
70
0
0
VERTEX
8
Layer 1
10
344.223133
20
337.057330
70
0
0
VERTEX
8
Layer 1
10
342.277342
20
337.097569
70
0
0
VERTEX
8
Layer 1
10
340.642437
20
336.902990
70
0
0
VERTEX
8
Layer 1
10
340.642437
20
336.902990
70
0
0
SEQEND
8
Layer 1
0
POLYLINE
8
Layer 1
62
7
70
0
10
0.000000
20
0.000000
66
1
0
VERTEX
8
Layer 1
10
486.128084
20
336.232712
70
0
0
VERTEX
8
Layer 1
10
485.704750
20
335.443371
70
0
0
VERTEX
8
Layer 1
10
485.704750
20
334.997989
70
0
0
VERTEX
8
Layer 1
10
493.020484
20
333.375210
70
0
0
VERTEX
8
Layer 1
10
500.733093
20
331.964098
70
0
0
VERTEX
8
Layer 1
10
501.203831
20
331.999927
70
0
0
VERTEX
8
Layer 1
10
501.482746
20
332.144897
70
0
0
VERTEX
8
Layer 1
10
501.616141
20
332.455231
70
0
0
VERTEX
8
Layer 1
10
501.650316
20
332.987154
70
0
0
VERTEX
8
Layer 1
10
501.557712
20
333.789724
70
0
0
VERTEX
8
Layer 1
10
501.332816
20
334.221877
70
0
0
VERTEX
8
Layer 1
10
494.347811
20
335.804968
70
0
0
VERTEX
8
Layer 1
10
487.151140
20
337.255768
70
0
0
VERTEX
8
Layer 1
10
486.128084
20
336.232712
70
0
0
VERTEX
8
Layer 1
10
486.128084
20
336.232712
70
0
0
SEQEND
8
Layer 1
0
POLYLINE
8
Layer 1
62
7
70
0
10
0.000000
20
0.000000
66
1
0
VERTEX
8
Layer 1
10
468.665573
20
335.774100
70
0
0
VERTEX
8
Layer 1
10
467.607239
20
334.856878
70
0
0
VERTEX
8
Layer 1
10
468.595017
20
334.609933
70
0
0
VERTEX
8
Layer 1
10
469.313803
20
334.473232
70
0
0
VERTEX
8
Layer 1
10
469.715088
20
334.574655
70
0
0
VERTEX
8
Layer 1
10
469.865018
20
334.967121
70
0
0
VERTEX
8
Layer 1
10
469.829740
20
335.703545
70
0
0
VERTEX
8
Layer 1
10
469.723907
20
336.691323
70
0
0
VERTEX
8
Layer 1
10
468.665573
20
335.774100
70
0
0
VERTEX
8
Layer 1
10
468.665573
20
335.774100
70
0
0
SEQEND
8
Layer 1
0
POLYLINE
8
Layer 1
62
7
70
0
10
0.000000
20
0.000000
66
1
0
VERTEX
8
Layer 1
10
464.467515
20
333.092988
70
0
0
VERTEX
8
Layer 1
10
463.378313
20
332.400661
70
0
0
VERTEX
8
Layer 1
10
463.056403
20
331.999376
70
0
0
VERTEX
8
Layer 1
10
466.055016
20
331.223264
70
0
0
VERTEX
8
Layer 1
10
467.796857
20
330.902457
70
0
0
VERTEX
8
Layer 1
10
468.718490
20
330.905764
70
0
0
VERTEX
8
Layer 1
10
468.962678
20
331.059967
70
0
0
VERTEX
8
Layer 1
10
469.110955
20
331.332405
70
0
0
VERTEX
8
Layer 1
10
469.265296
20
332.281598
70
0
0
VERTEX
8
Layer 1
10
469.271359
20
332.742966
70
0
0
VERTEX
8
Layer 1
10
469.075677
20
333.062120
70
0
0
VERTEX
8
Layer 1
10
467.748350
20
333.551599
70
0
0
VERTEX
8
Layer 1
10
466.809079
20
333.757754
70
0
0
VERTEX
8
Layer 1
10
466.107932
20
333.772085
70
0
0
VERTEX
8
Layer 1
10
465.406786
20
333.561521
70
0
0
VERTEX
8
Layer 1
10
464.467515
20
333.092988
70
0
0
VERTEX
8
Layer 1
10
464.467515
20
333.092988
70
0
0
SEQEND
8
Layer 1
0
POLYLINE
8
Layer 1
62
7
70
0
10
0.000000
20
0.000000
66
1
0
VERTEX
8
Layer 1
10
484.752250
20
332.669654
70
0
0
VERTEX
8
Layer 1
10
484.580271
20
331.712744
70
0
0
VERTEX
8
Layer 1
10
484.767133
20
331.464145
70
0
0
VERTEX
8
Layer 1
10
485.175583
20
331.258542
70
0
0
VERTEX
8
Layer 1
10
487.847326
20
330.562908
70
0
0
VERTEX
8
Layer 1
10
492.685345
20
329.529930
70
0
0
VERTEX
8
Layer 1
10
497.384458
20
328.629243
70
0
0
VERTEX
8
Layer 1
10
499.639481
20
328.330485
70
0
0
VERTEX
8
Layer 1
10
499.831856
20
328.759330
70
0
0
VERTEX
8
Layer 1
10
499.882016
20
329.512291
70
0
0
VERTEX
8
Layer 1
10
499.793271
20
330.265251
70
0
0
VERTEX
8
Layer 1
10
499.568926
20
330.694097
70
0
0
VERTEX
8
Layer 1
10
492.680935
20
332.290418
70
0
0
VERTEX
8
Layer 1
10
485.528361
20
333.727988
70
0
0
VERTEX
8
Layer 1
10
485.140306
20
333.410488
70
0
0
VERTEX
8
Layer 1
10
484.752250
20
332.669654
70
0
0
VERTEX
8
Layer 1
10
484.752250
20
332.669654
70
0
0
SEQEND
8
Layer 1
0
POLYLINE
8
Layer 1
62
7
70
0
10
0.000000
20
0.000000
66
1
0
VERTEX
8
Layer 1
10
458.681956
20
330.129652
70
0
0
VERTEX
8
Layer 1
10
457.270844
20
329.318263
70
0
0
VERTEX
8
Layer 1
10
462.575743
20
328.118818
70
0
0
VERTEX
8
Layer 1
10
468.171684
20
327.025206
70
0
0
VERTEX
8
Layer 1
10
468.400989
20
327.400033
70
0
0
VERTEX
8
Layer 1
10
468.418628
20
328.330485
70
0
0
VERTEX
8
Layer 1
10
468.312795
20
329.635763
70
0
0
VERTEX
8
Layer 1
10
465.314182
20
330.270764
70
0
0
VERTEX
8
Layer 1
10
462.948365
20
330.700161
70
0
0
VERTEX
8
Layer 1
10
461.283693
20
330.821979
70
0
0
VERTEX
8
Layer 1
10
459.976210
20
330.632912
70
0
0
VERTEX
8
Layer 1
10
458.681956
20
330.129652
70
0
0
VERTEX
8
Layer 1
10
458.681956
20
330.129652
70
0
0
SEQEND
8
Layer 1
0
POLYLINE
8
Layer 1
62
7
70
0
10
0.000000
20
0.000000
66
1
0
VERTEX
8
Layer 1
10
483.658638
20
329.282985
70
0
0
VERTEX
8
Layer 1
10
483.433742
20
328.476006
70
0
0
VERTEX
8
Layer 1
10
483.446971
20
327.907151
70
0
0
VERTEX
8
Layer 1
10
483.956294
20
327.649733
70
0
0
VERTEX
8
Layer 1
10
485.246139
20
327.276560
70
0
0
VERTEX
8
Layer 1
10
489.373642
20
326.354928
70
0
0
VERTEX
8
Layer 1
10
496.111701
20
324.908538
70
0
0
VERTEX
8
Layer 1
10
496.729683
20
324.787960
70
0
0
VERTEX
8
Layer 1
10
497.318312
20
324.830265
70
0
0
VERTEX
8
Layer 1
10
498.276876
20
325.287774
70
0
0
VERTEX
8
Layer 1
10
498.581492
20
325.645100
70
0
0
VERTEX
8
Layer 1
10
498.726117
20
326.049554
70
0
0
VERTEX
8
Layer 1
10
498.678092
20
326.472199
70
0
0
VERTEX
8
Layer 1
10
498.404758
20
326.884095
70
0
0
VERTEX
8
Layer 1
10
496.283681
20
327.576422
70
0
0
VERTEX
8
Layer 1
10
491.807810
20
328.612707
70
0
0
VERTEX
8
Layer 1
10
484.858083
20
330.059097
70
0
0
VERTEX
8
Layer 1
10
484.427584
20
330.126345
70
0
0
VERTEX
8
Layer 1
10
484.112840
20
330.041458
70
0
0
VERTEX
8
Layer 1
10
483.658638
20
329.282985
70
0
0
VERTEX
8
Layer 1
10
483.658638
20
329.282985
70
0
0
SEQEND
8
Layer 1
0
POLYLINE
8
Layer 1
62
7
70
0
10
0.000000
20
0.000000
66
1
0
VERTEX
8
Layer 1
10
453.601952
20
328.189373
70
0
0
VERTEX
8
Layer 1
10
453.172555
20
327.975502
70
0
0
VERTEX
8
Layer 1
10
452.997820
20
327.616109
70
0
0
VERTEX
8
Layer 1
10
453.081054
20
327.137654
70
0
0
VERTEX
8
Layer 1
10
453.425563
20
326.566595
70
0
0
VERTEX
8
Layer 1
10
454.170049
20
326.221947
70
0
0
VERTEX
8
Layer 1
10
455.829415
20
325.734259
70
0
0
VERTEX
8
Layer 1
10
460.670742
20
324.591038
70
0
0
VERTEX
8
Layer 1
10
465.505454
20
323.659483
70
0
0
VERTEX
8
Layer 1
10
467.156551
20
323.436379
70
0
0
VERTEX
8
Layer 1
10
467.889461
20
323.462148
70
0
0
VERTEX
8
Layer 1
10
468.070260
20
323.969267
70
0
0
VERTEX
8
Layer 1
10
468.065850
20
324.767427
70
0
0
VERTEX
8
Layer 1
10
467.918125
20
325.376520
70
0
0
VERTEX
8
Layer 1
10
467.307378
20
325.803712
70
0
0
VERTEX
8
Layer 1
10
465.744130
20
326.250748
70
0
0
VERTEX
8
Layer 1
10
462.738903
20
326.919373
70
0
0
VERTEX
8
Layer 1
10
456.397718
20
328.109998
70
0
0
VERTEX
8
Layer 1
10
454.632726
20
328.278670
70
0
0
VERTEX
8
Layer 1
10
453.601952
20
328.189373
70
0
0
VERTEX
8
Layer 1
10
453.601952
20
328.189373
70
0
0
SEQEND
8
Layer 1
0
POLYLINE
8
Layer 1
62
7
70
0
10
0.000000
20
0.000000
66
1
0
VERTEX
8
Layer 1
10
424.744712
20
327.272151
70
0
0
VERTEX
8
Layer 1
10
424.911730
20
326.704950
70
0
0
VERTEX
8
Layer 1
10
425.313567
20
326.041837
70
0
0
VERTEX
8
Layer 1
10
425.801392
20
325.491173
70
0
0
VERTEX
8
Layer 1
10
426.226380
20
325.261316
70
0
0
VERTEX
8
Layer 1
10
427.672769
20
326.037428
70
0
0
VERTEX
8
Layer 1
10
428.766381
20
326.813539
70
0
0
VERTEX
8
Layer 1
10
427.002491
20
327.272151
70
0
0
VERTEX
8
Layer 1
10
425.066622
20
327.695484
70
0
0
VERTEX
8
Layer 1
10
424.794873
20
327.589651
70
0
0
VERTEX
8
Layer 1
10
424.744712
20
327.272151
70
0
0
VERTEX
8
Layer 1
10
424.744712
20
327.272151
70
0
0
SEQEND
8
Layer 1
0
POLYLINE
8
Layer 1
62
7
70
0
10
0.000000
20
0.000000
66
1
0
VERTEX
8
Layer 1
10
190.852898
20
326.813539
70
0
0
VERTEX
8
Layer 1
10
182.884525
20
325.944823
70
0
0
VERTEX
8
Layer 1
10
175.154277
20
324.732149
70
0
0
VERTEX
8
Layer 1
10
169.847449
20
323.529190
70
0
0
VERTEX
8
Layer 1
10
164.621649
20
322.053792
70
0
0
VERTEX
8
Layer 1
10
159.445459
20
320.291487
70
0
0
VERTEX
8
Layer 1
10
154.287458
20
318.227805
70
0
0
VERTEX
8
Layer 1
10
149.116229
20
315.848276
70
0
0
VERTEX
8
Layer 1
10
143.900351
20
313.138431
70
0
0
VERTEX
8
Layer 1
10
138.608405
20
310.083800
70
0
0
VERTEX
8
Layer 1
10
133.208973
20
306.669915
70
0
0
VERTEX
8
Layer 1
10
130.113346
20
304.473872
70
0
0
VERTEX
8
Layer 1
10
129.230298
20
303.742960
70
0
0
VERTEX
8
Layer 1
10
128.975637
20
303.389080
70
0
0
VERTEX
8
Layer 1
10
130.444075
20
302.829045
70
0
0
VERTEX
8
Layer 1
10
133.526473
20
301.872135
70
0
0
VERTEX
8
Layer 1
10
140.370366
20
299.684911
70
0
0
VERTEX
8
Layer 1
10
143.016201
20
298.948487
70
0
0
VERTEX
8
Layer 1
10
145.662036
20
298.873522
70
0
0
VERTEX
8
Layer 1
10
147.260010
20
299.001404
70
0
0
VERTEX
8
Layer 1
10
148.709156
20
299.340952
70
0
0
VERTEX
8
Layer 1
10
150.548563
20
300.064147
70
0
0
VERTEX
8
Layer 1
10
153.317319
20
301.342968
70
0
0
VERTEX
8
Layer 1
10
157.056766
20
303.053941
70
0
0
VERTEX
8
Layer 1
10
159.102878
20
303.812414
70
0
0
VERTEX
8
Layer 1
10
159.384342
20
303.794155
70
0
0
VERTEX
8
Layer 1
10
159.681103
20
303.593581
70
0
0
VERTEX
8
Layer 1
10
160.527219
20
302.246961
70
0
0
VERTEX
8
Layer 1
10
164.676770
20
292.982129
70
0
0
VERTEX
8
Layer 1
10
190.676509
20
233.609592
70
0
0
VERTEX
8
Layer 1
10
191.587668
20
233.859843
70
0
0
VERTEX
8
Layer 1
10
193.467865
20
234.606189
70
0
0
VERTEX
8
Layer 1
10
195.354676
20
235.445140
70
0
0
VERTEX
8
Layer 1
10
196.285679
20
235.973204
70
0
0
VERTEX
8
Layer 1
10
195.734464
20
237.728275
70
0
0
VERTEX
8
Layer 1
10
194.204289
20
241.652930
70
0
0
VERTEX
8
Layer 1
10
190.103245
20
251.371964
70
0
0
VERTEX
8
Layer 1
10
179.387613
20
275.696007
70
0
0
VERTEX
8
Layer 1
10
170.034586
20
297.144909
70
0
0
VERTEX
8
Layer 1
10
166.158438
20
306.528804
70
0
0
VERTEX
8
Layer 1
10
166.523343
20
306.856709
70
0
0
VERTEX
8
Layer 1
10
167.549706
20
307.293340
70
0
0
VERTEX
8
Layer 1
10
171.176705
20
308.385298
70
0
0
VERTEX
8
Layer 1
10
176.219226
20
309.589705
70
0
0
VERTEX
8
Layer 1
10
181.857059
20
310.691585
70
0
0
VERTEX
8
Layer 1
10
185.166558
20
311.212483
70
0
0
VERTEX
8
Layer 1
10
188.039493
20
311.498564
70
0
0
VERTEX
8
Layer 1
10
196.497346
20
311.644085
70
0
0
VERTEX
8
Layer 1
10
203.495028
20
311.550379
70
0
0
VERTEX
8
Layer 1
10
209.113569
20
311.132557
70
0
0
VERTEX
8
Layer 1
10
214.421224
20
310.264944
70
0
0
VERTEX
8
Layer 1
10
220.486250
20
308.821861
70
0
0
VERTEX
8
Layer 1
10
225.711430
20
307.333579
70
0
0
VERTEX
8
Layer 1
10
230.683188
20
305.627015
70
0
0
VERTEX
8
Layer 1
10
235.458989
20
303.672405
70
0
0
VERTEX
8
Layer 1
10
240.096297
20
301.439982
70
0
0
VERTEX
8
Layer 1
10
244.652577
20
298.899980
70
0
0
VERTEX
8
Layer 1
10
249.185292
20
296.022634
70
0
0
VERTEX
8
Layer 1
10
253.751906
20
292.778179
70
0
0
VERTEX
8
Layer 1
10
258.409885
20
289.136849
70
0
0
VERTEX
8
Layer 1
10
259.221274
20
288.466571
70
0
0
VERTEX
8
Layer 1
10
265.042111
20
293.193796
70
0
0
VERTEX
8
Layer 1
10
269.174024
20
296.655430
70
0
0
VERTEX
8
Layer 1
10
270.898226
20
298.344355
70
0
0
VERTEX
8
Layer 1
10
270.479854
20
299.021592
70
0
0
VERTEX
8
Layer 1
10
269.277652
20
300.203605
70
0
0
VERTEX
8
Layer 1
10
265.156764
20
303.587518
70
0
0
VERTEX
8
Layer 1
10
259.805563
20
307.507212
70
0
0
VERTEX
8
Layer 1
10
254.494049
20
310.973807
70
0
0
VERTEX
8
Layer 1
10
249.057685
20
314.077082
70
0
0
VERTEX
8
Layer 1
10
243.646126
20
316.809527
70
0
0
VERTEX
8
Layer 1
10
238.214723
20
319.187264
70
0
0
VERTEX
8
Layer 1
10
232.718827
20
321.226418
70
0
0
VERTEX
8
Layer 1
10
227.113791
20
322.943110
70
0
0
VERTEX
8
Layer 1
10
221.354966
20
324.353464
70
0
0
VERTEX
8
Layer 1
10
215.397703
20
325.473603
70
0
0
VERTEX
8
Layer 1
10
209.197354
20
326.319650
70
0
0
VERTEX
8
Layer 1
10
205.214821
20
326.590297
70
0
0
VERTEX
8
Layer 1
10
199.800230
20
326.791491
70
0
0
VERTEX
8
Layer 1
10
194.498087
20
326.880236
70
0
0
VERTEX
8
Layer 1
10
190.852898
20
326.813539
70
0
0
VERTEX
8
Layer 1
10
190.852898
20
326.813539
70
0
0
SEQEND
8
Layer 1
0
POLYLINE
8
Layer 1
62
7
70
0
10
0.000000
20
0.000000
66
1
0
VERTEX
8
Layer 1
10
428.343048
20
325.084927
70
0
0
VERTEX
8
Layer 1
10
427.291328
20
324.352361
70
0
0
VERTEX
8
Layer 1
10
426.808463
20
323.881072
70
0
0
VERTEX
8
Layer 1
10
426.775390
20
323.482543
70
0
0
VERTEX
8
Layer 1
10
427.073047
20
322.968259
70
0
0
VERTEX
8
Layer 1
10
427.588985
20
322.342078
70
0
0
VERTEX
8
Layer 1
10
428.025547
20
322.086314
70
0
0
VERTEX
8
Layer 1
10
429.123569
20
322.633120
70
0
0
VERTEX
8
Layer 1
10
431.200549
20
323.920760
70
0
0
VERTEX
8
Layer 1
10
433.445099
20
325.517080
70
0
0
VERTEX
8
Layer 1
10
433.556996
20
325.825761
70
0
0
VERTEX
8
Layer 1
10
433.176106
20
326.002150
70
0
0
VERTEX
8
Layer 1
10
431.890120
20
326.255709
70
0
0
VERTEX
8
Layer 1
10
430.746348
20
326.204997
70
0
0
VERTEX
8
Layer 1
10
429.609190
20
325.823556
70
0
0
VERTEX
8
Layer 1
10
428.343048
20
325.084927
70
0
0
VERTEX
8
Layer 1
10
428.343048
20
325.084927
70
0
0
SEQEND
8
Layer 1
0
POLYLINE
8
Layer 1
62
7
70
0
10
0.000000
20
0.000000
66
1
0
VERTEX
8
Layer 1
10
482.388637
20
325.402427
70
0
0
VERTEX
8
Layer 1
10
482.322491
20
324.666003
70
0
0
VERTEX
8
Layer 1
10
482.494471
20
324.167704
70
0
0
VERTEX
8
Layer 1
10
484.483257
20
323.583416
70
0
0
VERTEX
8
Layer 1
10
488.615169
20
322.641939
70
0
0
VERTEX
8
Layer 1
10
492.932290
20
321.766609
70
0
0
VERTEX
8
Layer 1
10
495.476701
20
321.380758
70
0
0
VERTEX
8
Layer 1
10
496.195486
20
321.588015
70
0
0
VERTEX
8
Layer 1
10
496.570313
20
322.297981
70
0
0
VERTEX
8
Layer 1
10
496.636459
20
323.034405
70
0
0
VERTEX
8
Layer 1
10
496.464479
20
323.532704
70
0
0
VERTEX
8
Layer 1
10
494.442069
20
324.097149
70
0
0
VERTEX
8
Layer 1
10
490.207080
20
325.032010
70
0
0
VERTEX
8
Layer 1
10
483.235304
20
326.319650
70
0
0
VERTEX
8
Layer 1
10
482.719367
20
326.072705
70
0
0
VERTEX
8
Layer 1
10
482.388637
20
325.402427
70
0
0
VERTEX
8
Layer 1
10
482.388637
20
325.402427
70
0
0
SEQEND
8
Layer 1
0
POLYLINE
8
Layer 1
62
7
70
0
10
0.000000
20
0.000000
66
1
0
VERTEX
8
Layer 1
10
432.682217
20
323.532704
70
0
0
VERTEX
8
Layer 1
10
429.921729
20
321.671800
70
0
0
VERTEX
8
Layer 1
10
428.695826
20
320.604646
70
0
0
VERTEX
8
Layer 1
10
428.801659
20
320.004924
70
0
0
VERTEX
8
Layer 1
10
429.224993
20
319.299368
70
0
0
VERTEX
8
Layer 1
10
429.859993
20
318.558534
70
0
0
VERTEX
8
Layer 1
10
433.916940
20
321.239647
70
0
0
VERTEX
8
Layer 1
10
437.456296
20
323.674917
70
0
0
VERTEX
8
Layer 1
10
439.160103
20
325.111385
70
0
0
VERTEX
8
Layer 1
10
439.386722
20
325.531549
70
0
0
VERTEX
8
Layer 1
10
439.230107
20
325.793790
70
0
0
VERTEX
8
Layer 1
10
437.868054
20
325.966872
70
0
0
VERTEX
8
Layer 1
10
437.057767
20
325.849463
70
0
0
VERTEX
8
Layer 1
10
436.015969
20
325.450934
70
0
0
VERTEX
8
Layer 1
10
432.682217
20
323.532704
70
0
0
VERTEX
8
Layer 1
10
432.682217
20
323.532704
70
0
0
SEQEND
8
Layer 1
0
POLYLINE
8
Layer 1
62
7
70
0
10
0.000000
20
0.000000
66
1
0
VERTEX
8
Layer 1
10
439.420277
20
323.497426
70
0
0
VERTEX
8
Layer 1
10
430.459716
20
317.641311
70
0
0
VERTEX
8
Layer 1
10
430.918327
20
316.441866
70
0
0
VERTEX
8
Layer 1
10
431.259529
20
315.818992
70
0
0
VERTEX
8
Layer 1
10
431.531279
20
315.559921
70
0
0
VERTEX
8
Layer 1
10
431.875789
20
315.618350
70
0
0
VERTEX
8
Layer 1
10
432.435272
20
315.947977
70
0
0
VERTEX
8
Layer 1
10
438.633692
20
320.051777
70
0
0
VERTEX
8
Layer 1
10
442.282188
20
322.690446
70
0
0
VERTEX
8
Layer 1
10
443.312479
20
323.589548
70
0
0
VERTEX
8
Layer 1
10
443.900006
20
324.277396
70
0
0
VERTEX
8
Layer 1
10
444.109675
20
324.805667
70
0
0
VERTEX
8
Layer 1
10
444.006391
20
325.226038
70
0
0
VERTEX
8
Layer 1
10
443.607311
20
325.541334
70
0
0
VERTEX
8
Layer 1
10
442.877501
20
325.420066
70
0
0
VERTEX
8
Layer 1
10
441.565608
20
324.769632
70
0
0
VERTEX
8
Layer 1
10
439.420277
20
323.497426
70
0
0
VERTEX
8
Layer 1
10
439.420277
20
323.497426
70
0
0
SEQEND
8
Layer 1
0
POLYLINE
8
Layer 1
62
7
70
0
10
0.000000
20
0.000000
66
1
0
VERTEX
8
Layer 1
10
453.037508
20
323.603259
70
0
0
VERTEX
8
Layer 1
10
453.143341
20
322.262703
70
0
0
VERTEX
8
Layer 1
10
459.493345
20
320.957424
70
0
0
VERTEX
8
Layer 1
10
464.004494
20
320.039099
70
0
0
VERTEX
8
Layer 1
10
466.346058
20
319.696243
70
0
0
VERTEX
8
Layer 1
10
466.938890
20
319.730281
70
0
0
VERTEX
8
Layer 1
10
467.272100
20
319.895783
70
0
0
VERTEX
8
Layer 1
10
467.536683
20
320.604646
70
0
0
VERTEX
8
Layer 1
10
467.594010
20
321.349890
70
0
0
VERTEX
8
Layer 1
10
467.466128
20
321.804092
70
0
0
VERTEX
8
Layer 1
10
460.467894
20
323.435690
70
0
0
VERTEX
8
Layer 1
10
453.072785
20
324.908538
70
0
0
VERTEX
8
Layer 1
10
453.037508
20
323.603259
70
0
0
VERTEX
8
Layer 1
10
453.037508
20
323.603259
70
0
0
SEQEND
8
Layer 1
0
POLYLINE
8
Layer 1
62
7
70
0
10
0.000000
20
0.000000
66
1
0
VERTEX
8
Layer 1
10
400.932197
20
320.146035
70
0
0
VERTEX
8
Layer 1
10
397.029590
20
317.416415
70
0
0
VERTEX
8
Layer 1
10
394.582193
20
315.559921
70
0
0
VERTEX
8
Layer 1
10
393.171081
20
314.289920
70
0
0
VERTEX
8
Layer 1
10
394.017748
20
313.584364
70
0
0
VERTEX
8
Layer 1
10
394.511637
20
313.206230
70
0
0
VERTEX
8
Layer 1
10
394.873235
20
313.072836
70
0
0
VERTEX
8
Layer 1
10
395.248061
20
313.177567
70
0
0
VERTEX
8
Layer 1
10
395.781638
20
313.513809
70
0
0
VERTEX
8
Layer 1
10
401.990531
20
317.606033
70
0
0
VERTEX
8
Layer 1
10
407.599701
20
321.416036
70
0
0
VERTEX
8
Layer 1
10
407.566077
20
321.864725
70
0
0
VERTEX
8
Layer 1
10
407.145500
20
322.571384
70
0
0
VERTEX
8
Layer 1
10
406.572786
20
323.211896
70
0
0
VERTEX
8
Layer 1
10
406.082756
20
323.462148
70
0
0
VERTEX
8
Layer 1
10
400.932197
20
320.146035
70
0
0
VERTEX
8
Layer 1
10
400.932197
20
320.146035
70
0
0
SEQEND
8
Layer 1
0
POLYLINE
8
Layer 1
62
7
70
0
10
0.000000
20
0.000000
66
1
0
VERTEX
8
Layer 1
10
481.612526
20
321.662980
70
0
0
VERTEX
8
Layer 1
10
481.369991
20
320.829542
70
0
0
VERTEX
8
Layer 1
10
481.365581
20
320.392980
70
0
0
VERTEX
8
Layer 1
10
483.419962
20
319.844520
70
0
0
VERTEX
8
Layer 1
10
487.667078
20
318.995097
70
0
0
VERTEX
8
Layer 1
10
491.947267
20
318.244892
70
0
0
VERTEX
8
Layer 1
10
494.100867
20
317.994089
70
0
0
VERTEX
8
Layer 1
10
494.453645
20
318.439471
70
0
0
VERTEX
8
Layer 1
10
494.594756
20
319.228812
70
0
0
VERTEX
8
Layer 1
10
494.548454
20
319.816959
70
0
0
VERTEX
8
Layer 1
10
494.303714
20
320.176903
70
0
0
VERTEX
8
Layer 1
10
493.701787
20
320.424399
70
0
0
VERTEX
8
Layer 1
10
492.583921
20
320.675202
70
0
0
VERTEX
8
Layer 1
10
486.551418
20
321.945203
70
0
0
VERTEX
8
Layer 1
10
482.282804
20
322.791870
70
0
0
VERTEX
8
Layer 1
10
482.000581
20
322.465550
70
0
0
VERTEX
8
Layer 1
10
481.612526
20
321.662980
70
0
0
VERTEX
8
Layer 1
10
481.612526
20
321.662980
70
0
0
SEQEND
8
Layer 1
0
POLYLINE
8
Layer 1
62
7
70
0
10
0.000000
20
0.000000
66
1
0
VERTEX
8
Layer 1
10
438.220832
20
318.487978
70
0
0
VERTEX
8
Layer 1
10
432.153050
20
314.289920
70
0
0
VERTEX
8
Layer 1
10
432.893884
20
313.161031
70
0
0
VERTEX
8
Layer 1
10
433.599440
20
312.208530
70
0
0
VERTEX
8
Layer 1
10
439.420277
20
316.124366
70
0
0
VERTEX
8
Layer 1
10
443.600696
20
319.021555
70
0
0
VERTEX
8
Layer 1
10
445.452781
20
320.569369
70
0
0
VERTEX
8
Layer 1
10
445.499634
20
321.053336
70
0
0
VERTEX
8
Layer 1
10
445.351357
20
321.583605
70
0
0
VERTEX
8
Layer 1
10
445.050944
20
322.047729
70
0
0
VERTEX
8
Layer 1
10
444.641391
20
322.333259
70
0
0
VERTEX
8
Layer 1
10
442.621737
20
321.244057
70
0
0
VERTEX
8
Layer 1
10
438.220832
20
318.487978
70
0
0
VERTEX
8
Layer 1
10
438.220832
20
318.487978
70
0
0
SEQEND
8
Layer 1
0
POLYLINE
8
Layer 1
62
7
70
0
10
0.000000
20
0.000000
66
1
0
VERTEX
8
Layer 1
10
408.164146
20
320.251868
70
0
0
VERTEX
8
Layer 1
10
400.632336
20
315.361483
70
0
0
VERTEX
8
Layer 1
10
397.468358
20
313.172606
70
0
0
VERTEX
8
Layer 1
10
396.169694
20
312.137974
70
0
0
VERTEX
8
Layer 1
10
396.566569
20
311.079640
70
0
0
VERTEX
8
Layer 1
10
396.913835
20
310.629848
70
0
0
VERTEX
8
Layer 1
10
397.228028
20
310.444640
70
0
0
VERTEX
8
Layer 1
10
399.436198
20
311.700309
70
0
0
VERTEX
8
Layer 1
10
403.886713
20
314.510406
70
0
0
VERTEX
8
Layer 1
10
408.350457
20
317.439566
70
0
0
VERTEX
8
Layer 1
10
410.598314
20
319.052423
70
0
0
VERTEX
8
Layer 1
10
410.735567
20
319.294407
70
0
0
VERTEX
8
Layer 1
10
410.717377
20
319.559542
70
0
0
VERTEX
8
Layer 1
10
410.174981
20
320.251868
70
0
0
VERTEX
8
Layer 1
10
409.398869
20
320.992702
70
0
0
VERTEX
8
Layer 1
10
408.164146
20
320.251868
70
0
0
VERTEX
8
Layer 1
10
408.164146
20
320.251868
70
0
0
SEQEND
8
Layer 1
0
POLYLINE
8
Layer 1
62
7
70
0
10
0.000000
20
0.000000
66
1
0
VERTEX
8
Layer 1
10
452.825841
20
320.463535
70
0
0
VERTEX
8
Layer 1
10
452.808202
20
319.819715
70
0
0
VERTEX
8
Layer 1
10
453.108063
20
319.122979
70
0
0
VERTEX
8
Layer 1
10
453.577699
20
318.685865
70
0
0
VERTEX
8
Layer 1
10
454.589731
20
318.271902
70
0
0
VERTEX
8
Layer 1
10
459.352234
20
317.182700
70
0
0
VERTEX
8
Layer 1
10
463.586121
20
316.344852
70
0
0
VERTEX
8
Layer 1
10
465.706648
20
316.036171
70
0
0
VERTEX
8
Layer 1
10
466.223481
20
316.072000
70
0
0
VERTEX
8
Layer 1
10
466.510871
20
316.230199
70
0
0
VERTEX
8
Layer 1
10
466.795850
20
316.900477
70
0
0
VERTEX
8
Layer 1
10
466.998697
20
317.672179
70
0
0
VERTEX
8
Layer 1
10
466.936961
20
318.099923
70
0
0
VERTEX
8
Layer 1
10
460.833901
20
319.475757
70
0
0
VERTEX
8
Layer 1
10
453.990008
20
320.851591
70
0
0
VERTEX
8
Layer 1
10
453.222716
20
320.869230
70
0
0
VERTEX
8
Layer 1
10
452.825841
20
320.463535
70
0
0
VERTEX
8
Layer 1
10
452.825841
20
320.463535
70
0
0
SEQEND
8
Layer 1
0
POLYLINE
8
Layer 1
62
7
70
0
10
0.000000
20
0.000000
66
1
0
VERTEX
8
Layer 1
10
480.589469
20
318.840756
70
0
0
VERTEX
8
Layer 1
10
479.989747
20
317.606033
70
0
0
VERTEX
8
Layer 1
10
479.877299
20
317.074662
70
0
0
VERTEX
8
Layer 1
10
480.029434
20
316.879256
70
0
0
VERTEX
8
Layer 1
10
480.439539
20
316.688811
70
0
0
VERTEX
8
Layer 1
10
486.445584
20
315.348254
70
0
0
VERTEX
8
Layer 1
10
491.194858
20
314.483948
70
0
0
VERTEX
8
Layer 1
10
491.986955
20
314.544582
70
0
0
VERTEX
8
Layer 1
10
492.372255
20
314.889643
70
0
0
VERTEX
8
Layer 1
10
492.722828
20
315.428249
70
0
0
VERTEX
8
Layer 1
10
492.868349
20
315.871358
70
0
0
VERTEX
8
Layer 1
10
492.759208
20
316.245840
70
0
0
VERTEX
8
Layer 1
10
492.345796
20
316.578567
70
0
0
VERTEX
8
Layer 1
10
490.407722
20
317.226246
70
0
0
VERTEX
8
Layer 1
10
486.657251
20
318.029367
70
0
0
VERTEX
8
Layer 1
10
481.506692
20
319.122979
70
0
0
VERTEX
8
Layer 1
10
480.995164
20
319.100930
70
0
0
VERTEX
8
Layer 1
10
480.589469
20
318.840756
70
0
0
VERTEX
8
Layer 1
10
480.589469
20
318.840756
70
0
0
SEQEND
8
Layer 1
0
POLYLINE
8
Layer 1
62
7
70
0
10
0.000000
20
0.000000
66
1
0
VERTEX
8
Layer 1
10
440.090555
20
315.207143
70
0
0
VERTEX
8
Layer 1
10
436.082115
20
312.451065
70
0
0
VERTEX
8
Layer 1
10
434.375551
20
311.044363
70
0
0
VERTEX
8
Layer 1
10
434.481385
20
310.519605
70
0
0
VERTEX
8
Layer 1
10
434.904718
20
309.809640
70
0
0
VERTEX
8
Layer 1
10
435.539719
20
308.962972
70
0
0
VERTEX
8
Layer 1
10
440.831389
20
312.490752
70
0
0
VERTEX
8
Layer 1
10
444.685488
20
315.114539
70
0
0
VERTEX
8
Layer 1
10
446.581670
20
316.547699
70
0
0
VERTEX
8
Layer 1
10
446.833025
20
317.199787
70
0
0
VERTEX
8
Layer 1
10
446.819795
20
317.980860
70
0
0
VERTEX
8
Layer 1
10
446.581670
20
318.636255
70
0
0
VERTEX
8
Layer 1
10
446.158337
20
318.911312
70
0
0
VERTEX
8
Layer 1
10
444.209238
20
317.813290
70
0
0
VERTEX
8
Layer 1
10
440.090555
20
315.207143
70
0
0
VERTEX
8
Layer 1
10
440.090555
20
315.207143
70
0
0
SEQEND
8
Layer 1
0
POLYLINE
8
Layer 1
62
7
70
0
10
0.000000
20
0.000000
66
1
0
VERTEX
8
Layer 1
10
405.412478
20
314.184087
70
0
0
VERTEX
8
Layer 1
10
398.956640
20
309.844917
70
0
0
VERTEX
8
Layer 1
10
398.844743
20
309.626085
70
0
0
VERTEX
8
Layer 1
10
398.881675
20
309.337799
70
0
0
VERTEX
8
Layer 1
10
399.415252
20
308.539639
70
0
0
VERTEX
8
Layer 1
10
400.226641
20
307.622416
70
0
0
VERTEX
8
Layer 1
10
406.576645
20
311.714641
70
0
0
VERTEX
8
Layer 1
10
413.244149
20
316.124366
70
0
0
VERTEX
8
Layer 1
10
413.210525
20
316.573607
70
0
0
VERTEX
8
Layer 1
10
412.789948
20
317.284123
70
0
0
VERTEX
8
Layer 1
10
412.217234
20
317.935109
70
0
0
VERTEX
8
Layer 1
10
411.727204
20
318.205756
70
0
0
VERTEX
8
Layer 1
10
405.412478
20
314.184087
70
0
0
VERTEX
8
Layer 1
10
405.412478
20
314.184087
70
0
0
SEQEND
8
Layer 1
0
POLYLINE
8
Layer 1
62
7
70
0
10
0.000000
20
0.000000
66
1
0
VERTEX
8
Layer 1
10
479.248913
20
314.854365
70
0
0
VERTEX
8
Layer 1
10
478.921491
20
313.816426
70
0
0
VERTEX
8
Layer 1
10
478.979782
20
313.484525
70
0
0
VERTEX
8
Layer 1
10
479.301830
20
313.218357
70
0
0
VERTEX
8
Layer 1
10
481.084461
20
312.706278
70
0
0
VERTEX
8
Layer 1
10
484.963917
20
311.926308
70
0
0
VERTEX
8
Layer 1
10
488.079939
20
311.328790
70
0
0
VERTEX
8
Layer 1
10
489.810204
20
311.194293
70
0
0
VERTEX
8
Layer 1
10
490.280736
20
311.308946
70
0
0
VERTEX
8
Layer 1
10
490.554897
20
311.549276
70
0
0
VERTEX
8
Layer 1
10
490.714198
20
312.420197
70
0
0
VERTEX
8
Layer 1
10
490.638681
20
312.968656
70
0
0
VERTEX
8
Layer 1
10
490.057149
20
313.368288
70
0
0
VERTEX
8
Layer 1
10
485.246139
20
314.501587
70
0
0
VERTEX
8
Layer 1
10
480.488046
20
315.326206
70
0
0
VERTEX
8
Layer 1
10
479.585706
20
315.240767
70
0
0
VERTEX
8
Layer 1
10
479.248913
20
314.854365
70
0
0
VERTEX
8
Layer 1
10
479.248913
20
314.854365
70
0
0
SEQEND
8
Layer 1
0
POLYLINE
8
Layer 1
62
7
70
0
10
0.000000
20
0.000000
66
1
0
VERTEX
8
Layer 1
10
408.305257
20
311.467696
70
0
0
VERTEX
8
Layer 1
10
404.354695
20
308.937065
70
0
0
VERTEX
8
Layer 1
10
402.418274
20
307.547451
70
0
0
VERTEX
8
Layer 1
10
402.016231
20
307.112059
70
0
0
VERTEX
8
Layer 1
10
401.890761
20
306.759764
70
0
0
VERTEX
8
Layer 1
10
402.166920
20
306.034915
70
0
0
VERTEX
8
Layer 1
10
402.581434
20
305.408734
70
0
0
VERTEX
8
Layer 1
10
402.943032
20
305.152970
70
0
0
VERTEX
8
Layer 1
10
405.154509
20
306.399269
70
0
0
VERTEX
8
Layer 1
10
409.469425
20
309.170229
70
0
0
VERTEX
8
Layer 1
10
413.678507
20
312.013951
70
0
0
VERTEX
8
Layer 1
10
415.572484
20
313.478531
70
0
0
VERTEX
8
Layer 1
10
415.390583
20
313.884777
70
0
0
VERTEX
8
Layer 1
10
414.963942
20
314.400163
70
0
0
VERTEX
8
Layer 1
10
414.471155
20
314.842789
70
0
0
VERTEX
8
Layer 1
10
414.090816
20
315.030754
70
0
0
VERTEX
8
Layer 1
10
408.305257
20
311.467696
70
0
0
VERTEX
8
Layer 1
10
408.305257
20
311.467696
70
0
0
SEQEND
8
Layer 1
0
POLYLINE
8
Layer 1
62
7
70
0
10
0.000000
20
0.000000
66
1
0
VERTEX
8
Layer 1
10
410.598314
20
308.610194
70
0
0
VERTEX
8
Layer 1
10
407.296533
20
306.322650
70
0
0
VERTEX
8
Layer 1
10
405.509492
20
304.809011
70
0
0
VERTEX
8
Layer 1
10
405.095115
20
304.245256
70
0
0
VERTEX
8
Layer 1
10
404.952764
20
303.758394
70
0
0
VERTEX
8
Layer 1
10
405.046884
20
303.309567
70
0
0
VERTEX
8
Layer 1
10
405.341922
20
302.859913
70
0
0
VERTEX
8
Layer 1
10
405.801085
20
302.810304
70
0
0
VERTEX
8
Layer 1
10
406.872097
20
303.283247
70
0
0
VERTEX
8
Layer 1
10
411.868315
20
306.352415
70
0
0
VERTEX
8
Layer 1
10
416.225123
20
309.231966
70
0
0
VERTEX
8
Layer 1
10
418.041930
20
310.656307
70
0
0
VERTEX
8
Layer 1
10
417.857824
20
311.092318
70
0
0
VERTEX
8
Layer 1
10
417.415749
20
311.604398
70
0
0
VERTEX
8
Layer 1
10
416.881070
20
312.030487
70
0
0
VERTEX
8
Layer 1
10
416.419151
20
312.208530
70
0
0
VERTEX
8
Layer 1
10
414.553838
20
311.150196
70
0
0
VERTEX
8
Layer 1
10
410.598314
20
308.610194
70
0
0
VERTEX
8
Layer 1
10
410.598314
20
308.610194
70
0
0
SEQEND
8
Layer 1
0
POLYLINE
8
Layer 1
62
7
70
0
10
0.000000
20
0.000000
66
1
0
VERTEX
8
Layer 1
10
188.736230
20
309.139361
70
0
0
VERTEX
8
Layer 1
10
182.831057
20
308.368211
70
0
0
VERTEX
8
Layer 1
10
176.843202
20
307.282867
70
0
0
VERTEX
8
Layer 1
10
172.012899
20
306.137992
70
0
0
VERTEX
8
Layer 1
10
170.419404
20
305.622812
70
0
0
VERTEX
8
Layer 1
10
169.580385
20
305.188248
70
0
0
VERTEX
8
Layer 1
10
169.981670
20
303.754536
70
0
0
VERTEX
8
Layer 1
10
171.600039
20
299.724599
70
0
0
VERTEX
8
Layer 1
10
178.752613
20
283.280734
70
0
0
VERTEX
8
Layer 1
10
181.151503
20
277.812675
70
0
0
VERTEX
8
Layer 1
10
182.492059
20
277.706842
70
0
0
VERTEX
8
Layer 1
10
183.797338
20
277.601008
70
0
0
VERTEX
8
Layer 1
10
186.584284
20
272.062394
70
0
0
VERTEX
8
Layer 1
10
190.535398
20
264.336555
70
0
0
VERTEX
8
Layer 1
10
191.201817
20
263.085296
70
0
0
VERTEX
8
Layer 1
10
191.501128
20
262.237526
70
0
0
VERTEX
8
Layer 1
10
191.502781
20
261.469132
70
0
0
VERTEX
8
Layer 1
10
191.276232
20
260.455997
70
0
0
VERTEX
8
Layer 1
10
190.813210
20
259.150719
70
0
0
VERTEX
8
Layer 1
10
190.323731
20
258.374607
70
0
0
VERTEX
8
Layer 1
10
190.117025
20
258.025136
70
0
0
VERTEX
8
Layer 1
10
190.231127
20
257.298634
70
0
0
VERTEX
8
Layer 1
10
191.699565
20
253.788493
70
0
0
VERTEX
8
Layer 1
10
193.544484
20
249.697922
70
0
0
VERTEX
8
Layer 1
10
194.579116
20
247.681024
70
0
0
VERTEX
8
Layer 1
10
194.940369
20
247.221793
70
0
0
VERTEX
8
Layer 1
10
195.276403
20
247.006887
70
0
0
VERTEX
8
Layer 1
10
196.109290
20
246.944600
70
0
0
VERTEX
8
Layer 1
10
198.755125
20
246.697655
70
0
0
VERTEX
8
Layer 1
10
200.095682
20
246.485989
70
0
0
VERTEX
8
Layer 1
10
198.225958
20
244.827932
70
0
0
VERTEX
8
Layer 1
10
196.356235
20
243.205153
70
0
0
VERTEX
8
Layer 1
10
197.167624
20
241.017930
70
0
0
VERTEX
8
Layer 1
10
197.890819
20
239.443658
70
0
0
VERTEX
8
Layer 1
10
198.169734
20
239.127811
70
0
0
VERTEX
8
Layer 1
10
198.402347
20
239.112928
70
0
0
VERTEX
8
Layer 1
10
204.377525
20
243.630140
70
0
0
VERTEX
8
Layer 1
10
214.400829
20
251.702693
70
0
0
VERTEX
8
Layer 1
10
223.762676
20
259.477590
70
0
0
VERTEX
8
Layer 1
10
226.723806
20
262.049355
70
0
0
VERTEX
8
Layer 1
10
227.753477
20
263.101832
70
0
0
VERTEX
8
Layer 1
10
226.518754
20
262.475651
70
0
0
VERTEX
8
Layer 1
10
223.802363
20
260.738220
70
0
0
VERTEX
8
Layer 1
10
219.886527
20
258.339329
70
0
0
VERTEX
8
Layer 1
10
220.168750
20
260.632386
70
0
0
VERTEX
8
Layer 1
10
220.453728
20
261.890260
70
0
0
VERTEX
8
Layer 1
10
220.887535
20
262.837249
70
0
0
VERTEX
8
Layer 1
10
221.711602
20
263.837154
70
0
0
VERTEX
8
Layer 1
10
223.167363
20
265.253778
70
0
0
VERTEX
8
Layer 1
10
225.403093
20
267.282252
70
0
0
VERTEX
8
Layer 1
10
227.189032
20
268.675725
70
0
0
VERTEX
8
Layer 1
10
228.600144
20
269.628225
70
0
0
VERTEX
8
Layer 1
10
230.540423
20
268.322947
70
0
0
VERTEX
8
Layer 1
10
232.798202
20
267.052946
70
0
0
VERTEX
8
Layer 1
10
235.933517
20
269.407739
70
0
0
VERTEX
8
Layer 1
10
242.958209
20
275.096284
70
0
0
VERTEX
8
Layer 1
10
254.987938
20
284.868235
70
0
0
VERTEX
8
Layer 1
10
256.531342
20
286.191152
70
0
0
VERTEX
8
Layer 1
10
257.175162
20
286.879070
70
0
0
VERTEX
8
Layer 1
10
256.365426
20
287.792434
70
0
0
VERTEX
8
Layer 1
10
254.269153
20
289.529314
70
0
0
VERTEX
8
Layer 1
10
248.214601
20
293.899352
70
0
0
VERTEX
8
Layer 1
10
243.363834
20
296.912434
70
0
0
VERTEX
8
Layer 1
10
238.327446
20
299.622072
70
0
0
VERTEX
8
Layer 1
10
233.131481
20
302.019171
70
0
0
VERTEX
8
Layer 1
10
227.801984
20
304.094636
70
0
0
VERTEX
8
Layer 1
10
222.365000
20
305.839371
70
0
0
VERTEX
8
Layer 1
10
216.846573
20
307.244282
70
0
0
VERTEX
8
Layer 1
10
211.272750
20
308.300273
70
0
0
VERTEX
8
Layer 1
10
205.669574
20
308.998250
70
0
0
VERTEX
8
Layer 1
10
201.872801
20
309.213776
70
0
0
VERTEX
8
Layer 1
10
196.911860
20
309.320160
70
0
0
VERTEX
8
Layer 1
10
192.096440
20
309.300868
70
0
0
VERTEX
8
Layer 1
10
188.736230
20
309.139361
70
0
0
VERTEX
8
Layer 1
10
188.736230
20
309.139361
70
0
0
SEQEND
8
Layer 1
0
POLYLINE
8
Layer 1
62
7
70
0
10
0.000000
20
0.000000
66
1
0
VERTEX
8
Layer 1
10
197.202902
20
278.976842
70
0
0
VERTEX
8
Layer 1
10
196.263631
20
275.691597
70
0
0
VERTEX
8
Layer 1
10
195.086234
20
272.591561
70
0
0
VERTEX
8
Layer 1
10
194.596203
20
273.274517
70
0
0
VERTEX
8
Layer 1
10
193.758907
20
275.118333
70
0
0
VERTEX
8
Layer 1
10
192.967912
20
277.180431
70
0
0
VERTEX
8
Layer 1
10
192.616788
20
278.518231
70
0
0
VERTEX
8
Layer 1
10
192.750733
20
278.803761
70
0
0
VERTEX
8
Layer 1
10
193.291476
20
279.003301
70
0
0
VERTEX
8
Layer 1
10
196.426790
20
279.329620
70
0
0
VERTEX
8
Layer 1
10
196.973596
20
279.245836
70
0
0
VERTEX
8
Layer 1
10
197.202902
20
278.976842
70
0
0
VERTEX
8
Layer 1
10
197.202902
20
278.976842
70
0
0
SEQEND
8
Layer 1
0
POLYLINE
8
Layer 1
62
7
70
0
10
0.000000
20
0.000000
66
1
0
VERTEX
8
Layer 1
10
204.117351
20
278.624064
70
0
0
VERTEX
8
Layer 1
10
203.314781
20
276.516216
70
0
0
VERTEX
8
Layer 1
10
201.189293
20
271.709616
70
0
0
VERTEX
8
Layer 1
10
198.935924
20
267.022078
70
0
0
VERTEX
8
Layer 1
10
197.873180
20
265.218500
70
0
0
VERTEX
8
Layer 1
10
196.885402
20
267.511557
70
0
0
VERTEX
8
Layer 1
10
196.144568
20
269.557670
70
0
0
VERTEX
8
Layer 1
10
197.590958
20
274.037950
70
0
0
VERTEX
8
Layer 1
10
199.249014
20
278.835731
70
0
0
VERTEX
8
Layer 1
10
200.039458
20
278.966369
70
0
0
VERTEX
8
Layer 1
10
201.630266
20
278.954794
70
0
0
VERTEX
8
Layer 1
10
203.247533
20
278.830770
70
0
0
VERTEX
8
Layer 1
10
204.117351
20
278.624064
70
0
0
VERTEX
8
Layer 1
10
204.117351
20
278.624064
70
0
0
SEQEND
8
Layer 1
0
POLYLINE
8
Layer 1
62
7
70
0
10
0.000000
20
0.000000
66
1
0
VERTEX
8
Layer 1
10
192.299288
20
274.284895
70
0
0
VERTEX
8
Layer 1
10
194.027900
20
269.381281
70
0
0
VERTEX
8
Layer 1
10
193.432587
20
266.841279
70
0
0
VERTEX
8
Layer 1
10
192.971220
20
265.511747
70
0
0
VERTEX
8
Layer 1
10
192.652066
20
264.936278
70
0
0
VERTEX
8
Layer 1
10
192.356614
20
265.147945
70
0
0
VERTEX
8
Layer 1
10
191.981788
20
265.677112
70
0
0
VERTEX
8
Layer 1
10
188.643626
20
272.172637
70
0
0
VERTEX
8
Layer 1
10
185.914006
20
277.953786
70
0
0
VERTEX
8
Layer 1
10
186.131736
20
278.236009
70
0
0
VERTEX
8
Layer 1
10
186.756263
20
278.438856
70
0
0
VERTEX
8
Layer 1
10
189.053730
20
278.553509
70
0
0
VERTEX
8
Layer 1
10
190.570676
20
278.518231
70
0
0
VERTEX
8
Layer 1
10
192.299288
20
274.284895
70
0
0
VERTEX
8
Layer 1
10
192.299288
20
274.284895
70
0
0
SEQEND
8
Layer 1
0
POLYLINE
8
Layer 1
62
7
70
0
10
0.000000
20
0.000000
66
1
0
VERTEX
8
Layer 1
10
211.631522
20
277.177675
70
0
0
VERTEX
8
Layer 1
10
213.959857
20
276.401563
70
0
0
VERTEX
8
Layer 1
10
213.889301
20
273.755728
70
0
0
VERTEX
8
Layer 1
10
213.395412
20
264.865722
70
0
0
VERTEX
8
Layer 1
10
212.936801
20
258.586274
70
0
0
VERTEX
8
Layer 1
10
211.560967
20
257.492662
70
0
0
VERTEX
8
Layer 1
10
210.185132
20
256.363773
70
0
0
VERTEX
8
Layer 1
10
208.350687
20
256.928217
70
0
0
VERTEX
8
Layer 1
10
203.905684
20
257.915996
70
0
0
VERTEX
8
Layer 1
10
201.597744
20
258.307910
70
0
0
VERTEX
8
Layer 1
10
200.338216
20
258.749434
70
0
0
VERTEX
8
Layer 1
10
199.978617
20
259.066314
70
0
0
VERTEX
8
Layer 1
10
199.733533
20
259.488614
70
0
0
VERTEX
8
Layer 1
10
199.390126
20
260.773498
70
0
0
VERTEX
8
Layer 1
10
199.037348
20
262.643221
70
0
0
VERTEX
8
Layer 1
10
202.565128
20
270.227948
70
0
0
VERTEX
8
Layer 1
10
206.269297
20
278.130175
70
0
0
VERTEX
8
Layer 1
10
206.809488
20
278.279003
70
0
0
VERTEX
8
Layer 1
10
207.971450
20
278.156634
70
0
0
VERTEX
8
Layer 1
10
211.631522
20
277.177675
70
0
0
VERTEX
8
Layer 1
10
211.631522
20
277.177675
70
0
0
SEQEND
8
Layer 1
0
POLYLINE
8
Layer 1
62
7
70
0
10
0.000000
20
0.000000
66
1
0
VERTEX
8
Layer 1
10
220.450972
20
273.932117
70
0
0
VERTEX
8
Layer 1
10
219.979132
20
269.504753
70
0
0
VERTEX
8
Layer 1
10
219.110416
20
264.548222
70
0
0
VERTEX
8
Layer 1
10
218.396592
20
263.655253
70
0
0
VERTEX
8
Layer 1
10
217.051074
20
262.325721
70
0
0
VERTEX
8
Layer 1
10
215.712171
20
261.154939
70
0
0
VERTEX
8
Layer 1
10
215.018191
20
260.738220
70
0
0
VERTEX
8
Layer 1
10
215.393018
20
267.515967
70
0
0
VERTEX
8
Layer 1
10
216.111803
20
274.955173
70
0
0
VERTEX
8
Layer 1
10
216.323470
20
275.837118
70
0
0
VERTEX
8
Layer 1
10
218.299026
20
274.955173
70
0
0
VERTEX
8
Layer 1
10
220.450972
20
273.932117
70
0
0
VERTEX
8
Layer 1
10
220.450972
20
273.932117
70
0
0
SEQEND
8
Layer 1
0
POLYLINE
8
Layer 1
62
7
70
0
10
0.000000
20
0.000000
66
1
0
VERTEX
8
Layer 1
10
224.543197
20
272.097671
70
0
0
VERTEX
8
Layer 1
10
226.483476
20
270.933504
70
0
0
VERTEX
8
Layer 1
10
223.767085
20
268.287669
70
0
0
VERTEX
8
Layer 1
10
221.646008
20
266.488501
70
0
0
VERTEX
8
Layer 1
10
221.301498
20
266.372746
70
0
0
VERTEX
8
Layer 1
10
221.297639
20
266.700168
70
0
0
VERTEX
8
Layer 1
10
221.932640
20
270.333781
70
0
0
VERTEX
8
Layer 1
10
222.461807
20
273.050172
70
0
0
VERTEX
8
Layer 1
10
224.543197
20
272.097671
70
0
0
VERTEX
8
Layer 1
10
224.543197
20
272.097671
70
0
0
SEQEND
8
Layer 1
0
POLYLINE
8
Layer 1
62
7
70
0
10
0.000000
20
0.000000
66
1
0
VERTEX
8
Layer 1
10
196.497346
20
263.913222
70
0
0
VERTEX
8
Layer 1
10
196.707359
20
263.122227
70
0
0
VERTEX
8
Layer 1
10
196.748700
20
262.480061
70
0
0
VERTEX
8
Layer 1
10
196.285679
20
260.914609
70
0
0
VERTEX
8
Layer 1
10
195.752102
20
259.772490
70
0
0
VERTEX
8
Layer 1
10
195.403734
20
259.291830
70
0
0
VERTEX
8
Layer 1
10
194.486511
20
260.773498
70
0
0
VERTEX
8
Layer 1
10
193.780955
20
262.290443
70
0
0
VERTEX
8
Layer 1
10
194.486511
20
264.371833
70
0
0
VERTEX
8
Layer 1
10
194.999142
20
265.664434
70
0
0
VERTEX
8
Layer 1
10
195.221971
20
265.966155
70
0
0
VERTEX
8
Layer 1
10
195.439012
20
266.034300
70
0
0
VERTEX
8
Layer 1
10
195.905340
20
265.458279
70
0
0
VERTEX
8
Layer 1
10
196.497346
20
263.913222
70
0
0
VERTEX
8
Layer 1
10
196.497346
20
263.913222
70
0
0
SEQEND
8
Layer 1
0
POLYLINE
8
Layer 1
62
7
70
0
10
0.000000
20
0.000000
66
1
0
VERTEX
8
Layer 1
10
218.016804
20
258.445163
70
0
0
VERTEX
8
Layer 1
10
217.465588
20
256.698912
70
0
0
VERTEX
8
Layer 1
10
217.049421
20
256.113521
70
0
0
VERTEX
8
Layer 1
10
216.464581
20
255.587661
70
0
0
VERTEX
8
Layer 1
10
215.480110
20
254.917934
70
0
0
VERTEX
8
Layer 1
10
214.912358
20
254.780681
70
0
0
VERTEX
8
Layer 1
10
214.688564
20
255.205669
70
0
0
VERTEX
8
Layer 1
10
214.735969
20
256.222661
70
0
0
VERTEX
8
Layer 1
10
214.887553
20
257.023578
70
0
0
VERTEX
8
Layer 1
10
215.181351
20
257.708739
70
0
0
VERTEX
8
Layer 1
10
216.499859
20
259.221274
70
0
0
VERTEX
8
Layer 1
10
217.686075
20
260.235511
70
0
0
VERTEX
8
Layer 1
10
218.263749
20
260.561831
70
0
0
VERTEX
8
Layer 1
10
218.272568
20
259.873914
70
0
0
VERTEX
8
Layer 1
10
218.016804
20
258.445163
70
0
0
VERTEX
8
Layer 1
10
218.016804
20
258.445163
70
0
0
SEQEND
8
Layer 1
0
POLYLINE
8
Layer 1
62
7
70
0
10
0.000000
20
0.000000
66
1
0
VERTEX
8
Layer 1
10
413.173594
20
305.858526
70
0
0
VERTEX
8
Layer 1
10
409.952289
20
303.687839
70
0
0
VERTEX
8
Layer 1
10
408.252340
20
302.277829
70
0
0
VERTEX
8
Layer 1
10
407.886058
20
301.769195
70
0
0
VERTEX
8
Layer 1
10
407.795934
20
301.344070
70
0
0
VERTEX
8
Layer 1
10
407.947243
20
300.966901
70
0
0
VERTEX
8
Layer 1
10
408.305257
20
300.602134
70
0
0
VERTEX
8
Layer 1
10
408.597953
20
300.410311
70
0
0
VERTEX
8
Layer 1
10
408.927028
20
300.364009
70
0
0
VERTEX
8
Layer 1
10
409.892758
20
300.707967
70
0
0
VERTEX
8
Layer 1
10
415.753283
20
304.407726
70
0
0
VERTEX
8
Layer 1
10
418.827412
20
306.507307
70
0
0
VERTEX
8
Layer 1
10
420.158598
20
307.551860
70
0
0
VERTEX
8
Layer 1
10
419.924883
20
307.988423
70
0
0
VERTEX
8
Layer 1
10
419.347209
20
308.610194
70
0
0
VERTEX
8
Layer 1
10
418.535819
20
309.386306
70
0
0
VERTEX
8
Layer 1
10
413.173594
20
305.858526
70
0
0
VERTEX
8
Layer 1
10
413.173594
20
305.858526
70
0
0
SEQEND
8
Layer 1
0
POLYLINE
8
Layer 1
62
7
70
0
10
0.000000
20
0.000000
66
1
0
VERTEX
8
Layer 1
10
415.678317
20
303.001024
70
0
0
VERTEX
8
Layer 1
10
412.110850
20
300.615363
70
0
0
VERTEX
8
Layer 1
10
410.633592
20
299.367411
70
0
0
VERTEX
8
Layer 1
10
411.162759
20
298.203243
70
0
0
VERTEX
8
Layer 1
10
411.727204
20
297.427132
70
0
0
VERTEX
8
Layer 1
10
414.090816
20
298.873522
70
0
0
VERTEX
8
Layer 1
10
419.629431
20
302.467447
70
0
0
VERTEX
8
Layer 1
10
422.628044
20
304.659081
70
0
0
VERTEX
8
Layer 1
10
422.492996
20
305.154624
70
0
0
VERTEX
8
Layer 1
10
422.156203
20
305.660088
70
0
0
VERTEX
8
Layer 1
10
421.720192
20
306.053105
70
0
0
VERTEX
8
Layer 1
10
421.287488
20
306.211304
70
0
0
VERTEX
8
Layer 1
10
419.395716
20
305.267623
70
0
0
VERTEX
8
Layer 1
10
415.678317
20
303.001024
70
0
0
VERTEX
8
Layer 1
10
415.678317
20
303.001024
70
0
0
SEQEND
8
Layer 1
0
POLYLINE
8
Layer 1
62
7
70
0
10
0.000000
20
0.000000
66
1
0
VERTEX
8
Layer 1
10
418.324152
20
300.390467
70
0
0
VERTEX
8
Layer 1
10
413.632205
20
297.074354
70
0
0
VERTEX
8
Layer 1
10
413.588659
20
296.584874
70
0
0
VERTEX
8
Layer 1
10
413.813004
20
295.989561
70
0
0
VERTEX
8
Layer 1
10
414.202713
20
295.486853
70
0
0
VERTEX
8
Layer 1
10
414.655261
20
295.275186
70
0
0
VERTEX
8
Layer 1
10
416.279694
20
296.120200
70
0
0
VERTEX
8
Layer 1
10
419.501549
20
298.040084
70
0
0
VERTEX
8
Layer 1
10
422.796165
20
300.112103
70
0
0
VERTEX
8
Layer 1
10
424.638879
20
301.413523
70
0
0
VERTEX
8
Layer 1
10
424.808102
20
301.945446
70
0
0
VERTEX
8
Layer 1
10
424.563913
20
302.599739
70
0
0
VERTEX
8
Layer 1
10
424.048527
20
303.154813
70
0
0
VERTEX
8
Layer 1
10
423.404156
20
303.389080
70
0
0
VERTEX
8
Layer 1
10
421.671134
20
302.511545
70
0
0
VERTEX
8
Layer 1
10
418.324152
20
300.390467
70
0
0
VERTEX
8
Layer 1
10
418.324152
20
300.390467
70
0
0
SEQEND
8
Layer 1
0
POLYLINE
8
Layer 1
62
7
70
0
10
0.000000
20
0.000000
66
1
0
VERTEX
8
Layer 1
10
463.620848
20
299.614355
70
0
0
VERTEX
8
Layer 1
10
462.880014
20
297.674076
70
0
0
VERTEX
8
Layer 1
10
462.456680
20
296.368798
70
0
0
VERTEX
8
Layer 1
10
457.800011
20
295.310464
70
0
0
VERTEX
8
Layer 1
10
449.862506
20
293.440740
70
0
0
VERTEX
8
Layer 1
10
446.616948
20
292.664629
70
0
0
VERTEX
8
Layer 1
10
445.276392
20
293.969907
70
0
0
VERTEX
8
Layer 1
10
444.182780
20
294.887130
70
0
0
VERTEX
8
Layer 1
10
443.406668
20
295.275186
70
0
0
VERTEX
8
Layer 1
10
442.692982
20
295.032996
70
0
0
VERTEX
8
Layer 1
10
441.427804
20
294.376153
70
0
0
VERTEX
8
Layer 1
10
437.894512
20
292.236885
70
0
0
VERTEX
8
Layer 1
10
434.109865
20
289.694128
70
0
0
VERTEX
8
Layer 1
10
431.376938
20
287.584626
70
0
0
VERTEX
8
Layer 1
10
430.605237
20
286.592437
70
0
0
VERTEX
8
Layer 1
10
430.389160
20
285.362124
70
0
0
VERTEX
8
Layer 1
10
430.715480
20
282.914727
70
0
0
VERTEX
8
Layer 1
10
431.650341
20
277.953786
70
0
0
VERTEX
8
Layer 1
10
435.081107
20
261.761276
70
0
0
VERTEX
8
Layer 1
10
437.621109
20
249.907935
70
0
0
VERTEX
8
Layer 1
10
438.467776
20
246.309600
70
0
0
VERTEX
8
Layer 1
10
438.840398
20
246.192742
70
0
0
VERTEX
8
Layer 1
10
439.728958
20
246.274322
70
0
0
VERTEX
8
Layer 1
10
443.265557
20
247.085711
70
0
0
VERTEX
8
Layer 1
10
456.741677
20
250.613491
70
0
0
VERTEX
8
Layer 1
10
463.179324
20
252.338245
70
0
0
VERTEX
8
Layer 1
10
467.153037
20
253.563597
70
0
0
VERTEX
8
Layer 1
10
469.625239
20
254.636814
70
0
0
VERTEX
8
Layer 1
10
471.558353
20
255.905161
70
0
0
VERTEX
8
Layer 1
10
473.088872
20
257.113426
70
0
0
VERTEX
8
Layer 1
10
474.409791
20
258.334920
70
0
0
VERTEX
8
Layer 1
10
475.576094
20
259.655632
70
0
0
VERTEX
8
Layer 1
10
476.642766
20
261.161553
70
0
0
VERTEX
8
Layer 1
10
477.664788
20
262.938673
70
0
0
VERTEX
8
Layer 1
10
478.697146
20
265.072979
70
0
0
VERTEX
8
Layer 1
10
481.012803
20
270.757115
70
0
0
VERTEX
8
Layer 1
10
483.623360
20
277.636286
70
0
0
VERTEX
8
Layer 1
10
482.917804
20
281.940178
70
0
0
VERTEX
8
Layer 1
10
482.146102
20
286.184538
70
0
0
VERTEX
8
Layer 1
10
481.189192
20
290.600877
70
0
0
VERTEX
8
Layer 1
10
480.258740
20
294.302842
70
0
0
VERTEX
8
Layer 1
10
479.566413
20
296.404076
70
0
0
VERTEX
8
Layer 1
10
478.834399
20
297.233104
70
0
0
VERTEX
8
Layer 1
10
477.626134
20
297.744632
70
0
0
VERTEX
8
Layer 1
10
472.559360
20
298.820605
70
0
0
VERTEX
8
Layer 1
10
467.254461
20
299.684911
70
0
0
VERTEX
8
Layer 1
10
464.538070
20
300.072967
70
0
0
VERTEX
8
Layer 1
10
464.013313
20
300.015640
70
0
0
VERTEX
8
Layer 1
10
463.620848
20
299.614355
70
0
0
VERTEX
8
Layer 1
10
463.620848
20
299.614355
70
0
0
SEQEND
8
Layer 1
0
POLYLINE
8
Layer 1
62
7
70
0
10
0.000000
20
0.000000
66
1
0
VERTEX
8
Layer 1
10
464.255848
20
286.843792
70
0
0
VERTEX
8
Layer 1
10
465.737722
20
286.160836
70
0
0
VERTEX
8
Layer 1
10
467.174535
20
285.269520
70
0
0
VERTEX
8
Layer 1
10
468.537760
20
284.199610
70
0
0
VERTEX
8
Layer 1
10
469.798872
20
282.980873
70
0
0
VERTEX
8
Layer 1
10
470.929347
20
281.643072
70
0
0
VERTEX
8
Layer 1
10
471.900658
20
280.215975
70
0
0
VERTEX
8
Layer 1
10
472.684279
20
278.729347
70
0
0
VERTEX
8
Layer 1
10
473.251687
20
277.212952
70
0
0
VERTEX
8
Layer 1
10
473.756532
20
274.590613
70
0
0
VERTEX
8
Layer 1
10
473.758254
20
271.930653
70
0
0
VERTEX
8
Layer 1
10
473.289514
20
269.304593
70
0
0
VERTEX
8
Layer 1
10
472.382971
20
266.783953
70
0
0
VERTEX
8
Layer 1
10
471.071285
20
264.440253
70
0
0
VERTEX
8
Layer 1
10
469.387114
20
262.345013
70
0
0
VERTEX
8
Layer 1
10
467.363119
20
260.569755
70
0
0
VERTEX
8
Layer 1
10
465.031960
20
259.185997
70
0
0
VERTEX
8
Layer 1
10
463.642345
20
258.563123
70
0
0
VERTEX
8
Layer 1
10
462.461090
20
258.224677
70
0
0
VERTEX
8
Layer 1
10
461.048324
20
258.084668
70
0
0
VERTEX
8
Layer 1
10
458.964178
20
258.057107
70
0
0
VERTEX
8
Layer 1
10
456.880032
20
258.084668
70
0
0
VERTEX
8
Layer 1
10
455.467266
20
258.224677
70
0
0
VERTEX
8
Layer 1
10
454.286011
20
258.563123
70
0
0
VERTEX
8
Layer 1
10
452.896396
20
259.185997
70
0
0
VERTEX
8
Layer 1
10
451.452211
20
259.952117
70
0
0
VERTEX
8
Layer 1
10
450.113860
20
260.843502
70
0
0
VERTEX
8
Layer 1
10
448.887956
20
261.853122
70
0
0
VERTEX
8
Layer 1
10
447.781115
20
262.973950
70
0
0
VERTEX
8
Layer 1
10
446.799952
20
264.198958
70
0
0
VERTEX
8
Layer 1
10
445.951080
20
265.521118
70
0
0
VERTEX
8
Layer 1
10
445.241114
20
266.933401
70
0
0
VERTEX
8
Layer 1
10
444.676669
20
268.428780
70
0
0
VERTEX
8
Layer 1
10
444.235696
20
270.607184
70
0
0
VERTEX
8
Layer 1
10
444.218058
20
273.579339
70
0
0
VERTEX
8
Layer 1
10
444.322237
20
275.342678
70
0
0
VERTEX
8
Layer 1
10
444.522329
20
276.652917
70
0
0
VERTEX
8
Layer 1
10
444.887785
20
277.811021
70
0
0
VERTEX
8
Layer 1
10
445.488058
20
279.117954
70
0
0
VERTEX
8
Layer 1
10
446.345199
20
280.616020
70
0
0
VERTEX
8
Layer 1
10
447.390855
20
282.027270
70
0
0
VERTEX
8
Layer 1
10
448.598568
20
283.331032
70
0
0
VERTEX
8
Layer 1
10
449.941881
20
284.506638
70
0
0
VERTEX
8
Layer 1
10
451.394334
20
285.533414
70
0
0
VERTEX
8
Layer 1
10
452.929469
20
286.390693
70
0
0
VERTEX
8
Layer 1
10
454.520829
20
287.057801
70
0
0
VERTEX
8
Layer 1
10
456.141954
20
287.514070
70
0
0
VERTEX
8
Layer 1
10
458.059633
20
287.721878
70
0
0
VERTEX
8
Layer 1
10
460.212130
20
287.668410
70
0
0
VERTEX
8
Layer 1
10
462.358013
20
287.370203
70
0
0
VERTEX
8
Layer 1
10
464.255848
20
286.843792
70
0
0
VERTEX
8
Layer 1
10
464.255848
20
286.843792
70
0
0
SEQEND
8
Layer 1
0
POLYLINE
8
Layer 1
62
7
70
0
10
0.000000
20
0.000000
66
1
0
VERTEX
8
Layer 1
10
455.789176
20
285.221013
70
0
0
VERTEX
8
Layer 1
10
453.817340
20
284.506500
70
0
0
VERTEX
8
Layer 1
10
452.039807
20
283.539805
70
0
0
VERTEX
8
Layer 1
10
450.472288
20
282.339947
70
0
0
VERTEX
8
Layer 1
10
449.130491
20
280.925941
70
0
0
VERTEX
8
Layer 1
10
448.030127
20
279.316805
70
0
0
VERTEX
8
Layer 1
10
447.186905
20
277.531555
70
0
0
VERTEX
8
Layer 1
10
446.616535
20
275.589209
70
0
0
VERTEX
8
Layer 1
10
446.334726
20
273.508783
70
0
0
VERTEX
8
Layer 1
10
446.363802
20
271.409134
70
0
0
VERTEX
8
Layer 1
10
446.706245
20
269.411598
70
0
0
VERTEX
8
Layer 1
10
447.347998
20
267.538911
70
0
0
VERTEX
8
Layer 1
10
448.275005
20
265.813813
70
0
0
VERTEX
8
Layer 1
10
449.473210
20
264.259041
70
0
0
VERTEX
8
Layer 1
10
450.928557
20
262.897331
70
0
0
VERTEX
8
Layer 1
10
452.626990
20
261.751423
70
0
0
VERTEX
8
Layer 1
10
454.554453
20
260.844053
70
0
0
VERTEX
8
Layer 1
10
456.794042
20
260.287325
70
0
0
VERTEX
8
Layer 1
10
459.294907
20
260.147317
70
0
0
VERTEX
8
Layer 1
10
461.762700
20
260.417412
70
0
0
VERTEX
8
Layer 1
10
463.903070
20
261.090998
70
0
0
VERTEX
8
Layer 1
10
466.168842
20
262.435206
70
0
0
VERTEX
8
Layer 1
10
468.079080
20
264.145284
70
0
0
VERTEX
8
Layer 1
10
469.605671
20
266.150537
70
0
0
VERTEX
8
Layer 1
10
470.720505
20
268.380273
70
0
0
VERTEX
8
Layer 1
10
471.395468
20
270.763798
70
0
0
VERTEX
8
Layer 1
10
471.602450
20
273.230420
70
0
0
VERTEX
8
Layer 1
10
471.313337
20
275.709443
70
0
0
VERTEX
8
Layer 1
10
470.500019
20
278.130175
70
0
0
VERTEX
8
Layer 1
10
469.388217
20
280.040689
70
0
0
VERTEX
8
Layer 1
10
467.902691
20
281.851983
70
0
0
VERTEX
8
Layer 1
10
466.198883
20
283.398694
70
0
0
VERTEX
8
Layer 1
10
464.432237
20
284.515457
70
0
0
VERTEX
8
Layer 1
10
462.466602
20
285.221013
70
0
0
VERTEX
8
Layer 1
10
460.242998
20
285.582610
70
0
0
VERTEX
8
Layer 1
10
457.953249
20
285.587020
70
0
0
VERTEX
8
Layer 1
10
455.789176
20
285.221013
70
0
0
VERTEX
8
Layer 1
10
455.789176
20
285.221013
70
0
0
SEQEND
8
Layer 1
0
POLYLINE
8
Layer 1
62
7
70
0
10
0.000000
20
0.000000
66
1
0
VERTEX
8
Layer 1
10
275.272673
20
283.421845
70
0
0
VERTEX
8
Layer 1
10
271.206907
20
279.933753
70
0
0
VERTEX
8
Layer 1
10
269.522392
20
278.271286
70
0
0
VERTEX
8
Layer 1
10
270.029510
20
277.371702
70
0
0
VERTEX
8
Layer 1
10
271.251004
20
275.731285
70
0
0
VERTEX
8
Layer 1
10
273.448701
20
272.740940
70
0
0
VERTEX
8
Layer 1
10
276.000278
20
268.900621
70
0
0
VERTEX
8
Layer 1
10
278.558470
20
264.762645
70
0
0
VERTEX
8
Layer 1
10
280.776010
20
260.879331
70
0
0
VERTEX
8
Layer 1
10
283.421845
20
256.399050
70
0
0
VERTEX
8
Layer 1
10
284.030938
20
256.181114
70
0
0
VERTEX
8
Layer 1
10
285.007141
20
256.104150
70
0
0
VERTEX
8
Layer 1
10
287.875667
20
256.341724
70
0
0
VERTEX
8
Layer 1
10
291.657007
20
257.048934
70
0
0
VERTEX
8
Layer 1
10
295.980742
20
258.162940
70
0
0
VERTEX
8
Layer 1
10
297.859285
20
258.859677
70
0
0
VERTEX
8
Layer 1
10
298.163556
20
259.184894
70
0
0
VERTEX
8
Layer 1
10
298.203243
20
259.609330
70
0
0
VERTEX
8
Layer 1
10
297.542336
20
261.584887
70
0
0
VERTEX
8
Layer 1
10
296.064527
20
264.883361
70
0
0
VERTEX
8
Layer 1
10
294.130311
20
268.737461
70
0
0
VERTEX
8
Layer 1
10
292.100184
20
272.379894
70
0
0
VERTEX
8
Layer 1
10
288.765329
20
277.757002
70
0
0
VERTEX
8
Layer 1
10
285.370944
20
282.879449
70
0
0
VERTEX
8
Layer 1
10
282.624787
20
286.712051
70
0
0
VERTEX
8
Layer 1
10
281.715971
20
287.821166
70
0
0
VERTEX
8
Layer 1
10
281.234622
20
288.219626
70
0
0
VERTEX
8
Layer 1
10
275.272673
20
283.421845
70
0
0
VERTEX
8
Layer 1
10
275.272673
20
283.421845
70
0
0
SEQEND
8
Layer 1
0
POLYLINE
8
Layer 1
62
7
70
0
10
0.000000
20
0.000000
66
1
0
VERTEX
8
Layer 1
10
255.411272
20
267.158779
70
0
0
VERTEX
8
Layer 1
10
243.487376
20
257.175162
70
0
0
VERTEX
8
Layer 1
10
243.571160
20
256.628356
70
0
0
VERTEX
8
Layer 1
10
243.945987
20
255.764050
70
0
0
VERTEX
8
Layer 1
10
244.296560
20
254.985734
70
0
0
VERTEX
8
Layer 1
10
244.184112
20
254.194188
70
0
0
VERTEX
8
Layer 1
10
243.370518
20
252.847017
70
0
0
VERTEX
8
Layer 1
10
241.617652
20
250.401824
70
0
0
VERTEX
8
Layer 1
10
239.889040
20
247.861823
70
0
0
VERTEX
8
Layer 1
10
240.330013
20
247.892691
70
0
0
VERTEX
8
Layer 1
10
241.405985
20
248.214601
70
0
0
VERTEX
8
Layer 1
10
242.189263
20
248.552496
70
0
0
VERTEX
8
Layer 1
10
242.883243
20
249.012761
70
0
0
VERTEX
8
Layer 1
10
244.228209
20
250.472380
70
0
0
VERTEX
8
Layer 1
10
245.251266
20
251.724742
70
0
0
VERTEX
8
Layer 1
10
245.850988
20
252.236270
70
0
0
VERTEX
8
Layer 1
10
246.305190
20
251.870263
70
0
0
VERTEX
8
Layer 1
10
246.944600
20
251.001547
70
0
0
VERTEX
8
Layer 1
10
247.685434
20
250.097553
70
0
0
VERTEX
8
Layer 1
10
248.016163
20
249.915101
70
0
0
VERTEX
8
Layer 1
10
248.320434
20
249.907935
70
0
0
VERTEX
8
Layer 1
10
260.416310
20
253.175541
70
0
0
VERTEX
8
Layer 1
10
271.215726
20
255.940439
70
0
0
VERTEX
8
Layer 1
10
273.901249
20
256.310856
70
0
0
VERTEX
8
Layer 1
10
277.036563
20
256.469606
70
0
0
VERTEX
8
Layer 1
10
280.529066
20
256.469606
70
0
0
VERTEX
8
Layer 1
10
278.729898
20
259.785719
70
0
0
VERTEX
8
Layer 1
10
274.990451
20
266.347390
70
0
0
VERTEX
8
Layer 1
10
270.735066
20
272.573922
70
0
0
VERTEX
8
Layer 1
10
268.655330
20
275.366380
70
0
0
VERTEX
8
Layer 1
10
267.511557
20
276.683785
70
0
0
VERTEX
8
Layer 1
10
263.842666
20
273.945346
70
0
0
VERTEX
8
Layer 1
10
255.411272
20
267.158779
70
0
0
VERTEX
8
Layer 1
10
255.411272
20
267.158779
70
0
0
SEQEND
8
Layer 1
0
POLYLINE
8
Layer 1
62
7
70
0
10
0.000000
20
0.000000
66
1
0
VERTEX
8
Layer 1
10
377.472460
20
262.396276
70
0
0
VERTEX
8
Layer 1
10
366.748009
20
259.662247
70
0
0
VERTEX
8
Layer 1
10
361.438700
20
258.179477
70
0
0
VERTEX
8
Layer 1
10
358.881059
20
257.351551
70
0
0
VERTEX
8
Layer 1
10
358.306693
20
256.643239
70
0
0
VERTEX
8
Layer 1
10
357.937378
20
255.574432
70
0
0
VERTEX
8
Layer 1
10
357.819418
20
254.379948
70
0
0
VERTEX
8
Layer 1
10
357.999114
20
253.294604
70
0
0
VERTEX
8
Layer 1
10
358.118177
20
252.757720
70
0
0
VERTEX
8
Layer 1
10
357.919739
20
252.174534
70
0
0
VERTEX
8
Layer 1
10
356.094113
20
250.049046
70
0
0
VERTEX
8
Layer 1
10
354.325813
20
247.990807
70
0
0
VERTEX
8
Layer 1
10
353.060222
20
245.939183
70
0
0
VERTEX
8
Layer 1
10
352.244423
20
243.808183
70
0
0
VERTEX
8
Layer 1
10
351.825499
20
241.511819
70
0
0
VERTEX
8
Layer 1
10
351.750534
20
240.194965
70
0
0
VERTEX
8
Layer 1
10
351.834319
20
239.205533
70
0
0
VERTEX
8
Layer 1
10
352.143000
20
238.222715
70
0
0
VERTEX
8
Layer 1
10
352.742722
20
236.925705
70
0
0
VERTEX
8
Layer 1
10
353.968626
20
234.906051
70
0
0
VERTEX
8
Layer 1
10
355.353279
20
233.362647
70
0
0
VERTEX
8
Layer 1
10
356.798567
20
232.254152
70
0
0
VERTEX
8
Layer 1
10
358.369531
20
231.294486
70
0
0
VERTEX
8
Layer 1
10
359.808204
20
230.619247
70
0
0
VERTEX
8
Layer 1
10
360.856616
20
230.364034
70
0
0
VERTEX
8
Layer 1
10
369.252733
20
232.304313
70
0
0
VERTEX
8
Layer 1
10
383.998853
20
236.043760
70
0
0
VERTEX
8
Layer 1
10
388.577250
20
237.244307
70
0
0
VERTEX
8
Layer 1
10
390.030117
20
237.729239
70
0
0
VERTEX
8
Layer 1
10
391.098510
20
238.239803
70
0
0
VERTEX
8
Layer 1
10
391.912242
20
238.852892
70
0
0
VERTEX
8
Layer 1
10
392.601124
20
239.645403
70
0
0
VERTEX
8
Layer 1
10
394.123582
20
242.076264
70
0
0
VERTEX
8
Layer 1
10
394.936073
20
243.503912
70
0
0
VERTEX
8
Layer 1
10
395.384763
20
244.580987
70
0
0
VERTEX
8
Layer 1
10
395.582098
20
245.658063
70
0
0
VERTEX
8
Layer 1
10
395.640527
20
247.085711
70
0
0
VERTEX
8
Layer 1
10
395.459728
20
249.471372
70
0
0
VERTEX
8
Layer 1
10
395.149394
20
250.404580
70
0
0
VERTEX
8
Layer 1
10
394.617471
20
251.460158
70
0
0
VERTEX
8
Layer 1
10
393.174388
20
253.495246
70
0
0
VERTEX
8
Layer 1
10
391.274899
20
255.199605
70
0
0
VERTEX
8
Layer 1
10
388.833014
20
256.639380
70
0
0
VERTEX
8
Layer 1
10
385.762743
20
257.880718
70
0
0
VERTEX
8
Layer 1
10
384.814101
20
258.244520
70
0
0
VERTEX
8
Layer 1
10
384.206110
20
258.621552
70
0
0
VERTEX
8
Layer 1
10
383.803171
20
259.130875
70
0
0
VERTEX
8
Layer 1
10
383.469686
20
259.891553
70
0
0
VERTEX
8
Layer 1
10
382.626877
20
261.622370
70
0
0
VERTEX
8
Layer 1
10
382.120930
20
262.178546
70
0
0
VERTEX
8
Layer 1
10
381.516178
20
262.546207
70
0
0
VERTEX
8
Layer 1
10
380.780787
20
262.738581
70
0
0
VERTEX
8
Layer 1
10
379.882926
20
262.768898
70
0
0
VERTEX
8
Layer 1
10
377.472460
20
262.396276
70
0
0
VERTEX
8
Layer 1
10
377.472460
20
262.396276
70
0
0
SEQEND
8
Layer 1
0
POLYLINE
8
Layer 1
62
7
70
0
10
0.000000
20
0.000000
66
1
0
VERTEX
8
Layer 1
10
235.761537
20
250.860436
70
0
0
VERTEX
8
Layer 1
10
231.951535
20
247.297378
70
0
0
VERTEX
8
Layer 1
10
230.306708
20
245.462932
70
0
0
VERTEX
8
Layer 1
10
230.349151
20
245.253470
70
0
0
VERTEX
8
Layer 1
10
230.857923
20
245.321821
70
0
0
VERTEX
8
Layer 1
10
232.428337
20
245.784842
70
0
0
VERTEX
8
Layer 1
10
233.605182
20
246.406614
70
0
0
VERTEX
8
Layer 1
10
234.563746
20
247.306197
70
0
0
VERTEX
8
Layer 1
10
235.479315
20
248.602657
70
0
0
VERTEX
8
Layer 1
10
237.525427
20
251.460158
70
0
0
VERTEX
8
Layer 1
10
238.003883
20
252.100671
70
0
0
VERTEX
8
Layer 1
10
237.971912
20
252.212981
70
0
0
VERTEX
8
Layer 1
10
237.781191
20
252.192173
70
0
0
VERTEX
8
Layer 1
10
236.989646
20
251.767737
70
0
0
VERTEX
8
Layer 1
10
235.761537
20
250.860436
70
0
0
VERTEX
8
Layer 1
10
235.761537
20
250.860436
70
0
0
SEQEND
8
Layer 1
0
POLYLINE
8
Layer 1
62
7
70
0
10
0.000000
20
0.000000
66
1
0
VERTEX
8
Layer 1
10
300.743245
20
242.111541
70
0
0
VERTEX
8
Layer 1
10
293.824386
20
240.118346
70
0
0
VERTEX
8
Layer 1
10
291.451403
20
239.303649
70
0
0
VERTEX
8
Layer 1
10
290.265738
20
238.760150
70
0
0
VERTEX
8
Layer 1
10
289.937765
20
238.371543
70
0
0
VERTEX
8
Layer 1
10
289.864453
20
237.503379
70
0
0
VERTEX
8
Layer 1
10
290.547961
20
232.304313
70
0
0
VERTEX
8
Layer 1
10
291.245800
20
226.292755
70
0
0
VERTEX
8
Layer 1
10
291.632753
20
219.957083
70
0
0
VERTEX
8
Layer 1
10
291.688977
20
213.780161
70
0
0
VERTEX
8
Layer 1
10
291.394628
20
208.244853
70
0
0
VERTEX
8
Layer 1
10
291.156503
20
204.672976
70
0
0
VERTEX
8
Layer 1
10
291.288795
20
203.164850
70
0
0
VERTEX
8
Layer 1
10
293.718002
20
202.512211
70
0
0
VERTEX
8
Layer 1
10
298.736820
20
201.436238
70
0
0
VERTEX
8
Layer 1
10
303.735795
20
200.466098
70
0
0
VERTEX
8
Layer 1
10
306.105471
20
200.130959
70
0
0
VERTEX
8
Layer 1
10
306.775749
20
204.646518
70
0
0
VERTEX
8
Layer 1
10
307.170419
20
209.941495
70
0
0
VERTEX
8
Layer 1
10
307.340194
20
216.632150
70
0
0
VERTEX
8
Layer 1
10
307.271843
20
223.230201
70
0
0
VERTEX
8
Layer 1
10
306.952138
20
228.247366
70
0
0
VERTEX
8
Layer 1
10
305.518977
20
236.965392
70
0
0
VERTEX
8
Layer 1
10
304.694910
20
240.942413
70
0
0
VERTEX
8
Layer 1
10
304.165192
20
242.746542
70
0
0
VERTEX
8
Layer 1
10
303.062760
20
242.640708
70
0
0
VERTEX
8
Layer 1
10
300.743245
20
242.111541
70
0
0
VERTEX
8
Layer 1
10
300.743245
20
242.111541
70
0
0
SEQEND
8
Layer 1
0
POLYLINE
8
Layer 1
62
7
70
0
10
0.000000
20
0.000000
66
1
0
VERTEX
8
Layer 1
10
283.668790
20
234.773759
70
0
0
VERTEX
8
Layer 1
10
281.264387
20
233.365403
70
0
0
VERTEX
8
Layer 1
10
278.800453
20
232.211709
70
0
0
VERTEX
8
Layer 1
10
276.098394
20
231.236608
70
0
0
VERTEX
8
Layer 1
10
272.979616
20
230.364034
70
0
0
VERTEX
8
Layer 1
10
259.247733
20
226.659865
70
0
0
VERTEX
8
Layer 1
10
249.696268
20
223.802363
70
0
0
VERTEX
8
Layer 1
10
247.451718
20
223.065939
70
0
0
VERTEX
8
Layer 1
10
245.180710
20
222.567640
70
0
0
VERTEX
8
Layer 1
10
243.478556
20
222.232501
70
0
0
VERTEX
8
Layer 1
10
242.570153
20
221.897362
70
0
0
VERTEX
8
Layer 1
10
242.429042
20
221.628369
70
0
0
VERTEX
8
Layer 1
10
242.711264
20
221.544584
70
0
0
VERTEX
8
Layer 1
10
243.037032
20
221.441507
70
0
0
VERTEX
8
Layer 1
10
242.750952
20
221.169757
70
0
0
VERTEX
8
Layer 1
10
240.700429
20
220.345139
70
0
0
VERTEX
8
Layer 1
10
238.967407
20
219.926215
70
0
0
VERTEX
8
Layer 1
10
238.324139
20
219.973068
70
0
0
VERTEX
8
Layer 1
10
237.631261
20
220.168750
70
0
0
VERTEX
8
Layer 1
10
236.776877
20
220.352305
70
0
0
VERTEX
8
Layer 1
10
235.558690
20
220.261354
70
0
0
VERTEX
8
Layer 1
10
229.940700
20
218.898749
70
0
0
VERTEX
8
Layer 1
10
223.824412
20
217.143678
70
0
0
VERTEX
8
Layer 1
10
223.000344
20
216.735779
70
0
0
VERTEX
8
Layer 1
10
223.555419
20
216.605692
70
0
0
VERTEX
8
Layer 1
10
229.340978
20
215.370969
70
0
0
VERTEX
8
Layer 1
10
233.148224
20
214.462014
70
0
0
VERTEX
8
Layer 1
10
235.060391
20
214.211211
70
0
0
VERTEX
8
Layer 1
10
235.536297
20
214.352254
70
0
0
VERTEX
8
Layer 1
10
235.815005
20
214.681398
70
0
0
VERTEX
8
Layer 1
10
236.149593
20
215.935414
70
0
0
VERTEX
8
Layer 1
10
236.308343
20
216.383001
70
0
0
VERTEX
8
Layer 1
10
236.599385
20
216.737984
70
0
0
VERTEX
8
Layer 1
10
237.737094
20
217.275970
70
0
0
VERTEX
8
Layer 1
10
238.587069
20
217.471101
70
0
0
VERTEX
8
Layer 1
10
239.324595
20
217.434720
70
0
0
VERTEX
8
Layer 1
10
240.247330
20
217.107298
70
0
0
VERTEX
8
Layer 1
10
241.652930
20
216.429303
70
0
0
VERTEX
8
Layer 1
10
249.696268
20
212.689856
70
0
0
VERTEX
8
Layer 1
10
252.960016
20
211.267169
70
0
0
VERTEX
8
Layer 1
10
255.565612
20
210.330653
70
0
0
VERTEX
8
Layer 1
10
258.561469
20
209.559503
70
0
0
VERTEX
8
Layer 1
10
262.995999
20
208.632909
70
0
0
VERTEX
8
Layer 1
10
282.923546
20
204.637698
70
0
0
VERTEX
8
Layer 1
10
288.431293
20
203.658739
70
0
0
VERTEX
8
Layer 1
10
288.764227
20
205.156392
70
0
0
VERTEX
8
Layer 1
10
289.083932
20
208.443291
70
0
0
VERTEX
8
Layer 1
10
289.324262
20
212.662847
70
0
0
VERTEX
8
Layer 1
10
289.419071
20
216.958470
70
0
0
VERTEX
8
Layer 1
10
289.163307
20
223.423678
70
0
0
VERTEX
8
Layer 1
10
288.563585
20
229.839277
70
0
0
VERTEX
8
Layer 1
10
287.791883
20
234.753364
70
0
0
VERTEX
8
Layer 1
10
287.395283
20
236.193622
70
0
0
VERTEX
8
Layer 1
10
287.020181
20
236.714038
70
0
0
VERTEX
8
Layer 1
10
285.873652
20
236.140774
70
0
0
VERTEX
8
Layer 1
10
283.668790
20
234.773759
70
0
0
VERTEX
8
Layer 1
10
283.668790
20
234.773759
70
0
0
SEQEND
8
Layer 1
0
POLYLINE
8
Layer 1
62
7
70
0
10
0.000000
20
0.000000
66
1
0
VERTEX
8
Layer 1
10
256.116828
20
221.932640
70
0
0
VERTEX
8
Layer 1
10
256.046272
20
220.393646
70
0
0
VERTEX
8
Layer 1
10
255.869883
20
219.674861
70
0
0
VERTEX
8
Layer 1
10
254.657209
20
219.838572
70
0
0
VERTEX
8
Layer 1
10
252.333284
20
220.428924
70
0
0
VERTEX
8
Layer 1
10
250.075505
20
221.118494
70
0
0
VERTEX
8
Layer 1
10
249.061268
20
221.579862
70
0
0
VERTEX
8
Layer 1
10
249.945969
20
222.068790
70
0
0
VERTEX
8
Layer 1
10
251.958457
20
222.871911
70
0
0
VERTEX
8
Layer 1
10
254.136310
20
223.628730
70
0
0
VERTEX
8
Layer 1
10
255.517105
20
223.978752
70
0
0
VERTEX
8
Layer 1
10
255.819172
20
223.921977
70
0
0
VERTEX
8
Layer 1
10
256.002175
20
223.630384
70
0
0
VERTEX
8
Layer 1
10
256.116828
20
221.932640
70
0
0
VERTEX
8
Layer 1
10
256.116828
20
221.932640
70
0
0
SEQEND
8
Layer 1
0
POLYLINE
8
Layer 1
62
7
70
0
10
0.000000
20
0.000000
66
1
0
VERTEX
8
Layer 1
10
249.766824
20
219.286805
70
0
0
VERTEX
8
Layer 1
10
254.282382
20
218.016804
70
0
0
VERTEX
8
Layer 1
10
255.764050
20
217.628748
70
0
0
VERTEX
8
Layer 1
10
255.764050
20
215.159302
70
0
0
VERTEX
8
Layer 1
10
255.653807
20
213.254301
70
0
0
VERTEX
8
Layer 1
10
255.511042
20
212.748285
70
0
0
VERTEX
8
Layer 1
10
255.305439
20
212.513467
70
0
0
VERTEX
8
Layer 1
10
253.048762
20
213.341944
70
0
0
VERTEX
8
Layer 1
10
248.390990
20
215.304823
70
0
0
VERTEX
8
Layer 1
10
243.706759
20
217.380150
70
0
0
VERTEX
8
Layer 1
10
241.370708
20
218.545971
70
0
0
VERTEX
8
Layer 1
10
241.862943
20
218.877803
70
0
0
VERTEX
8
Layer 1
10
243.218382
20
219.401458
70
0
0
VERTEX
8
Layer 1
10
244.778874
20
219.885425
70
0
0
VERTEX
8
Layer 1
10
245.886266
20
220.098194
70
0
0
VERTEX
8
Layer 1
10
247.403211
20
219.877708
70
0
0
VERTEX
8
Layer 1
10
249.766824
20
219.286805
70
0
0
VERTEX
8
Layer 1
10
249.766824
20
219.286805
70
0
0
SEQEND
8
Layer 1
 0 
ENDSEC
 0 
EOF